#ifdef __has_include
    #if __has_include("lvgl.h")
        #ifndef LV_LVGL_H_INCLUDE_SIMPLE
            #define LV_LVGL_H_INCLUDE_SIMPLE
        #endif
    #endif
#endif

#if defined(LV_LVGL_H_INCLUDE_SIMPLE)
    #include "lvgl.h"
#else
    #include "lvgl/lvgl.h"
#endif


#ifndef LV_ATTRIBUTE_MEM_ALIGN
#define LV_ATTRIBUTE_MEM_ALIGN
#endif

#ifndef LV_ATTRIBUTE_IMG_BILD_1
#define LV_ATTRIBUTE_IMG_BILD_1
#endif

const LV_ATTRIBUTE_MEM_ALIGN LV_ATTRIBUTE_LARGE_CONST LV_ATTRIBUTE_IMG_BILD_1 uint8_t bild_1_map[] = {
  0x39, 0x62, 0xe2, 0xff, 	/*Color of index 0*/
  0x70, 0x6f, 0x7b, 0xff, 	/*Color of index 1*/
  0x52, 0x67, 0x99, 0xff, 	/*Color of index 2*/
  0x49, 0x5a, 0xbf, 0xff, 	/*Color of index 3*/
  0x32, 0x53, 0xc4, 0xff, 	/*Color of index 4*/
  0x43, 0x48, 0xdb, 0xff, 	/*Color of index 5*/
  0x15, 0x44, 0xea, 0xff, 	/*Color of index 6*/
  0x26, 0x44, 0xdd, 0xff, 	/*Color of index 7*/
  0x09, 0x3d, 0xef, 0xff, 	/*Color of index 8*/
  0x05, 0x42, 0xde, 0xff, 	/*Color of index 9*/
  0x2d, 0x43, 0xc0, 0xff, 	/*Color of index 10*/
  0x4f, 0x41, 0xa5, 0xff, 	/*Color of index 11*/
  0x1b, 0x38, 0xcf, 0xff, 	/*Color of index 12*/
  0x32, 0x43, 0xa2, 0xff, 	/*Color of index 13*/
  0x0e, 0x3f, 0xbb, 0xff, 	/*Color of index 14*/
  0x50, 0x46, 0x8d, 0xff, 	/*Color of index 15*/
  0x18, 0x31, 0xe4, 0xff, 	/*Color of index 16*/
  0x4e, 0x38, 0xb6, 0xff, 	/*Color of index 17*/
  0x04, 0x30, 0xe7, 0xff, 	/*Color of index 18*/
  0x4a, 0x2d, 0xd8, 0xff, 	/*Color of index 19*/
  0x05, 0x35, 0xd2, 0xff, 	/*Color of index 20*/
  0x31, 0x44, 0x8c, 0xff, 	/*Color of index 21*/
  0x25, 0x28, 0xda, 0xff, 	/*Color of index 22*/
  0x2f, 0x2e, 0xba, 0xff, 	/*Color of index 23*/
  0x4a, 0x30, 0xa4, 0xff, 	/*Color of index 24*/
  0x35, 0x3e, 0x7a, 0xff, 	/*Color of index 25*/
  0x0b, 0x2d, 0xbc, 0xff, 	/*Color of index 26*/
  0x0a, 0x1f, 0xe9, 0xff, 	/*Color of index 27*/
  0x0b, 0x20, 0xd4, 0xff, 	/*Color of index 28*/
  0x07, 0x2d, 0xa7, 0xff, 	/*Color of index 29*/
  0x34, 0x3e, 0x5a, 0xff, 	/*Color of index 30*/
  0x1f, 0x36, 0x7c, 0xff, 	/*Color of index 31*/
  0x1a, 0x2b, 0xa1, 0xff, 	/*Color of index 32*/
  0x32, 0x28, 0xa2, 0xff, 	/*Color of index 33*/
  0x09, 0x20, 0xbc, 0xff, 	/*Color of index 34*/
  0x3e, 0x1d, 0xb3, 0xff, 	/*Color of index 35*/
  0x18, 0x2b, 0x8d, 0xff, 	/*Color of index 36*/
  0x33, 0x26, 0x8f, 0xff, 	/*Color of index 37*/
  0x31, 0x29, 0x7b, 0xff, 	/*Color of index 38*/
  0x2d, 0x2f, 0x67, 0xff, 	/*Color of index 39*/
  0x05, 0x25, 0x93, 0xff, 	/*Color of index 40*/
  0x21, 0x14, 0xbd, 0xff, 	/*Color of index 41*/
  0x04, 0x0a, 0xda, 0xff, 	/*Color of index 42*/
  0x2d, 0x19, 0x97, 0xff, 	/*Color of index 43*/
  0x1b, 0x23, 0x7a, 0xff, 	/*Color of index 44*/
  0x26, 0x2c, 0x56, 0xff, 	/*Color of index 45*/
  0x04, 0x19, 0xa1, 0xff, 	/*Color of index 46*/
  0x1d, 0x25, 0x67, 0xff, 	/*Color of index 47*/
  0x06, 0x1e, 0x82, 0xff, 	/*Color of index 48*/
  0x1d, 0x07, 0xbd, 0xff, 	/*Color of index 49*/
  0x01, 0x08, 0xc0, 0xff, 	/*Color of index 50*/
  0x24, 0x28, 0x46, 0xff, 	/*Color of index 51*/
  0x2e, 0x17, 0x7b, 0xff, 	/*Color of index 52*/
  0x08, 0x20, 0x69, 0xff, 	/*Color of index 53*/
  0x1f, 0x0b, 0xa0, 0xff, 	/*Color of index 54*/
  0x19, 0x1f, 0x57, 0xff, 	/*Color of index 55*/
  0x02, 0x11, 0x8c, 0xff, 	/*Color of index 56*/
  0x29, 0x26, 0x37, 0xff, 	/*Color of index 57*/
  0x1b, 0x0e, 0x8b, 0xff, 	/*Color of index 58*/
  0x06, 0x18, 0x5c, 0xff, 	/*Color of index 59*/
  0x1a, 0x1c, 0x45, 0xff, 	/*Color of index 60*/
  0x07, 0x03, 0x9f, 0xff, 	/*Color of index 61*/
  0x1a, 0x0c, 0x79, 0xff, 	/*Color of index 62*/
  0x22, 0x16, 0x4f, 0xff, 	/*Color of index 63*/
  0x1e, 0x09, 0x66, 0xff, 	/*Color of index 64*/
  0x06, 0x04, 0x7c, 0xff, 	/*Color of index 65*/
  0x0b, 0x13, 0x46, 0xff, 	/*Color of index 66*/
  0x16, 0x16, 0x36, 0xff, 	/*Color of index 67*/
  0x04, 0x06, 0x67, 0xff, 	/*Color of index 68*/
  0x15, 0x16, 0x26, 0xff, 	/*Color of index 69*/
  0x07, 0x03, 0x59, 0xff, 	/*Color of index 70*/
  0x08, 0x06, 0x47, 0xff, 	/*Color of index 71*/
  0x10, 0x09, 0x37, 0xff, 	/*Color of index 72*/
  0x0b, 0x0b, 0x12, 0xff, 	/*Color of index 73*/
  0x03, 0x00, 0x37, 0xff, 	/*Color of index 74*/
  0x02, 0x00, 0x25, 0xff, 	/*Color of index 75*/
  0x03, 0x00, 0x17, 0xff, 	/*Color of index 76*/
  0x74, 0xcf, 0xfb, 0xff, 	/*Color of index 77*/
  0x45, 0xd0, 0xf6, 0xff, 	/*Color of index 78*/
  0x23, 0xc2, 0xee, 0xff, 	/*Color of index 79*/
  0x8b, 0xaa, 0xe2, 0xff, 	/*Color of index 80*/
  0x66, 0xa5, 0xe1, 0xff, 	/*Color of index 81*/
  0x17, 0x97, 0xf8, 0xff, 	/*Color of index 82*/
  0x52, 0x92, 0xee, 0xff, 	/*Color of index 83*/
  0x17, 0x90, 0xcd, 0xff, 	/*Color of index 84*/
  0x6e, 0x87, 0xc1, 0xff, 	/*Color of index 85*/
  0x49, 0x79, 0xe9, 0xff, 	/*Color of index 86*/
  0x14, 0x74, 0xf2, 0xff, 	/*Color of index 87*/
  0x43, 0x70, 0xbf, 0xff, 	/*Color of index 88*/
  0x62, 0x76, 0x9d, 0xff, 	/*Color of index 89*/
  0x04, 0x65, 0xd7, 0xff, 	/*Color of index 90*/
  0x18, 0x5a, 0xf2, 0xff, 	/*Color of index 91*/
  0x08, 0x55, 0xe6, 0xff, 	/*Color of index 92*/
  0x1c, 0x5a, 0xcc, 0xff, 	/*Color of index 93*/
  0x3b, 0x5c, 0x9b, 0xff, 	/*Color of index 94*/
  0x4d, 0x5c, 0x76, 0xff, 	/*Color of index 95*/
  0x3b, 0x50, 0x7c, 0xff, 	/*Color of index 96*/
  0x17, 0x42, 0x9f, 0xff, 	/*Color of index 97*/
  0x3a, 0x48, 0x67, 0xff, 	/*Color of index 98*/
  0x38, 0x3d, 0x45, 0xff, 	/*Color of index 99*/
  0xd7, 0xae, 0x4a, 0xff, 	/*Color of index 100*/
  0xb7, 0xa9, 0x43, 0xff, 	/*Color of index 101*/
  0xc9, 0x9f, 0x30, 0xff, 	/*Color of index 102*/
  0xb1, 0x8d, 0x14, 0xff, 	/*Color of index 103*/
  0x9e, 0x87, 0x2d, 0xff, 	/*Color of index 104*/
  0xa4, 0x7d, 0x1c, 0xff, 	/*Color of index 105*/
  0x9d, 0x7b, 0x06, 0xff, 	/*Color of index 106*/
  0x89, 0x73, 0x19, 0xff, 	/*Color of index 107*/
  0x91, 0x6e, 0x04, 0xff, 	/*Color of index 108*/
  0x7c, 0x6c, 0x09, 0xff, 	/*Color of index 109*/
  0x85, 0x63, 0x05, 0xff, 	/*Color of index 110*/
  0x71, 0x60, 0x15, 0xff, 	/*Color of index 111*/
  0x6f, 0x5f, 0x05, 0xff, 	/*Color of index 112*/
  0x79, 0x58, 0x05, 0xff, 	/*Color of index 113*/
  0x63, 0x55, 0x04, 0xff, 	/*Color of index 114*/
  0x5f, 0x4e, 0x15, 0xff, 	/*Color of index 115*/
  0x5e, 0x49, 0x04, 0xff, 	/*Color of index 116*/
  0x54, 0x3e, 0x03, 0xff, 	/*Color of index 117*/
  0x4c, 0x3a, 0x04, 0xff, 	/*Color of index 118*/
  0x43, 0x34, 0x04, 0xff, 	/*Color of index 119*/
  0x2c, 0x21, 0x04, 0xff, 	/*Color of index 120*/
  0x22, 0x1a, 0x02, 0xff, 	/*Color of index 121*/
  0x18, 0x12, 0x01, 0xff, 	/*Color of index 122*/
  0x13, 0x0e, 0x01, 0xff, 	/*Color of index 123*/
  0x0c, 0x09, 0x01, 0xff, 	/*Color of index 124*/
  0xef, 0xc5, 0x9c, 0xff, 	/*Color of index 125*/
  0xe6, 0xb4, 0x74, 0xff, 	/*Color of index 126*/
  0xbd, 0x99, 0x70, 0xff, 	/*Color of index 127*/
  0xca, 0x9f, 0x4d, 0xff, 	/*Color of index 128*/
  0xb7, 0x8f, 0x35, 0xff, 	/*Color of index 129*/
  0xab, 0x88, 0x4e, 0xff, 	/*Color of index 130*/
  0xae, 0x7c, 0x6a, 0xff, 	/*Color of index 131*/
  0x8f, 0x74, 0x66, 0xff, 	/*Color of index 132*/
  0x9f, 0x71, 0x51, 0xff, 	/*Color of index 133*/
  0x9c, 0x77, 0x34, 0xff, 	/*Color of index 134*/
  0x8d, 0x67, 0x4c, 0xff, 	/*Color of index 135*/
  0x88, 0x69, 0x30, 0xff, 	/*Color of index 136*/
  0x72, 0x5a, 0x4d, 0xff, 	/*Color of index 137*/
  0x79, 0x5e, 0x34, 0xff, 	/*Color of index 138*/
  0x81, 0x5e, 0x1c, 0xff, 	/*Color of index 139*/
  0x7e, 0x53, 0x3f, 0xff, 	/*Color of index 140*/
  0x7a, 0x55, 0x2d, 0xff, 	/*Color of index 141*/
  0x70, 0x4a, 0x33, 0xff, 	/*Color of index 142*/
  0x7a, 0x4f, 0x1d, 0xff, 	/*Color of index 143*/
  0x5f, 0x46, 0x43, 0xff, 	/*Color of index 144*/
  0x6d, 0x4c, 0x18, 0xff, 	/*Color of index 145*/
  0x5c, 0x45, 0x2f, 0xff, 	/*Color of index 146*/
  0x6e, 0x4e, 0x04, 0xff, 	/*Color of index 147*/
  0x5f, 0x40, 0x1b, 0xff, 	/*Color of index 148*/
  0x5f, 0x38, 0x33, 0xff, 	/*Color of index 149*/
  0x5f, 0x43, 0x03, 0xff, 	/*Color of index 150*/
  0x4b, 0x32, 0x2f, 0xff, 	/*Color of index 151*/
  0x4e, 0x38, 0x19, 0xff, 	/*Color of index 152*/
  0x5a, 0x38, 0x03, 0xff, 	/*Color of index 153*/
  0x5b, 0x2f, 0x1d, 0xff, 	/*Color of index 154*/
  0x41, 0x2b, 0x25, 0xff, 	/*Color of index 155*/
  0x52, 0x33, 0x02, 0xff, 	/*Color of index 156*/
  0x3f, 0x2c, 0x14, 0xff, 	/*Color of index 157*/
  0x46, 0x2e, 0x03, 0xff, 	/*Color of index 158*/
  0x4a, 0x25, 0x1c, 0xff, 	/*Color of index 159*/
  0x42, 0x2a, 0x03, 0xff, 	/*Color of index 160*/
  0x32, 0x23, 0x15, 0xff, 	/*Color of index 161*/
  0x3a, 0x27, 0x03, 0xff, 	/*Color of index 162*/
  0x36, 0x23, 0x02, 0xff, 	/*Color of index 163*/
  0x46, 0x20, 0x03, 0xff, 	/*Color of index 164*/
  0x38, 0x1d, 0x02, 0xff, 	/*Color of index 165*/
  0x25, 0x17, 0x15, 0xff, 	/*Color of index 166*/
  0x30, 0x1b, 0x02, 0xff, 	/*Color of index 167*/
  0x29, 0x18, 0x0b, 0xff, 	/*Color of index 168*/
  0x2a, 0x17, 0x01, 0xff, 	/*Color of index 169*/
  0x17, 0x11, 0x09, 0xff, 	/*Color of index 170*/
  0x24, 0x12, 0x01, 0xff, 	/*Color of index 171*/
  0x1b, 0x0c, 0x01, 0xff, 	/*Color of index 172*/
  0x22, 0x08, 0x01, 0xff, 	/*Color of index 173*/
  0x15, 0x03, 0x00, 0xff, 	/*Color of index 174*/
  0x0b, 0x02, 0x00, 0xff, 	/*Color of index 175*/
  0x03, 0x01, 0x00, 0xff, 	/*Color of index 176*/
  0xc1, 0x9c, 0x9e, 0xff, 	/*Color of index 177*/
  0xc0, 0x83, 0xa1, 0xff, 	/*Color of index 178*/
  0xb2, 0x79, 0x85, 0xff, 	/*Color of index 179*/
  0x9f, 0x66, 0x6b, 0xff, 	/*Color of index 180*/
  0x89, 0x59, 0x65, 0xff, 	/*Color of index 181*/
  0x8f, 0x59, 0x54, 0xff, 	/*Color of index 182*/
  0x7d, 0x4f, 0x53, 0xff, 	/*Color of index 183*/
  0x71, 0x44, 0x4c, 0xff, 	/*Color of index 184*/
  0x62, 0x36, 0x47, 0xff, 	/*Color of index 185*/
  0x35, 0x18, 0x18, 0xff, 	/*Color of index 186*/
  0x36, 0x02, 0x02, 0xff, 	/*Color of index 187*/
  0xdd, 0xa9, 0xd5, 0xff, 	/*Color of index 188*/
  0xc3, 0x85, 0xbf, 0xff, 	/*Color of index 189*/
  0xab, 0x7a, 0xa5, 0xff, 	/*Color of index 190*/
  0x97, 0x70, 0x92, 0xff, 	/*Color of index 191*/
  0xa4, 0x68, 0xa6, 0xff, 	/*Color of index 192*/
  0x9d, 0x62, 0x84, 0xff, 	/*Color of index 193*/
  0x8a, 0x5c, 0x79, 0xff, 	/*Color of index 194*/
  0x7b, 0x53, 0x74, 0xff, 	/*Color of index 195*/
  0x74, 0x48, 0x66, 0xff, 	/*Color of index 196*/
  0x5c, 0x46, 0x58, 0xff, 	/*Color of index 197*/
  0x63, 0x36, 0x65, 0xff, 	/*Color of index 198*/
  0x61, 0x35, 0x56, 0xff, 	/*Color of index 199*/
  0x4b, 0x31, 0x45, 0xff, 	/*Color of index 200*/
  0x42, 0x2b, 0x37, 0xff, 	/*Color of index 201*/
  0x4c, 0x1e, 0x51, 0xff, 	/*Color of index 202*/
  0x45, 0x20, 0x35, 0xff, 	/*Color of index 203*/
  0x2c, 0x24, 0x28, 0xff, 	/*Color of index 204*/
  0x37, 0x13, 0x38, 0xff, 	/*Color of index 205*/
  0x34, 0x15, 0x25, 0xff, 	/*Color of index 206*/
  0x27, 0x09, 0x18, 0xff, 	/*Color of index 207*/
  0x17, 0x00, 0x10, 0xff, 	/*Color of index 208*/
  0xec, 0xb4, 0xf9, 0xff, 	/*Color of index 209*/
  0xdc, 0x99, 0xf7, 0xff, 	/*Color of index 210*/
  0xcc, 0x98, 0xd3, 0xff, 	/*Color of index 211*/
  0xd0, 0x87, 0xf3, 0xff, 	/*Color of index 212*/
  0xc3, 0x82, 0xd9, 0xff, 	/*Color of index 213*/
  0xcd, 0x75, 0xf4, 0xff, 	/*Color of index 214*/
  0xbd, 0x78, 0xef, 0xff, 	/*Color of index 215*/
  0xac, 0x7d, 0xc5, 0xff, 	/*Color of index 216*/
  0xad, 0x72, 0xe4, 0xff, 	/*Color of index 217*/
  0xbc, 0x6c, 0xd5, 0xff, 	/*Color of index 218*/
  0x8e, 0x65, 0xe5, 0xff, 	/*Color of index 219*/
  0xa7, 0x6c, 0xc4, 0xff, 	/*Color of index 220*/
  0xad, 0x5f, 0xe7, 0xff, 	/*Color of index 221*/
  0xa1, 0x5a, 0xc8, 0xff, 	/*Color of index 222*/
  0x9b, 0x4d, 0xe3, 0xff, 	/*Color of index 223*/
  0x83, 0x56, 0xc4, 0xff, 	/*Color of index 224*/
  0x84, 0x59, 0xaa, 0xff, 	/*Color of index 225*/
  0x9d, 0x54, 0xa7, 0xff, 	/*Color of index 226*/
  0x87, 0x57, 0x8f, 0xff, 	/*Color of index 227*/
  0x8d, 0x43, 0xcd, 0xff, 	/*Color of index 228*/
  0x84, 0x49, 0xac, 0xff, 	/*Color of index 229*/
  0x7f, 0x4a, 0x91, 0xff, 	/*Color of index 230*/
  0x75, 0x3a, 0xc7, 0xff, 	/*Color of index 231*/
  0x6b, 0x43, 0xaa, 0xff, 	/*Color of index 232*/
  0x73, 0x47, 0x7b, 0xff, 	/*Color of index 233*/
  0x6b, 0x3f, 0x92, 0xff, 	/*Color of index 234*/
  0x7a, 0x2c, 0xae, 0xff, 	/*Color of index 235*/
  0x5c, 0x3e, 0x6d, 0xff, 	/*Color of index 236*/
  0x67, 0x36, 0x7d, 0xff, 	/*Color of index 237*/
  0x4e, 0x2e, 0x8d, 0xff, 	/*Color of index 238*/
  0x6f, 0x28, 0x95, 0xff, 	/*Color of index 239*/
  0x50, 0x2a, 0x79, 0xff, 	/*Color of index 240*/
  0x4e, 0x32, 0x56, 0xff, 	/*Color of index 241*/
  0x4c, 0x27, 0x64, 0xff, 	/*Color of index 242*/
  0x61, 0x19, 0x81, 0xff, 	/*Color of index 243*/
  0x43, 0x27, 0x4e, 0xff, 	/*Color of index 244*/
  0x4e, 0x05, 0x98, 0xff, 	/*Color of index 245*/
  0x2f, 0x14, 0x65, 0xff, 	/*Color of index 246*/
  0x3c, 0x17, 0x4b, 0xff, 	/*Color of index 247*/
  0x48, 0x04, 0x73, 0xff, 	/*Color of index 248*/
  0x28, 0x1a, 0x2b, 0xff, 	/*Color of index 249*/
  0x38, 0x08, 0x49, 0xff, 	/*Color of index 250*/
  0x27, 0x03, 0x4d, 0xff, 	/*Color of index 251*/
  0x16, 0x12, 0x17, 0xff, 	/*Color of index 252*/
  0x2a, 0x05, 0x2f, 0xff, 	/*Color of index 253*/
  0x10, 0x07, 0x24, 0xff, 	/*Color of index 254*/
  0x04, 0x00, 0x0a, 0xff, 	/*Color of index 255*/

  0x3c, 0x49, 0x49, 0x7c, 0x7b, 0xf9, 0xf9, 0x33, 0x3c, 0xfe, 0x39, 0x45, 0x49, 0x7a, 0x49, 0xfc, 0x45, 0xfc, 0xfe, 0x45, 0x49, 0xaa, 0x49, 0xfe, 0x43, 0x42, 0x37, 0x4a, 0x42, 0x42, 0x48, 0x43, 0x49, 0xfc, 0x7c, 0xaa, 0x7a, 0x7b, 0xaa, 0xff, 0x4b, 0x27, 0x2f, 0x4a, 0x24, 0x30, 0x46, 0x3b, 0x24, 0x30, 0x41, 0x29, 0x1b, 0x1b, 0x22, 0x1d, 0x44, 0x35, 0x25, 0x3a, 0x44, 0x30, 0x1f, 0x19, 0x62, 0xcc, 0x79, 0x45, 0x21, 0x1c, 0x1c, 0x2a, 0x1b, 0x32, 0x32, 0x36, 0x2e, 0x17, 0x1c, 0x1c, 0x29, 0x29, 0x17, 0x11, 0x15, 0x43, 0x49, 0x7c, 0x7a, 0xfc, 0xa6, 0xfc, 0x45, 0xfc, 0x45, 0xfc, 0xfe, 0xfc, 0x49, 0xff, 0xaf, 0xff, 0xb0, 0xb0, 0xb0, 0xff, 0xff, 0xff, 0xff, 0xff, 0xb0, 0xb0, 0xaf, 0xae, 0xaf, 0xaa, 0xa8, 0xba, 0xba, 0x9f, 0xa1, 0x78, 0xcc, 0xba, 0xcc, 0xc8, 0x63, 0x62, 0xec, 0x19, 0xee, 0x30, 0x2b, 0x38, 0x2b, 0x21, 0x25, 0xee, 0x19, 0x26, 0x2b, 0x29, 0x29, 0x2a, 0x31, 0x31, 0x36, 0x29, 0x18, 0x21, 0x25, 0xf0, 0xf6, 0xf2, 0x3e, 0xf8, 0x3d, 0x25, 0x59, 0x84, 0xb1, 0x55, 0x02, 0x0f, 0x27, 0x3c, 0x4a, 0x42, 0x3f, 0x3f, 0x37, 0x3f, 0x3b, 0x3f, 0x3f, 0x3c, 0x3f, 0x3c, 0x40, 0xf6, 0x3e, 0x34, 0x34, 0x3e, 0x34, 0x3e, 0xf6, 0xf6, 0x3f, 0x3f, 0xf2, 0xc6, 0xf1, 0xf1, 0x39, 0xf9, 0xf9, 0x3c, 0x33, 0xf4, 0x33, 0xf4, 0xc9, 0xcc, 0xa9, 0x78, 0x9d, 0x98, 0x77, 0xa0, 0xa3, 0xa3, 0xa3, 0xa3, 0xa3, 0xa7, 0xa7, 0xfc, 0xf9, 0x3f, 0x3f, 0xfb, 0x2f, 0xee, 0xf0, 0xee, 0xf0, 0xee, 0x25, 0xef, 0x18, 0xef, 0x21, 0x2b, 0x21, 0x23, 0x23, 0x23, 0x29, 0x23, 0x29, 0x31, 0x36, 0x23, 0x23, 0x17, 0x21, 0x22, 0x2b, 0x22, 0x20, 0x21, 0x28, 0x20, 0x20, 0x30, 0x30, 0x34, 0x35, 0x47, 0x42, 0x37, 0x3c, 0x43, 0x4c, 0xff, 0xa6, 0x7a, 0x79, 0x7c, 0x45, 0x42, 0x3f, 0x34, 0xf6, 0x2b, 0x26, 0xee, 0x27, 0x27, 0x63, 0xc9, 0xa6, 0xac, 0xac, 0xac, 0xaa, 0xaa, 0xaa, 0xaa, 0xaa, 0xaa, 0xaa, 0x7b, 0x7b, 0x7a, 0xaa, 0xa1, 0xa6, 0xa6, 0xfc, 0xfc, 0x48, 0x3f, 0x2f, 0x47, 0x40, 0x3a, 0x41, 0x3a, 0x44, 0x34, 0x2c, 0x30, 0x47, 0x47, 0x42, 0x43, 0x45, 0x49, 
  0x33, 0x4c, 0xff, 0xaf, 0xaa, 0xcc, 0xf9, 0x43, 0xff, 0x43, 0x33, 0x49, 0xb0, 0xfc, 0x7c, 0xfc, 0x45, 0x49, 0x45, 0x45, 0x7c, 0xaa, 0x49, 0x49, 0x43, 0x37, 0x37, 0x48, 0x47, 0x48, 0x48, 0x43, 0xfc, 0x49, 0x7c, 0xb0, 0x7c, 0xaa, 0xb0, 0x4c, 0x1f, 0x2f, 0x47, 0x35, 0x30, 0x44, 0x35, 0x24, 0x2c, 0x38, 0x22, 0x12, 0x1b, 0x16, 0x1a, 0x3a, 0x46, 0x2c, 0x21, 0x34, 0x41, 0x3e, 0x2c, 0x15, 0x1e, 0x63, 0xa2, 0x45, 0x0d, 0x13, 0x1c, 0x1b, 0x1b, 0x2a, 0x1c, 0x29, 0x38, 0x29, 0x17, 0x16, 0x16, 0x1c, 0x29, 0x20, 0x34, 0x4b, 0xff, 0xaf, 0x7b, 0xaa, 0xfc, 0xfc, 0xfc, 0xfc, 0xfc, 0xfe, 0x49, 0xff, 0xff, 0xb0, 0xff, 0xb0, 0x49, 0x39, 0x1e, 0x62, 0x62, 0x60, 0x5f, 0x1e, 0x33, 0x63, 0xcc, 0xb0, 0xaf, 0xaf, 0xae, 0xab, 0xba, 0xba, 0x78, 0xa1, 0xa1, 0xcc, 0xc8, 0xc5, 0x62, 0x62, 0x19, 0x19, 0x25, 0x2c, 0x2b, 0x28, 0x2b, 0x25, 0x25, 0x26, 0x25, 0xee, 0x17, 0x29, 0x29, 0x2a, 0x31, 0x31, 0x3d, 0x36, 0x21, 0x21, 0x2b, 0xf6, 0x46, 0x47, 0x46, 0x41, 0x3a, 0xee, 0x83, 0x8a, 0x01, 0x82, 0x27, 0x48, 0x4a, 0x4a, 0x42, 0x47, 0x3f, 0x3f, 0x3f, 0x37, 0x3f, 0x3f, 0x3f, 0x3f, 0x3c, 0x3f, 0x2f, 0xf6, 0x34, 0x34, 0x34, 0x3e, 0x3e, 0xf6, 0x3e, 0x37, 0xf6, 0xf1, 0x27, 0xc6, 0xc6, 0xc8, 0x39, 0xf9, 0x3c, 0x33, 0xf4, 0x2d, 0xf4, 0x2d, 0xf4, 0x39, 0xa8, 0x79, 0xa2, 0x94, 0x94, 0x77, 0xa2, 0x9e, 0xa0, 0xa2, 0xa3, 0xa9, 0xaf, 0x49, 0xcb, 0x27, 0xea, 0xea, 0xea, 0xee, 0xee, 0xee, 0xee, 0xee, 0x18, 0xef, 0x18, 0x21, 0xeb, 0x23, 0x23, 0x23, 0x23, 0x36, 0x23, 0x23, 0x13, 0x18, 0x17, 0x18, 0x18, 0x18, 0x0d, 0x21, 0x20, 0x18, 0x0d, 0x0d, 0x18, 0x15, 0x21, 0x0d, 0x18, 0x61, 0x1f, 0x15, 0x2f, 0x35, 0xf6, 0x47, 0x47, 0x3f, 0x4c, 0xff, 0x49, 0x49, 0x2d, 0x37, 0x26, 0x26, 0x25, 0x34, 0xf6, 0x47, 0x4a, 0x4c, 0x4c, 0xb0, 0xff, 0xae, 0xac, 0x7b, 0x7b, 0xaa, 0xaa, 0xaa, 0xaa, 0xaa, 0xaa, 0xaa, 0x7a, 0x7b, 0xaa, 0x7c, 0xfc, 0xa1, 0x45, 0x49, 0x43, 0xf4, 0x47, 0xf6, 0x34, 0x3a, 0x3e, 0x3a, 0x3e, 0x3e, 0x24, 0x3b, 0x2c, 0x37, 0x47, 0x43, 0xfe, 0xaa, 
  0x3c, 0x42, 0x45, 0xfe, 0x7c, 0xf9, 0x45, 0xfe, 0x4b, 0x39, 0x45, 0xff, 0x7c, 0xfc, 0x49, 0x45, 0x49, 0xfc, 0x45, 0x45, 0x49, 0xaa, 0xaa, 0x49, 0x43, 0x33, 0x43, 0x48, 0x3c, 0x4a, 0x43, 0x43, 0xff, 0x45, 0xff, 0x49, 0xcc, 0xff, 0x4c, 0x19, 0x1f, 0x46, 0x3b, 0x1f, 0x30, 0x30, 0x28, 0x28, 0x38, 0x22, 0x10, 0x1b, 0x1b, 0x12, 0x22, 0x41, 0x41, 0x25, 0x21, 0x3a, 0x3e, 0x41, 0x30, 0x24, 0x62, 0x62, 0x9d, 0x79, 0x27, 0x24, 0x22, 0x1c, 0x1b, 0x1c, 0x1b, 0x1c, 0x36, 0x2e, 0x16, 0x1c, 0x16, 0x16, 0x16, 0x17, 0x24, 0x47, 0x4c, 0xb0, 0x49, 0x7c, 0xa6, 0xfc, 0xfc, 0xaa, 0x4c, 0x49, 0xff, 0xff, 0xff, 0xcc, 0x63, 0x62, 0x62, 0x5f, 0x5e, 0x02, 0x5e, 0x02, 0x58, 0x58, 0x5e, 0x59, 0x02, 0x33, 0xff, 0xb0, 0xae, 0xae, 0xad, 0xac, 0x79, 0xa1, 0xa1, 0x63, 0x63, 0xec, 0x1e, 0xec, 0x27, 0x25, 0x2c, 0x2b, 0x24, 0x21, 0x25, 0x25, 0x25, 0x24, 0x2b, 0x22, 0x31, 0x31, 0x2a, 0x2a, 0x31, 0x3d, 0x31, 0x3d, 0x3d, 0x3d, 0x3a, 0x3a, 0x24, 0x0d, 0x03, 0xe1, 0x5e, 0x62, 0x63, 0x6f, 0x6b, 0x84, 0x89, 0x4b, 0x4a, 0x4a, 0x47, 0x3f, 0x3f, 0x37, 0x3c, 0x3f, 0x3f, 0x3f, 0x42, 0x3f, 0x3f, 0x2f, 0xf6, 0x2c, 0x34, 0x34, 0x34, 0x40, 0x3e, 0x40, 0xf6, 0xf6, 0x2d, 0xf1, 0xc6, 0xc5, 0xf1, 0xc9, 0xcc, 0xf9, 0xcb, 0x37, 0xf4, 0x27, 0xf2, 0xf4, 0xf4, 0xc8, 0xa1, 0xa9, 0x7a, 0x92, 0x92, 0xa0, 0xa3, 0x9d, 0x77, 0x9e, 0xa2, 0x78, 0x9b, 0xc8, 0xec, 0xed, 0xed, 0xee, 0xea, 0x18, 0xe8, 0x18, 0x18, 0x18, 0x18, 0x21, 0x23, 0x23, 0x23, 0x17, 0x23, 0x17, 0x23, 0x11, 0x13, 0x17, 0x11, 0x18, 0xee, 0x1f, 0x27, 0x3c, 0x42, 0x43, 0xfe, 0xfe, 0x4c, 0xfe, 0x4b, 0x4a, 0x47, 0x47, 0x44, 0x3b, 0x34, 0x30, 0x24, 0x2e, 0x2e, 0x3d, 0x36, 0x3a, 0x46, 0x4a, 0x3f, 0xf2, 0x2f, 0x26, 0x3b, 0xf6, 0x47, 0x4a, 0x4b, 0x4b, 0x4c, 0xfe, 0xfe, 0x49, 0xff, 0xaf, 0xaf, 0x7c, 0x7c, 0x7b, 0x7b, 0xaa, 0xaa, 0x7b, 0x7b, 0x7a, 0x7b, 0x7b, 0x7b, 0x7b, 0x7c, 0xaa, 0x49, 0xcc, 0x3c, 0x47, 0x3f, 0x40, 0x3e, 0x34, 0x3e, 0x3e, 0x34, 0x44, 0x2c, 0x35, 0x46, 0x26, 0x37, 0x4a, 0x45, 0x49, 
  0x2f, 0x2d, 0x37, 0xf9, 0x49, 0xfc, 0x49, 0xfe, 0x39, 0x39, 0xff, 0xff, 0x49, 0x49, 0xfc, 0x45, 0x49, 0xfc, 0x45, 0xfc, 0x49, 0x7a, 0xfc, 0x7b, 0x39, 0xfe, 0x4b, 0x43, 0x42, 0x4a, 0x43, 0xfe, 0xfc, 0xff, 0x33, 0x33, 0x45, 0x4c, 0x35, 0x2c, 0x35, 0x30, 0x30, 0x28, 0x28, 0x28, 0x28, 0x38, 0x1a, 0x14, 0x12, 0x1b, 0x12, 0x10, 0x0c, 0x20, 0x38, 0x21, 0x2b, 0x3a, 0x3a, 0x3e, 0x30, 0xee, 0x1f, 0x62, 0x9d, 0x78, 0xff, 0x47, 0x20, 0x10, 0x1b, 0x1b, 0x1b, 0x1b, 0x32, 0x36, 0x22, 0x29, 0x1c, 0x16, 0x16, 0x0c, 0x0a, 0x19, 0x33, 0xff, 0xb0, 0xaf, 0xfc, 0xaa, 0xfc, 0x49, 0xfc, 0x49, 0x45, 0x63, 0x1e, 0x5f, 0x5f, 0x02, 0x5e, 0x5e, 0x5e, 0x5e, 0x5a, 0x5e, 0x5a, 0x58, 0x5d, 0x58, 0x53, 0x02, 0x60, 0x62, 0x62, 0xaf, 0xaf, 0xad, 0xac, 0x79, 0x97, 0x63, 0xc5, 0x1e, 0xec, 0x1f, 0xee, 0x26, 0x25, 0x24, 0x25, 0x26, 0x2c, 0x34, 0x34, 0x21, 0x2e, 0x31, 0x32, 0x2a, 0x31, 0x32, 0x3d, 0x3d, 0x36, 0x17, 0x05, 0x05, 0x00, 0x58, 0x58, 0x55, 0x02, 0x5e, 0x1e, 0xff, 0x7c, 0x73, 0x6b, 0x68, 0x84, 0x39, 0x4b, 0x47, 0x4a, 0x42, 0x3f, 0x42, 0x3f, 0x3c, 0x3f, 0x47, 0x3f, 0x3f, 0x37, 0xf6, 0xf6, 0x34, 0xf6, 0x34, 0x40, 0x3e, 0x40, 0x34, 0xf6, 0x37, 0xf2, 0xf1, 0xec, 0xc7, 0x63, 0xc9, 0xf9, 0xcc, 0x3c, 0xf4, 0x2d, 0xf2, 0x27, 0xf2, 0xf4, 0xf1, 0xc9, 0xa8, 0x7c, 0x92, 0x92, 0x77, 0x79, 0xa3, 0xa3, 0xa1, 0x9d, 0x97, 0xc5, 0xc4, 0xe6, 0x0f, 0xee, 0xee, 0x18, 0xe8, 0x11, 0x11, 0x18, 0x11, 0xeb, 0x17, 0xeb, 0x17, 0x23, 0x23, 0x17, 0x23, 0x11, 0x17, 0x21, 0x3a, 0x44, 0x46, 0x4b, 0x4b, 0x4c, 0x4c, 0x4c, 0xff, 0x4c, 0xff, 0x4c, 0xff, 0x4b, 0x4b, 0x46, 0x40, 0x46, 0x3e, 0x44, 0x38, 0x38, 0x22, 0x10, 0x1c, 0x2a, 0x31, 0x36, 0x21, 0x34, 0x3f, 0xf6, 0x42, 0x3f, 0x4a, 0x47, 0x2f, 0x2f, 0x3c, 0x42, 0x43, 0x3c, 0xcd, 0x43, 0x45, 0xf9, 0xfc, 0xaa, 0x7b, 0x7c, 0xaa, 0x79, 0xaa, 0x7a, 0xaa, 0x7b, 0x7b, 0x7c, 0x7b, 0xaa, 0x7c, 0x49, 0x45, 0x43, 0x47, 0xf6, 0xf6, 0x34, 0x3e, 0x46, 0x40, 0x35, 0x46, 0x2f, 0x2f, 0x47, 0x3b, 0x2f, 0x47, 0x4c, 0xfc, 
  0x27, 0x2f, 0x37, 0x3f, 0x49, 0xff, 0xff, 0x45, 0xcc, 0x45, 0x49, 0xaa, 0x49, 0x49, 0x45, 0x49, 0xfe, 0x45, 0x45, 0xfc, 0xaa, 0xfc, 0xaa, 0xaa, 0xfc, 0x49, 0xfe, 0x3c, 0x43, 0xfe, 0x43, 0x45, 0x4c, 0x3c, 0x2d, 0x42, 0x47, 0x3b, 0x24, 0x30, 0x28, 0x30, 0x28, 0x30, 0x28, 0x2e, 0x38, 0x22, 0x12, 0x1b, 0x12, 0x12, 0x12, 0x10, 0x0a, 0x30, 0x3e, 0x25, 0x2b, 0x25, 0x2b, 0x30, 0x2b, 0x24, 0x19, 0x1e, 0x63, 0x9d, 0x7b, 0x3c, 0x0a, 0x16, 0x1b, 0x2a, 0x1b, 0x2a, 0x32, 0x32, 0x22, 0x1c, 0x16, 0x22, 0x1c, 0x17, 0x0a, 0x0d, 0x19, 0x45, 0xb0, 0xae, 0x49, 0xfc, 0xfc, 0x45, 0x45, 0x3c, 0x63, 0x62, 0x5f, 0x02, 0x59, 0x58, 0x5e, 0x5e, 0x5e, 0x5d, 0x61, 0x04, 0x5d, 0x5d, 0x09, 0x5c, 0x5a, 0x56, 0x5a, 0x55, 0x55, 0x62, 0xff, 0xae, 0xab, 0xa1, 0x97, 0x1e, 0x1e, 0x19, 0x27, 0x26, 0x26, 0x25, 0x1f, 0xee, 0x27, 0x2f, 0x26, 0x25, 0x2b, 0x36, 0x36, 0x32, 0x32, 0x2a, 0x1c, 0x2a, 0x1a, 0x07, 0x00, 0x56, 0x56, 0x58, 0x58, 0x02, 0x5f, 0x1e, 0x2d, 0x33, 0x63, 0x45, 0xb0, 0x9d, 0x6b, 0x6d, 0x82, 0x89, 0xfe, 0x48, 0x47, 0x47, 0x42, 0x3c, 0x3f, 0x3f, 0xfa, 0x3f, 0x3f, 0x2f, 0xf6, 0x2c, 0xf6, 0xf6, 0xf6, 0x3e, 0x34, 0x3e, 0x34, 0xf6, 0xf6, 0xf2, 0xf1, 0xec, 0xc7, 0xc5, 0xc8, 0x9b, 0xf9, 0xcc, 0x3c, 0x33, 0xf2, 0x19, 0xf2, 0x2f, 0xf1, 0xf1, 0x63, 0xba, 0x49, 0x92, 0x89, 0xa1, 0xae, 0xad, 0xba, 0xc9, 0xb9, 0xc4, 0xec, 0xea, 0x0f, 0xe8, 0xe8, 0x11, 0x18, 0x18, 0x18, 0x18, 0x11, 0x18, 0x11, 0x18, 0x18, 0x21, 0x18, 0x21, 0x18, 0x18, 0x21, 0x3e, 0x44, 0x46, 0x47, 0x4a, 0x4a, 0x47, 0x3f, 0x2f, 0xf6, 0x2f, 0xf6, 0x37, 0x26, 0x27, 0x26, 0x24, 0xee, 0x24, 0x34, 0x24, 0x34, 0x28, 0x17, 0x1a, 0x16, 0x1b, 0x2a, 0x2a, 0x32, 0x13, 0x44, 0x4a, 0x4b, 0x4c, 0x48, 0x37, 0x3f, 0x47, 0x47, 0x3b, 0x47, 0xf6, 0x40, 0x3f, 0x40, 0x3f, 0x3c, 0x3c, 0x45, 0xfc, 0x7b, 0x7c, 0x7b, 0x7a, 0x7a, 0x7a, 0x7a, 0x7a, 0x7b, 0x7b, 0x7b, 0xaa, 0xaa, 0xa6, 0x48, 0x3f, 0x3b, 0x34, 0x2c, 0x47, 0x46, 0x3b, 0x34, 0x3b, 0x42, 0x3c, 0x42, 0x42, 0x3f, 0x2d, 0x49, 0x49, 
  0x35, 0x35, 0x2f, 0x37, 0xff, 0xff, 0x49, 0xf9, 0x49, 0xaa, 0xa6, 0x7b, 0xaf, 0xa6, 0x49, 0x49, 0xfc, 0x45, 0xfc, 0x49, 0x45, 0xaa, 0xaa, 0xaa, 0x7a, 0xaa, 0x45, 0x43, 0x48, 0x43, 0xfc, 0x4c, 0xfe, 0x2f, 0x2f, 0x3b, 0x3b, 0x24, 0x24, 0x1d, 0x30, 0x30, 0x1d, 0x2e, 0x2e, 0x3d, 0x22, 0x12, 0x10, 0x12, 0x08, 0x12, 0x08, 0x10, 0x30, 0x46, 0x38, 0x25, 0x2b, 0x25, 0x18, 0x30, 0x2b, 0x1f, 0x0f, 0x62, 0x90, 0x9d, 0x78, 0x1e, 0x0d, 0x07, 0x2a, 0x1b, 0x1b, 0x1b, 0x2a, 0x32, 0x29, 0x22, 0x16, 0x16, 0x16, 0x22, 0x17, 0x0a, 0x19, 0x45, 0xb0, 0xaf, 0xfc, 0xfc, 0xfc, 0x45, 0x39, 0x1e, 0x62, 0x5f, 0x5f, 0x5e, 0x5e, 0x5e, 0x58, 0x5a, 0x5a, 0x5d, 0x5d, 0x0e, 0x5d, 0x5c, 0x5c, 0x09, 0x57, 0x5c, 0x5d, 0x00, 0x53, 0x59, 0x4b, 0xb0, 0xae, 0xba, 0x63, 0x63, 0xec, 0x27, 0x1f, 0x26, 0x1f, 0xee, 0x1f, 0xf4, 0x3c, 0xf4, 0x27, 0xee, 0x36, 0x3d, 0x31, 0x32, 0x22, 0x06, 0x00, 0x00, 0x00, 0x00, 0x58, 0x58, 0x5e, 0x1f, 0x2d, 0x3c, 0x63, 0x62, 0x5f, 0x5f, 0x1e, 0x48, 0x47, 0x39, 0x8a, 0x6f, 0x6f, 0x7f, 0x63, 0x48, 0x4a, 0x47, 0x47, 0x3f, 0x42, 0x3f, 0x42, 0xf6, 0x3b, 0x2f, 0xf6, 0xf6, 0xf6, 0x3e, 0xf6, 0x3e, 0x34, 0x34, 0xf6, 0xf6, 0xf4, 0xf4, 0xf1, 0xc7, 0xc5, 0xf1, 0xc9, 0xcc, 0xf9, 0xf9, 0x3c, 0xf4, 0x27, 0xc6, 0x27, 0xf2, 0xf4, 0xf1, 0x90, 0x9b, 0xfc, 0x90, 0x90, 0x9d, 0xaa, 0x9b, 0xc7, 0xc4, 0xc3, 0x5f, 0xe3, 0x0f, 0xea, 0x0b, 0xe8, 0x0b, 0xea, 0x25, 0x18, 0x18, 0xe8, 0x0b, 0xea, 0xee, 0xee, 0x25, 0x25, 0x25, 0x2b, 0x2b, 0x41, 0x40, 0x3e, 0x26, 0x26, 0x2f, 0x37, 0x2f, 0x26, 0x34, 0xee, 0x34, 0x25, 0x34, 0x25, 0x2c, 0x25, 0x2c, 0x2b, 0x30, 0x25, 0x25, 0x0d, 0x18, 0x38, 0x3d, 0x1c, 0x1c, 0x2a, 0x2a, 0x2a, 0x29, 0x17, 0x2f, 0x42, 0x4c, 0x4c, 0x4c, 0x37, 0x26, 0x2c, 0x44, 0x3e, 0x44, 0x40, 0x44, 0x40, 0x46, 0x40, 0x42, 0x48, 0x43, 0x45, 0xfc, 0x7c, 0x7b, 0x7a, 0x7a, 0x7a, 0x7b, 0x7b, 0x7c, 0x7b, 0x7c, 0x7c, 0xf9, 0x3c, 0x47, 0xf6, 0x35, 0xf6, 0x47, 0xf6, 0x35, 0x46, 0x47, 0x4b, 0xff, 0xfe, 0x45, 0x42, 0x33, 0xf9, 0xb0, 
  0x2f, 0x35, 0x2f, 0x2f, 0x4b, 0x45, 0x45, 0x49, 0x49, 0xfc, 0xfc, 0xaf, 0xaa, 0xfc, 0xff, 0xfc, 0x45, 0xfc, 0xfe, 0xfc, 0x45, 0x49, 0xaa, 0xaa, 0x7a, 0x49, 0xfc, 0xf9, 0x4b, 0x43, 0x39, 0xff, 0x3b, 0x1f, 0x30, 0x28, 0x30, 0x1d, 0x1d, 0x28, 0x28, 0x28, 0x28, 0x2e, 0x3d, 0x32, 0x12, 0x12, 0x12, 0x12, 0x12, 0x12, 0x0c, 0x38, 0x4a, 0x3b, 0x26, 0x25, 0x30, 0x21, 0x20, 0x25, 0x3a, 0x24, 0xee, 0x62, 0x62, 0x97, 0xa1, 0xcc, 0x15, 0x0a, 0x22, 0x1b, 0x1b, 0x1b, 0x1b, 0x1c, 0x32, 0x29, 0x22, 0x16, 0x16, 0x16, 0x22, 0x21, 0x1f, 0x4b, 0xb0, 0xaf, 0xaa, 0xaa, 0xfc, 0x45, 0x39, 0x1e, 0x60, 0x60, 0x5e, 0x61, 0x5e, 0x61, 0x5d, 0x5d, 0x5a, 0x5b, 0x5c, 0x09, 0x09, 0x0e, 0x09, 0x5c, 0x09, 0x5b, 0x5c, 0x5d, 0x57, 0x56, 0x5e, 0x2d, 0x49, 0xa8, 0x95, 0x1e, 0x1e, 0x19, 0x19, 0x19, 0x19, 0x27, 0xf4, 0xfe, 0xcf, 0x33, 0x27, 0x25, 0x3d, 0x29, 0x0c, 0x05, 0x5d, 0x03, 0x56, 0x58, 0x5e, 0x5e, 0x60, 0x1f, 0x3b, 0x35, 0x15, 0x5e, 0x59, 0x59, 0x02, 0x0f, 0x26, 0x3a, 0x2b, 0x3e, 0x89, 0x6f, 0x6f, 0x88, 0x84, 0x45, 0x4b, 0x4a, 0x48, 0x47, 0x43, 0x3f, 0x3f, 0x37, 0xf6, 0xf6, 0xf6, 0xf6, 0xf6, 0x40, 0x3e, 0x3e, 0x3e, 0x3e, 0x3f, 0x3f, 0xf7, 0xf4, 0xf1, 0xc6, 0xf1, 0xc8, 0x39, 0xf9, 0xf9, 0x43, 0xcb, 0x37, 0xc7, 0x19, 0xc6, 0x2d, 0xf4, 0xf1, 0x63, 0x97, 0xf9, 0x90, 0x89, 0x92, 0x9b, 0x63, 0xb7, 0xc5, 0xc3, 0xc4, 0xe9, 0xe9, 0xe9, 0x0f, 0xe6, 0x0f, 0xe6, 0x0f, 0xe9, 0x62, 0xec, 0x33, 0xfe, 0x45, 0xf4, 0x37, 0xf6, 0x34, 0x25, 0x2b, 0x34, 0x2b, 0x34, 0x34, 0xf6, 0x2f, 0x34, 0x26, 0xee, 0xee, 0x25, 0x25, 0x21, 0x25, 0x21, 0x25, 0x2b, 0x30, 0x2b, 0x28, 0x18, 0x1f, 0x26, 0x47, 0x41, 0x1d, 0x32, 0x22, 0x1c, 0x32, 0x1b, 0x32, 0x28, 0x18, 0x2c, 0x2f, 0x3c, 0x4b, 0x4c, 0x47, 0x26, 0x34, 0x30, 0x34, 0x41, 0x3e, 0x41, 0x3e, 0x40, 0x40, 0xf6, 0x3f, 0xf9, 0x45, 0xaa, 0xac, 0x7a, 0xaa, 0x7a, 0x7b, 0xac, 0x7c, 0x7a, 0xaf, 0x49, 0x45, 0xfa, 0x3b, 0x34, 0x2c, 0x40, 0x47, 0x34, 0x2b, 0x30, 0x3e, 0x42, 0x4c, 0x49, 0xaa, 0x45, 0x45, 0x39, 0xff, 
  0x35, 0x35, 0x2c, 0x2f, 0x42, 0x33, 0x45, 0xb0, 0x7c, 0xa6, 0xaa, 0x7c, 0xaa, 0xaa, 0xaa, 0xfc, 0x45, 0x49, 0xfe, 0x45, 0x45, 0x49, 0xfc, 0x7a, 0xaa, 0x7c, 0xfc, 0x4c, 0x43, 0x2d, 0x4c, 0x4c, 0x2f, 0x28, 0x28, 0x28, 0x28, 0x1d, 0x1d, 0x1d, 0x30, 0x28, 0x2e, 0x38, 0x3d, 0x12, 0x10, 0x08, 0x08, 0x12, 0x12, 0x08, 0x22, 0x44, 0x4a, 0x37, 0x25, 0x30, 0x2b, 0x20, 0x18, 0x38, 0x2b, 0x2c, 0x24, 0x19, 0x62, 0x90, 0x78, 0x79, 0x43, 0x3b, 0x22, 0x10, 0x10, 0x1b, 0x1b, 0x16, 0x1c, 0x2e, 0x1c, 0x16, 0x1c, 0x16, 0x16, 0x0c, 0xee, 0x27, 0x49, 0x49, 0x7c, 0xaa, 0xfc, 0xfc, 0x45, 0x33, 0x1e, 0x60, 0x60, 0x5e, 0x5e, 0x0e, 0x5d, 0x09, 0x5c, 0x5c, 0x5b, 0x5b, 0x5c, 0x09, 0x0e, 0x09, 0x09, 0x5c, 0x09, 0x5c, 0x5a, 0x5a, 0x56, 0x55, 0x5f, 0x49, 0x45, 0x63, 0x1e, 0x19, 0x19, 0x19, 0x27, 0xcd, 0xff, 0xae, 0xcf, 0x33, 0x26, 0x20, 0x0a, 0x05, 0x5b, 0x04, 0x0a, 0x5e, 0x5e, 0x5e, 0x5e, 0x60, 0x1f, 0x1e, 0x5e, 0x58, 0x58, 0x55, 0x5e, 0x02, 0x62, 0x26, 0x41, 0x36, 0x31, 0x2e, 0xc8, 0x73, 0x6f, 0x72, 0x82, 0x01, 0x4c, 0x4a, 0x4a, 0x47, 0x42, 0x42, 0x3f, 0xf6, 0x37, 0xf6, 0x40, 0xf6, 0x40, 0x34, 0x3e, 0x3e, 0x3e, 0xf6, 0x42, 0xcd, 0xc9, 0xc8, 0xc7, 0xc7, 0xf1, 0xc8, 0xcb, 0xf9, 0xf9, 0x3c, 0xcd, 0x2d, 0xc6, 0xec, 0xc6, 0x27, 0xf1, 0xc8, 0x63, 0xb9, 0x9b, 0xc5, 0x89, 0x63, 0x97, 0x9b, 0x39, 0xcc, 0xa6, 0xfe, 0xfc, 0xf4, 0x2d, 0xf4, 0xf4, 0xf4, 0xc8, 0x33, 0xce, 0x4c, 0xff, 0xff, 0xaf, 0xff, 0x3c, 0xf1, 0x2f, 0xee, 0xee, 0x18, 0x21, 0x25, 0x21, 0x18, 0x25, 0x25, 0x25, 0x25, 0x25, 0x25, 0x21, 0x18, 0x21, 0x21, 0x2b, 0x2b, 0x20, 0x18, 0x0d, 0x18, 0x2c, 0x46, 0x4a, 0x46, 0x17, 0x2e, 0x3d, 0x1a, 0x0c, 0x41, 0x29, 0x22, 0x3d, 0x24, 0x11, 0x3b, 0x26, 0x2d, 0x2d, 0x47, 0x46, 0x3e, 0x34, 0x30, 0x2b, 0x34, 0x3a, 0x3e, 0x41, 0x40, 0x46, 0xfb, 0x48, 0x45, 0xfc, 0xaa, 0x7b, 0xaa, 0xa8, 0xaa, 0xa9, 0xaa, 0xac, 0xb0, 0xfc, 0x33, 0x3f, 0xf6, 0x2c, 0x40, 0x47, 0x47, 0x3a, 0x38, 0x3a, 0x30, 0x34, 0x42, 0x4c, 0xff, 0x49, 0x45, 0x39, 0x4c, 
  0x35, 0x2f, 0x2c, 0x2f, 0x47, 0x33, 0xf9, 0xb0, 0xcc, 0xfc, 0xb0, 0xaa, 0xa6, 0x7b, 0x49, 0x45, 0xfc, 0x49, 0x45, 0x45, 0xfe, 0x49, 0xfc, 0xaa, 0x7a, 0x7a, 0xaa, 0xff, 0x37, 0x37, 0x4a, 0x2f, 0x24, 0x1d, 0x28, 0x1a, 0x28, 0x1d, 0x28, 0x28, 0x28, 0x1d, 0x41, 0x3d, 0x10, 0x12, 0x08, 0x12, 0x12, 0x12, 0x12, 0x12, 0x14, 0x38, 0x46, 0x2c, 0x26, 0x25, 0x2b, 0x21, 0x2b, 0x21, 0x2b, 0x20, 0xee, 0x19, 0x62, 0x1e, 0x98, 0x79, 0xff, 0x3b, 0x17, 0x10, 0x10, 0x16, 0x1b, 0x16, 0x1c, 0x29, 0x22, 0x1a, 0x16, 0x1c, 0x1c, 0x13, 0x0c, 0x0d, 0x2d, 0x49, 0x7c, 0xaa, 0x7b, 0x7b, 0xff, 0x49, 0x49, 0x3c, 0x62, 0x0f, 0x5e, 0x04, 0x5d, 0x04, 0x5c, 0x09, 0x5c, 0x5c, 0x5b, 0x5c, 0x5c, 0x0e, 0x14, 0x06, 0x5c, 0x09, 0x5b, 0x57, 0x5b, 0x53, 0x55, 0x60, 0xfc, 0xc9, 0x62, 0xec, 0x1e, 0x1e, 0xf9, 0xff, 0xae, 0xaf, 0x3c, 0x27, 0x18, 0x03, 0x5d, 0x04, 0x04, 0x5a, 0x5e, 0x5d, 0x5e, 0x61, 0x1f, 0x1f, 0x58, 0x58, 0x55, 0x58, 0x58, 0x5e, 0x60, 0x2d, 0x42, 0xfb, 0x3d, 0x31, 0x2a, 0x3a, 0xfd, 0x73, 0x6f, 0x72, 0x88, 0x82, 0x89, 0x4c, 0x4a, 0x4a, 0x4a, 0xfb, 0x42, 0xf6, 0x3f, 0x40, 0xf6, 0x40, 0x34, 0x3e, 0x3e, 0x34, 0x40, 0x3f, 0xcd, 0xcc, 0xf4, 0xb9, 0xf1, 0xc6, 0xc8, 0xf4, 0xcc, 0xf9, 0x3c, 0xcd, 0x33, 0xf1, 0xec, 0x62, 0xec, 0xf1, 0xf1, 0xf1, 0x63, 0x97, 0xc9, 0x89, 0x89, 0x92, 0x7b, 0xaf, 0xae, 0xaf, 0xaf, 0xaf, 0xaf, 0xaf, 0xaf, 0xff, 0xb0, 0xb0, 0xff, 0xaf, 0xb0, 0xb0, 0xae, 0x4c, 0xce, 0x4a, 0xcd, 0x34, 0xf2, 0xee, 0xee, 0x21, 0x18, 0x18, 0x21, 0x11, 0x18, 0x18, 0x17, 0x21, 0x23, 0x2b, 0x23, 0x21, 0x2b, 0x2b, 0x21, 0x11, 0x18, 0x0b, 0x27, 0x4b, 0x4b, 0x47, 0x44, 0x0a, 0x11, 0x3d, 0x3d, 0x0c, 0xee, 0x46, 0x2e, 0x0c, 0x38, 0x41, 0x20, 0x18, 0x3b, 0xf6, 0x2f, 0x26, 0xf6, 0x46, 0x47, 0x46, 0x3b, 0x2c, 0x25, 0x3a, 0x41, 0x41, 0x41, 0x40, 0x47, 0x4b, 0xfc, 0xaa, 0xaa, 0x7b, 0xa6, 0xa8, 0xa6, 0xab, 0x7c, 0xaf, 0xcc, 0x3c, 0x48, 0x3b, 0xf6, 0x47, 0x4a, 0x47, 0x40, 0x46, 0x44, 0x44, 0x3e, 0x2c, 0x2f, 0x42, 0xff, 0x49, 0x45, 0xfc, 
  0x35, 0x35, 0x2c, 0x35, 0x3b, 0x33, 0x45, 0xfc, 0xfc, 0x7c, 0x7c, 0xaa, 0xaa, 0xaa, 0xfc, 0xfc, 0x49, 0xfc, 0x45, 0xfe, 0xfc, 0x49, 0xaa, 0x7b, 0x7c, 0xaa, 0xb0, 0xff, 0x27, 0x2c, 0x35, 0x2c, 0x1d, 0x28, 0x22, 0x1d, 0x2e, 0x1d, 0x28, 0x38, 0x1d, 0x38, 0x3d, 0x14, 0x08, 0x08, 0x12, 0x12, 0x08, 0x12, 0x08, 0x10, 0x0c, 0x20, 0x44, 0x26, 0x26, 0x34, 0x21, 0x17, 0x2b, 0x2e, 0x21, 0x20, 0x24, 0x15, 0x19, 0xc5, 0x63, 0x78, 0xfc, 0x2d, 0x0d, 0x10, 0x10, 0x2a, 0x10, 0x10, 0x1c, 0x29, 0x22, 0x16, 0x16, 0x1c, 0x2a, 0x1c, 0x13, 0x0a, 0x19, 0x45, 0x7c, 0xaa, 0x79, 0xaa, 0xb0, 0xb0, 0xff, 0xff, 0x4c, 0x48, 0x27, 0x15, 0x0d, 0x5d, 0x04, 0x5c, 0x5c, 0x06, 0x5c, 0x5b, 0x5b, 0x5c, 0x09, 0x14, 0x09, 0x09, 0x5c, 0x5c, 0x5c, 0x00, 0x53, 0x58, 0x63, 0x45, 0xc8, 0x2d, 0xc8, 0xfe, 0xac, 0xb0, 0xb0, 0x45, 0x27, 0x15, 0x5d, 0x5d, 0x0e, 0x5d, 0x5d, 0x58, 0x61, 0x1f, 0x24, 0x61, 0x58, 0x56, 0x55, 0x56, 0x58, 0x5e, 0x15, 0x60, 0x1f, 0x2d, 0x42, 0x47, 0x3d, 0x31, 0x29, 0x3d, 0xfe, 0x94, 0x6d, 0x72, 0x70, 0x86, 0x84, 0x89, 0x4b, 0x4a, 0x4a, 0x47, 0x46, 0x47, 0xf6, 0x3f, 0x40, 0xf6, 0x3e, 0x3e, 0x3e, 0x3e, 0xf6, 0x3f, 0xf9, 0x39, 0x97, 0xf1, 0xb9, 0xf1, 0xc8, 0xc9, 0xf9, 0xf9, 0xf9, 0x3c, 0xf4, 0xf1, 0xc4, 0xe9, 0xec, 0x27, 0xf1, 0xf1, 0xc7, 0xc8, 0xc9, 0x89, 0x89, 0x92, 0xa8, 0xae, 0x7c, 0x7b, 0xa8, 0xaa, 0xa8, 0xaa, 0xaa, 0xa6, 0xa8, 0xa6, 0xaa, 0xb0, 0x49, 0xcc, 0xc8, 0xf1, 0xc6, 0xf2, 0x26, 0xf0, 0x25, 0xf3, 0x2b, 0x2b, 0x2b, 0x21, 0x18, 0x11, 0x11, 0x11, 0xe7, 0x11, 0x13, 0x17, 0x17, 0x23, 0x21, 0x18, 0x11, 0x0b, 0x34, 0x4a, 0x4b, 0x4b, 0x37, 0x25, 0x17, 0x0c, 0x41, 0x41, 0x2a, 0x0c, 0x25, 0x4a, 0x41, 0x07, 0x21, 0x41, 0x41, 0x0d, 0x0d, 0x3e, 0x35, 0xf6, 0x34, 0x34, 0x40, 0x37, 0x46, 0x4a, 0x44, 0x34, 0x2b, 0x3a, 0x41, 0x46, 0xf6, 0x43, 0xf9, 0x49, 0x7b, 0xaa, 0xa8, 0xaa, 0xaa, 0xaa, 0xaa, 0xac, 0x45, 0xfe, 0x48, 0x37, 0x42, 0x47, 0x42, 0x3c, 0x37, 0x35, 0x3e, 0x44, 0x41, 0x3e, 0x30, 0x3f, 0x48, 0xff, 0xff, 0xcc, 
  0x35, 0x2f, 0x24, 0x2f, 0x2f, 0x2d, 0xcc, 0xfc, 0x7b, 0xaf, 0x7c, 0xaa, 0x7b, 0xaa, 0x45, 0x49, 0x49, 0xfc, 0x45, 0x49, 0xfc, 0xfc, 0xaa, 0xaa, 0x7a, 0xb0, 0xff, 0x4a, 0x1f, 0x3e, 0x28, 0x28, 0x2e, 0x1a, 0x22, 0x2e, 0x1d, 0x1d, 0x38, 0x2e, 0x38, 0x22, 0x14, 0x12, 0x12, 0x12, 0x09, 0x08, 0x08, 0x1b, 0x12, 0x16, 0x0a, 0x47, 0x47, 0x2f, 0x2c, 0x2c, 0x21, 0x21, 0x2b, 0x21, 0x21, 0x20, 0x21, 0x15, 0x19, 0x62, 0x90, 0x9b, 0xaa, 0x62, 0x0b, 0x05, 0x13, 0x2a, 0x10, 0x16, 0x1b, 0x29, 0x22, 0x22, 0x0c, 0x13, 0x16, 0x1c, 0x17, 0x0d, 0x27, 0x49, 0xb0, 0x7b, 0xaa, 0x7c, 0x7c, 0xb0, 0xb0, 0xb0, 0xb0, 0xb0, 0xff, 0x4c, 0x4c, 0x19, 0x0d, 0x04, 0x07, 0x07, 0x06, 0x5c, 0x06, 0x5c, 0x5b, 0x5c, 0x14, 0x14, 0x14, 0x5c, 0x5c, 0x5c, 0x5a, 0x56, 0x60, 0xfe, 0x49, 0xba, 0xff, 0xae, 0xff, 0xb0, 0x3c, 0x62, 0x15, 0x0d, 0x04, 0x5d, 0x0e, 0x5d, 0x5d, 0x1d, 0x1d, 0x0e, 0x5d, 0x5d, 0x5d, 0x03, 0x5e, 0x5e, 0x15, 0x19, 0x1f, 0x27, 0x2d, 0x2d, 0x37, 0x40, 0x41, 0x31, 0x31, 0x36, 0xd0, 0x98, 0x6d, 0x70, 0x74, 0x6d, 0x68, 0x88, 0xfc, 0x4b, 0x3f, 0x4a, 0x47, 0x46, 0x47, 0xf6, 0xf6, 0x3e, 0x3e, 0x3e, 0x3e, 0x34, 0xf7, 0x43, 0xcb, 0x9b, 0xc8, 0x63, 0xc7, 0xc8, 0xc8, 0xcc, 0xf9, 0x43, 0xcd, 0x33, 0xc8, 0x1e, 0xc4, 0x5f, 0xe9, 0xf1, 0xf2, 0xf1, 0x1e, 0xc8, 0x63, 0xc5, 0x87, 0x92, 0xa1, 0xaf, 0xaf, 0x7a, 0xaa, 0xab, 0x7a, 0xab, 0xa8, 0xab, 0xaa, 0xae, 0xff, 0xc8, 0xc4, 0x0f, 0xe9, 0x0f, 0xea, 0xee, 0xe8, 0x18, 0x11, 0x18, 0x18, 0x18, 0x25, 0x2b, 0x21, 0x25, 0x18, 0x18, 0x11, 0x11, 0x17, 0x23, 0x17, 0x17, 0x0b, 0x1f, 0x3c, 0x4c, 0x4b, 0x4a, 0x3f, 0x26, 0x38, 0x20, 0x0c, 0x3d, 0x3d, 0x36, 0x1c, 0x16, 0x30, 0x44, 0x41, 0x0a, 0x0c, 0x41, 0x41, 0x44, 0x11, 0x38, 0x3e, 0x25, 0x34, 0x34, 0x34, 0x2f, 0x26, 0x1f, 0x34, 0x46, 0x41, 0x2b, 0x3e, 0x44, 0x47, 0x48, 0x45, 0xcc, 0xa6, 0xa8, 0xaa, 0xaa, 0xa6, 0xaa, 0xaa, 0xaa, 0xfc, 0x4c, 0x48, 0x2d, 0x3f, 0x43, 0x45, 0x43, 0x3c, 0x3b, 0x3b, 0x3e, 0x38, 0x38, 0x41, 0x44, 0x42, 0xfe, 0xff, 0xaa, 
  0x3b, 0x35, 0x2f, 0x35, 0x37, 0x2d, 0xfc, 0xb0, 0x7c, 0xaf, 0x7a, 0x7b, 0xaa, 0xfc, 0xaa, 0x49, 0x45, 0xfc, 0xfc, 0x49, 0xa6, 0xaa, 0x7a, 0x7c, 0xb0, 0x49, 0x43, 0x37, 0x24, 0x28, 0x2e, 0x2e, 0x1a, 0x22, 0x22, 0x2e, 0x1a, 0x2e, 0x2e, 0x2e, 0x3d, 0x14, 0x12, 0x12, 0x12, 0x08, 0x08, 0x08, 0x12, 0x12, 0x10, 0x0a, 0x3b, 0x4b, 0x4c, 0x48, 0xf6, 0x25, 0x21, 0x21, 0x2b, 0x17, 0x21, 0x20, 0x25, 0x1f, 0x0f, 0x62, 0x62, 0xc9, 0xa6, 0x39, 0x60, 0x11, 0x22, 0x29, 0x16, 0x1b, 0x1b, 0x1c, 0x16, 0x29, 0x16, 0x16, 0x10, 0x13, 0x1a, 0x21, 0x42, 0x4c, 0xb0, 0x7c, 0xb0, 0xb0, 0x4c, 0xfe, 0x4c, 0x4b, 0x4c, 0x4c, 0x4c, 0xfe, 0x4b, 0x4b, 0x46, 0x41, 0x2e, 0x22, 0x14, 0x06, 0x5c, 0x5c, 0x5b, 0x5b, 0x5b, 0x14, 0x1a, 0x14, 0x09, 0x5b, 0x5c, 0x00, 0x58, 0x2d, 0xff, 0xae, 0xae, 0xaf, 0xff, 0x33, 0x02, 0x15, 0x24, 0x5d, 0x61, 0x0e, 0x09, 0x0e, 0x1a, 0x0e, 0x5d, 0x00, 0x56, 0x56, 0x58, 0x0d, 0x15, 0x35, 0x47, 0x3f, 0x27, 0x27, 0x1e, 0x2d, 0x33, 0x40, 0x41, 0x36, 0x31, 0x3e, 0xd0, 0xa2, 0x6d, 0x6d, 0x74, 0x70, 0x6b, 0x6d, 0x98, 0x90, 0x59, 0x5f, 0x4a, 0x47, 0x46, 0xf6, 0x34, 0x3e, 0x3e, 0x3e, 0xf6, 0xf6, 0x43, 0xcb, 0xcc, 0xc9, 0xc8, 0xb9, 0xc8, 0x63, 0xc9, 0xf9, 0xf9, 0xf9, 0x3c, 0xcb, 0xf4, 0xc5, 0xc3, 0xc3, 0xec, 0x27, 0xf4, 0xf1, 0xc6, 0xc7, 0xc5, 0x89, 0x89, 0x92, 0x98, 0x7c, 0xae, 0xaa, 0x7a, 0x7a, 0xaa, 0xab, 0x7a, 0x79, 0xaf, 0x7c, 0xc8, 0xc4, 0x0f, 0xed, 0xea, 0xe8, 0xe5, 0xe5, 0xe7, 0xe8, 0xe7, 0xe4, 0x11, 0xe7, 0x18, 0x18, 0x18, 0x11, 0x11, 0x11, 0x21, 0x2b, 0x18, 0x11, 0x0b, 0x18, 0x2f, 0x4b, 0x4c, 0xfe, 0x2d, 0x3f, 0x34, 0x3a, 0x2b, 0x0c, 0x13, 0x3d, 0x3a, 0x2e, 0x10, 0x1c, 0x38, 0x34, 0x44, 0x0a, 0x13, 0x3d, 0x3e, 0x44, 0x38, 0x17, 0x3e, 0x3e, 0x34, 0xf6, 0x40, 0xf6, 0xf6, 0xf6, 0xf6, 0x2c, 0x2b, 0x25, 0x25, 0x34, 0xf6, 0x47, 0x4b, 0xfe, 0x7b, 0xaa, 0x7b, 0xa6, 0xaa, 0xa8, 0xac, 0xaa, 0x45, 0x48, 0x3c, 0x37, 0xf9, 0x45, 0xff, 0x49, 0xfe, 0x37, 0x2f, 0x2c, 0x24, 0x20, 0x1f, 0x24, 0x27, 0x3c, 0x45, 0xb0, 
  0x35, 0x35, 0x1f, 0x35, 0x27, 0x37, 0xff, 0x7c, 0xaf, 0x7b, 0x7b, 0xaa, 0x79, 0xfc, 0x49, 0xfc, 0xfc, 0xfc, 0x49, 0xfc, 0xaa, 0x7a, 0x7b, 0x7c, 0xfe, 0x1e, 0x3c, 0x2f, 0x28, 0x2e, 0x2e, 0x2e, 0x22, 0x1d, 0x22, 0x2e, 0x1d, 0x2e, 0x2e, 0x3d, 0x14, 0x12, 0x12, 0x08, 0x08, 0x08, 0x09, 0x12, 0x12, 0x1c, 0x0a, 0x35, 0x4c, 0xff, 0xff, 0x4c, 0x2f, 0xee, 0x21, 0x21, 0x2e, 0x21, 0x21, 0x21, 0x24, 0x18, 0x19, 0x15, 0x62, 0x1e, 0xcc, 0xaa, 0x45, 0x47, 0x3a, 0x16, 0x16, 0x1b, 0x16, 0x1b, 0x16, 0x23, 0x22, 0x17, 0x13, 0x10, 0x17, 0x17, 0x2c, 0x4c, 0xff, 0xff, 0xff, 0x4b, 0x19, 0x03, 0x04, 0x04, 0x0e, 0x30, 0x1d, 0x5d, 0x04, 0x0e, 0x1d, 0x3d, 0x3d, 0x14, 0x5b, 0x09, 0x07, 0x5c, 0x07, 0x5b, 0x5b, 0x5b, 0x09, 0x1c, 0x22, 0x12, 0x08, 0x09, 0x56, 0x02, 0x4c, 0xff, 0xaf, 0xff, 0x43, 0x60, 0x5e, 0x1f, 0x0e, 0x0e, 0x0e, 0x1a, 0x1a, 0x1a, 0x14, 0x5c, 0x00, 0x00, 0x03, 0x03, 0x0b, 0x15, 0x26, 0xf6, 0x48, 0x4b, 0xcd, 0x63, 0xc8, 0x2d, 0xf2, 0x40, 0x41, 0x36, 0x3d, 0x40, 0xb0, 0x76, 0x6b, 0x6d, 0x74, 0x72, 0x6b, 0x6d, 0x72, 0x82, 0x7f, 0x84, 0x48, 0x47, 0x46, 0x44, 0x3e, 0x3e, 0x3e, 0x40, 0xf6, 0xcd, 0xf9, 0xa6, 0xcc, 0x97, 0xc8, 0xc8, 0xc8, 0xc8, 0x9b, 0xf9, 0x45, 0xf9, 0xcd, 0x43, 0xc8, 0xc4, 0x5f, 0xc3, 0xe9, 0xf1, 0xf2, 0xf2, 0xf1, 0xc5, 0xc5, 0x89, 0x8d, 0x73, 0x94, 0x79, 0xb0, 0xaa, 0xaa, 0x79, 0xa6, 0xa6, 0xa8, 0x7a, 0xae, 0xb0, 0xa1, 0x1e, 0xc6, 0xea, 0x0f, 0xe6, 0x0b, 0xe8, 0xe8, 0xe8, 0x11, 0xe4, 0x11, 0x11, 0x18, 0x18, 0xe4, 0xe8, 0x11, 0x18, 0x18, 0x0b, 0x0b, 0x0f, 0x26, 0x4b, 0x4b, 0x48, 0x37, 0x37, 0xf6, 0x26, 0x2b, 0x3a, 0x0c, 0x16, 0x3d, 0x36, 0x3d, 0x29, 0x10, 0x1a, 0x38, 0x34, 0x44, 0x21, 0x07, 0x38, 0x3a, 0x34, 0x2b, 0x17, 0x21, 0x41, 0x2c, 0xf6, 0xf6, 0xf6, 0x34, 0x40, 0x40, 0x46, 0x44, 0x40, 0x25, 0x24, 0x25, 0x40, 0x48, 0x4c, 0x7c, 0x7b, 0xa6, 0xaa, 0xaa, 0x7a, 0xaa, 0xaa, 0xcd, 0x43, 0x3f, 0x3c, 0x45, 0x49, 0x49, 0x7c, 0xff, 0xff, 0x4c, 0x4c, 0x4b, 0x2d, 0x27, 0x27, 0x27, 0x2d, 0x39, 0x4c, 
  0x37, 0x35, 0x2f, 0x35, 0x35, 0x42, 0x49, 0xb0, 0x7c, 0x7c, 0x7a, 0x7a, 0x79, 0xfc, 0xaa, 0xfc, 0xfc, 0xfc, 0xfc, 0xaa, 0x7b, 0x79, 0x7c, 0xb0, 0x2d, 0x27, 0x4a, 0x35, 0x20, 0x1d, 0x1a, 0x1a, 0x22, 0x22, 0x1d, 0x22, 0x28, 0x2e, 0x3d, 0x14, 0x12, 0x08, 0x08, 0x08, 0x12, 0x12, 0x08, 0x12, 0x12, 0x1c, 0x46, 0x4b, 0xff, 0x7c, 0xb0, 0x4c, 0x27, 0x0b, 0x18, 0x2b, 0x2b, 0x21, 0x21, 0x21, 0x21, 0x1f, 0x15, 0x19, 0x19, 0x60, 0x63, 0xcc, 0xb0, 0xff, 0x26, 0x17, 0x07, 0x16, 0x1b, 0x1b, 0x13, 0x1c, 0x23, 0x17, 0x22, 0x17, 0x0c, 0x0a, 0x15, 0x2c, 0x2d, 0x27, 0x27, 0x1f, 0x0a, 0x07, 0x5b, 0x06, 0x5b, 0x07, 0x5c, 0x07, 0x5c, 0x5b, 0x06, 0x09, 0x14, 0x09, 0x10, 0x5c, 0x5b, 0x5d, 0x5b, 0x09, 0x5c, 0x5b, 0x5b, 0x08, 0x1c, 0x32, 0x1b, 0x14, 0x5c, 0x56, 0x1e, 0x4c, 0xb0, 0x4c, 0x27, 0x15, 0x24, 0x61, 0x0e, 0x1a, 0x22, 0x1a, 0x09, 0x07, 0x09, 0x0e, 0x28, 0x3b, 0x46, 0x47, 0x47, 0x47, 0xfb, 0x47, 0xfd, 0x4c, 0x49, 0x39, 0x39, 0xc8, 0x3f, 0x40, 0x41, 0x3a, 0x3a, 0x46, 0xae, 0x73, 0x68, 0x67, 0x6d, 0x76, 0x6d, 0x6d, 0x6d, 0x68, 0x68, 0x86, 0x62, 0x47, 0x46, 0x40, 0x3e, 0x41, 0x40, 0x40, 0x3f, 0x48, 0xa6, 0xa8, 0x9b, 0xc9, 0xc8, 0xc8, 0xc8, 0xc9, 0x39, 0xf9, 0xf9, 0x43, 0xf9, 0x3c, 0xb9, 0xc3, 0xc2, 0xc3, 0xec, 0xc6, 0xf2, 0xf1, 0xf1, 0xc5, 0x89, 0x8a, 0x94, 0x73, 0x92, 0xa1, 0xaf, 0x7c, 0x7a, 0x7a, 0xa1, 0xcc, 0xa1, 0xaf, 0xb0, 0xff, 0xff, 0xfd, 0x27, 0xf0, 0xed, 0xea, 0xea, 0xe8, 0xe8, 0xe8, 0xe0, 0xe8, 0xe0, 0xe7, 0xe0, 0xe4, 0x03, 0xe7, 0x18, 0x18, 0xe8, 0x0f, 0x27, 0x4b, 0xff, 0x4b, 0x39, 0xf2, 0x2f, 0x26, 0x25, 0x2b, 0x41, 0x17, 0x13, 0x32, 0x3d, 0x3d, 0x36, 0x13, 0x07, 0x29, 0x25, 0x2b, 0x41, 0x3d, 0x07, 0x29, 0x3e, 0x34, 0x2b, 0x21, 0x11, 0x21, 0x34, 0x26, 0x2c, 0x26, 0x40, 0x34, 0x3e, 0x34, 0x34, 0x44, 0x46, 0x40, 0x2b, 0xee, 0x19, 0x33, 0x49, 0x7a, 0xaa, 0xac, 0xaa, 0x7a, 0x7a, 0xfc, 0x3c, 0x43, 0x3f, 0x43, 0xfc, 0x7c, 0xb0, 0xb0, 0xb0, 0xff, 0xb0, 0xff, 0xff, 0xff, 0xff, 0x4c, 0x4c, 0x48, 0x45, 0x39, 
  0x35, 0x35, 0x2f, 0x35, 0x3b, 0x2f, 0x45, 0xb0, 0xae, 0xae, 0x7b, 0xaa, 0xaa, 0xfc, 0xfc, 0xfc, 0x49, 0xfc, 0xfc, 0xaa, 0x7b, 0x7c, 0xb0, 0xfe, 0x27, 0x46, 0x47, 0x28, 0x24, 0x1d, 0x1d, 0x2e, 0x1d, 0x1d, 0x2e, 0x1d, 0x2e, 0x41, 0x0c, 0x08, 0x08, 0x08, 0x08, 0x08, 0x08, 0x08, 0x12, 0x08, 0x12, 0x1c, 0x3e, 0x47, 0xff, 0xaa, 0xaa, 0xff, 0x3c, 0x19, 0x26, 0x34, 0x24, 0x17, 0x21, 0x21, 0x21, 0x20, 0x18, 0x1f, 0x19, 0x60, 0x62, 0xc8, 0xaa, 0xff, 0x2f, 0x11, 0x07, 0x10, 0x1b, 0x1b, 0x1b, 0x1c, 0x1a, 0x17, 0x17, 0x17, 0x17, 0x17, 0x0a, 0x04, 0x07, 0x00, 0x5d, 0x5b, 0x5c, 0x06, 0x09, 0x08, 0x5c, 0x5b, 0x5c, 0x5c, 0x09, 0x06, 0x5b, 0x5b, 0x5c, 0x09, 0x09, 0x5c, 0x5b, 0x57, 0x5b, 0x5c, 0x09, 0x06, 0x06, 0x06, 0x06, 0x1b, 0x29, 0x2a, 0x1d, 0x00, 0x5e, 0x4c, 0xff, 0x45, 0x1f, 0x24, 0x61, 0x61, 0x22, 0x2e, 0x1c, 0x0c, 0x0c, 0x07, 0x0a, 0x20, 0x35, 0x47, 0x4b, 0x4b, 0x4c, 0x4c, 0x4c, 0x4c, 0xff, 0x4c, 0xd0, 0xd0, 0xae, 0xff, 0x4b, 0xfb, 0x41, 0x41, 0x41, 0x4a, 0xff, 0x76, 0x6d, 0x65, 0x6b, 0x72, 0x72, 0x6d, 0x70, 0x6b, 0x6b, 0x88, 0xc5, 0x47, 0x46, 0x41, 0x44, 0x41, 0x40, 0xf6, 0xcd, 0xa6, 0xa8, 0xa8, 0x9b, 0xc9, 0xc8, 0xc9, 0xf4, 0xcb, 0xcc, 0xf9, 0xf9, 0xf9, 0x3c, 0xf4, 0xc5, 0x5f, 0xe3, 0xc3, 0x0f, 0xc6, 0xf2, 0xf4, 0xf1, 0x89, 0x89, 0x73, 0x74, 0x73, 0x8e, 0x97, 0x7c, 0xaf, 0x7c, 0x7b, 0xa8, 0xa6, 0xfc, 0xcb, 0xf4, 0xf1, 0xec, 0xf2, 0xf0, 0xee, 0xf0, 0xf0, 0xea, 0xed, 0xea, 0xea, 0xe8, 0xe8, 0xe8, 0xe0, 0xe0, 0xe0, 0xe8, 0x0b, 0x18, 0xe8, 0x0f, 0xfe, 0xff, 0xff, 0xff, 0x4c, 0x3f, 0x37, 0x34, 0x26, 0x2b, 0x41, 0x36, 0x0c, 0x17, 0x2b, 0x2b, 0x17, 0x3d, 0x07, 0x05, 0x41, 0x21, 0x34, 0x3a, 0x41, 0x08, 0x16, 0x41, 0x2c, 0x3e, 0x44, 0x17, 0x0a, 0x38, 0x2c, 0x25, 0x25, 0xf0, 0x25, 0xf3, 0x25, 0x25, 0x25, 0x25, 0x3e, 0x44, 0x34, 0x27, 0x62, 0x7c, 0x7a, 0xaa, 0xaa, 0xac, 0x7c, 0x7a, 0xaa, 0xcc, 0x48, 0x48, 0xfe, 0xff, 0xff, 0xaa, 0xfc, 0x49, 0x49, 0x49, 0xff, 0xff, 0xb0, 0xff, 0xb0, 0xb0, 0xb0, 0xb0, 0x7c, 
  0x37, 0x35, 0x35, 0x35, 0x2c, 0x27, 0x33, 0x7c, 0xaf, 0xaa, 0x7b, 0x7a, 0xaa, 0x7b, 0xfc, 0xfc, 0x49, 0xfc, 0x7c, 0x7c, 0x49, 0xaf, 0xff, 0x33, 0x27, 0x46, 0x30, 0x30, 0x28, 0x28, 0x1d, 0x1d, 0x2e, 0x2e, 0x28, 0x2e, 0x41, 0x1a, 0x14, 0x08, 0x12, 0x12, 0x06, 0x08, 0x09, 0x08, 0x08, 0x12, 0x1b, 0x09, 0x0d, 0x2d, 0xff, 0xaa, 0xaa, 0x7c, 0xfe, 0x48, 0x4a, 0x2c, 0xee, 0x18, 0x20, 0x23, 0x20, 0x21, 0x0d, 0x1f, 0x1f, 0x19, 0xec, 0x62, 0xa6, 0xb0, 0x48, 0x15, 0x05, 0x05, 0x29, 0x1b, 0x16, 0x1c, 0x23, 0x1a, 0x17, 0x17, 0x1d, 0x1d, 0x0c, 0x06, 0x06, 0x10, 0x06, 0x06, 0x06, 0x06, 0x08, 0x09, 0x08, 0x5c, 0x5c, 0x5c, 0x5c, 0x09, 0x06, 0x06, 0x06, 0x5c, 0x06, 0x14, 0x09, 0x5b, 0x5b, 0x5c, 0x14, 0x14, 0x08, 0x08, 0x08, 0x08, 0x1c, 0x32, 0x2e, 0x1d, 0x04, 0x35, 0x4b, 0x27, 0x15, 0x1f, 0x1d, 0x28, 0x2e, 0x1c, 0x1c, 0x32, 0x3d, 0x3d, 0x3d, 0x41, 0x38, 0x2f, 0x61, 0x0f, 0x2d, 0x4c, 0x4b, 0x33, 0x19, 0x60, 0x19, 0x4c, 0x4c, 0x4b, 0x26, 0x30, 0x41, 0x41, 0x44, 0x4a, 0xaf, 0xa0, 0x70, 0x67, 0x81, 0x6d, 0x74, 0x72, 0x70, 0x6d, 0x6a, 0x6f, 0x89, 0x48, 0x42, 0x2f, 0x44, 0x44, 0x40, 0x3f, 0xf9, 0xfc, 0xa8, 0xa1, 0x9b, 0xc9, 0xc8, 0xf4, 0xc9, 0x39, 0xf9, 0xf9, 0xf9, 0x3c, 0xcb, 0xf1, 0xc4, 0xc3, 0xc3, 0xe6, 0xe9, 0xf0, 0xf2, 0xf1, 0xc5, 0x89, 0x88, 0x73, 0x74, 0x73, 0x8d, 0x63, 0xa6, 0xae, 0x7c, 0xac, 0x7b, 0xaa, 0xc8, 0xc4, 0xec, 0xe9, 0xea, 0xea, 0xea, 0xe8, 0xea, 0xea, 0xf0, 0xf0, 0xea, 0xee, 0xea, 0xee, 0x0b, 0x18, 0x0b, 0xee, 0x21, 0xea, 0xe8, 0x19, 0x4c, 0xff, 0xfc, 0x39, 0xc8, 0x37, 0xf7, 0x26, 0x26, 0x3a, 0x2b, 0x41, 0x13, 0x21, 0x3a, 0x34, 0x21, 0x36, 0x3d, 0x05, 0x05, 0x41, 0x18, 0x2c, 0x2b, 0x17, 0x10, 0x07, 0x41, 0x34, 0x34, 0x34, 0x44, 0x11, 0x11, 0x41, 0x34, 0x2c, 0x3e, 0x34, 0x34, 0x3e, 0x34, 0x34, 0x34, 0x2b, 0x34, 0x46, 0x47, 0x4c, 0xff, 0xb0, 0x7c, 0x49, 0xaf, 0xaf, 0x7a, 0xaa, 0x45, 0xfe, 0xfe, 0x48, 0x4c, 0xff, 0x43, 0x33, 0x2d, 0x3c, 0x37, 0x3c, 0x3c, 0x43, 0x45, 0xfc, 0xfc, 0x49, 0x49, 0xb0, 
  0x3b, 0x2f, 0x35, 0x35, 0x1f, 0x37, 0x3c, 0x49, 0xaf, 0xac, 0x7b, 0x7b, 0x7c, 0xa6, 0xaa, 0x49, 0xaa, 0xaa, 0xaa, 0x49, 0xb0, 0xfe, 0x43, 0x37, 0x35, 0x3b, 0x30, 0x30, 0x28, 0x1d, 0x28, 0x2e, 0x1d, 0x30, 0x2e, 0x41, 0x29, 0x12, 0x12, 0x12, 0x08, 0x08, 0x08, 0x08, 0x12, 0x08, 0x12, 0x12, 0x12, 0x0c, 0x15, 0xff, 0xb0, 0x7b, 0xaa, 0xaa, 0xb0, 0xff, 0x4c, 0x2f, 0x15, 0x17, 0x21, 0x2e, 0x21, 0x17, 0x61, 0x18, 0x19, 0x1f, 0x27, 0xc8, 0x49, 0xaf, 0xff, 0x2d, 0x15, 0x0d, 0x29, 0x16, 0x16, 0x1b, 0x16, 0x29, 0x22, 0x0c, 0x0c, 0x0c, 0x09, 0x06, 0x12, 0x08, 0x12, 0x08, 0x12, 0x08, 0x08, 0x12, 0x08, 0x14, 0x09, 0x09, 0x06, 0x5c, 0x09, 0x09, 0x09, 0x09, 0x09, 0x09, 0x1a, 0x1c, 0x08, 0x08, 0x12, 0x12, 0x1b, 0x12, 0x1b, 0x1b, 0x29, 0x2e, 0x36, 0x1d, 0x0c, 0x1d, 0x44, 0x61, 0x1d, 0x28, 0x35, 0x28, 0x22, 0x1c, 0x2a, 0x2a, 0x2a, 0x1b, 0x1b, 0x16, 0x09, 0x0c, 0x0c, 0x0e, 0x0e, 0x5d, 0x58, 0x56, 0x5d, 0x5d, 0x5d, 0x58, 0x5d, 0x56, 0x00, 0x0a, 0x3d, 0x41, 0x46, 0x4b, 0xb0, 0x77, 0x74, 0x6b, 0x68, 0x6b, 0x74, 0x72, 0x72, 0x6d, 0x6b, 0x70, 0x8d, 0x63, 0xb3, 0x59, 0x46, 0x46, 0x3f, 0x48, 0xcb, 0xab, 0xa1, 0xa1, 0xc9, 0xc9, 0xc9, 0xc9, 0x39, 0xcb, 0xce, 0x45, 0xf9, 0xcb, 0x2d, 0xf1, 0xe9, 0xc3, 0xe3, 0xe9, 0xe9, 0xec, 0xf6, 0xf4, 0xc5, 0x8a, 0x8a, 0x72, 0x74, 0x73, 0x8c, 0x8e, 0xc9, 0x49, 0xaf, 0xaf, 0x7c, 0x97, 0xc3, 0xc3, 0xe5, 0xe5, 0xe5, 0xe1, 0xe5, 0xe0, 0xe0, 0xe8, 0xea, 0xf0, 0xf0, 0xea, 0xe5, 0xe8, 0xe5, 0xe5, 0x0b, 0xef, 0x0b, 0xe8, 0x2f, 0x4c, 0x4c, 0xc8, 0x2d, 0xf4, 0x27, 0xf0, 0x26, 0x25, 0x25, 0x21, 0x41, 0x13, 0x11, 0x41, 0x2b, 0x34, 0x23, 0x36, 0x29, 0x05, 0x17, 0x34, 0x25, 0x26, 0x34, 0x18, 0x22, 0x07, 0x41, 0x40, 0x34, 0xfb, 0x47, 0x46, 0x11, 0x21, 0x41, 0x25, 0x34, 0x34, 0x34, 0x3e, 0x40, 0x3e, 0x40, 0x40, 0x3e, 0x40, 0xf6, 0x2f, 0x3f, 0x4b, 0x4c, 0xff, 0xf9, 0x39, 0x7c, 0xa6, 0x49, 0x4c, 0x42, 0x37, 0x2f, 0x3b, 0x3b, 0x35, 0x2c, 0x30, 0x2c, 0x35, 0x2c, 0x3b, 0x2f, 0x35, 0x3c, 0x3c, 0x4b, 0x4b, 
  0x3b, 0x35, 0x35, 0x1f, 0x35, 0x35, 0x33, 0xff, 0xb0, 0xac, 0x7b, 0x7b, 0xaa, 0xa8, 0xaa, 0xaa, 0xaa, 0x7c, 0x7c, 0xb0, 0x43, 0x1e, 0x48, 0x37, 0x2c, 0x3b, 0x38, 0x28, 0x28, 0x1d, 0x28, 0x28, 0x28, 0x38, 0x41, 0x22, 0x14, 0x12, 0x12, 0x08, 0x08, 0x08, 0x12, 0x12, 0x08, 0x12, 0x12, 0x14, 0x0c, 0x0d, 0xfe, 0xb0, 0x7c, 0x7b, 0x7b, 0xaa, 0xaa, 0xaf, 0x49, 0x33, 0x0b, 0x0b, 0x21, 0x21, 0x21, 0x17, 0x18, 0x61, 0x15, 0x19, 0x27, 0x43, 0xb0, 0xaf, 0xb0, 0xff, 0x4c, 0xf6, 0x17, 0x16, 0x16, 0x29, 0x16, 0x1c, 0x16, 0x14, 0x06, 0x09, 0x06, 0x09, 0x08, 0x12, 0x12, 0x12, 0x12, 0x12, 0x08, 0x09, 0x08, 0x09, 0x09, 0x09, 0x09, 0x09, 0x09, 0x09, 0x14, 0x14, 0x14, 0x14, 0x14, 0x12, 0x14, 0x12, 0x09, 0x10, 0x14, 0x1c, 0x2a, 0x1c, 0x1c, 0x41, 0x41, 0x2e, 0x14, 0x12, 0x14, 0x0e, 0x28, 0x30, 0x3e, 0x38, 0x2e, 0x2a, 0x2a, 0x2a, 0x2a, 0x2a, 0x1b, 0x1b, 0x12, 0x1b, 0x2a, 0x10, 0x5b, 0x57, 0x57, 0x57, 0x00, 0x09, 0x57, 0x57, 0x52, 0x57, 0x00, 0x14, 0x2e, 0x0a, 0x0b, 0x43, 0xa1, 0x75, 0x77, 0x72, 0x68, 0x68, 0x72, 0x74, 0x70, 0x6d, 0x6a, 0x70, 0x6f, 0x86, 0x7f, 0x01, 0x1e, 0x47, 0x4a, 0x48, 0xaa, 0xaa, 0xa1, 0xa1, 0xcc, 0xc9, 0x33, 0xc9, 0x39, 0xcc, 0xf9, 0xce, 0x45, 0x43, 0xf4, 0xec, 0xe9, 0xe3, 0xe9, 0xe6, 0xe9, 0xed, 0xf2, 0xf1, 0x90, 0x8a, 0x74, 0x72, 0x74, 0x74, 0x8a, 0x89, 0x9b, 0xd0, 0xaf, 0xb0, 0x7c, 0xcc, 0xc5, 0xe9, 0xe6, 0xe5, 0xe5, 0xe5, 0xe5, 0xe1, 0xe5, 0xe1, 0xe5, 0xed, 0xf0, 0xe1, 0xe1, 0xe5, 0xe5, 0x25, 0xea, 0x0b, 0xe8, 0x2f, 0x4c, 0x33, 0xcd, 0x48, 0xf4, 0x37, 0x34, 0x2c, 0x34, 0x34, 0x25, 0x41, 0x23, 0x11, 0x36, 0x25, 0x2b, 0x21, 0x23, 0x3d, 0x22, 0x05, 0x3d, 0x25, 0xee, 0xf6, 0x40, 0x44, 0x3d, 0x05, 0x21, 0x44, 0xf6, 0x2f, 0xfa, 0x26, 0x18, 0x11, 0x41, 0x41, 0x25, 0x34, 0x34, 0x40, 0x34, 0x3e, 0x34, 0x34, 0x3e, 0x40, 0x40, 0x3e, 0x34, 0x2f, 0x27, 0x33, 0x33, 0x45, 0xb0, 0xb0, 0x4c, 0x3c, 0x2f, 0x35, 0x30, 0x2c, 0x30, 0x38, 0x38, 0x38, 0x28, 0x28, 0x2e, 0x30, 0x30, 0x30, 0x35, 0x42, 0x44, 0x1f, 
  0x37, 0x35, 0x35, 0x30, 0x35, 0x35, 0x3c, 0x45, 0x49, 0xaf, 0x7c, 0x7b, 0xaa, 0xaa, 0xaa, 0xaa, 0xa6, 0x7c, 0xaa, 0xb0, 0x1e, 0x3c, 0x4a, 0x27, 0x2c, 0x30, 0x38, 0x28, 0x28, 0x28, 0x28, 0x28, 0x30, 0x44, 0x22, 0x14, 0x08, 0x08, 0x08, 0x08, 0x09, 0x08, 0x08, 0x08, 0x1b, 0x14, 0x0c, 0x0d, 0x15, 0x4b, 0xff, 0x7c, 0xa6, 0x7a, 0x45, 0xaa, 0xaa, 0xaf, 0xb0, 0x45, 0x0f, 0x0f, 0x24, 0x25, 0x20, 0x18, 0x20, 0x25, 0x15, 0x0f, 0x62, 0x39, 0xaf, 0xb0, 0x7c, 0xb0, 0xff, 0x3c, 0x0b, 0x0a, 0x07, 0x1a, 0x0c, 0x0c, 0x14, 0x10, 0x12, 0x12, 0x12, 0x09, 0x12, 0x09, 0x12, 0x12, 0x12, 0x12, 0x14, 0x06, 0x06, 0x08, 0x09, 0x09, 0x09, 0x09, 0x09, 0x5c, 0x5c, 0x5c, 0x5a, 0x57, 0x57, 0x5b, 0x5b, 0x5c, 0x07, 0x07, 0x0c, 0x0c, 0x22, 0x1c, 0x22, 0x3d, 0x41, 0x41, 0x22, 0x06, 0x06, 0x09, 0x3d, 0x41, 0x44, 0x2e, 0x3d, 0x32, 0x2a, 0x2a, 0x2a, 0x2a, 0x2a, 0x2a, 0x2a, 0x2a, 0x1b, 0x08, 0x06, 0x06, 0x5c, 0x09, 0x5a, 0x57, 0x57, 0x52, 0x56, 0x57, 0x5b, 0x00, 0x5b, 0x56, 0x50, 0x59, 0x82, 0x68, 0x6d, 0x74, 0x6d, 0x68, 0x6d, 0x72, 0x70, 0x6d, 0x6a, 0x70, 0x70, 0x6b, 0x6b, 0x6f, 0x63, 0xfe, 0x4c, 0xff, 0xcf, 0xab, 0xa1, 0x9f, 0xcc, 0xc9, 0xc9, 0x39, 0xcb, 0xf9, 0xf9, 0xce, 0x45, 0xcd, 0xf4, 0xec, 0xe9, 0xe9, 0xe9, 0xe9, 0xe9, 0xec, 0xe9, 0x90, 0x92, 0x74, 0x74, 0x74, 0x75, 0x74, 0x8d, 0x8c, 0x95, 0xfc, 0xae, 0xb0, 0x7c, 0xaf, 0xa6, 0xf1, 0xed, 0xed, 0xe9, 0xea, 0xea, 0xea, 0xea, 0xe6, 0xe6, 0xe1, 0xe1, 0xc0, 0xe1, 0xe1, 0xf0, 0xed, 0xea, 0xea, 0x27, 0xfd, 0x2d, 0xf4, 0x3c, 0xf2, 0xf6, 0xfb, 0x34, 0x46, 0x34, 0x34, 0x3a, 0x2b, 0x11, 0x21, 0x18, 0x2c, 0x18, 0x18, 0x23, 0x36, 0x10, 0x07, 0x41, 0x34, 0x25, 0xee, 0xfb, 0x40, 0x2b, 0x0c, 0x11, 0x46, 0x26, 0xf6, 0x2f, 0xfb, 0x40, 0x11, 0x0a, 0x41, 0x25, 0x21, 0xee, 0x34, 0x2b, 0x34, 0x34, 0x34, 0x34, 0x2b, 0x3a, 0x40, 0x40, 0xf6, 0xf0, 0x19, 0x1e, 0x4c, 0xff, 0xff, 0x2f, 0x1f, 0x28, 0x30, 0x30, 0x30, 0x28, 0x28, 0x38, 0x2e, 0x2e, 0x2e, 0x28, 0x2e, 0x38, 0x41, 0x44, 0x41, 0x41, 0x17, 
  0x3b, 0x2d, 0x35, 0x35, 0x2c, 0x35, 0x42, 0x33, 0xcc, 0xaf, 0x7b, 0x7c, 0x7c, 0x7b, 0xaa, 0x7b, 0x7b, 0xaf, 0x7c, 0x45, 0x2d, 0x4a, 0x47, 0x2f, 0x2c, 0x30, 0x30, 0x28, 0x28, 0x28, 0x30, 0x38, 0x44, 0x2e, 0x09, 0x12, 0x08, 0x08, 0x08, 0x08, 0x08, 0x12, 0x12, 0x12, 0x12, 0x14, 0x30, 0x4a, 0x4c, 0xb0, 0xaa, 0xaa, 0xac, 0xfc, 0xa6, 0xfc, 0xa8, 0xa6, 0x7c, 0xd0, 0x3c, 0x2d, 0x3f, 0x1f, 0x18, 0x20, 0x18, 0x20, 0x19, 0x19, 0x62, 0xc9, 0x49, 0xaf, 0xaa, 0xaa, 0xb0, 0xfe, 0x1f, 0xe0, 0x0a, 0x0c, 0x1a, 0x09, 0x0c, 0x12, 0x12, 0x12, 0x12, 0x14, 0x06, 0x08, 0x06, 0x08, 0x06, 0x06, 0x06, 0x5c, 0x06, 0x09, 0x06, 0x5c, 0x5c, 0x5a, 0x5b, 0x57, 0x57, 0x57, 0x57, 0x57, 0x57, 0x5a, 0x5d, 0x03, 0x1d, 0x44, 0x46, 0x44, 0x3d, 0x3d, 0x3d, 0x2e, 0x2e, 0x22, 0x1c, 0x06, 0x06, 0x10, 0x3d, 0x3d, 0x3d, 0x3d, 0x2a, 0x32, 0x32, 0x32, 0x32, 0x32, 0x32, 0x32, 0x2a, 0x32, 0x2a, 0x32, 0x2a, 0x1c, 0x12, 0x5b, 0x57, 0x56, 0x57, 0x5a, 0x5c, 0x5a, 0x5d, 0x00, 0x57, 0x56, 0x55, 0x73, 0x8a, 0x65, 0x68, 0x6d, 0x74, 0x6b, 0x6b, 0x72, 0x72, 0x6d, 0x6d, 0x6d, 0x70, 0x70, 0x70, 0x6f, 0x92, 0xb0, 0xff, 0xae, 0xaf, 0xaa, 0xba, 0x9b, 0xcc, 0xc9, 0x39, 0xcb, 0xcc, 0xf9, 0xf9, 0x45, 0xce, 0x43, 0xf4, 0xec, 0xe9, 0xe6, 0xe9, 0xe9, 0xe9, 0xc4, 0xb5, 0x87, 0x73, 0x75, 0x74, 0x74, 0x75, 0x74, 0x73, 0x8d, 0x92, 0xa6, 0xaf, 0xaf, 0xba, 0x97, 0xc9, 0xf4, 0xc6, 0xf0, 0xf2, 0xf0, 0xf2, 0xed, 0xf0, 0xed, 0xed, 0xea, 0xe5, 0xe6, 0x0f, 0xed, 0x0f, 0xe6, 0x19, 0xf0, 0x4c, 0xfe, 0x43, 0xf4, 0x2d, 0xf2, 0x26, 0xf0, 0xee, 0xee, 0xee, 0x25, 0x41, 0x11, 0x18, 0x44, 0x26, 0xee, 0x25, 0x2b, 0x23, 0x3d, 0x05, 0x07, 0x41, 0xee, 0x34, 0xf0, 0x34, 0x26, 0x17, 0x11, 0x05, 0x46, 0x26, 0x2f, 0xf6, 0xfb, 0x47, 0x46, 0xe0, 0x11, 0x41, 0x25, 0x34, 0xee, 0x25, 0x25, 0x21, 0x25, 0x25, 0x2b, 0x25, 0x3a, 0x2b, 0x34, 0x40, 0x47, 0x2f, 0x4c, 0x4c, 0x2d, 0x2c, 0x3e, 0x30, 0x30, 0x2e, 0x30, 0x2e, 0x28, 0x2e, 0x28, 0x2e, 0x2e, 0x38, 0x3d, 0x2e, 0x2e, 0x38, 0x30, 0x20, 0x1a, 
  0x3c, 0x35, 0x35, 0x2c, 0x2f, 0x35, 0x42, 0x33, 0xcc, 0xb0, 0x7b, 0x7c, 0x7c, 0x7b, 0x7a, 0xaa, 0xb0, 0x49, 0xcc, 0x3c, 0x3c, 0x4a, 0x35, 0x2c, 0x35, 0x30, 0x28, 0x30, 0x28, 0x30, 0x30, 0x41, 0x2e, 0x10, 0x14, 0x12, 0x12, 0x12, 0x12, 0x12, 0x12, 0x12, 0x12, 0x1b, 0x14, 0x38, 0x4b, 0xff, 0xae, 0xaa, 0xab, 0xac, 0xa6, 0x45, 0xaa, 0x45, 0x79, 0x7b, 0xac, 0xaf, 0xff, 0xff, 0x4c, 0xec, 0x15, 0x18, 0x20, 0x0b, 0x1f, 0x1e, 0x1e, 0x39, 0xb0, 0x7c, 0xaa, 0xaa, 0x7c, 0xff, 0x3c, 0x15, 0x0d, 0x0e, 0x0a, 0x0c, 0x08, 0x12, 0x12, 0x12, 0x12, 0x10, 0x09, 0x06, 0x06, 0x06, 0x06, 0x06, 0x06, 0x09, 0x09, 0x09, 0x5c, 0x5c, 0x5b, 0x57, 0x57, 0x57, 0x57, 0x5b, 0x57, 0x5d, 0x5e, 0x62, 0x43, 0x4c, 0xff, 0x4b, 0x4a, 0x3e, 0x09, 0x5c, 0x5b, 0x06, 0x08, 0x1b, 0x10, 0x08, 0x12, 0x2a, 0x32, 0x3d, 0x32, 0x2a, 0x2a, 0x06, 0x57, 0x57, 0x52, 0x5a, 0x5c, 0x0e, 0x2e, 0x3d, 0x3d, 0x2a, 0x32, 0x2a, 0x1c, 0x1c, 0x1b, 0x12, 0x09, 0x5c, 0x5a, 0x57, 0x57, 0x57, 0x00, 0x58, 0x59, 0xa1, 0x77, 0x6f, 0x65, 0x65, 0x72, 0x6d, 0x6d, 0x72, 0x74, 0x6d, 0x6d, 0x70, 0x72, 0x6d, 0x6d, 0x70, 0x98, 0xa2, 0x90, 0x9d, 0xae, 0xae, 0xa6, 0xa1, 0x9b, 0xcc, 0xc9, 0x39, 0xf9, 0xf9, 0xf9, 0xf9, 0x45, 0xf9, 0xf4, 0xec, 0xe9, 0xe3, 0xe9, 0xc3, 0xe9, 0x89, 0x87, 0x88, 0x6f, 0x74, 0x74, 0x74, 0x76, 0x75, 0x73, 0x73, 0x92, 0xa1, 0xce, 0xc8, 0xb9, 0xec, 0xec, 0xe9, 0xea, 0xe6, 0xe9, 0xea, 0xed, 0xed, 0xea, 0xe3, 0xea, 0xe6, 0xe6, 0xed, 0xf2, 0xea, 0xe6, 0xed, 0xec, 0xf9, 0xff, 0x7c, 0x49, 0xff, 0x33, 0xf4, 0x3f, 0xf6, 0x2f, 0xf0, 0x2c, 0x40, 0x21, 0x18, 0x46, 0xf6, 0x26, 0x24, 0x34, 0x2b, 0x36, 0x3d, 0x5b, 0x17, 0x3e, 0x25, 0xee, 0x26, 0xf0, 0xfb, 0x25, 0x17, 0xe7, 0x41, 0x34, 0xf0, 0xf6, 0x3f, 0xf7, 0x4a, 0x37, 0x03, 0x25, 0x3a, 0x34, 0x41, 0x3e, 0x41, 0xf6, 0x3e, 0x2b, 0x3a, 0x3e, 0x25, 0x2b, 0x2c, 0x34, 0x46, 0x46, 0x3b, 0x2c, 0x35, 0x30, 0x30, 0x38, 0x30, 0x30, 0x28, 0x30, 0x28, 0x28, 0x28, 0x2e, 0x38, 0x36, 0x2e, 0x36, 0x41, 0x3e, 0x30, 0x15, 0x1f, 
  0x42, 0x35, 0x2f, 0x35, 0x35, 0x1f, 0x3c, 0x3c, 0xaa, 0x7c, 0x7c, 0x7c, 0x7b, 0x7a, 0xaa, 0x7b, 0xb0, 0x39, 0x43, 0xfe, 0x2d, 0x42, 0x3b, 0x2c, 0x30, 0x30, 0x24, 0x30, 0x24, 0x44, 0x41, 0x38, 0x1c, 0x1c, 0x12, 0x12, 0x12, 0x12, 0x08, 0x12, 0x12, 0x1b, 0x1b, 0x1c, 0x0a, 0x26, 0xfe, 0x7b, 0xa9, 0xa9, 0xac, 0xba, 0xfc, 0xfc, 0x45, 0xaa, 0xa6, 0x7a, 0x7c, 0xad, 0xb0, 0xaf, 0x49, 0x1e, 0x19, 0xee, 0x20, 0x0b, 0x15, 0x19, 0xf1, 0xcc, 0xb0, 0x7c, 0x7b, 0xaa, 0xac, 0xff, 0x4c, 0x37, 0x20, 0x11, 0x1a, 0x1a, 0x09, 0x0c, 0x08, 0x10, 0x12, 0x10, 0x08, 0x10, 0x06, 0x14, 0x09, 0x14, 0x12, 0x14, 0x09, 0x5c, 0x5c, 0x5c, 0x5b, 0x5b, 0x57, 0x5c, 0x5a, 0x00, 0x5d, 0x30, 0x4a, 0x4b, 0x4c, 0x4c, 0x4c, 0x37, 0x5e, 0x5d, 0x57, 0x5b, 0x5b, 0x08, 0x10, 0x1c, 0x2a, 0x32, 0x2a, 0x32, 0x32, 0x32, 0x2a, 0x2a, 0x32, 0x5b, 0x52, 0x52, 0x4f, 0x4f, 0x52, 0x52, 0x4e, 0x56, 0x5a, 0x22, 0x32, 0x3d, 0x3d, 0x3d, 0x32, 0x32, 0x1c, 0x06, 0x5b, 0x5b, 0x5c, 0x04, 0x09, 0x04, 0x5f, 0xcc, 0x78, 0x75, 0x6b, 0x65, 0x67, 0x70, 0x70, 0x70, 0x75, 0x70, 0x6d, 0x70, 0x70, 0x6d, 0x6d, 0x72, 0x74, 0x8a, 0x82, 0x92, 0xaf, 0xcf, 0xa6, 0xcc, 0xcc, 0x9b, 0x39, 0xcb, 0xf9, 0xf9, 0x45, 0xf9, 0xf9, 0xf9, 0xc8, 0xec, 0xe9, 0xc3, 0xc3, 0xc3, 0xc5, 0x89, 0x73, 0x6f, 0x6d, 0x72, 0x74, 0x75, 0x76, 0x75, 0x73, 0x73, 0x8e, 0x92, 0xc5, 0xc3, 0xc3, 0xe3, 0xe3, 0xe6, 0xe1, 0xe2, 0xe1, 0xc0, 0xe1, 0xe6, 0xe1, 0xc0, 0xdc, 0xc0, 0xe6, 0xf0, 0xea, 0xe9, 0xed, 0xe9, 0x62, 0xd0, 0xff, 0xfc, 0xfc, 0xfe, 0x43, 0x48, 0x37, 0xf6, 0xf6, 0x26, 0x25, 0xee, 0x11, 0x3e, 0xee, 0xe1, 0xf6, 0xee, 0x11, 0x21, 0x36, 0x23, 0x05, 0x28, 0x34, 0xf0, 0xf0, 0xee, 0xf0, 0x46, 0xf8, 0x21, 0x13, 0x22, 0x46, 0x2f, 0xf2, 0xf7, 0x3c, 0xca, 0x4b, 0x3f, 0x11, 0x41, 0x2b, 0x2b, 0x2b, 0x34, 0x2b, 0x30, 0x41, 0x41, 0x3e, 0x41, 0x44, 0x41, 0x34, 0x2c, 0x25, 0x38, 0x30, 0x30, 0x30, 0x30, 0x30, 0x30, 0x38, 0x30, 0x38, 0x30, 0x38, 0x38, 0x41, 0x2e, 0x1c, 0x29, 0x32, 0x3d, 0x44, 0x47, 0x4b, 0x4c, 
  0x42, 0x37, 0x35, 0x35, 0x2f, 0x1f, 0x37, 0x39, 0x49, 0x7c, 0x7c, 0x7c, 0x7a, 0x7b, 0x7b, 0xb0, 0x49, 0x33, 0x4c, 0x43, 0x37, 0x3b, 0x35, 0x2c, 0x30, 0x24, 0x2c, 0x2c, 0x35, 0x44, 0x38, 0x1a, 0x1b, 0x1b, 0x12, 0x1b, 0x08, 0x12, 0x12, 0x12, 0x12, 0x12, 0x1c, 0x0a, 0x19, 0x4c, 0xb0, 0xaa, 0x7b, 0x7a, 0xa8, 0xba, 0xa6, 0x45, 0xa6, 0xa6, 0xaa, 0xaa, 0x7b, 0x7a, 0x7c, 0xb0, 0x7c, 0xfc, 0x2d, 0x1f, 0x0d, 0x18, 0x0d, 0x0f, 0x1e, 0x39, 0x7c, 0x7c, 0xae, 0xaa, 0xae, 0xff, 0xff, 0x4a, 0x15, 0x0e, 0x17, 0x1a, 0x0e, 0x0e, 0x0c, 0x14, 0x10, 0x10, 0x10, 0x10, 0x12, 0x12, 0x14, 0x12, 0x14, 0x08, 0x06, 0x5b, 0x5c, 0x5c, 0x5c, 0x06, 0x61, 0x0a, 0x03, 0x03, 0x46, 0x4a, 0x4a, 0x24, 0x61, 0x04, 0x5d, 0x58, 0x5a, 0x57, 0x5a, 0x5c, 0x08, 0x14, 0x1a, 0x41, 0x32, 0x2a, 0x2a, 0x32, 0x1c, 0x1b, 0x2a, 0x2a, 0x32, 0x10, 0x56, 0x57, 0x54, 0x4e, 0x4f, 0x4f, 0x4e, 0x4e, 0x4f, 0x4f, 0x4e, 0x52, 0x54, 0x09, 0x36, 0x3d, 0x32, 0x32, 0x32, 0x32, 0x3d, 0x3d, 0x21, 0x0a, 0x60, 0xc5, 0x79, 0x77, 0x74, 0x65, 0x65, 0x68, 0x70, 0x72, 0x74, 0x70, 0x6d, 0x72, 0x72, 0x6d, 0x6d, 0x70, 0x70, 0x6b, 0x6f, 0x94, 0xa8, 0xd0, 0xfc, 0xba, 0xcc, 0xcc, 0xcc, 0xf9, 0xf9, 0x45, 0xf9, 0xcc, 0xce, 0xf9, 0xf4, 0xc5, 0xe9, 0xe6, 0xc3, 0xc3, 0x89, 0x8d, 0x75, 0x72, 0x6f, 0x72, 0x96, 0x77, 0x77, 0x75, 0x74, 0x73, 0x73, 0x89, 0x89, 0xc3, 0xc1, 0xc1, 0xe3, 0xc0, 0xe3, 0xc0, 0xc0, 0xe1, 0xc0, 0xc0, 0xc0, 0xdc, 0xc0, 0xe1, 0xee, 0xe6, 0xea, 0xe6, 0xec, 0xc2, 0xd0, 0x4c, 0xcb, 0x3c, 0xf4, 0x27, 0xca, 0x26, 0xf2, 0x26, 0x34, 0x26, 0x40, 0xee, 0xe8, 0x40, 0x19, 0xf0, 0x18, 0x11, 0x11, 0x11, 0x36, 0x17, 0x05, 0x41, 0x25, 0xee, 0xee, 0xf6, 0xf2, 0xf6, 0x47, 0x21, 0x11, 0x17, 0x46, 0xf2, 0x3f, 0xf7, 0xcd, 0xf9, 0x49, 0x4b, 0x18, 0x11, 0x3a, 0x18, 0x2b, 0x36, 0x21, 0x2b, 0x3a, 0x3a, 0x3a, 0x41, 0x3a, 0x3a, 0x40, 0x3e, 0x28, 0x2b, 0x30, 0x2e, 0x28, 0x30, 0x28, 0x30, 0x30, 0x30, 0x38, 0x38, 0x3d, 0x2e, 0x3d, 0x32, 0x1b, 0x32, 0x1c, 0x3d, 0x44, 0x35, 0x4c, 0xff, 
  0x48, 0x42, 0x35, 0x2f, 0x1f, 0x35, 0x3c, 0x43, 0xff, 0xb0, 0xb0, 0x7b, 0x7b, 0x7b, 0xaa, 0xb0, 0xfe, 0x33, 0x48, 0x3c, 0x2f, 0x46, 0x35, 0x28, 0x35, 0x30, 0x2f, 0x35, 0x46, 0x30, 0x1a, 0x1b, 0x1b, 0x12, 0x1b, 0x08, 0x12, 0x12, 0x08, 0x14, 0x14, 0x0c, 0x20, 0x46, 0x4c, 0xb0, 0xaa, 0x7a, 0x79, 0x7a, 0xa6, 0xa6, 0x45, 0xa6, 0xfc, 0xaa, 0xaa, 0x7b, 0x7a, 0x7b, 0x7b, 0x7c, 0xb0, 0xb0, 0x4c, 0x27, 0x0b, 0x0d, 0x18, 0x15, 0xec, 0x63, 0x7c, 0xb0, 0x7c, 0xae, 0xaf, 0xff, 0x39, 0x19, 0x0d, 0x0a, 0x0a, 0x0e, 0x61, 0x1a, 0x0e, 0x0c, 0x06, 0x10, 0x12, 0x1b, 0x12, 0x12, 0x14, 0x12, 0x08, 0x08, 0x06, 0x5c, 0x06, 0x00, 0x0e, 0x3e, 0x47, 0x44, 0x26, 0x4a, 0x4a, 0x0d, 0x58, 0x00, 0x5d, 0x5b, 0x5a, 0x57, 0x52, 0x57, 0x57, 0x09, 0x0e, 0x41, 0x46, 0x22, 0x10, 0x32, 0x08, 0x06, 0x09, 0x5b, 0x2a, 0x32, 0x2a, 0x32, 0x1c, 0x41, 0x61, 0x4e, 0x4e, 0x54, 0x4f, 0x4d, 0x4e, 0x4f, 0x4e, 0x4e, 0x4e, 0x54, 0x57, 0x57, 0x07, 0x2e, 0x32, 0x3d, 0x3d, 0x3d, 0x2b, 0x5e, 0xbe, 0x01, 0x73, 0x74, 0x75, 0x70, 0x65, 0x65, 0x68, 0x6d, 0x75, 0x72, 0x70, 0x70, 0x72, 0x6d, 0x6d, 0x70, 0x70, 0x70, 0x72, 0x73, 0xa1, 0xff, 0xfc, 0xf9, 0xf9, 0xcc, 0xcb, 0xf9, 0xf9, 0xa6, 0xf9, 0xcc, 0xfc, 0xcf, 0xc9, 0xc6, 0xc3, 0xc3, 0xc2, 0x84, 0x89, 0x73, 0x74, 0x74, 0x70, 0x72, 0x76, 0x9e, 0x77, 0x96, 0x74, 0x74, 0x94, 0x8e, 0xb7, 0xc3, 0xc3, 0xc3, 0xe3, 0xe9, 0xe6, 0xe9, 0xe6, 0xe6, 0xe6, 0xe1, 0xc0, 0xe3, 0xf0, 0xed, 0xe5, 0xea, 0xea, 0xe9, 0xec, 0x39, 0xff, 0xc9, 0x37, 0xf2, 0xf2, 0xf2, 0xf0, 0xf0, 0x34, 0xf0, 0xee, 0xea, 0x25, 0x18, 0x26, 0xed, 0xf2, 0xed, 0x0b, 0x11, 0x11, 0x18, 0x3d, 0xe7, 0x05, 0x41, 0xf0, 0x25, 0xee, 0xee, 0xfb, 0x3f, 0xf0, 0x40, 0x22, 0x17, 0x44, 0xf6, 0xf2, 0xf7, 0xf7, 0xce, 0xfe, 0x39, 0x0b, 0xe8, 0x23, 0x2b, 0x23, 0x11, 0x23, 0x22, 0x2b, 0x21, 0x2b, 0x21, 0x3a, 0x3a, 0x2b, 0x2b, 0x41, 0x36, 0x2e, 0x38, 0x38, 0x30, 0x30, 0x30, 0x38, 0x41, 0x38, 0x41, 0x36, 0x1c, 0x32, 0x2a, 0x2a, 0x1b, 0x2a, 0x1a, 0x41, 0x2f, 0x45, 0xb0, 
  0x48, 0x42, 0x35, 0x35, 0x35, 0x35, 0x37, 0x3c, 0x33, 0xff, 0xb0, 0x7c, 0x7b, 0x7a, 0xb0, 0xff, 0x33, 0x3c, 0x43, 0x37, 0x2f, 0x3b, 0x35, 0x24, 0x35, 0x35, 0x3b, 0x44, 0x44, 0x1a, 0x16, 0x1b, 0x1b, 0x1b, 0x12, 0x1b, 0x12, 0x12, 0x12, 0x1a, 0x24, 0x47, 0x4b, 0x4c, 0xaf, 0xac, 0x7a, 0x7a, 0x7a, 0x7a, 0xaa, 0xa1, 0xa6, 0xa1, 0xa6, 0x7b, 0x7b, 0x7b, 0x7a, 0x7b, 0x7b, 0x7c, 0x7c, 0xb0, 0xb0, 0x3c, 0x1f, 0x0b, 0x0d, 0x0f, 0x19, 0x63, 0x49, 0xb0, 0xaf, 0xaf, 0xff, 0x63, 0x62, 0x15, 0x15, 0x61, 0x61, 0x0d, 0x0e, 0x0e, 0x0c, 0x08, 0x10, 0x1c, 0x12, 0x12, 0x12, 0x12, 0x12, 0x08, 0x08, 0x06, 0x10, 0x08, 0x04, 0x0d, 0x4b, 0x4b, 0x4b, 0x4b, 0x4b, 0x4a, 0x44, 0x0e, 0x05, 0x5c, 0x5b, 0x57, 0x57, 0x57, 0x57, 0x5a, 0x5c, 0x04, 0x47, 0x4a, 0x44, 0x05, 0x08, 0x32, 0x5c, 0x57, 0x52, 0x57, 0x57, 0x1a, 0x32, 0x12, 0x09, 0x09, 0x0e, 0x52, 0x52, 0x54, 0x5e, 0x4e, 0x4d, 0x4f, 0x4f, 0x4d, 0x4d, 0x51, 0x54, 0x4d, 0x4d, 0x52, 0x1a, 0x29, 0x32, 0x41, 0x46, 0xfe, 0x5f, 0x80, 0x68, 0x67, 0x70, 0x77, 0x6b, 0x64, 0x65, 0x68, 0x70, 0x72, 0x72, 0x72, 0x70, 0x6b, 0x6d, 0x70, 0x74, 0x72, 0x70, 0x73, 0x98, 0xae, 0x49, 0xa6, 0xf9, 0xf9, 0xcc, 0xf9, 0xf9, 0xf9, 0xf9, 0xa6, 0xff, 0xac, 0xf9, 0x90, 0xec, 0xc5, 0x84, 0x87, 0x88, 0x6f, 0x74, 0x74, 0x72, 0x74, 0x77, 0xa0, 0x77, 0x75, 0x74, 0x77, 0x98, 0x92, 0xc8, 0xb9, 0xc6, 0xf2, 0xc6, 0xed, 0xc6, 0xf0, 0xf2, 0xed, 0xed, 0xe9, 0xe9, 0xec, 0xf2, 0xed, 0xe6, 0xe6, 0xe9, 0xc4, 0xc9, 0xaf, 0xc9, 0xf4, 0xec, 0xf0, 0x1f, 0xed, 0x0f, 0xed, 0xee, 0xea, 0xee, 0x26, 0x0b, 0xf0, 0xf6, 0x0f, 0x3c, 0xec, 0x0b, 0xf0, 0x2b, 0x2b, 0x41, 0x05, 0x11, 0x41, 0xee, 0xed, 0xee, 0xee, 0xf0, 0x4a, 0xf7, 0x2f, 0x23, 0x17, 0x41, 0xfb, 0x26, 0xca, 0xf4, 0xf4, 0xcb, 0xff, 0x4b, 0x19, 0xe0, 0x41, 0x2b, 0x23, 0x23, 0x23, 0x17, 0x23, 0x23, 0x23, 0x17, 0x2b, 0x36, 0x36, 0x36, 0x36, 0x2b, 0x2e, 0x38, 0x2e, 0x38, 0x38, 0x38, 0x41, 0x3d, 0x3d, 0x1c, 0x1b, 0x2a, 0x2a, 0x1b, 0x2a, 0x29, 0x2e, 0x34, 0x1f, 0xff, 0x7c, 
  0x42, 0x42, 0x42, 0x35, 0x1f, 0x35, 0x37, 0x42, 0x2d, 0x45, 0xff, 0x7b, 0x7c, 0x7c, 0xaf, 0xcc, 0x3c, 0x37, 0x3c, 0x35, 0x2f, 0x44, 0x35, 0x35, 0x35, 0x35, 0x44, 0x3e, 0x1d, 0x1c, 0x2a, 0x1b, 0x1b, 0x12, 0x1b, 0x12, 0x12, 0x12, 0x1a, 0x20, 0x4b, 0xff, 0x7c, 0xa6, 0x7a, 0x7c, 0xac, 0x79, 0x7a, 0x79, 0xaa, 0xa6, 0xa1, 0xa6, 0xa6, 0x7b, 0x7b, 0x7b, 0x7b, 0x7b, 0x7a, 0x7a, 0x7b, 0x7c, 0xff, 0x4c, 0x37, 0x19, 0x0f, 0x0f, 0x0f, 0x63, 0x4c, 0x7c, 0xb0, 0xff, 0x49, 0x1e, 0x19, 0x1f, 0x1f, 0x61, 0x0d, 0x0e, 0x0a, 0x07, 0x10, 0x10, 0x1c, 0x12, 0x12, 0x1b, 0x12, 0x12, 0x06, 0x06, 0x05, 0x07, 0x1a, 0x0d, 0x3e, 0x4b, 0x4b, 0x2d, 0x15, 0x5e, 0x0f, 0x61, 0x2e, 0x22, 0x14, 0x09, 0x5c, 0x5c, 0x57, 0x5b, 0x5b, 0x5a, 0x00, 0x24, 0x4b, 0x4b, 0x0a, 0x5c, 0x10, 0x22, 0x09, 0x52, 0x4f, 0x4f, 0x52, 0x57, 0x32, 0x1c, 0x5c, 0x57, 0x57, 0x57, 0x5a, 0x56, 0x1d, 0x5d, 0x51, 0x4f, 0x5e, 0x51, 0x4d, 0x4d, 0x58, 0x4f, 0x4d, 0x4d, 0x5c, 0x09, 0x07, 0x22, 0x44, 0x4b, 0x9d, 0x6f, 0x67, 0x65, 0x65, 0x72, 0x74, 0x68, 0x65, 0x67, 0x6d, 0x72, 0x72, 0x72, 0x6d, 0x6a, 0x6d, 0x72, 0x72, 0x72, 0x70, 0x72, 0x98, 0x7c, 0xaf, 0x49, 0xba, 0x45, 0xce, 0xf9, 0xba, 0xf9, 0xa1, 0xfc, 0xaa, 0xae, 0xa6, 0xc9, 0xc5, 0xb7, 0x8a, 0x73, 0x72, 0x72, 0x72, 0x72, 0x72, 0x74, 0x77, 0xa2, 0x77, 0x76, 0x77, 0x94, 0x92, 0x90, 0xc5, 0xc4, 0xc3, 0xe3, 0xe6, 0xe3, 0xe3, 0xe3, 0xe2, 0xe3, 0xe6, 0xc3, 0xf2, 0xc6, 0xe9, 0xe3, 0xe6, 0xe3, 0xc3, 0x39, 0xaf, 0xff, 0xfc, 0xf4, 0xf2, 0xf2, 0xf6, 0xfa, 0xfb, 0x40, 0xf2, 0x26, 0x34, 0xed, 0xee, 0xfa, 0xf2, 0xf2, 0x3c, 0x48, 0xf6, 0x26, 0xee, 0x21, 0x36, 0x00, 0x11, 0x34, 0xf0, 0xee, 0xed, 0xee, 0xed, 0xf0, 0x4b, 0xee, 0x18, 0x0c, 0x25, 0x46, 0xf6, 0xfa, 0xf6, 0xf4, 0x3c, 0xf9, 0xcf, 0x4c, 0x0f, 0x11, 0x41, 0x36, 0x3d, 0x3d, 0x36, 0x3d, 0x36, 0x36, 0x3a, 0x36, 0x23, 0x2b, 0x36, 0x36, 0x2b, 0x2b, 0x20, 0x30, 0x3e, 0x41, 0x2e, 0x3d, 0x3d, 0x22, 0x1b, 0x12, 0x2a, 0x2a, 0x2a, 0x1b, 0x3d, 0x44, 0x34, 0x2d, 0xff, 0x7b, 
  0x3c, 0x47, 0x48, 0x35, 0x35, 0x35, 0x35, 0x42, 0x2d, 0x45, 0xb0, 0x7c, 0x7b, 0xaf, 0xff, 0xf9, 0x48, 0x33, 0x3b, 0x3b, 0x2c, 0x3b, 0x35, 0x2f, 0x3b, 0x42, 0x3e, 0x2e, 0x1c, 0x1b, 0x2a, 0x1b, 0x1b, 0x1b, 0x12, 0x12, 0x1c, 0x0c, 0x0d, 0x37, 0xfe, 0x7c, 0xaa, 0x7b, 0x7c, 0x7a, 0xac, 0x79, 0x7a, 0x7a, 0xaa, 0xa8, 0xa6, 0xa1, 0xa1, 0xab, 0x7a, 0x7b, 0x7b, 0x7b, 0x7a, 0x7a, 0x7b, 0x7b, 0xb0, 0xb0, 0xfe, 0x27, 0x0f, 0x0f, 0x19, 0x1e, 0xaa, 0xb0, 0xb0, 0xff, 0x45, 0x62, 0x60, 0x60, 0x0d, 0x0d, 0x0d, 0x0a, 0x0a, 0x0c, 0x14, 0x1b, 0x1b, 0x12, 0x1b, 0x08, 0x10, 0x06, 0x08, 0x00, 0x0a, 0x1f, 0x4a, 0x4b, 0x4c, 0x27, 0x0d, 0x04, 0x07, 0x0a, 0x09, 0x07, 0x08, 0x08, 0x06, 0x08, 0x5c, 0x5c, 0x09, 0x09, 0x5c, 0x00, 0x15, 0x4b, 0x4a, 0x0d, 0x5d, 0x09, 0x12, 0x3d, 0x5d, 0x4e, 0x4f, 0x4f, 0x4e, 0x52, 0x38, 0x29, 0x12, 0x09, 0x5b, 0x5b, 0x52, 0x56, 0x57, 0x1d, 0x36, 0x2e, 0x2e, 0x38, 0x51, 0x50, 0x56, 0x04, 0x4d, 0x4d, 0x53, 0x0e, 0x06, 0x05, 0x0c, 0x44, 0x45, 0x75, 0x70, 0x67, 0x65, 0x66, 0x72, 0x74, 0x67, 0x81, 0x69, 0x72, 0x70, 0x70, 0x6a, 0x67, 0x6d, 0x70, 0x72, 0x6d, 0x70, 0x72, 0x98, 0xaf, 0xac, 0xcc, 0xf9, 0xcf, 0xf9, 0xce, 0xf9, 0xf9, 0xcc, 0xa6, 0xaa, 0xae, 0xfc, 0xc9, 0xb9, 0xc5, 0x8a, 0x72, 0x72, 0x70, 0x72, 0x74, 0x74, 0x75, 0xa2, 0x79, 0xa2, 0x77, 0x92, 0x90, 0xb7, 0xc3, 0xc3, 0xe3, 0xe9, 0xc0, 0xe3, 0xc0, 0xbe, 0xbe, 0xbe, 0xd8, 0xbf, 0xc4, 0xe9, 0xe9, 0xe6, 0xe6, 0xe3, 0xc3, 0x39, 0xaf, 0xaf, 0xd0, 0xfe, 0xfd, 0x48, 0x48, 0x48, 0xf6, 0xf2, 0xf0, 0xf0, 0xf3, 0x26, 0xe8, 0xf0, 0xf7, 0xf0, 0xec, 0xf0, 0x2f, 0xe6, 0x18, 0x0b, 0x2b, 0x20, 0x05, 0x3a, 0xf0, 0xee, 0xf2, 0xee, 0xea, 0xf0, 0xc6, 0xf2, 0x48, 0x11, 0x11, 0x18, 0x46, 0xf2, 0x3f, 0xcd, 0xf7, 0xce, 0xf9, 0xa6, 0x49, 0x4b, 0x5e, 0x2b, 0x41, 0x36, 0xf5, 0x3d, 0xf5, 0x3d, 0x41, 0x41, 0x41, 0x3a, 0x2b, 0x3e, 0x3e, 0x3e, 0x25, 0x0d, 0x3e, 0x44, 0x30, 0x1a, 0x3d, 0x32, 0x1b, 0x1b, 0x1b, 0x2a, 0x2a, 0x1b, 0x1c, 0x3d, 0x34, 0x4b, 0xff, 0x49, 0x7c, 
  0x3b, 0x42, 0x48, 0x37, 0x2f, 0x2f, 0x2f, 0x42, 0x3c, 0x4c, 0xb0, 0x7c, 0x7c, 0x7c, 0xff, 0x43, 0x48, 0x37, 0x37, 0x35, 0x35, 0x44, 0x35, 0x35, 0x42, 0x3e, 0x30, 0x22, 0x2a, 0x2a, 0x1b, 0x1b, 0x1b, 0x12, 0x12, 0x0c, 0x1d, 0x3b, 0x4b, 0xff, 0xb0, 0x7b, 0x7a, 0x7a, 0x7c, 0x7a, 0x7a, 0xac, 0x7a, 0x7b, 0x7a, 0xaa, 0xa1, 0xa1, 0xa1, 0xba, 0x79, 0x7a, 0x7b, 0x7c, 0x7b, 0xac, 0x7b, 0x7b, 0x7c, 0xb0, 0xff, 0x39, 0x19, 0xec, 0x60, 0xc8, 0x45, 0xb0, 0xb0, 0x49, 0x2d, 0x60, 0x60, 0x0d, 0x5e, 0x5e, 0x0a, 0x0a, 0x0c, 0x14, 0x16, 0x1c, 0x10, 0x10, 0x10, 0x07, 0x0c, 0x05, 0x03, 0x0a, 0x4a, 0x4c, 0xff, 0xb0, 0x45, 0x60, 0x04, 0x09, 0x08, 0x08, 0x06, 0x08, 0x08, 0x1b, 0x12, 0x08, 0x5c, 0x06, 0x09, 0x06, 0x5b, 0x1a, 0x48, 0x4a, 0x24, 0x0e, 0x09, 0x57, 0x1c, 0x3d, 0x57, 0x4d, 0x4f, 0x4f, 0x4f, 0x52, 0x57, 0x22, 0x14, 0x08, 0x06, 0x5c, 0x5c, 0x5c, 0x5c, 0x14, 0x32, 0x3d, 0x41, 0x3d, 0x3d, 0x0c, 0x1a, 0x1a, 0x04, 0x51, 0x4d, 0x5d, 0x22, 0x08, 0x10, 0x20, 0x4c, 0xa2, 0x74, 0x72, 0x81, 0x64, 0x81, 0x74, 0x72, 0x68, 0x68, 0x72, 0x72, 0x6d, 0x6a, 0x6a, 0x6d, 0x72, 0x6d, 0x6d, 0x70, 0x72, 0x9e, 0x7c, 0x9d, 0x92, 0xcc, 0xcf, 0x45, 0xce, 0xf9, 0xba, 0xcc, 0xa8, 0xaa, 0xac, 0xa6, 0xc9, 0xb9, 0x89, 0x73, 0x72, 0x72, 0x72, 0x74, 0x74, 0x75, 0x77, 0x79, 0xa9, 0xa3, 0x94, 0x89, 0xb4, 0x01, 0xc1, 0xc1, 0xe3, 0xe3, 0xe9, 0xe3, 0xe3, 0xe3, 0xe3, 0xc1, 0xe3, 0xc6, 0xec, 0xe3, 0xe3, 0xe3, 0xc3, 0xc3, 0xfc, 0xd0, 0x49, 0xce, 0x43, 0xf4, 0xf1, 0xf4, 0xf2, 0xc6, 0xf0, 0xed, 0xf0, 0xf0, 0xf6, 0xee, 0xee, 0xf0, 0xfd, 0xc6, 0x0f, 0xed, 0x0f, 0xe5, 0x0b, 0xea, 0x2b, 0x1a, 0x05, 0x34, 0xf0, 0xee, 0xee, 0xf2, 0x34, 0xed, 0xf0, 0xc6, 0xfd, 0x40, 0xe8, 0x18, 0x46, 0xf6, 0xca, 0x3f, 0xf4, 0x3c, 0xf9, 0xfc, 0xd0, 0xd0, 0xe1, 0x0b, 0x3d, 0x23, 0x36, 0x36, 0x36, 0x36, 0x3a, 0x36, 0x41, 0x41, 0x44, 0x44, 0x44, 0x46, 0x46, 0x44, 0x44, 0x3e, 0x2e, 0x22, 0x32, 0x32, 0x1b, 0x1b, 0x12, 0x2a, 0x1b, 0x1b, 0x1c, 0x38, 0x26, 0x4c, 0x7c, 0xaa, 0xae, 
  0x37, 0x42, 0x42, 0x42, 0x37, 0x2f, 0x35, 0x42, 0x43, 0xff, 0xb0, 0x7c, 0x7c, 0xff, 0x49, 0x3c, 0x42, 0x27, 0x37, 0x35, 0x35, 0x3b, 0x3b, 0x3b, 0x44, 0x30, 0x22, 0x22, 0x1b, 0x1b, 0x2a, 0x1b, 0x2a, 0x1b, 0x1a, 0x28, 0x47, 0x4c, 0xff, 0x49, 0x7c, 0xaa, 0x7b, 0x79, 0x7a, 0xb0, 0xaa, 0xaa, 0xab, 0xac, 0x7b, 0x7a, 0xab, 0xa1, 0x9f, 0xa1, 0x78, 0x79, 0x7a, 0x7c, 0xae, 0xad, 0x7c, 0x7b, 0x7c, 0xaf, 0xaf, 0x45, 0xf4, 0x1e, 0x1e, 0x63, 0xaa, 0xaf, 0xb0, 0xc8, 0x1e, 0x60, 0x15, 0x60, 0x15, 0x0d, 0x61, 0x17, 0x1a, 0x16, 0x1a, 0x10, 0x16, 0x07, 0x05, 0x0a, 0x26, 0x19, 0x27, 0x4c, 0xff, 0xff, 0x49, 0xcc, 0xa6, 0x4c, 0x30, 0x0c, 0x10, 0x1b, 0x12, 0x1b, 0x1b, 0x1b, 0x2a, 0x2a, 0x1b, 0x1c, 0x08, 0x06, 0x12, 0x3d, 0x46, 0x30, 0x0e, 0x57, 0x57, 0x5c, 0x2a, 0x32, 0x56, 0x53, 0x5a, 0x4f, 0x4e, 0x4f, 0x4e, 0x5a, 0x32, 0x2a, 0x1c, 0x1c, 0x22, 0x2e, 0x22, 0x09, 0x5b, 0x5c, 0x22, 0x2e, 0x36, 0x32, 0x32, 0x32, 0x2e, 0x00, 0x4f, 0x53, 0x32, 0x32, 0x10, 0x17, 0x47, 0xff, 0x77, 0x9c, 0x70, 0x65, 0x64, 0x69, 0x99, 0x70, 0x69, 0x6d, 0x74, 0x6d, 0x6a, 0x6a, 0x70, 0x70, 0x6d, 0x6d, 0x6d, 0x72, 0x77, 0xa0, 0x76, 0x92, 0x9b, 0x49, 0xfc, 0xa6, 0xa6, 0xa6, 0xa6, 0xaa, 0x7b, 0xac, 0xab, 0xf9, 0x95, 0x90, 0x73, 0x72, 0x74, 0x74, 0x74, 0x75, 0x77, 0xa2, 0xab, 0xac, 0x9d, 0x89, 0xb5, 0xb4, 0xc2, 0xc2, 0xc3, 0xc3, 0xc4, 0xc6, 0xc7, 0xc7, 0xb9, 0xc4, 0xc6, 0xc8, 0xc6, 0xc2, 0xe6, 0xc3, 0xc3, 0xc3, 0xfc, 0xd0, 0xf9, 0xcd, 0xf4, 0xf4, 0xf2, 0xf2, 0xf7, 0x27, 0xf2, 0xf0, 0xed, 0xf0, 0xf2, 0xee, 0xed, 0xf0, 0xf2, 0xf2, 0xe3, 0x27, 0xe1, 0xe1, 0x03, 0xea, 0x18, 0x41, 0x05, 0x07, 0x46, 0xee, 0xea, 0xee, 0xee, 0xf3, 0x3f, 0xf2, 0xf7, 0xf7, 0x4b, 0x0f, 0x03, 0x40, 0xfb, 0x37, 0xf4, 0xca, 0x39, 0xf4, 0xcb, 0xf9, 0xd0, 0x37, 0xe0, 0x29, 0x23, 0x13, 0x23, 0x29, 0x23, 0x29, 0x36, 0x36, 0x36, 0x3a, 0x3e, 0x46, 0x40, 0x25, 0x44, 0x44, 0x38, 0x22, 0x1c, 0x32, 0x2a, 0x1b, 0x1b, 0x1b, 0x2a, 0x3d, 0x1c, 0x17, 0x20, 0x2f, 0xff, 0xaa, 0x7c, 0x79, 
  0x37, 0x37, 0x42, 0x48, 0x3b, 0x2d, 0x35, 0x42, 0x3c, 0x45, 0xff, 0x7c, 0xaf, 0xb0, 0x45, 0x33, 0x3b, 0x2f, 0x35, 0x37, 0x35, 0x3b, 0x3b, 0x44, 0x24, 0x1d, 0x22, 0x1c, 0x1c, 0x1b, 0x1b, 0x1c, 0x1c, 0x0c, 0x61, 0x3b, 0xff, 0x7c, 0x7a, 0x7c, 0x7b, 0x7a, 0xaa, 0x7b, 0x7a, 0xa8, 0xa6, 0xaa, 0xa8, 0x7a, 0x7b, 0x7b, 0x7a, 0xa8, 0x9f, 0xcc, 0x9d, 0xa1, 0x79, 0xac, 0x7c, 0xae, 0x7c, 0x7c, 0x7c, 0x49, 0xae, 0xcf, 0xf9, 0xf4, 0x63, 0x63, 0xfc, 0xaf, 0xaf, 0x63, 0x1e, 0x19, 0x60, 0x15, 0x15, 0x0d, 0x20, 0x17, 0x0a, 0x0c, 0x0a, 0x17, 0x0a, 0x0a, 0x0b, 0x47, 0x4c, 0xff, 0xff, 0x49, 0x1e, 0xc5, 0x60, 0x1e, 0x3c, 0x3b, 0x20, 0x1a, 0x2a, 0x2a, 0x1c, 0x1c, 0x2a, 0x1b, 0x1b, 0x1b, 0x32, 0x1b, 0x08, 0x12, 0x2a, 0x32, 0x2e, 0x1d, 0x52, 0x52, 0x52, 0x12, 0x1c, 0x2a, 0x32, 0x0e, 0x61, 0x54, 0x4f, 0x4f, 0x4e, 0x4f, 0x2e, 0x32, 0x12, 0x12, 0x09, 0x06, 0x09, 0x5c, 0x5b, 0x57, 0x00, 0x57, 0x06, 0x07, 0x1c, 0x32, 0x32, 0x0e, 0x53, 0x51, 0x08, 0x32, 0x1a, 0x03, 0x02, 0x92, 0xa2, 0x75, 0x9e, 0x70, 0x65, 0x7e, 0x6b, 0x78, 0x72, 0x6f, 0x74, 0x70, 0x6a, 0x6a, 0x70, 0x70, 0x6a, 0x6b, 0x6d, 0x72, 0x72, 0x72, 0x75, 0x75, 0x97, 0xaa, 0xaa, 0xa6, 0x45, 0xa6, 0xa6, 0xaa, 0xac, 0x7c, 0xae, 0x9b, 0x90, 0x8d, 0x73, 0x74, 0x72, 0x74, 0x74, 0x75, 0x77, 0xa3, 0x7a, 0xae, 0xa1, 0x95, 0x90, 0xb9, 0xc5, 0xc7, 0xb8, 0xc7, 0xc7, 0xc4, 0xc4, 0xc3, 0xc2, 0xc4, 0xb8, 0xc4, 0xe6, 0xe3, 0xe3, 0xc3, 0xc4, 0xce, 0xff, 0xcb, 0xc8, 0xf4, 0xc6, 0xf0, 0xf2, 0xf7, 0xf7, 0xca, 0xed, 0xe6, 0xe6, 0x0f, 0xee, 0xea, 0xf2, 0xf0, 0xc6, 0xc6, 0xc3, 0xe9, 0xe1, 0xe1, 0xee, 0x34, 0xee, 0x2b, 0x07, 0x17, 0x40, 0xf0, 0xea, 0xe8, 0xea, 0xea, 0xed, 0xfb, 0xf7, 0xcb, 0x4c, 0xcd, 0x0b, 0x25, 0x3f, 0xf7, 0xca, 0x3f, 0xcd, 0xf4, 0xcb, 0xcb, 0xce, 0xd0, 0x2c, 0xe4, 0x3d, 0x29, 0x23, 0x31, 0x29, 0x29, 0x31, 0x3d, 0x29, 0x23, 0x2b, 0x2b, 0x41, 0x44, 0x2b, 0x38, 0x41, 0x22, 0x1c, 0x32, 0x32, 0x2a, 0x1b, 0x1b, 0x2e, 0x3d, 0x41, 0x0d, 0x1f, 0x4c, 0xb0, 0x7c, 0x7c, 0x79, 
  0x37, 0x37, 0x42, 0x42, 0x42, 0x35, 0x35, 0x3b, 0x3c, 0x2d, 0xff, 0xaf, 0x7c, 0xfc, 0x43, 0x37, 0x35, 0x35, 0x35, 0x3b, 0x37, 0x3b, 0x3b, 0x30, 0x2e, 0x2e, 0x1c, 0x1c, 0x16, 0x14, 0x0c, 0x1a, 0x24, 0x35, 0xfe, 0xff, 0xff, 0x7b, 0x7a, 0x7a, 0x7a, 0x7a, 0x7a, 0x7b, 0x7b, 0xaa, 0xaa, 0xa8, 0x7a, 0x7a, 0x7b, 0x7b, 0x7a, 0xa8, 0xa1, 0x9f, 0x9b, 0x9d, 0xa1, 0xa8, 0x7a, 0x7b, 0x7c, 0x7c, 0xb0, 0x7b, 0xae, 0xd0, 0xf9, 0x3c, 0x39, 0x39, 0x78, 0xae, 0x49, 0x63, 0x60, 0x60, 0x60, 0x19, 0x15, 0x15, 0x0d, 0x1f, 0x04, 0x0b, 0x0d, 0x2f, 0x37, 0x2d, 0x45, 0xff, 0xff, 0x45, 0x5f, 0x5f, 0x5f, 0x60, 0x15, 0x0d, 0x0a, 0x05, 0x10, 0x1b, 0x2a, 0x2a, 0x12, 0x08, 0x1b, 0x12, 0x1b, 0x1b, 0x2a, 0x08, 0x08, 0x32, 0x32, 0x22, 0x0e, 0x5d, 0x52, 0x52, 0x57, 0x29, 0x2a, 0x2a, 0x3d, 0x5c, 0x52, 0x02, 0x4f, 0x4e, 0x4e, 0x4f, 0x5a, 0x36, 0x14, 0x5b, 0x5b, 0x57, 0x57, 0x57, 0x5c, 0x5c, 0x06, 0x07, 0x04, 0x0a, 0x11, 0x17, 0x07, 0x09, 0x5b, 0x56, 0x06, 0x36, 0x2e, 0x59, 0xb1, 0x7f, 0x81, 0x68, 0x70, 0x78, 0x6b, 0x65, 0x64, 0x68, 0x74, 0x72, 0x74, 0x74, 0x6d, 0x6d, 0x72, 0x70, 0x6d, 0x6a, 0x6d, 0x70, 0x70, 0x72, 0x74, 0x73, 0x92, 0xac, 0xaa, 0xa6, 0xa6, 0xa6, 0xa6, 0xaa, 0x7b, 0xae, 0x7b, 0x9d, 0x8d, 0x8d, 0x74, 0x74, 0x72, 0x74, 0x75, 0x77, 0x77, 0x78, 0x7b, 0xa7, 0x9d, 0x95, 0xb8, 0xc5, 0xc4, 0xc3, 0xc4, 0xc2, 0xc1, 0xc1, 0xbf, 0xbf, 0xc2, 0xc4, 0xc4, 0xe3, 0xe3, 0xc3, 0xe3, 0xc2, 0xc8, 0xae, 0x9b, 0x63, 0xc7, 0xec, 0xc6, 0xf2, 0xec, 0xf2, 0xc6, 0xc6, 0xed, 0xea, 0xed, 0xed, 0x0f, 0xec, 0xf2, 0xec, 0xec, 0x3c, 0xff, 0x63, 0xe6, 0x34, 0x18, 0xe8, 0x11, 0x25, 0x0a, 0x2e, 0xf6, 0xf0, 0xf0, 0xe8, 0xe5, 0xe8, 0x0b, 0x26, 0xfd, 0xf2, 0xff, 0x4b, 0x26, 0x25, 0xfb, 0xf6, 0x3f, 0xca, 0xcd, 0x48, 0xcb, 0xcb, 0xc9, 0x49, 0xd0, 0x5e, 0x11, 0x31, 0x10, 0x13, 0x29, 0x16, 0x29, 0x29, 0x29, 0x23, 0x29, 0x36, 0x36, 0x36, 0x41, 0x3a, 0x2e, 0x22, 0x16, 0x32, 0x32, 0x1b, 0x1b, 0x1c, 0x22, 0x46, 0x4a, 0x62, 0xfe, 0xb0, 0xaa, 0xaa, 0xb0, 0x33, 
  0x37, 0x37, 0x3c, 0x42, 0x48, 0x3b, 0x2f, 0x35, 0x42, 0x33, 0x49, 0xb0, 0xaf, 0x49, 0x45, 0x48, 0x35, 0x3b, 0x35, 0x3b, 0x3b, 0x3b, 0x3b, 0x28, 0x2e, 0x22, 0x1c, 0x22, 0x2e, 0x2e, 0x44, 0x44, 0x3c, 0x4c, 0xb0, 0x7c, 0xaa, 0x7b, 0x7b, 0x7a, 0x7a, 0x7a, 0x7a, 0x7a, 0xa8, 0xa8, 0x79, 0x79, 0xaa, 0x7b, 0x7b, 0x7b, 0x7b, 0xa8, 0xa1, 0x9f, 0x9b, 0x9b, 0x9b, 0xa1, 0xa1, 0x79, 0xaa, 0x7c, 0x7c, 0xb0, 0xae, 0xad, 0xce, 0xcd, 0x39, 0xf9, 0x78, 0xa8, 0x97, 0xc5, 0x62, 0x60, 0x19, 0x15, 0x60, 0x0f, 0x19, 0x15, 0x19, 0x0f, 0x2d, 0x4c, 0xff, 0xb0, 0xb0, 0xb0, 0x49, 0x62, 0x62, 0x19, 0x15, 0x61, 0x04, 0x07, 0x07, 0x10, 0x2a, 0x2a, 0x2a, 0x2a, 0x12, 0x5b, 0x06, 0x1b, 0x32, 0x2a, 0x1c, 0x08, 0x1b, 0x1c, 0x09, 0x5c, 0x57, 0x52, 0x4f, 0x4f, 0x5b, 0x32, 0x2a, 0x2a, 0x3d, 0x00, 0x51, 0x54, 0x4e, 0x4e, 0x4e, 0x4f, 0x4f, 0x5d, 0x2e, 0x06, 0x5b, 0x5a, 0x5b, 0x5c, 0x5c, 0x09, 0x14, 0x22, 0x46, 0x47, 0x47, 0x41, 0x07, 0x05, 0x0e, 0x5b, 0x06, 0x1c, 0x24, 0x2d, 0x73, 0x68, 0x65, 0x64, 0x65, 0x70, 0x79, 0x6b, 0x65, 0x64, 0x68, 0x6f, 0x74, 0x76, 0x70, 0x70, 0x70, 0x70, 0x6a, 0x6d, 0x70, 0x70, 0x72, 0x70, 0x72, 0x73, 0x92, 0x7c, 0x49, 0xaa, 0xfc, 0xa6, 0xa6, 0x7b, 0xaa, 0x7c, 0xaf, 0x9d, 0x73, 0x74, 0x72, 0x74, 0x72, 0x74, 0x75, 0x77, 0x9e, 0x7a, 0xac, 0x9a, 0x8e, 0xb7, 0xb5, 0xc2, 0xc2, 0xc2, 0xc2, 0xc1, 0xc1, 0xc2, 0xc1, 0xc3, 0xe9, 0xe3, 0xc3, 0xe3, 0xc0, 0xe3, 0xc3, 0xc3, 0xae, 0xae, 0xfc, 0x9b, 0xc8, 0xc8, 0xc6, 0xf2, 0xca, 0xc6, 0xf2, 0xc6, 0xf2, 0xf2, 0xf2, 0x2f, 0xe9, 0xf2, 0xf1, 0xec, 0xc3, 0xf4, 0xaf, 0xcb, 0xf6, 0xed, 0xe8, 0x11, 0xee, 0x18, 0x03, 0x2b, 0x46, 0xea, 0xed, 0xf6, 0xea, 0xe6, 0xe8, 0xea, 0xf6, 0xfd, 0xf2, 0x3f, 0xee, 0x25, 0x46, 0xf7, 0xf6, 0xf4, 0xf4, 0xcd, 0xfd, 0xf9, 0xba, 0xa6, 0x49, 0xfd, 0x05, 0x31, 0x31, 0x1c, 0x29, 0x31, 0x29, 0x31, 0x23, 0x29, 0x29, 0x29, 0x3d, 0x29, 0x2b, 0x36, 0x2e, 0x22, 0x14, 0x3d, 0x2e, 0x0c, 0x1c, 0x3d, 0x20, 0x4a, 0x4c, 0xff, 0x7c, 0x79, 0xac, 0x49, 0x4c, 0x2f, 
  0x3c, 0x3b, 0x42, 0x3b, 0x42, 0x42, 0x35, 0x3b, 0x42, 0x3c, 0x45, 0xb0, 0xaf, 0x49, 0x45, 0x42, 0x2f, 0x35, 0x3b, 0x3b, 0x3b, 0x35, 0x28, 0x28, 0x2e, 0x38, 0x3d, 0x2e, 0x30, 0x47, 0x4b, 0xff, 0x4c, 0x7c, 0xaa, 0x7b, 0x7b, 0x7a, 0x7a, 0x7b, 0x7b, 0x79, 0x7a, 0x7b, 0x79, 0xa6, 0x79, 0xaa, 0x7a, 0x7c, 0x7b, 0x7b, 0x7b, 0xa9, 0xa1, 0x9b, 0x9f, 0x9b, 0x9b, 0x9b, 0x9d, 0xa1, 0xa1, 0xab, 0x7c, 0xae, 0xae, 0x49, 0xce, 0xf9, 0xf9, 0xfc, 0xa6, 0xa1, 0x63, 0x1e, 0x62, 0x62, 0x19, 0x0f, 0x60, 0x62, 0x33, 0x4c, 0xfe, 0x49, 0xff, 0xff, 0xff, 0xff, 0xfc, 0x39, 0x63, 0x49, 0x4c, 0x2d, 0x1f, 0x0e, 0x1a, 0x1b, 0x1b, 0x2a, 0x2a, 0x2a, 0x2a, 0x2a, 0x12, 0x06, 0x06, 0x2e, 0x3d, 0x32, 0x1b, 0x12, 0x12, 0x14, 0x57, 0x52, 0x4e, 0x4e, 0x4e, 0x52, 0x22, 0x2a, 0x2a, 0x32, 0x3d, 0x00, 0x4d, 0x54, 0x4d, 0x4e, 0x4e, 0x4e, 0x4e, 0x52, 0x3d, 0x29, 0x09, 0x09, 0x09, 0x1a, 0x1a, 0x22, 0x29, 0x22, 0x14, 0x0a, 0x0e, 0x38, 0x61, 0x1d, 0x35, 0x0a, 0x0c, 0x07, 0x0a, 0x3b, 0x9d, 0x74, 0x70, 0x65, 0x64, 0x65, 0x72, 0x7a, 0x6b, 0x64, 0x65, 0x82, 0x70, 0x75, 0x74, 0x72, 0x70, 0x6d, 0x6a, 0x6d, 0x70, 0x72, 0x70, 0x70, 0x72, 0x73, 0x92, 0xd0, 0xae, 0x49, 0xaa, 0xaa, 0x7a, 0xa8, 0x7a, 0x7c, 0x7c, 0x77, 0x73, 0x74, 0x74, 0x72, 0x72, 0x74, 0x76, 0x77, 0x78, 0xab, 0x9d, 0x89, 0xb4, 0xb4, 0xb4, 0xc1, 0xb5, 0xc3, 0xb8, 0xb8, 0xb9, 0xc7, 0xb9, 0xc7, 0xe3, 0xe3, 0xc3, 0xe3, 0xc2, 0xc3, 0x01, 0xcb, 0xaf, 0xaf, 0xaf, 0xaf, 0x49, 0xce, 0xfd, 0xf7, 0xca, 0xf2, 0xc6, 0xf0, 0xed, 0xed, 0xf2, 0xed, 0xe9, 0xf1, 0xf4, 0xc4, 0xe9, 0x43, 0xc6, 0xc6, 0x0b, 0xe0, 0x18, 0x0b, 0x2b, 0x0b, 0x0a, 0x34, 0xee, 0xea, 0xe8, 0xee, 0xf6, 0xe1, 0xe5, 0xee, 0xea, 0x40, 0xf2, 0xee, 0x21, 0x25, 0x34, 0x47, 0xf2, 0x2d, 0xf7, 0xf4, 0xca, 0xcd, 0xce, 0xae, 0xaa, 0x4b, 0x11, 0x13, 0x3d, 0x36, 0x31, 0x3d, 0x3d, 0x3d, 0x3d, 0x3d, 0x36, 0x3d, 0x23, 0x36, 0x41, 0x2b, 0x3d, 0x22, 0x22, 0x2e, 0x46, 0x30, 0x20, 0x20, 0x2d, 0xff, 0x49, 0xac, 0xa8, 0x7b, 0xa8, 0xff, 0x47, 0x3e, 
  0x42, 0x43, 0x42, 0x33, 0x3b, 0x48, 0x3b, 0x37, 0x42, 0x43, 0x45, 0xaf, 0xaf, 0x49, 0x33, 0x3c, 0x35, 0x35, 0x3b, 0x3b, 0x35, 0x35, 0x30, 0x30, 0x30, 0x20, 0x0d, 0x15, 0x19, 0x3c, 0xa6, 0xaa, 0x7b, 0x7c, 0x7a, 0x7b, 0x7b, 0x7b, 0x7a, 0x7a, 0xaa, 0x7b, 0x7a, 0x79, 0xaa, 0x79, 0x79, 0x7a, 0x7a, 0x7b, 0x7c, 0x7a, 0x7c, 0xac, 0xa1, 0x9b, 0x9b, 0x9b, 0x9f, 0x9b, 0x9b, 0x97, 0xa1, 0xa8, 0xa8, 0xa6, 0x7a, 0xac, 0xcf, 0xcd, 0xce, 0x49, 0xa6, 0x97, 0x63, 0x63, 0x1e, 0x60, 0x19, 0x1e, 0x33, 0x43, 0xff, 0xff, 0xae, 0xaf, 0xb0, 0xb0, 0x39, 0x1e, 0x62, 0x1e, 0x1e, 0x2d, 0x27, 0x15, 0x0e, 0x0c, 0x1b, 0x2a, 0x2a, 0x2a, 0x2a, 0x1b, 0x1b, 0x10, 0x07, 0x05, 0x0a, 0x22, 0x32, 0x32, 0x1b, 0x1b, 0x2a, 0x14, 0x54, 0x4e, 0x4e, 0x4e, 0x52, 0x5a, 0x32, 0x32, 0x2a, 0x2a, 0x3d, 0x00, 0x4d, 0x51, 0x4d, 0x4d, 0x4f, 0x4e, 0x4e, 0x4e, 0x0e, 0x32, 0x09, 0x5b, 0x00, 0x5b, 0x5b, 0x5c, 0x09, 0x09, 0x09, 0x5c, 0x00, 0x00, 0x5d, 0x61, 0x46, 0x46, 0x05, 0x05, 0x04, 0x1f, 0xa1, 0x76, 0x74, 0x6d, 0x65, 0x64, 0x65, 0x75, 0xa5, 0x88, 0x65, 0x80, 0x86, 0x75, 0x77, 0x72, 0x70, 0x6d, 0x6a, 0x6d, 0x72, 0x72, 0x70, 0x70, 0x70, 0x74, 0x92, 0x7c, 0xd0, 0x7c, 0x7b, 0x79, 0xaa, 0x7a, 0x7a, 0xac, 0x7b, 0x77, 0x73, 0x74, 0x72, 0x74, 0x72, 0x75, 0x76, 0xa2, 0xa9, 0xa7, 0x8e, 0x87, 0xb6, 0xb5, 0xc3, 0xb8, 0xc7, 0xb9, 0xb9, 0xb8, 0xb8, 0xb8, 0xc4, 0xc4, 0xe6, 0xe3, 0xe9, 0xc2, 0xc3, 0xc3, 0xb9, 0xff, 0xaf, 0xaf, 0xa6, 0xaa, 0xcb, 0x39, 0xf1, 0xc6, 0xc6, 0xed, 0xec, 0xf0, 0xe9, 0xea, 0xed, 0xed, 0xec, 0xec, 0xc4, 0xc3, 0xf1, 0xf1, 0xec, 0xea, 0xe1, 0xe0, 0x0b, 0x0b, 0x18, 0x0b, 0xe8, 0x34, 0x0b, 0xee, 0xea, 0xe5, 0xf6, 0x34, 0xe5, 0xea, 0xea, 0xf3, 0x40, 0x18, 0x18, 0x18, 0x26, 0xf6, 0x3f, 0xca, 0xf2, 0xca, 0xf4, 0xf4, 0xf9, 0xfc, 0xaf, 0xf1, 0x11, 0x13, 0x23, 0x3d, 0x29, 0x3d, 0x23, 0x3d, 0x3d, 0x3d, 0x3d, 0x2b, 0x29, 0x3a, 0x3a, 0x41, 0x41, 0x3d, 0x2e, 0x38, 0x42, 0x4b, 0x1f, 0x27, 0x4c, 0x7b, 0xaa, 0xab, 0xab, 0x7a, 0xa8, 0x4c, 0x44, 0x2e, 
  0x45, 0x3c, 0x3c, 0x3c, 0x37, 0x42, 0x42, 0x3b, 0x37, 0x43, 0xfc, 0x7c, 0xb0, 0x49, 0x33, 0x37, 0x37, 0x35, 0x3b, 0x3b, 0x3b, 0x35, 0x2c, 0x2c, 0x1f, 0x2f, 0x43, 0xfe, 0xfc, 0xfc, 0x7c, 0xaf, 0xae, 0xaa, 0x7c, 0x7c, 0x7a, 0x7b, 0x7b, 0x7a, 0x7a, 0x7a, 0x7b, 0x7b, 0x7a, 0x7a, 0x7c, 0xac, 0x7b, 0x7a, 0x7a, 0x7a, 0xae, 0xac, 0xba, 0x9b, 0x9b, 0x97, 0x9b, 0x9b, 0x9b, 0x9d, 0x97, 0x9d, 0x9b, 0xa1, 0xa1, 0xac, 0xce, 0xf9, 0xf9, 0xfc, 0xfc, 0x97, 0x63, 0x1e, 0x62, 0x1e, 0xf9, 0x4c, 0xff, 0xff, 0xd0, 0xd0, 0xaf, 0xb0, 0x7c, 0x33, 0x60, 0x60, 0x60, 0x60, 0x5e, 0x15, 0x5e, 0x04, 0x07, 0x1c, 0x2a, 0x2a, 0x32, 0x2a, 0x1c, 0x12, 0x0c, 0x0a, 0x03, 0x03, 0x0d, 0x17, 0x2a, 0x2a, 0x2a, 0x2a, 0x2a, 0x12, 0x4f, 0x4e, 0x4f, 0x54, 0x4f, 0x5a, 0x32, 0x2a, 0x12, 0x12, 0x3d, 0x1a, 0x00, 0x56, 0x56, 0x51, 0x54, 0x4e, 0x4e, 0x4d, 0x57, 0x3d, 0x32, 0x5b, 0x5b, 0x52, 0x56, 0x52, 0x57, 0x5a, 0x5c, 0x5c, 0x09, 0x07, 0x5c, 0x00, 0x58, 0x0d, 0x30, 0x03, 0x04, 0x15, 0xaf, 0x98, 0x74, 0x74, 0x6d, 0x65, 0x7e, 0x81, 0x75, 0xa9, 0x6d, 0x81, 0x68, 0x72, 0x96, 0x74, 0x70, 0x6d, 0x6a, 0x6d, 0x72, 0x70, 0x6d, 0x6d, 0x72, 0x73, 0x98, 0xae, 0xb0, 0xae, 0x7c, 0x7a, 0xa9, 0x79, 0xab, 0xab, 0x7b, 0x76, 0x74, 0x72, 0x74, 0x74, 0x75, 0x75, 0x9e, 0xa2, 0x7a, 0x79, 0x9d, 0x94, 0x95, 0xb9, 0xcb, 0xc7, 0xb9, 0xc4, 0xb5, 0xb5, 0xb4, 0xc4, 0xc3, 0xc4, 0xe3, 0xc2, 0xc2, 0xc4, 0xb5, 0xfc, 0xaf, 0xaf, 0xaa, 0xf9, 0xc9, 0xc8, 0xf1, 0xf1, 0xf2, 0xf1, 0xf2, 0xf2, 0xed, 0xe3, 0xed, 0xf2, 0xe9, 0xf2, 0xec, 0xc7, 0x1e, 0xc3, 0xc8, 0x62, 0xe9, 0xea, 0xe8, 0x0b, 0xe0, 0x18, 0x25, 0x0a, 0x0b, 0xf6, 0x0b, 0xe5, 0xea, 0xe5, 0xe5, 0x40, 0xf0, 0xe1, 0xea, 0xe8, 0xf0, 0xee, 0x11, 0x2b, 0x34, 0x47, 0xf6, 0xf7, 0x3f, 0xf7, 0xf4, 0xf4, 0xcb, 0xcb, 0xa6, 0xfe, 0xea, 0x05, 0x13, 0x31, 0x31, 0x31, 0x31, 0x31, 0x31, 0x3d, 0x36, 0x41, 0x41, 0x41, 0x3e, 0x46, 0x41, 0x3a, 0x3e, 0x2c, 0x2d, 0xff, 0x4c, 0xff, 0x7c, 0xaa, 0x7c, 0x7c, 0xac, 0xac, 0x7c, 0x4c, 0x3a, 0x29, 
  0x48, 0x45, 0x43, 0x48, 0x43, 0x37, 0x3b, 0x3b, 0x37, 0x3c, 0x45, 0x7b, 0xb0, 0x4c, 0x37, 0x3b, 0x35, 0x35, 0x35, 0x35, 0x2c, 0x2c, 0x35, 0x3b, 0xfe, 0x4c, 0xb0, 0x7c, 0xaf, 0xae, 0xb0, 0xaa, 0x7c, 0xaa, 0x7c, 0x7b, 0x7c, 0x7b, 0x7b, 0x7b, 0x7a, 0x7b, 0x7b, 0x7b, 0x7c, 0xac, 0xab, 0xac, 0xac, 0x7a, 0x7b, 0x7b, 0xaf, 0xaf, 0xa8, 0xa1, 0x97, 0x9a, 0x9b, 0x9f, 0x9b, 0x9b, 0x98, 0x9b, 0x9b, 0x98, 0xa1, 0xa8, 0xcf, 0xcb, 0x39, 0xcc, 0xcc, 0x63, 0x63, 0x63, 0x39, 0x45, 0xff, 0xff, 0xff, 0x49, 0x45, 0xfc, 0xfc, 0xaf, 0xff, 0x39, 0x60, 0x5f, 0x5e, 0x60, 0x15, 0x61, 0x0d, 0x0c, 0x22, 0x2a, 0x32, 0x2a, 0x1b, 0x08, 0x08, 0x07, 0x56, 0x53, 0xd8, 0x19, 0x2b, 0x22, 0x2a, 0x2a, 0x2a, 0x2a, 0x2a, 0x38, 0x52, 0x54, 0x54, 0x4f, 0x52, 0x57, 0x32, 0x32, 0x12, 0x08, 0x2a, 0x44, 0x3d, 0x22, 0x2e, 0x38, 0x54, 0x4d, 0x4d, 0x4d, 0x54, 0x2e, 0x3d, 0x32, 0x14, 0x5c, 0x5a, 0x5a, 0x57, 0x57, 0x57, 0x5b, 0x5b, 0x5b, 0x14, 0x0c, 0x0d, 0x15, 0x4b, 0x4a, 0x26, 0x19, 0xae, 0xad, 0x73, 0x74, 0x72, 0x6d, 0x65, 0x64, 0x82, 0x76, 0x9e, 0x6d, 0x68, 0x6d, 0x93, 0x72, 0x6d, 0x6d, 0x6a, 0x70, 0x70, 0x70, 0x6d, 0x6d, 0x72, 0x74, 0x78, 0x7c, 0x79, 0xa1, 0x7a, 0x7a, 0x79, 0xa9, 0xa9, 0xac, 0xac, 0x77, 0x74, 0x72, 0x74, 0x74, 0x76, 0x76, 0x9e, 0x78, 0x7c, 0xae, 0x78, 0x9d, 0x97, 0xb9, 0xb8, 0xc4, 0xc3, 0xc2, 0xb5, 0xb4, 0xc2, 0xb5, 0xc2, 0xc1, 0xc2, 0xc2, 0xc3, 0xb7, 0x63, 0xae, 0xaf, 0xaa, 0xba, 0x97, 0xc8, 0xf1, 0xf4, 0xf1, 0xf1, 0xf2, 0xc6, 0xec, 0xe6, 0xe9, 0xc6, 0xe9, 0xe3, 0xf7, 0xec, 0xec, 0xd0, 0xff, 0xc5, 0xc5, 0xe3, 0xe1, 0xe5, 0x18, 0xee, 0x25, 0x25, 0xe8, 0x0b, 0x34, 0xf0, 0xe8, 0xe5, 0xe5, 0xe5, 0xe8, 0xf6, 0xf0, 0xe6, 0xea, 0xf0, 0x0b, 0xe4, 0x21, 0x34, 0xfb, 0xfb, 0xf2, 0xf6, 0xf7, 0xcd, 0xf4, 0xc9, 0xc9, 0x97, 0xff, 0x4b, 0xe0, 0x13, 0x2a, 0x31, 0x16, 0x1b, 0x2a, 0x29, 0x31, 0x36, 0x36, 0x3a, 0x3a, 0x44, 0x46, 0x3a, 0x3e, 0x44, 0x1f, 0xfe, 0x7c, 0xaf, 0xaa, 0x7b, 0xaa, 0x7b, 0x7c, 0xac, 0x7b, 0xaf, 0x4a, 0x3d, 0x32, 
  0x42, 0x4b, 0x48, 0x48, 0x42, 0x3c, 0x37, 0x3b, 0x35, 0x42, 0x33, 0x49, 0xaf, 0x49, 0x3c, 0x35, 0x35, 0x3b, 0x3b, 0x2c, 0x35, 0x46, 0x3b, 0x37, 0x3c, 0x49, 0xb0, 0xae, 0x7c, 0xb0, 0xb0, 0xb0, 0xac, 0x7c, 0x7b, 0x7c, 0x7c, 0x7c, 0x79, 0x7a, 0xaa, 0x7c, 0xaa, 0xac, 0x7b, 0xae, 0xae, 0xae, 0xac, 0x7b, 0xac, 0x7b, 0x7c, 0x7c, 0xa6, 0x9d, 0x9d, 0x9a, 0x9d, 0x9a, 0x9a, 0x9d, 0x9b, 0x9d, 0x9b, 0x9b, 0x9b, 0x9f, 0xf9, 0xcb, 0xc9, 0x39, 0x9b, 0x9b, 0xcc, 0x49, 0xff, 0xff, 0xff, 0xfc, 0x45, 0xf9, 0xfe, 0xce, 0xfc, 0xb0, 0xb0, 0xb0, 0x43, 0x1e, 0x62, 0x1f, 0x27, 0x24, 0x24, 0x38, 0x3d, 0x3d, 0x1c, 0x07, 0x5b, 0x05, 0x5b, 0x56, 0x56, 0x50, 0xbe, 0x19, 0x36, 0x32, 0x2a, 0x2a, 0x06, 0x56, 0x57, 0x0e, 0x47, 0x54, 0x4e, 0x4f, 0x52, 0x1a, 0x2a, 0x2a, 0x1b, 0x10, 0x1c, 0x2a, 0x38, 0x41, 0x3d, 0x32, 0x51, 0x4d, 0x4d, 0x54, 0x4d, 0x51, 0x41, 0x32, 0x1c, 0x5c, 0x5a, 0x5a, 0x0e, 0x0e, 0x14, 0x14, 0x06, 0x08, 0x14, 0x0e, 0x4b, 0xff, 0xff, 0x4c, 0x4c, 0xfe, 0xb0, 0x7c, 0x9e, 0x72, 0x76, 0x74, 0x69, 0x65, 0x64, 0x68, 0x75, 0x77, 0x6d, 0x6b, 0x72, 0x96, 0x70, 0x6d, 0x6d, 0x70, 0x70, 0x70, 0x6d, 0x70, 0x72, 0x74, 0x9e, 0x78, 0x74, 0x94, 0x79, 0x7b, 0x79, 0x7a, 0xa9, 0xac, 0x7c, 0x9d, 0x75, 0x72, 0x74, 0x74, 0x75, 0x9e, 0xa0, 0xa9, 0xad, 0xa8, 0x97, 0x95, 0xb9, 0xb5, 0xc3, 0xb5, 0xb5, 0xb5, 0xb5, 0xb7, 0xc3, 0xc3, 0xc2, 0xc2, 0xc2, 0xc4, 0xb7, 0xb7, 0xaf, 0xb0, 0x7b, 0xcc, 0x90, 0xc9, 0xc8, 0xc5, 0xc4, 0xec, 0xe9, 0xec, 0xe9, 0xe3, 0xc4, 0xf7, 0xec, 0xe9, 0xec, 0xc6, 0xc6, 0xc5, 0xd0, 0xcc, 0xc5, 0xc5, 0x02, 0xe1, 0xee, 0xee, 0x25, 0x11, 0x18, 0x0b, 0x40, 0xf0, 0xee, 0xf6, 0xe1, 0xe1, 0xe8, 0xe5, 0xea, 0xfb, 0xed, 0xf2, 0xf6, 0x24, 0xdb, 0x11, 0x3a, 0x40, 0xfb, 0xf6, 0xfa, 0xf2, 0xf7, 0xfe, 0xcd, 0xcb, 0xba, 0x97, 0xff, 0xf2, 0x05, 0x13, 0x16, 0x31, 0x13, 0x29, 0x16, 0x29, 0x36, 0x29, 0x36, 0x29, 0x2b, 0x36, 0x41, 0x25, 0x26, 0x37, 0xff, 0x7c, 0xaa, 0x7a, 0x7c, 0x7a, 0x7c, 0x7c, 0x7b, 0xaa, 0xff, 0x42, 0x38, 0x3d, 
  0x26, 0x42, 0x4a, 0x48, 0x42, 0x42, 0x3b, 0x3b, 0x3b, 0x37, 0x37, 0x45, 0xff, 0x49, 0x37, 0x35, 0x35, 0x30, 0x44, 0x46, 0x3b, 0x2f, 0x27, 0x2d, 0xa6, 0x7c, 0xff, 0xb0, 0xff, 0xaf, 0x63, 0x63, 0x7c, 0x7c, 0x7a, 0xaa, 0x7b, 0x7c, 0x7c, 0xb0, 0xb0, 0xff, 0xb0, 0xff, 0xb0, 0xfc, 0xfc, 0xff, 0xff, 0xff, 0xff, 0xff, 0xb0, 0xb0, 0xb0, 0x7c, 0xa8, 0xa1, 0xa4, 0x9f, 0x9f, 0xa1, 0x9f, 0x9f, 0x9d, 0x9b, 0x9a, 0x9b, 0x9b, 0xcb, 0x9b, 0x97, 0xcc, 0x9d, 0x45, 0xb0, 0xb0, 0x49, 0xa6, 0xfc, 0x45, 0x45, 0x45, 0x45, 0x49, 0xff, 0xb0, 0xfc, 0x2d, 0x1e, 0x27, 0x1e, 0x1f, 0x26, 0x24, 0x3a, 0x30, 0x21, 0x04, 0x0a, 0x1d, 0x0e, 0x03, 0x58, 0x02, 0xbf, 0x60, 0xee, 0x29, 0x2a, 0x2a, 0x16, 0x00, 0x00, 0x53, 0x0e, 0x54, 0x4d, 0x4e, 0x4e, 0x57, 0x14, 0x32, 0x2a, 0x1b, 0x32, 0x1b, 0x32, 0x0c, 0x1a, 0x1c, 0x1c, 0x00, 0x4d, 0x4d, 0x54, 0x4d, 0x4d, 0x2e, 0x3d, 0x32, 0x09, 0x5b, 0x57, 0x57, 0x5b, 0x09, 0x14, 0x1c, 0x1a, 0x16, 0x1d, 0x3c, 0x45, 0xff, 0xff, 0xff, 0xff, 0x97, 0x77, 0xac, 0x73, 0x72, 0x76, 0x74, 0x69, 0x65, 0x64, 0x68, 0x76, 0x74, 0x72, 0x93, 0x74, 0x71, 0x6d, 0x70, 0x70, 0x70, 0x6e, 0x6d, 0x70, 0x72, 0x72, 0x74, 0x74, 0x75, 0x76, 0x78, 0x7a, 0xa9, 0x79, 0xab, 0x7b, 0xac, 0xa2, 0x76, 0x74, 0x74, 0x96, 0x76, 0x9e, 0xa3, 0xab, 0xa7, 0x92, 0xb7, 0xb7, 0xb5, 0xb7, 0xb7, 0xb8, 0xb8, 0xb9, 0xb8, 0xc3, 0xc3, 0xc2, 0xc2, 0xc4, 0xb7, 0xc2, 0x89, 0xcf, 0xaf, 0xaf, 0xcc, 0x9b, 0x97, 0xb9, 0xc5, 0xc7, 0xc7, 0xca, 0xf4, 0xca, 0xc7, 0xc6, 0xc6, 0xf1, 0xec, 0xc6, 0xe9, 0xec, 0xc7, 0xc5, 0xce, 0xb0, 0xae, 0xc8, 0xc6, 0xf0, 0xee, 0xee, 0x18, 0x11, 0x25, 0xe8, 0xf0, 0xfb, 0xea, 0xf3, 0xf2, 0xe0, 0xe1, 0xe8, 0xe8, 0xf2, 0x47, 0x27, 0x47, 0x46, 0x41, 0x21, 0x25, 0x40, 0xf6, 0xf2, 0xca, 0x2f, 0xca, 0xca, 0xcd, 0xd0, 0xad, 0xa6, 0x9b, 0x4c, 0x25, 0x05, 0x13, 0x3d, 0x3d, 0x32, 0x36, 0x29, 0x29, 0x36, 0x29, 0x36, 0x36, 0x23, 0x2b, 0x3a, 0x26, 0x4b, 0xb0, 0xaa, 0xae, 0x7b, 0xaa, 0x7c, 0x7a, 0x7a, 0x7b, 0x7b, 0xff, 0x37, 0x36, 0x32, 
  0x24, 0x2c, 0x3b, 0x47, 0x42, 0x42, 0x43, 0x42, 0x37, 0x3b, 0x2d, 0x3c, 0x49, 0x7c, 0x37, 0x35, 0x35, 0x47, 0x3b, 0x2f, 0x27, 0x2d, 0x3c, 0x45, 0xfc, 0xb0, 0xb0, 0xff, 0x39, 0x63, 0x5f, 0xc9, 0xb0, 0xaa, 0xaa, 0x7b, 0xb0, 0xb0, 0xff, 0x45, 0x49, 0xff, 0x4c, 0x33, 0x1e, 0x1e, 0x43, 0x4c, 0x4c, 0x4b, 0x43, 0x3c, 0x4c, 0x4c, 0x4c, 0x3c, 0x62, 0xf1, 0xce, 0xba, 0xba, 0xba, 0xba, 0xa8, 0xa1, 0xa2, 0x9d, 0x9a, 0x9b, 0x9d, 0x9b, 0x9d, 0x9d, 0xa1, 0x7a, 0xaf, 0x7c, 0x7c, 0xfc, 0xfc, 0x45, 0x43, 0x45, 0xfe, 0x4b, 0x39, 0x1e, 0x62, 0x62, 0x62, 0x60, 0x19, 0x0f, 0x15, 0x0d, 0x0d, 0x03, 0x5e, 0x61, 0x1f, 0x15, 0x02, 0x5f, 0x62, 0xc5, 0x01, 0xe1, 0x05, 0x31, 0x32, 0x3d, 0x46, 0x4a, 0x55, 0x54, 0x54, 0x4d, 0x4e, 0x4d, 0x4f, 0x56, 0x32, 0x32, 0x2a, 0x08, 0x12, 0x2a, 0x10, 0x06, 0x06, 0x10, 0x32, 0x22, 0x53, 0x0a, 0x53, 0x4d, 0x53, 0x3d, 0x32, 0x32, 0x1c, 0x06, 0x00, 0x57, 0x57, 0x5b, 0x5c, 0x06, 0x06, 0x07, 0x28, 0x15, 0x5f, 0x5f, 0x62, 0x4c, 0xb0, 0x87, 0x82, 0x81, 0x81, 0x80, 0x6d, 0x7a, 0x74, 0x6b, 0x65, 0x65, 0x6b, 0x74, 0x75, 0x74, 0x75, 0x93, 0x70, 0x70, 0x70, 0x70, 0x6d, 0x6d, 0x72, 0x70, 0x72, 0x72, 0x74, 0x75, 0x75, 0xa2, 0xac, 0xab, 0xa9, 0xab, 0xa9, 0x78, 0x77, 0x77, 0x74, 0x74, 0x75, 0x77, 0x9e, 0x79, 0xab, 0x92, 0x89, 0xb7, 0xb5, 0xb7, 0xb9, 0x95, 0x95, 0xb8, 0xb7, 0xc4, 0xc2, 0xc4, 0xc3, 0xc3, 0xb8, 0xb7, 0xb5, 0xba, 0xaf, 0x7c, 0xb0, 0x7b, 0xac, 0xcc, 0xcb, 0xcb, 0xcb, 0xca, 0xf1, 0xf2, 0xf1, 0xc6, 0xc7, 0xf4, 0xc6, 0xec, 0xc6, 0xe9, 0xc7, 0xc6, 0xc4, 0xf9, 0xaf, 0xff, 0xcf, 0xf2, 0xf0, 0xea, 0x18, 0xe8, 0x11, 0x18, 0x18, 0xea, 0xe9, 0xf0, 0xe6, 0xfb, 0xea, 0xe0, 0xe8, 0xe8, 0xea, 0x4b, 0x19, 0x40, 0x44, 0x41, 0x11, 0x18, 0xf6, 0x4a, 0xca, 0xf4, 0xf2, 0xf2, 0xf2, 0xf7, 0xca, 0xd0, 0xad, 0xa6, 0xfc, 0x4b, 0x18, 0x13, 0x16, 0x3d, 0x3d, 0x3d, 0x3d, 0x3d, 0x3d, 0x36, 0x36, 0x3a, 0x3d, 0x2b, 0x2b, 0x25, 0x37, 0x4c, 0xaf, 0x7c, 0x7c, 0xac, 0xac, 0x7b, 0x7a, 0x7c, 0xaa, 0x4c, 0x2f, 0x36, 0x32, 
  0x30, 0x1f, 0x24, 0x2f, 0x3b, 0x42, 0x3c, 0x42, 0x42, 0x37, 0x37, 0x33, 0xfc, 0xff, 0x2d, 0x35, 0x35, 0x35, 0x3b, 0x37, 0x3c, 0x43, 0xfc, 0xff, 0xff, 0x49, 0xc9, 0x63, 0x63, 0xc8, 0xb0, 0xff, 0x7c, 0xff, 0xb0, 0xff, 0x49, 0x33, 0x2d, 0x27, 0x2d, 0x1f, 0x1f, 0x15, 0x2c, 0x35, 0x35, 0x19, 0x1f, 0x19, 0x24, 0x19, 0x15, 0x1f, 0x15, 0x15, 0x15, 0x19, 0x27, 0xec, 0x62, 0xc5, 0x1e, 0x97, 0xa1, 0xa5, 0xa4, 0xa1, 0xa3, 0x9d, 0x9d, 0x78, 0x78, 0x79, 0xa6, 0xa8, 0xaa, 0xaa, 0x49, 0xa6, 0x45, 0xfc, 0x43, 0x4c, 0x3c, 0x62, 0x60, 0x1e, 0x27, 0x27, 0x27, 0x1e, 0x1f, 0x27, 0x1f, 0x5e, 0x5e, 0x60, 0x5e, 0x19, 0x60, 0x5f, 0x01, 0x84, 0x7f, 0x55, 0xd9, 0x32, 0x31, 0x29, 0x41, 0x47, 0x51, 0x50, 0x51, 0x51, 0x4d, 0x4d, 0x51, 0x51, 0x57, 0x29, 0x32, 0x2a, 0x08, 0x06, 0x12, 0x32, 0x0c, 0x0c, 0x10, 0x29, 0x32, 0x16, 0x3d, 0x00, 0x51, 0x0e, 0x2e, 0x16, 0x3d, 0x32, 0x32, 0x1c, 0x09, 0x5c, 0x5c, 0x09, 0x07, 0x0c, 0x07, 0x5d, 0x03, 0x5e, 0x5e, 0x02, 0x02, 0x33, 0x78, 0x88, 0x81, 0x65, 0x65, 0x65, 0x8b, 0x7a, 0x75, 0x6b, 0x65, 0x65, 0x68, 0x72, 0x74, 0x76, 0x75, 0x72, 0x72, 0x72, 0x6d, 0x6d, 0x6d, 0x72, 0x72, 0x70, 0x72, 0x96, 0x75, 0x74, 0xa2, 0xac, 0xa9, 0xab, 0xab, 0xa3, 0x77, 0x76, 0x76, 0x74, 0x74, 0x74, 0x77, 0x78, 0x78, 0x9d, 0x8c, 0x8e, 0x97, 0x95, 0xb9, 0x95, 0xb8, 0xb8, 0xb7, 0xc4, 0xc1, 0xc3, 0xc4, 0xb5, 0xc4, 0xb7, 0x89, 0x97, 0xaf, 0xae, 0xb0, 0xaf, 0xaa, 0xcf, 0x9f, 0xc8, 0xb9, 0xc7, 0xc4, 0xc7, 0xec, 0xc2, 0xc3, 0xec, 0xc7, 0xc3, 0xc6, 0xc3, 0xc4, 0xc6, 0xf1, 0xc4, 0xff, 0xd0, 0xb9, 0xf9, 0xe6, 0xe6, 0xe8, 0xe0, 0xe8, 0x11, 0x18, 0x0b, 0xfb, 0xed, 0xed, 0xea, 0xed, 0xfb, 0xe8, 0xdc, 0xe7, 0xe5, 0xf0, 0x47, 0x18, 0x44, 0x44, 0x11, 0x11, 0x40, 0xfa, 0x3c, 0xf4, 0xf4, 0xf2, 0xf2, 0xca, 0xf7, 0xf4, 0xcf, 0xaa, 0xae, 0xf4, 0xee, 0x13, 0x16, 0x16, 0x3d, 0x23, 0x2b, 0x3d, 0x41, 0x41, 0x41, 0x3a, 0x41, 0x41, 0x3e, 0xee, 0x1f, 0xf9, 0xff, 0x7b, 0x7c, 0xac, 0xa6, 0x7a, 0x7a, 0x7b, 0xaa, 0xff, 0x2f, 0x38, 0x36, 
  0x42, 0x3b, 0x2f, 0x1f, 0x24, 0x3b, 0x47, 0x3f, 0x3b, 0x3c, 0x3b, 0x2d, 0xcc, 0x49, 0x3b, 0x35, 0x3b, 0x37, 0x37, 0x3c, 0x49, 0x4c, 0x4c, 0x43, 0x33, 0x1e, 0x1e, 0xc9, 0xce, 0xb0, 0xb0, 0xff, 0xff, 0x4c, 0x3c, 0x1f, 0x1f, 0x24, 0x2c, 0x28, 0x28, 0x0e, 0x1d, 0x38, 0x38, 0x28, 0x0e, 0x0e, 0x61, 0x1d, 0x61, 0x1d, 0x20, 0x17, 0x20, 0x28, 0x41, 0x28, 0x0d, 0x0d, 0x15, 0x19, 0x0f, 0x1e, 0xa6, 0x7a, 0xae, 0xad, 0xad, 0x79, 0xa2, 0x78, 0x78, 0x79, 0x9d, 0xa8, 0xac, 0xaf, 0xaa, 0xfc, 0xaa, 0xa6, 0x49, 0xfe, 0x43, 0xf1, 0x2d, 0x2d, 0x37, 0x33, 0x2f, 0x2d, 0x37, 0x37, 0x19, 0x15, 0x58, 0x5e, 0x58, 0x02, 0x59, 0x55, 0xb1, 0xb1, 0x55, 0xd8, 0x0a, 0x32, 0x36, 0x41, 0x4a, 0x50, 0x4d, 0x50, 0x51, 0x4d, 0x4d, 0x50, 0x4f, 0x51, 0x57, 0x32, 0x32, 0x2a, 0x08, 0x5b, 0x09, 0x3d, 0x4a, 0x4a, 0x05, 0x10, 0x2a, 0x32, 0x32, 0x32, 0x2a, 0x3d, 0x5b, 0x53, 0x3d, 0x32, 0x1c, 0x06, 0x5c, 0x5c, 0x1a, 0x22, 0x10, 0x05, 0x10, 0x07, 0x06, 0x5c, 0x04, 0x00, 0x58, 0x55, 0x89, 0x78, 0x6d, 0x6b, 0x66, 0x64, 0x65, 0x6d, 0x79, 0x76, 0x6b, 0x65, 0x80, 0x68, 0x86, 0x75, 0x96, 0x72, 0x72, 0x72, 0x6d, 0x6d, 0x70, 0x72, 0x72, 0x72, 0x74, 0x74, 0x74, 0x74, 0x9e, 0xac, 0xac, 0xab, 0x7b, 0xa0, 0x75, 0x76, 0x76, 0x74, 0x74, 0x76, 0x9e, 0xa3, 0x7c, 0xa1, 0x9d, 0x95, 0x9a, 0xb9, 0x9a, 0xb7, 0xb5, 0xb6, 0xc4, 0xb4, 0xc3, 0xb7, 0xc4, 0xb5, 0xb7, 0x95, 0xcc, 0xaf, 0xb0, 0xaf, 0xaa, 0xa1, 0x9f, 0xc9, 0xb8, 0xc7, 0xc4, 0xc3, 0xc3, 0xc2, 0xc1, 0xbf, 0xc1, 0xe9, 0xc3, 0xec, 0xc4, 0xc3, 0xc4, 0xc8, 0xec, 0xec, 0xd0, 0xc5, 0xc8, 0xe3, 0xe1, 0xe1, 0xe1, 0xe8, 0xe8, 0x18, 0x0b, 0x21, 0xf2, 0xea, 0xe6, 0xea, 0xe5, 0xf6, 0xf6, 0xe0, 0xe0, 0xe8, 0xe8, 0x40, 0x25, 0x44, 0x47, 0x0f, 0x11, 0x40, 0xfb, 0xcb, 0xfd, 0xce, 0xf4, 0xf1, 0xf0, 0xf6, 0xf2, 0xca, 0xcb, 0xff, 0xcd, 0x0f, 0x13, 0x2a, 0x1b, 0x2a, 0x3d, 0x23, 0x36, 0x36, 0x3d, 0x41, 0x41, 0x3e, 0x34, 0x46, 0x42, 0xf4, 0x1e, 0xff, 0xaf, 0xaa, 0xac, 0xaa, 0x79, 0x79, 0x7a, 0xaa, 0xaf, 0x4c, 0x47, 0x46, 
  0x42, 0x48, 0x47, 0x3b, 0x2c, 0x1f, 0x30, 0x3b, 0x47, 0x42, 0x42, 0x3c, 0x4b, 0x4b, 0x3b, 0x35, 0x30, 0x35, 0x4a, 0x4b, 0x4b, 0x2d, 0x62, 0x27, 0xf1, 0x63, 0x45, 0x49, 0xb0, 0xaf, 0xff, 0xff, 0x3c, 0x19, 0x61, 0x24, 0x28, 0x1d, 0x1d, 0x1d, 0x1a, 0x22, 0x3d, 0x2e, 0x22, 0x14, 0x22, 0x38, 0x22, 0x0e, 0x2e, 0x41, 0x3d, 0x22, 0x2e, 0x3d, 0x38, 0x2e, 0x28, 0x2e, 0x30, 0x30, 0x35, 0x27, 0x2d, 0x33, 0xf4, 0x2d, 0xc8, 0xa6, 0x79, 0x78, 0x79, 0x78, 0x9d, 0xa1, 0xa9, 0xac, 0x7b, 0xaa, 0x79, 0xfc, 0x49, 0x4c, 0x4b, 0x33, 0x1e, 0x19, 0x27, 0x27, 0x27, 0x1e, 0x1f, 0x5f, 0x58, 0x59, 0x5e, 0x5e, 0x03, 0x58, 0x55, 0xb2, 0x55, 0xb2, 0x51, 0xdb, 0x2e, 0x32, 0x3d, 0x47, 0x58, 0x4d, 0xd1, 0x51, 0x55, 0x50, 0x50, 0x50, 0x51, 0x51, 0x57, 0x31, 0x2a, 0x2a, 0x12, 0x08, 0x10, 0x0e, 0x15, 0x4b, 0x0d, 0x05, 0x10, 0x2a, 0x1b, 0x2a, 0x32, 0x32, 0x5b, 0x56, 0x1b, 0x3d, 0x2a, 0x08, 0x5b, 0x5b, 0x57, 0x5b, 0x13, 0x05, 0x13, 0x22, 0x0c, 0x5d, 0x05, 0x58, 0x5e, 0x19, 0xfc, 0x7c, 0x72, 0x6d, 0x81, 0x65, 0x64, 0x65, 0x6f, 0xa9, 0x77, 0x6b, 0x82, 0x82, 0x82, 0x74, 0x75, 0x74, 0x72, 0x72, 0x6d, 0x6d, 0x70, 0x74, 0x70, 0x70, 0x70, 0x72, 0x75, 0x74, 0x98, 0xac, 0xae, 0xab, 0xac, 0xa2, 0x74, 0x74, 0x75, 0x75, 0x75, 0x76, 0xa0, 0x79, 0xae, 0xae, 0xa0, 0x92, 0x8e, 0xb8, 0xb8, 0xce, 0xb9, 0xc4, 0xc2, 0xb5, 0xc4, 0x95, 0xb7, 0xb6, 0x90, 0xae, 0xae, 0xaf, 0xb0, 0x7c, 0xa1, 0x9f, 0xc5, 0xb8, 0xc5, 0xc4, 0xc2, 0xc3, 0xc2, 0xc3, 0xc2, 0xc3, 0xc6, 0xc4, 0xe9, 0xc4, 0xc4, 0xc2, 0xc4, 0xf4, 0xc4, 0xf1, 0xfe, 0xc8, 0xe9, 0xbf, 0xe8, 0xdc, 0x03, 0xee, 0x2b, 0xee, 0x04, 0xe8, 0xf6, 0xe1, 0xea, 0xe8, 0xe8, 0xe5, 0xfb, 0xf3, 0xdc, 0xe0, 0xe8, 0xf3, 0x3a, 0x25, 0x4a, 0x15, 0xe0, 0x34, 0xfb, 0x48, 0xf7, 0xcb, 0x4b, 0xfd, 0xf4, 0xf2, 0xf2, 0xf2, 0x3c, 0xcb, 0xff, 0x4a, 0xe7, 0x2a, 0x2a, 0x1b, 0x31, 0x36, 0x36, 0x23, 0x3a, 0x3a, 0x41, 0x46, 0x46, 0xfb, 0x4a, 0x4c, 0x39, 0x49, 0xaf, 0x7c, 0xac, 0x7a, 0x7a, 0x79, 0x7a, 0xab, 0x7c, 0xff, 0x4c, 0x27, 
  0x37, 0x37, 0x42, 0x47, 0x3b, 0x30, 0x24, 0x30, 0x30, 0x3b, 0x3b, 0x42, 0x35, 0x0d, 0x30, 0x46, 0x46, 0x46, 0x30, 0x24, 0x61, 0x1f, 0x3b, 0x2d, 0x33, 0xfc, 0xaf, 0xaf, 0x7c, 0xff, 0x4c, 0x1f, 0x61, 0x0e, 0x1d, 0x28, 0x1a, 0x22, 0x1a, 0x0c, 0x14, 0x2e, 0x22, 0x14, 0x14, 0x2e, 0x2e, 0x1a, 0x0e, 0x1a, 0x36, 0x2e, 0x22, 0x1a, 0x22, 0x41, 0x2e, 0x1d, 0x1a, 0x1d, 0x28, 0x30, 0x30, 0x61, 0x0d, 0x0d, 0x0d, 0xe0, 0x02, 0xc5, 0xa8, 0xa9, 0xa9, 0xa8, 0xa5, 0xa5, 0xa9, 0x7b, 0xaa, 0xaa, 0x7b, 0xac, 0xff, 0xfe, 0x33, 0x1e, 0x60, 0x62, 0x60, 0x60, 0x60, 0x5e, 0x59, 0x59, 0x60, 0x60, 0x1f, 0x15, 0x0d, 0x02, 0x58, 0x59, 0x55, 0x55, 0x00, 0x10, 0x32, 0x32, 0x3d, 0x38, 0xd1, 0x4d, 0x50, 0x51, 0x55, 0x51, 0x4d, 0x50, 0x4d, 0x51, 0x00, 0x32, 0x32, 0x2a, 0x1b, 0x08, 0x08, 0x14, 0x20, 0x2c, 0x4b, 0x4a, 0x17, 0x10, 0x06, 0x08, 0x2a, 0x2a, 0x32, 0x2a, 0x2a, 0x2a, 0x32, 0x2a, 0x1c, 0x06, 0x07, 0x05, 0x05, 0xdf, 0x05, 0x47, 0x4b, 0x37, 0x2d, 0x27, 0x33, 0xff, 0xb0, 0x7c, 0x77, 0x72, 0x70, 0x66, 0x65, 0x64, 0x65, 0x6b, 0xa9, 0xa2, 0x6f, 0x86, 0x6b, 0x74, 0xa3, 0x75, 0x96, 0x72, 0x70, 0x6d, 0x72, 0x72, 0x70, 0x70, 0x72, 0x74, 0x76, 0x73, 0x73, 0x9d, 0xab, 0x7b, 0xad, 0x78, 0x98, 0x74, 0x74, 0x75, 0x76, 0x9e, 0xa2, 0x7c, 0xac, 0x77, 0x8e, 0x94, 0x9f, 0xae, 0xd0, 0xb3, 0xbf, 0xc4, 0xb5, 0xb8, 0x95, 0xb8, 0xb6, 0x89, 0x97, 0xaf, 0xb0, 0xb0, 0xaf, 0xcc, 0x97, 0xb8, 0xb8, 0xc7, 0xc4, 0xc4, 0xc4, 0xc7, 0xb9, 0xc9, 0xb9, 0xb9, 0xf4, 0xc4, 0xc3, 0xc4, 0xc3, 0xc4, 0xb9, 0xf1, 0xc2, 0x4b, 0xc7, 0xf1, 0xbf, 0xe1, 0xc0, 0xe0, 0xf0, 0x25, 0xea, 0x18, 0xee, 0x2c, 0xf0, 0xed, 0xe6, 0xe5, 0xea, 0xe8, 0xea, 0xfb, 0xe1, 0xdc, 0xdb, 0xde, 0x18, 0x25, 0x4b, 0x27, 0x0b, 0x25, 0x46, 0xf7, 0xf2, 0xfa, 0xca, 0x4b, 0x4c, 0xcd, 0x2d, 0xf4, 0xf4, 0x39, 0xc9, 0x4c, 0x18, 0xe7, 0x31, 0x31, 0x29, 0x36, 0x29, 0x2b, 0x36, 0x36, 0x2b, 0x3a, 0x44, 0x47, 0x48, 0xfe, 0x49, 0xb0, 0xac, 0xac, 0x7a, 0x7b, 0x7b, 0x7a, 0x7a, 0x7a, 0xae, 0x49, 0x4c, 0x1e, 
  0x42, 0x35, 0x2f, 0x35, 0x3b, 0x44, 0x3e, 0x30, 0x28, 0x24, 0x35, 0x3b, 0x04, 0x04, 0x3e, 0x44, 0x1d, 0x0d, 0x0a, 0x24, 0x38, 0x30, 0x19, 0x33, 0xaf, 0x7c, 0xaa, 0xff, 0x4c, 0x4b, 0x19, 0x61, 0x1d, 0x1a, 0x1d, 0x1a, 0x1a, 0x14, 0x14, 0x1a, 0x41, 0x2e, 0x0c, 0x09, 0x22, 0x22, 0x1d, 0x1a, 0x2e, 0x38, 0x2e, 0x1a, 0x1a, 0x3d, 0x3d, 0x2e, 0x1a, 0x0c, 0x1a, 0x0e, 0x1d, 0x28, 0x1d, 0x0a, 0x0c, 0x1a, 0x07, 0x05, 0x03, 0xf2, 0x4b, 0x49, 0xd0, 0xaa, 0xba, 0xa8, 0xa7, 0x79, 0xa8, 0xa6, 0x7c, 0x7c, 0x49, 0x33, 0x1e, 0x1e, 0x2d, 0x2d, 0x2d, 0x19, 0x60, 0x02, 0x5e, 0x60, 0x60, 0x5e, 0x5e, 0x02, 0x58, 0x58, 0x58, 0x02, 0x5e, 0x61, 0x22, 0x32, 0x32, 0x31, 0x41, 0xe0, 0x50, 0x50, 0x4d, 0x55, 0x51, 0x50, 0x50, 0x50, 0x51, 0x53, 0x1a, 0x32, 0x2a, 0x1b, 0x1b, 0x12, 0x08, 0x06, 0x04, 0x26, 0xff, 0x4b, 0x0a, 0x0c, 0x06, 0x06, 0x1b, 0x32, 0x1b, 0x2a, 0x2a, 0x1b, 0x2a, 0x32, 0x12, 0x1c, 0x2e, 0x3d, 0xdf, 0xdb, 0xd9, 0x26, 0x4c, 0x45, 0x3c, 0x39, 0x62, 0x90, 0xcc, 0xae, 0xad, 0x73, 0x72, 0x6d, 0x67, 0x65, 0x65, 0x66, 0x8a, 0x7a, 0xa5, 0x74, 0x73, 0x6f, 0x96, 0x96, 0x74, 0x70, 0x70, 0x70, 0x72, 0x72, 0x70, 0x70, 0x72, 0x74, 0x96, 0x6f, 0x8d, 0x98, 0x7c, 0xab, 0xae, 0xa3, 0x76, 0x76, 0x74, 0x75, 0x77, 0xa2, 0x79, 0xae, 0x98, 0x98, 0x7c, 0xae, 0xae, 0xb5, 0xbc, 0xd1, 0xb3, 0xcb, 0xc4, 0xb9, 0xb8, 0x8e, 0x92, 0x8e, 0xa1, 0xaf, 0x7c, 0xb0, 0xaa, 0x97, 0x92, 0xb7, 0xb5, 0xb5, 0xc4, 0xb9, 0xc9, 0xb9, 0xb8, 0xb9, 0xb8, 0xf4, 0xb8, 0xc3, 0xb5, 0xc5, 0xc4, 0xc3, 0xc7, 0xc5, 0xc5, 0x4c, 0xc5, 0xc3, 0xc0, 0xe1, 0xdc, 0x34, 0x25, 0x18, 0xe8, 0xee, 0xee, 0x26, 0xed, 0xf2, 0xed, 0xe5, 0xe5, 0xe5, 0xe8, 0xfa, 0xfb, 0xe6, 0xe1, 0xd9, 0xdb, 0x26, 0x4b, 0x42, 0xe8, 0x2b, 0xf6, 0xf6, 0xf6, 0xf2, 0xf7, 0xf4, 0xf7, 0xff, 0xfe, 0xcd, 0x39, 0xc9, 0x9b, 0xfc, 0x4b, 0x0b, 0x13, 0x31, 0x31, 0x29, 0x29, 0x3d, 0x2b, 0x2b, 0x3d, 0x3a, 0x25, 0x34, 0x3f, 0x3c, 0xcf, 0xb0, 0xaa, 0xac, 0x7b, 0x7b, 0x7c, 0x7a, 0x79, 0x79, 0x7b, 0xac, 0x4c, 0x3c, 
  0x47, 0x47, 0x47, 0x3b, 0x3b, 0x46, 0x44, 0x44, 0x38, 0x30, 0x44, 0x35, 0x44, 0x41, 0x44, 0x1d, 0x0a, 0x1d, 0x44, 0x44, 0x1f, 0x60, 0x33, 0xaf, 0xac, 0xa8, 0xd0, 0x4c, 0x24, 0x61, 0x0e, 0x61, 0x1a, 0x1d, 0x22, 0x1a, 0x0c, 0x0c, 0x1d, 0x2e, 0x2e, 0x0e, 0x1d, 0x2e, 0x28, 0x1d, 0x28, 0x30, 0x38, 0x28, 0x1d, 0x28, 0x38, 0x38, 0x2e, 0x14, 0x0c, 0x14, 0x1a, 0x22, 0x2e, 0x1d, 0x14, 0x1a, 0x09, 0x07, 0x0c, 0x17, 0x24, 0x1f, 0x1f, 0x15, 0x0f, 0x0f, 0xc7, 0xab, 0xa8, 0xa7, 0xa1, 0xa6, 0xac, 0xff, 0x49, 0x39, 0x33, 0x3c, 0x33, 0x2d, 0x2d, 0x62, 0x60, 0x5e, 0x15, 0x5e, 0x5e, 0x02, 0x59, 0x59, 0x02, 0x02, 0x02, 0x5e, 0x5e, 0x0d, 0x32, 0x2a, 0x31, 0x3d, 0x40, 0xf6, 0xf7, 0x58, 0x55, 0x56, 0x51, 0x50, 0x4d, 0x51, 0x51, 0x53, 0x29, 0x32, 0x2a, 0x12, 0x08, 0x12, 0x06, 0x07, 0x03, 0x4b, 0xff, 0x39, 0x03, 0x05, 0x06, 0x10, 0x16, 0x1b, 0x2a, 0x1b, 0x1b, 0x2a, 0x2a, 0x32, 0x10, 0x5b, 0x06, 0x1a, 0xdf, 0xdf, 0xdb, 0xe0, 0x46, 0x2f, 0x2f, 0x1f, 0x2d, 0x1e, 0x90, 0x90, 0xab, 0x78, 0x72, 0x72, 0x6d, 0x6a, 0x68, 0x66, 0x80, 0x6b, 0x76, 0xa0, 0x72, 0x6b, 0x8d, 0x74, 0x72, 0x70, 0x6d, 0x72, 0x72, 0x72, 0x72, 0x72, 0x74, 0x74, 0x75, 0x73, 0x98, 0xa2, 0x7c, 0xaa, 0xae, 0xab, 0x77, 0x74, 0x75, 0x77, 0xa0, 0x78, 0xa1, 0xa1, 0xaf, 0xff, 0xd0, 0xc1, 0xd3, 0xbc, 0xd1, 0xbf, 0xbb, 0xb7, 0x95, 0xb8, 0x90, 0x97, 0x8e, 0xa1, 0xb0, 0x7c, 0xb0, 0x7c, 0xa1, 0x92, 0xb8, 0x8c, 0xb8, 0x95, 0x9b, 0xb9, 0xb8, 0xb9, 0xb8, 0xb5, 0xc2, 0xb8, 0xc4, 0xb5, 0xc2, 0xb8, 0xc3, 0xc4, 0xc7, 0xf4, 0x4c, 0xaf, 0x39, 0xb8, 0x02, 0xe3, 0x26, 0x40, 0xe8, 0xe8, 0xe8, 0xee, 0xed, 0x4a, 0xec, 0xe6, 0xfa, 0xed, 0xe1, 0xe5, 0xe5, 0xe8, 0xfb, 0xfb, 0x37, 0xe1, 0xd8, 0x0b, 0x4c, 0x2d, 0xe8, 0x21, 0x34, 0x40, 0xf7, 0xca, 0xf2, 0xf7, 0xf2, 0xcd, 0x4c, 0xff, 0xa6, 0xa8, 0xa8, 0xa6, 0x4c, 0x27, 0x13, 0x29, 0x2a, 0x31, 0x31, 0x36, 0x3d, 0x41, 0x2b, 0x3a, 0x3a, 0x25, 0x2b, 0xf6, 0x37, 0x4c, 0x7c, 0x7c, 0x7b, 0x7b, 0x7c, 0xaa, 0x79, 0x79, 0xaa, 0x7c, 0x4c, 0x2d, 
  0x24, 0x2c, 0x30, 0x30, 0x30, 0x30, 0x30, 0x2e, 0x38, 0x2e, 0x35, 0x46, 0x38, 0x0d, 0x2e, 0x61, 0x1d, 0x41, 0x30, 0x0d, 0x27, 0x4c, 0xb0, 0xa8, 0xba, 0xad, 0x4b, 0x0f, 0x04, 0x2e, 0x38, 0x38, 0x41, 0x41, 0x2e, 0x1a, 0x1a, 0x28, 0x2e, 0x1d, 0x1d, 0x28, 0x30, 0x1d, 0x20, 0x38, 0x30, 0x30, 0x24, 0x24, 0x30, 0x38, 0x28, 0x1d, 0x0c, 0x1a, 0x1a, 0x29, 0x2e, 0x2e, 0x22, 0x12, 0x14, 0x08, 0x08, 0x14, 0x1a, 0x2e, 0x1d, 0x1d, 0x0a, 0x0a, 0x03, 0x02, 0xe9, 0x49, 0xab, 0xba, 0x78, 0xa6, 0x7b, 0xaf, 0xff, 0x39, 0x63, 0x63, 0x1e, 0x1e, 0x62, 0x62, 0x19, 0x15, 0x5e, 0x5e, 0x5e, 0x02, 0x5e, 0x5e, 0x5f, 0x02, 0x5f, 0x5e, 0x5e, 0x22, 0x3d, 0x29, 0x3d, 0x3a, 0xfb, 0x4c, 0x4b, 0x60, 0x58, 0x55, 0x53, 0x50, 0x51, 0x51, 0x53, 0x56, 0x32, 0x32, 0x2a, 0x12, 0x08, 0x08, 0x07, 0x5d, 0x5e, 0xff, 0xb0, 0x1e, 0x0f, 0x17, 0x07, 0x10, 0x16, 0x1b, 0x1b, 0x1b, 0x2a, 0x2a, 0x2a, 0x32, 0x3d, 0x06, 0x06, 0x5b, 0xdf, 0xdd, 0xd6, 0xd9, 0x44, 0x24, 0x0d, 0x15, 0x60, 0x60, 0x5f, 0x90, 0x89, 0x77, 0x77, 0x74, 0x74, 0x70, 0x6d, 0x68, 0x68, 0x65, 0x68, 0x70, 0x75, 0x74, 0x96, 0x9e, 0x74, 0x70, 0x70, 0x72, 0x72, 0x72, 0x72, 0x70, 0x72, 0x75, 0x77, 0x79, 0x7b, 0x7c, 0xb0, 0xb0, 0xb0, 0xac, 0xa2, 0x77, 0x77, 0x76, 0x98, 0xb0, 0xaf, 0xff, 0xd0, 0xbe, 0xd3, 0xbc, 0xbc, 0xbc, 0xc5, 0xae, 0x92, 0x92, 0xb8, 0x90, 0xae, 0xaf, 0x79, 0x7c, 0xaf, 0x7c, 0xb0, 0x7c, 0x7a, 0xac, 0x9f, 0x9f, 0x9f, 0x95, 0xb8, 0xb8, 0xb7, 0xb5, 0xb5, 0xb5, 0xb7, 0xb5, 0xb5, 0xb5, 0xb7, 0xb8, 0xc4, 0xc4, 0xf1, 0xfe, 0xaf, 0x49, 0xaf, 0xd0, 0xf4, 0xf2, 0x26, 0xea, 0xe8, 0xe8, 0xe8, 0xea, 0xea, 0xf0, 0xca, 0xec, 0xec, 0xfa, 0xe6, 0xe1, 0xea, 0xe6, 0xf0, 0x4a, 0xd0, 0x4b, 0x19, 0xfb, 0x4c, 0x3c, 0xe0, 0x21, 0x34, 0xf6, 0xf6, 0xf7, 0xf2, 0xf2, 0xf6, 0xca, 0xf4, 0x49, 0xaf, 0x7c, 0xad, 0xaf, 0xff, 0x4a, 0x23, 0x31, 0x2a, 0x13, 0x31, 0x3d, 0x41, 0x3a, 0x3e, 0x34, 0x3e, 0x41, 0x25, 0x26, 0xf0, 0x3c, 0xaf, 0x49, 0x7b, 0x7c, 0x7c, 0x7b, 0x79, 0x7a, 0xaa, 0xff, 0x47, 0x3b, 
  0x20, 0x0e, 0x1d, 0x1d, 0x1d, 0x28, 0x2e, 0x2e, 0x38, 0x38, 0x24, 0x44, 0x30, 0x17, 0x28, 0x2e, 0x1d, 0x1d, 0x20, 0x35, 0x4c, 0xfc, 0xa7, 0xa1, 0xaf, 0x4b, 0x03, 0x5d, 0x28, 0x41, 0x4a, 0x46, 0x28, 0x1d, 0x1d, 0x1a, 0x1d, 0x1a, 0x28, 0x1d, 0x30, 0x28, 0x28, 0x30, 0x38, 0x3b, 0x28, 0x24, 0x28, 0x30, 0x30, 0x24, 0x1d, 0x1d, 0x1d, 0x28, 0x2e, 0x2e, 0x22, 0x14, 0x06, 0x12, 0x08, 0x10, 0x09, 0x1a, 0x22, 0x22, 0x14, 0x0c, 0x14, 0x0c, 0x0a, 0x0d, 0x2d, 0xff, 0xad, 0xa8, 0xa8, 0x78, 0xac, 0xaf, 0xff, 0xf9, 0x1e, 0x1e, 0x62, 0x62, 0x60, 0x60, 0x02, 0x59, 0x60, 0x60, 0x62, 0x62, 0x60, 0x5f, 0x60, 0x60, 0x5e, 0x02, 0x0a, 0x2e, 0x3d, 0x23, 0x3a, 0x40, 0x4b, 0x1e, 0x55, 0x55, 0x56, 0x56, 0x53, 0x53, 0x51, 0x53, 0x53, 0x56, 0x32, 0x2a, 0x2a, 0x1b, 0x08, 0x5b, 0x04, 0x15, 0xfe, 0xb0, 0x7c, 0x63, 0x5e, 0x0a, 0x13, 0x08, 0x16, 0x16, 0x10, 0x1b, 0x1b, 0x2a, 0x2a, 0x29, 0x3d, 0x2e, 0x17, 0x17, 0xd7, 0xda, 0xdb, 0xd2, 0xe0, 0x4a, 0x30, 0x0d, 0x5e, 0x5e, 0x01, 0x62, 0x9b, 0xac, 0x7b, 0x76, 0x72, 0x72, 0x74, 0x6e, 0x6b, 0x68, 0x81, 0x68, 0x6b, 0x86, 0x8b, 0x9c, 0x76, 0x74, 0x74, 0x72, 0x72, 0x70, 0x74, 0x72, 0x74, 0x75, 0xa2, 0xac, 0x7c, 0x7c, 0x78, 0x78, 0xb0, 0xb0, 0x78, 0x98, 0x9d, 0x7c, 0xb0, 0xb0, 0xf7, 0xbe, 0xd2, 0xd3, 0xd2, 0xd3, 0xbe, 0xaf, 0xbb, 0x92, 0x92, 0x92, 0x92, 0xaa, 0xaf, 0xaf, 0xb0, 0x7c, 0x7b, 0xb0, 0xaa, 0xaf, 0xa9, 0x9d, 0xbb, 0x9b, 0xb8, 0xb7, 0x8c, 0xb8, 0x95, 0xb4, 0xb4, 0xb4, 0xb8, 0xb5, 0xb7, 0xb4, 0xc2, 0xc7, 0xc4, 0xc4, 0xc7, 0xfe, 0xaf, 0xaa, 0xaf, 0xff, 0x4c, 0xf2, 0x0f, 0xe0, 0xe0, 0xe8, 0xe8, 0xee, 0xed, 0xed, 0xe9, 0xed, 0xe6, 0xfb, 0xca, 0xe1, 0xe6, 0xe5, 0xea, 0xfb, 0xf2, 0x4b, 0xff, 0x4c, 0xae, 0x48, 0xe1, 0x2b, 0x34, 0x40, 0xf6, 0x3f, 0xfa, 0xf1, 0xf2, 0xf2, 0xca, 0xca, 0xf9, 0xd0, 0x43, 0xf4, 0x26, 0x3e, 0x29, 0x31, 0x31, 0x31, 0x31, 0x3d, 0x41, 0x44, 0x40, 0x3e, 0x34, 0x46, 0x46, 0x2f, 0xf0, 0x27, 0xf9, 0xb0, 0xaa, 0x7c, 0x7c, 0x7a, 0x7b, 0xa8, 0xff, 0x43, 0x26, 0x44, 
  0x28, 0x24, 0x24, 0x1d, 0x1d, 0x0e, 0x1a, 0x1a, 0x38, 0x41, 0x47, 0x44, 0x24, 0x24, 0x46, 0x44, 0x2c, 0x24, 0x3e, 0x47, 0xfa, 0xcf, 0xad, 0xa6, 0xff, 0x5e, 0x5d, 0x06, 0x0e, 0x44, 0x38, 0x61, 0x0e, 0x1d, 0x22, 0x2e, 0x22, 0x28, 0x2e, 0x30, 0x30, 0x28, 0x30, 0x3e, 0x30, 0x28, 0x2c, 0x30, 0x35, 0x30, 0x28, 0x28, 0x1d, 0x24, 0x30, 0x28, 0x1d, 0x1a, 0x09, 0x09, 0x08, 0x12, 0x12, 0x1c, 0x22, 0x1a, 0x14, 0x14, 0x08, 0x10, 0x12, 0x14, 0x1d, 0x2c, 0x2d, 0x2d, 0x1e, 0x63, 0x97, 0xa6, 0xa7, 0xac, 0xa6, 0x63, 0x33, 0x39, 0x1e, 0x62, 0x02, 0x59, 0x02, 0x60, 0x1e, 0x1e, 0x62, 0x60, 0x62, 0x60, 0x5f, 0x59, 0x02, 0x03, 0x0a, 0x2e, 0x2e, 0x17, 0x25, 0x4a, 0xec, 0x55, 0x55, 0x56, 0x55, 0x00, 0x55, 0x53, 0x55, 0x51, 0x53, 0x5b, 0x32, 0x2a, 0x2a, 0x12, 0x12, 0x07, 0x03, 0x1f, 0x45, 0xb0, 0x7c, 0x33, 0x0f, 0x04, 0x05, 0x05, 0x06, 0x16, 0x10, 0x10, 0x1b, 0x32, 0x32, 0x1c, 0x41, 0x2e, 0xdb, 0xdb, 0xd7, 0xd4, 0xde, 0xd2, 0xd4, 0x2c, 0xd9, 0x0d, 0x42, 0x60, 0x1e, 0xcc, 0x7c, 0xac, 0xa9, 0x76, 0x6b, 0x6d, 0x74, 0x74, 0x93, 0x6d, 0x69, 0x81, 0x6b, 0x6b, 0x88, 0x77, 0x75, 0x74, 0x74, 0x74, 0x70, 0x72, 0x74, 0x75, 0x76, 0x77, 0x78, 0x7a, 0x98, 0xa1, 0x7c, 0xb0, 0xb0, 0xb0, 0xb0, 0xb0, 0xb0, 0xfe, 0xc3, 0xbd, 0xd3, 0xd4, 0xd5, 0xd4, 0xbd, 0xc6, 0xae, 0x9d, 0x92, 0x9d, 0x94, 0x9d, 0xaf, 0xaf, 0x7c, 0x7b, 0x7b, 0xaa, 0x7b, 0xaf, 0x7a, 0xa8, 0x9d, 0xa1, 0x97, 0xb8, 0xb7, 0xb7, 0xb7, 0x89, 0xb4, 0xb4, 0x84, 0xb7, 0xb7, 0xb4, 0xb7, 0xb7, 0xb5, 0xb9, 0xc4, 0xc3, 0xf1, 0xff, 0x7c, 0xaf, 0xcc, 0xc7, 0xf1, 0x0f, 0xe1, 0x0b, 0xe5, 0xea, 0xf0, 0xea, 0xca, 0xf2, 0xe9, 0xe9, 0xea, 0xed, 0xfd, 0xec, 0xe1, 0xe6, 0xea, 0xf0, 0xf2, 0xf4, 0xff, 0xaa, 0xff, 0x4c, 0xe5, 0x25, 0x18, 0x40, 0xfb, 0xf2, 0xca, 0x4b, 0xca, 0xf2, 0xf2, 0xca, 0xf4, 0xcd, 0x4b, 0xf2, 0xee, 0x18, 0x31, 0x29, 0x31, 0x31, 0x29, 0x31, 0x3a, 0x41, 0x46, 0x46, 0x46, 0x40, 0x42, 0x4a, 0x3f, 0xf4, 0x39, 0xb0, 0xaa, 0x7b, 0x7b, 0xac, 0x7a, 0x49, 0x4c, 0x26, 0x30, 0x2b, 
  0x3c, 0x37, 0x37, 0x26, 0x1f, 0x24, 0x20, 0x38, 0x41, 0x44, 0x47, 0x4b, 0x4c, 0x4c, 0x43, 0x43, 0x42, 0x42, 0x42, 0xfb, 0xfa, 0xfa, 0xfa, 0xfd, 0x4b, 0x5e, 0x5c, 0x5c, 0x07, 0x41, 0x2e, 0x1d, 0x22, 0x3d, 0x3d, 0x3d, 0x3d, 0x41, 0x44, 0x38, 0x3b, 0x44, 0x3b, 0x44, 0x2c, 0x30, 0x35, 0x30, 0x28, 0x30, 0x28, 0x28, 0x28, 0x28, 0x28, 0x1d, 0x0e, 0x09, 0x0e, 0x0e, 0x1d, 0x22, 0x22, 0x1c, 0x09, 0x12, 0x09, 0x08, 0x07, 0x09, 0x14, 0x1d, 0x28, 0x24, 0x15, 0x15, 0x60, 0x60, 0x1e, 0xc9, 0xa8, 0x78, 0xcc, 0x39, 0x33, 0x2d, 0x5f, 0x02, 0x01, 0x62, 0x2d, 0x33, 0x27, 0x62, 0x62, 0x5f, 0x5f, 0x59, 0x59, 0x59, 0x02, 0x0d, 0x21, 0x2e, 0x2e, 0x0b, 0x40, 0x4a, 0x55, 0x55, 0x53, 0x56, 0x5a, 0x56, 0x56, 0x53, 0x53, 0x53, 0x56, 0x5b, 0x3d, 0x32, 0x1b, 0x10, 0x08, 0x06, 0x04, 0x15, 0x60, 0xb0, 0xb0, 0xcc, 0x60, 0x03, 0x05, 0x05, 0x07, 0x13, 0x06, 0x08, 0x16, 0x29, 0x2a, 0x32, 0x3d, 0x41, 0xd4, 0xd2, 0xd3, 0xd4, 0xe5, 0xd7, 0xd5, 0xd4, 0xd3, 0xdc, 0x4c, 0xcc, 0x98, 0x77, 0x77, 0x77, 0x9e, 0x75, 0x70, 0x6b, 0x6b, 0x74, 0xa2, 0x96, 0x72, 0x68, 0x68, 0x86, 0x88, 0x73, 0x77, 0x75, 0x75, 0x75, 0x74, 0x73, 0x74, 0xa2, 0x7c, 0x7c, 0x7b, 0x79, 0xb0, 0xb0, 0xc5, 0xd3, 0xb2, 0x4c, 0xfd, 0xbe, 0xd3, 0xd3, 0xd5, 0xd2, 0xd9, 0xd5, 0xd3, 0xb2, 0xd0, 0xae, 0x98, 0x98, 0xa7, 0xa8, 0xaf, 0xaf, 0x7c, 0x7b, 0x7a, 0x79, 0x7a, 0x7a, 0xac, 0xae, 0xa9, 0x9d, 0x9d, 0x95, 0x8e, 0xb7, 0x8c, 0xb7, 0x8c, 0xb7, 0x89, 0xb6, 0xb9, 0xb7, 0xb7, 0xb4, 0xb7, 0xb9, 0xb5, 0xb8, 0xc4, 0xc4, 0xd0, 0xff, 0xaf, 0xf9, 0xc5, 0xf4, 0x0f, 0xe6, 0xe8, 0xe1, 0xee, 0xf0, 0xee, 0xe6, 0xf0, 0xf2, 0xe6, 0xe9, 0xea, 0xe9, 0xf2, 0xfd, 0xe6, 0xe6, 0xe5, 0xea, 0xf2, 0xec, 0x4c, 0xaf, 0x49, 0xff, 0x0f, 0x0b, 0x18, 0xf8, 0x40, 0xf2, 0xca, 0xf7, 0xfe, 0xcd, 0xf2, 0xf2, 0xf2, 0xf7, 0xfe, 0x4c, 0x26, 0x2b, 0x23, 0x31, 0x31, 0x31, 0x31, 0x31, 0x3d, 0x41, 0x41, 0x41, 0x46, 0x46, 0x47, 0x4a, 0x4c, 0xff, 0x7c, 0x7c, 0x7b, 0x7c, 0x7b, 0x7b, 0xa8, 0xff, 0x47, 0x25, 0x41, 0x3d, 
  0x49, 0x4c, 0x4c, 0x4c, 0x4b, 0x47, 0x44, 0x30, 0x24, 0x61, 0x15, 0x19, 0x4b, 0x4c, 0x4b, 0x4c, 0x4c, 0x4c, 0x4b, 0xfd, 0xfa, 0xfb, 0xfa, 0x48, 0x4a, 0x5e, 0x07, 0x06, 0x14, 0x3d, 0x2e, 0x14, 0x0c, 0x08, 0x1c, 0x3d, 0x29, 0x2e, 0x3d, 0x44, 0x41, 0x46, 0x44, 0x44, 0x41, 0x44, 0x41, 0x44, 0x3e, 0x30, 0x38, 0x38, 0x30, 0x20, 0x61, 0x1d, 0x0e, 0x1d, 0x1d, 0x1d, 0x1d, 0x0e, 0x14, 0x09, 0x14, 0x06, 0x09, 0x14, 0x1a, 0x22, 0x2e, 0x2e, 0x0e, 0x61, 0x61, 0x61, 0x15, 0x19, 0x27, 0x39, 0xa6, 0xa1, 0xcc, 0x63, 0x63, 0x60, 0x5f, 0x02, 0x62, 0x2d, 0x1e, 0x1f, 0x62, 0x60, 0x5f, 0x02, 0x59, 0x02, 0x01, 0x5e, 0x0f, 0x24, 0x21, 0x2e, 0x21, 0x0d, 0xfb, 0x02, 0x50, 0x50, 0x56, 0x56, 0x56, 0x56, 0x53, 0x55, 0x53, 0x53, 0x56, 0x00, 0x3d, 0x32, 0x0c, 0x1c, 0x08, 0x10, 0x05, 0x24, 0xe3, 0x4c, 0xb0, 0x49, 0x59, 0x02, 0x03, 0x0b, 0x0c, 0x05, 0x06, 0x13, 0x1c, 0x29, 0x2a, 0x31, 0x3a, 0x47, 0xe0, 0xd4, 0xd2, 0xd2, 0xde, 0xde, 0xda, 0xd2, 0xd7, 0xd8, 0xff, 0x7c, 0x98, 0x76, 0x77, 0x77, 0x9e, 0x75, 0x72, 0x6d, 0x68, 0x69, 0x71, 0xa2, 0xa0, 0x74, 0x6f, 0x86, 0x6b, 0x73, 0xa3, 0xa2, 0x76, 0x74, 0x77, 0xa2, 0x78, 0xaf, 0xb3, 0xbc, 0xfc, 0xff, 0xcc, 0xb1, 0xd3, 0xbc, 0xd3, 0xc0, 0xbd, 0xd4, 0xd4, 0xd9, 0xd9, 0xe0, 0xd7, 0xd3, 0xbf, 0xff, 0x9a, 0x98, 0x98, 0x7c, 0xae, 0xb0, 0xaf, 0x7c, 0x7a, 0x79, 0x79, 0x79, 0x79, 0x7a, 0xab, 0xab, 0xab, 0xa4, 0x92, 0x8c, 0xb7, 0x8c, 0xb8, 0x95, 0x9a, 0x95, 0x95, 0x95, 0x95, 0xb4, 0xb7, 0xb4, 0xb7, 0x95, 0xb6, 0xb8, 0xc4, 0xc8, 0xff, 0xaf, 0xff, 0xc5, 0xf4, 0xe9, 0xe9, 0xed, 0xe6, 0xee, 0xf2, 0xee, 0xf0, 0x19, 0xf7, 0xc6, 0xe9, 0xe2, 0xe9, 0xe6, 0xec, 0xfd, 0xed, 0xe6, 0xe8, 0xe6, 0xed, 0xec, 0x4c, 0xff, 0xaa, 0xff, 0x27, 0xea, 0x25, 0x34, 0xf6, 0xf6, 0xca, 0xf7, 0xcd, 0xfe, 0xcd, 0xf1, 0xf2, 0xf4, 0xf4, 0x4b, 0xfb, 0x34, 0x3d, 0x31, 0x3d, 0x31, 0x31, 0x31, 0x29, 0x29, 0x3a, 0x41, 0x3a, 0x2c, 0xf6, 0x42, 0x45, 0xb0, 0xff, 0xaa, 0x7b, 0x7b, 0x7b, 0x7c, 0xaa, 0x4c, 0x46, 0x38, 0x36, 0x3d, 
  0xaf, 0xb0, 0xff, 0xff, 0x4c, 0x4c, 0x4b, 0x4a, 0x47, 0x28, 0x1d, 0x0e, 0x20, 0x46, 0x3e, 0x1f, 0x2c, 0x4b, 0x4c, 0xd0, 0xd0, 0xcd, 0xce, 0xfd, 0xfd, 0x2f, 0x22, 0x12, 0x14, 0x14, 0x41, 0x38, 0x20, 0x07, 0x07, 0x1c, 0x32, 0x1c, 0x10, 0x14, 0x22, 0x22, 0x22, 0x3d, 0x3d, 0x3d, 0x41, 0x41, 0x41, 0x41, 0x41, 0x41, 0x38, 0x30, 0x2c, 0x28, 0x30, 0x2e, 0x2e, 0x1d, 0x1d, 0x0e, 0x0e, 0x0e, 0x0e, 0x1a, 0x1d, 0x1a, 0x22, 0x1a, 0x14, 0x14, 0x0e, 0x0e, 0x61, 0x61, 0x1f, 0x27, 0x33, 0x3c, 0xcc, 0x39, 0x39, 0x33, 0x62, 0x5f, 0x02, 0x5f, 0x62, 0x60, 0x60, 0x60, 0x5e, 0x02, 0x59, 0x01, 0x5f, 0x5f, 0x5f, 0x5f, 0x0f, 0x2c, 0x17, 0x20, 0x18, 0x0f, 0x35, 0xbe, 0x50, 0x53, 0x55, 0x56, 0x56, 0x56, 0x56, 0x53, 0x56, 0x53, 0x56, 0x05, 0x41, 0x3d, 0x13, 0x10, 0x10, 0x06, 0x07, 0x17, 0x5e, 0x2d, 0xff, 0xff, 0x01, 0x5f, 0x4c, 0x27, 0x18, 0x17, 0x07, 0x16, 0x1a, 0x29, 0x32, 0x32, 0xd7, 0xd4, 0xdc, 0xd8, 0xbc, 0xd1, 0xda, 0xf8, 0xd5, 0xd2, 0xd5, 0xdc, 0xc0, 0xe3, 0xff, 0x7c, 0x78, 0x74, 0x73, 0x75, 0x72, 0x70, 0x6d, 0x6b, 0x86, 0x70, 0x76, 0xa0, 0x77, 0x75, 0x72, 0x74, 0x78, 0xa2, 0x78, 0x7c, 0x7c, 0xae, 0xb0, 0xb2, 0xbc, 0xd1, 0xbf, 0x4c, 0xd3, 0xd5, 0xd8, 0xd2, 0xd4, 0xd8, 0xd7, 0xd4, 0xd9, 0xe4, 0xdf, 0xd7, 0xd3, 0xc3, 0xae, 0x98, 0x9b, 0x78, 0xae, 0xaf, 0x7b, 0xab, 0x79, 0x78, 0x79, 0x79, 0x78, 0x79, 0x79, 0x7b, 0xa9, 0xa9, 0xa5, 0x92, 0x8c, 0x8c, 0x92, 0x9a, 0x9f, 0x95, 0x95, 0x90, 0xb8, 0xb9, 0xb7, 0xb5, 0xb8, 0xb5, 0xb6, 0x95, 0xb7, 0xb8, 0xc5, 0xcb, 0xaf, 0xb0, 0x97, 0xb9, 0xc4, 0xe9, 0xe9, 0x0f, 0xec, 0x27, 0xed, 0xed, 0xf0, 0xf2, 0xfa, 0xc6, 0xf0, 0xe9, 0xe6, 0xc6, 0xe6, 0xf2, 0xfd, 0xe9, 0xea, 0xe6, 0x0f, 0xe9, 0x39, 0xff, 0xaa, 0xff, 0x4b, 0x0b, 0xee, 0x2b, 0xfb, 0xf0, 0xf2, 0xf7, 0xf1, 0xcd, 0x4c, 0xcd, 0x37, 0xf1, 0xf4, 0xca, 0x4a, 0xf0, 0x2b, 0x23, 0x3d, 0x3d, 0x36, 0x31, 0x29, 0x17, 0x23, 0x2b, 0x41, 0x3e, 0x34, 0x34, 0x3f, 0x43, 0xff, 0x7c, 0x7c, 0x7c, 0x7b, 0x7c, 0x7c, 0x4c, 0x44, 0x3a, 0x22, 0x29, 
  0xff, 0x45, 0x62, 0x62, 0x27, 0x1e, 0x1f, 0x19, 0x1d, 0x20, 0x1a, 0x1a, 0x0e, 0x0c, 0x0e, 0x0e, 0x03, 0x5e, 0x27, 0x4c, 0xff, 0xd0, 0xd0, 0xd0, 0xd0, 0x4a, 0x41, 0x1c, 0x06, 0x5b, 0x41, 0x46, 0x44, 0x41, 0x2e, 0x16, 0x22, 0x32, 0x08, 0x08, 0x06, 0x06, 0x5c, 0x12, 0x1a, 0x12, 0x07, 0x0e, 0x1a, 0x1d, 0x2e, 0x3d, 0x41, 0x44, 0x41, 0x44, 0x41, 0x2e, 0x1d, 0x1d, 0x1d, 0x1d, 0x1d, 0x0e, 0x1d, 0x61, 0x0e, 0x0e, 0x0e, 0x09, 0x0e, 0x14, 0x0e, 0x0e, 0x1d, 0x1f, 0x35, 0x2d, 0x27, 0x1e, 0x1e, 0x39, 0x33, 0x63, 0x62, 0x5f, 0x62, 0x39, 0x27, 0x60, 0x5e, 0x5e, 0x02, 0x5f, 0x5f, 0x62, 0x5f, 0x62, 0x62, 0x60, 0x5e, 0x2b, 0x18, 0x0b, 0x15, 0x0f, 0x62, 0x2d, 0xff, 0x3c, 0x58, 0x03, 0x56, 0x00, 0x53, 0x56, 0x58, 0x56, 0x56, 0x05, 0x44, 0x41, 0x16, 0x10, 0x22, 0x07, 0x05, 0x0a, 0x5e, 0xec, 0xb0, 0xb0, 0xfc, 0xb0, 0xff, 0x5f, 0x15, 0x0a, 0x0c, 0x16, 0x22, 0x29, 0x29, 0x3d, 0xd7, 0xd1, 0xd2, 0xe1, 0xbc, 0xd1, 0xda, 0x40, 0xd4, 0xd1, 0xda, 0xef, 0xd4, 0xbc, 0x19, 0x39, 0x9d, 0x77, 0x75, 0x72, 0x74, 0x74, 0x70, 0x6e, 0x6b, 0x69, 0x6f, 0x74, 0xa0, 0x96, 0x6f, 0x6f, 0x73, 0x7c, 0xaf, 0xb1, 0x84, 0xd0, 0xb3, 0xd1, 0xbe, 0xd4, 0xbc, 0xbc, 0xdc, 0xd8, 0xd2, 0xd4, 0xd5, 0xd7, 0xd4, 0xdd, 0xe7, 0xdf, 0xd9, 0xd7, 0xf7, 0xff, 0x9b, 0xa2, 0xac, 0xae, 0xaf, 0x7a, 0xa9, 0xa7, 0xa3, 0x78, 0x78, 0x79, 0x79, 0x78, 0x7a, 0xa9, 0xab, 0xa9, 0x9d, 0x92, 0x94, 0x97, 0xa4, 0x97, 0x98, 0x95, 0x8e, 0xb7, 0xb8, 0xb9, 0xb3, 0xb5, 0xb6, 0xb6, 0xb7, 0x95, 0xb8, 0x90, 0xb9, 0xb0, 0xaf, 0xfc, 0x63, 0xc5, 0xc3, 0xe9, 0xc2, 0xec, 0xf4, 0xed, 0xf0, 0x19, 0xea, 0xf0, 0xc6, 0xea, 0xc6, 0xfa, 0xe6, 0xe9, 0xe9, 0xe9, 0xf7, 0xfd, 0xc6, 0xe6, 0xe3, 0xe3, 0xf9, 0xff, 0xaa, 0xff, 0x3c, 0x0f, 0xee, 0x25, 0xf6, 0xf6, 0xf2, 0xf2, 0xf7, 0xf2, 0xcb, 0x4c, 0xcd, 0x3c, 0xf4, 0x39, 0xcd, 0x2f, 0x18, 0x3a, 0x41, 0x2b, 0x29, 0x3d, 0x36, 0x3d, 0x36, 0x2b, 0x41, 0x41, 0x41, 0x34, 0x26, 0x3f, 0x4c, 0xaf, 0x7c, 0xac, 0x7c, 0x7c, 0xac, 0x4c, 0x3e, 0x38, 0x3d, 0x3d, 
  0x33, 0x27, 0x15, 0x15, 0x30, 0x24, 0x0e, 0x1d, 0x0c, 0x1a, 0x1a, 0x1a, 0x14, 0x06, 0x0c, 0x44, 0x3b, 0x60, 0x03, 0x15, 0x47, 0x4c, 0xd0, 0xad, 0xba, 0x4c, 0x0e, 0x06, 0x5b, 0x5b, 0x22, 0x44, 0x3b, 0x2c, 0x3b, 0x30, 0x1a, 0x2e, 0x1c, 0x5b, 0x57, 0x57, 0x57, 0x57, 0x5c, 0x09, 0x5a, 0x57, 0x57, 0x09, 0x14, 0x09, 0x09, 0x0e, 0x1a, 0x2e, 0x3d, 0x3d, 0x41, 0x41, 0x30, 0x28, 0x24, 0x1d, 0x1d, 0x0e, 0x0e, 0x04, 0x0e, 0x0e, 0x0e, 0x0e, 0x28, 0x24, 0x30, 0x35, 0x35, 0x1f, 0x1f, 0x62, 0x2d, 0x39, 0x33, 0x1e, 0x5f, 0x63, 0xb0, 0xff, 0xfe, 0x62, 0x02, 0x60, 0x60, 0x62, 0x62, 0x62, 0x63, 0x5f, 0x5f, 0x02, 0x0f, 0x28, 0x0b, 0x04, 0xee, 0x5f, 0x62, 0xb0, 0xb0, 0x62, 0x60, 0x03, 0x00, 0x56, 0x00, 0x00, 0x56, 0x56, 0x56, 0x04, 0x41, 0x41, 0x29, 0x05, 0x0c, 0x1a, 0x04, 0x03, 0x59, 0x2d, 0xff, 0xb0, 0xb0, 0xb0, 0xfc, 0xc3, 0x19, 0x0d, 0x11, 0x1a, 0x17, 0x1a, 0x3d, 0x3d, 0xe0, 0xd5, 0xd1, 0xbd, 0xbd, 0xd1, 0xd5, 0xfb, 0xd4, 0xd2, 0xe5, 0xd5, 0xd5, 0xd5, 0x60, 0x33, 0x63, 0xb0, 0xa2, 0x73, 0x72, 0x75, 0x96, 0x70, 0x6d, 0x6d, 0x6b, 0x6b, 0x70, 0x77, 0x76, 0x92, 0xa2, 0xaf, 0xb1, 0xd1, 0xd1, 0x4c, 0xbc, 0xd5, 0xdc, 0xd2, 0xd1, 0xd8, 0xdc, 0xd2, 0xd2, 0xd6, 0xd4, 0xd9, 0xeb, 0xe4, 0xdd, 0xdd, 0xd6, 0xd5, 0xc0, 0xf4, 0xb0, 0x7c, 0xaf, 0xaf, 0x79, 0xa9, 0x78, 0xa3, 0xa2, 0xa2, 0x79, 0x79, 0x79, 0x79, 0xab, 0x79, 0xa7, 0xa9, 0xa2, 0xa4, 0xa8, 0xa4, 0x95, 0x8e, 0x8e, 0x8e, 0xb6, 0xb8, 0xb7, 0xb7, 0xb4, 0xb4, 0xb8, 0xb7, 0xb8, 0x95, 0xb7, 0x90, 0xae, 0xaf, 0xb0, 0xa8, 0x95, 0xb8, 0xc5, 0xc5, 0xc6, 0xf4, 0xe9, 0x27, 0xed, 0xea, 0xed, 0xf2, 0xed, 0xec, 0xe6, 0xf2, 0xf2, 0xe9, 0xec, 0xe9, 0xc6, 0xfd, 0xfd, 0x3c, 0xc3, 0x5f, 0xd0, 0xff, 0xaa, 0xd0, 0x43, 0xea, 0x25, 0x2b, 0x34, 0x26, 0xf0, 0xf0, 0xf0, 0xf7, 0x27, 0xf7, 0x4c, 0x4c, 0xcf, 0xf9, 0x45, 0xf4, 0xea, 0x3e, 0x2b, 0x36, 0x2b, 0x3d, 0x36, 0x31, 0x41, 0x36, 0x3a, 0x41, 0x46, 0x40, 0xf6, 0x27, 0xf9, 0xaf, 0xaa, 0x7b, 0xac, 0x7b, 0x7b, 0xff, 0x44, 0x41, 0x3d, 0x22, 
  0x47, 0x46, 0x35, 0x38, 0x30, 0x2e, 0x2e, 0x22, 0x32, 0x1a, 0x0a, 0x46, 0x1c, 0x06, 0x06, 0x28, 0x4a, 0x4a, 0x35, 0x0d, 0x5e, 0xf2, 0xff, 0xae, 0xa1, 0x4c, 0x1f, 0x5b, 0x5b, 0x5b, 0x22, 0x38, 0x46, 0x4a, 0x2f, 0x3b, 0x2c, 0x28, 0x1d, 0x14, 0x57, 0x52, 0x57, 0x52, 0x57, 0x57, 0x57, 0x57, 0x52, 0x57, 0x5a, 0x5c, 0x57, 0x57, 0x5b, 0x5c, 0x14, 0x0c, 0x14, 0x0e, 0x28, 0x30, 0x28, 0x28, 0x1d, 0x1d, 0x1d, 0x61, 0x61, 0x61, 0x61, 0x24, 0x1f, 0x24, 0x2c, 0x1f, 0x1f, 0x1f, 0x1f, 0x1f, 0x2d, 0x39, 0x63, 0x1e, 0xc5, 0xff, 0xb0, 0x49, 0x62, 0x5f, 0x62, 0x2d, 0x2d, 0x1e, 0x62, 0x62, 0x02, 0x02, 0x02, 0x60, 0x0d, 0x1f, 0x04, 0x0f, 0x15, 0x01, 0x62, 0x78, 0x63, 0x01, 0x5e, 0x03, 0x00, 0x00, 0x00, 0x00, 0x56, 0x56, 0x00, 0x05, 0x38, 0x41, 0x29, 0x05, 0x05, 0x20, 0x24, 0x59, 0x59, 0xd0, 0xb0, 0xb0, 0xaa, 0xaf, 0xa6, 0x5f, 0x0f, 0x0d, 0x0a, 0x1d, 0x28, 0x2e, 0x36, 0x41, 0xe0, 0xd5, 0xd1, 0xd1, 0xe3, 0xd1, 0xd5, 0xfb, 0xd4, 0xda, 0xe5, 0xd2, 0xd6, 0xd8, 0xf4, 0x4c, 0x63, 0x63, 0xa3, 0xa3, 0x73, 0x72, 0x75, 0x74, 0x72, 0x70, 0x70, 0x70, 0x6f, 0x73, 0xab, 0xab, 0xac, 0xb7, 0xd1, 0xbe, 0xd1, 0xd1, 0xd5, 0xe5, 0xd2, 0xd2, 0xd2, 0xe2, 0xd3, 0xd1, 0xd7, 0xd4, 0xdd, 0xf5, 0xdf, 0xd7, 0xd6, 0xd7, 0xd4, 0xd5, 0xbd, 0xff, 0xff, 0xb0, 0x7c, 0x7a, 0x79, 0xa3, 0xa3, 0xa2, 0x9e, 0xa2, 0x78, 0xa9, 0x79, 0x79, 0x78, 0xa2, 0xa2, 0x78, 0xab, 0xa7, 0x9f, 0x92, 0x8e, 0x9a, 0x94, 0x8c, 0x8c, 0xb8, 0xb6, 0xb7, 0xb6, 0xb6, 0x95, 0x8c, 0xb8, 0x95, 0x92, 0x97, 0xaf, 0xb0, 0x7c, 0x7b, 0x7c, 0xaf, 0xd0, 0xc9, 0xf4, 0xec, 0xf0, 0xed, 0xea, 0xea, 0xf0, 0xfb, 0xec, 0xe9, 0xe9, 0xe9, 0xfd, 0xc6, 0xed, 0xc4, 0xe9, 0xf4, 0xfd, 0xd0, 0xfe, 0xf4, 0xb0, 0x49, 0xaa, 0xff, 0xfe, 0xe6, 0x18, 0x2b, 0xef, 0x40, 0xf6, 0xf0, 0xca, 0x34, 0xca, 0xf2, 0xf4, 0x4b, 0xf9, 0xff, 0x7c, 0x4c, 0x37, 0x34, 0x34, 0x34, 0x2b, 0x3d, 0x3d, 0x29, 0x41, 0x41, 0x3a, 0x34, 0x44, 0x4a, 0x4a, 0x3c, 0x39, 0xaf, 0xae, 0x7b, 0x7b, 0x7b, 0x7b, 0x4b, 0x46, 0x38, 0x41, 0x3d, 
  0x47, 0x42, 0x3b, 0x3b, 0x38, 0x30, 0x3d, 0x38, 0x1d, 0x20, 0x4b, 0x4a, 0x06, 0x12, 0x09, 0x07, 0x3b, 0x4b, 0x4b, 0x3c, 0x0f, 0x02, 0x62, 0xff, 0xa8, 0xb0, 0x4c, 0x58, 0x5a, 0x06, 0x1a, 0x07, 0x28, 0x4a, 0x47, 0x37, 0x37, 0x47, 0x46, 0x44, 0x5d, 0x5d, 0x5d, 0x5b, 0x57, 0x52, 0x57, 0x57, 0x52, 0x52, 0x57, 0x5d, 0x57, 0x57, 0x52, 0x57, 0x5c, 0x09, 0x5c, 0x5b, 0x5c, 0x09, 0x0c, 0x1a, 0x22, 0x28, 0x28, 0x28, 0x24, 0x24, 0x61, 0x1f, 0x61, 0x1f, 0x15, 0x1f, 0x1f, 0x1f, 0x1f, 0x2d, 0x33, 0x45, 0x33, 0x90, 0x39, 0xb0, 0x45, 0xc5, 0x5f, 0x1e, 0x33, 0x1e, 0x1e, 0x62, 0x60, 0x59, 0x59, 0x5f, 0x5e, 0x5e, 0x02, 0x24, 0x5e, 0x0d, 0x62, 0x02, 0x89, 0x5f, 0x01, 0x02, 0x5e, 0x00, 0x00, 0x00, 0x00, 0x56, 0x56, 0x00, 0x00, 0x0a, 0x41, 0x2b, 0x23, 0x05, 0x05, 0x0a, 0x3c, 0x62, 0xcc, 0xb0, 0x7c, 0xae, 0x7a, 0xb0, 0xaf, 0x60, 0x0f, 0x5e, 0x18, 0x0d, 0x20, 0x20, 0x41, 0x41, 0x46, 0xe0, 0xbc, 0xd1, 0xbc, 0xe1, 0xd7, 0xf8, 0xd6, 0xf3, 0xd4, 0xd2, 0xc0, 0xd8, 0x4c, 0x7c, 0x90, 0x89, 0x97, 0x7c, 0x7a, 0x73, 0x72, 0x76, 0x77, 0x96, 0x74, 0x74, 0x77, 0x8d, 0x82, 0xa4, 0xaf, 0xb2, 0xd3, 0xe2, 0xd1, 0xd1, 0xe5, 0xde, 0xd4, 0xd1, 0xd4, 0xe5, 0xd2, 0xd2, 0xda, 0xeb, 0xeb, 0xd6, 0xd6, 0xd6, 0xd9, 0xda, 0xdc, 0xbd, 0xf1, 0xb0, 0xaa, 0xb0, 0xaa, 0x79, 0x78, 0xa2, 0xa0, 0x9e, 0x9e, 0xa2, 0x78, 0x79, 0x79, 0x79, 0xa2, 0x9d, 0x9e, 0xa5, 0xa5, 0x94, 0x8e, 0x8c, 0x95, 0x8e, 0x8e, 0xb7, 0x8e, 0xb7, 0xb6, 0xb7, 0xb6, 0xb6, 0x8e, 0x8e, 0x8e, 0x92, 0x90, 0xa1, 0xaf, 0x7c, 0x7c, 0xb0, 0xaf, 0xba, 0xce, 0xcb, 0xec, 0xf2, 0xed, 0xea, 0xed, 0x0f, 0xea, 0xca, 0xc4, 0xec, 0xc6, 0xe6, 0xf2, 0xca, 0xc4, 0xc6, 0xec, 0xc7, 0xf4, 0xcb, 0xff, 0xb0, 0xfc, 0x7c, 0xfc, 0xaf, 0x4c, 0x0f, 0xee, 0x2b, 0x2b, 0x40, 0xf6, 0xfb, 0xf2, 0xf6, 0xf2, 0x37, 0xf2, 0xcd, 0xcd, 0xf9, 0xff, 0xaf, 0x4c, 0xca, 0x37, 0x40, 0x34, 0x41, 0x36, 0x36, 0x29, 0x41, 0x41, 0x2c, 0x26, 0x47, 0x4b, 0xff, 0x49, 0x7c, 0x7c, 0x7b, 0x7b, 0x7c, 0x7b, 0x4c, 0x44, 0x21, 0x28, 0x47, 
  0x2c, 0x1f, 0x2f, 0x1f, 0x38, 0x41, 0x38, 0x17, 0x1f, 0x4a, 0x4b, 0x5e, 0x06, 0x12, 0x12, 0x07, 0x04, 0x1f, 0x4b, 0x4c, 0x4b, 0x19, 0xc2, 0xc9, 0xaf, 0xba, 0xb0, 0x4b, 0x04, 0x14, 0x09, 0x06, 0x0e, 0x44, 0x46, 0x4a, 0x3c, 0x2d, 0x3b, 0x47, 0x4a, 0x30, 0x38, 0x1d, 0x5b, 0x57, 0x52, 0x5a, 0x54, 0x52, 0x4f, 0x57, 0x5a, 0x54, 0x52, 0x52, 0x57, 0x5d, 0x5c, 0x5b, 0x5b, 0x5b, 0x5c, 0x07, 0x07, 0x04, 0x0c, 0x0e, 0x0e, 0x24, 0x61, 0x1f, 0x61, 0x1f, 0x1f, 0x1f, 0x1f, 0x2c, 0x1f, 0x35, 0x33, 0x45, 0x39, 0x39, 0xb0, 0x49, 0x62, 0x5f, 0x2d, 0x33, 0x1e, 0x1e, 0x60, 0x02, 0x02, 0x02, 0x62, 0x60, 0x02, 0x02, 0x5e, 0x19, 0x03, 0x5e, 0x60, 0x5f, 0x01, 0x01, 0x02, 0x5e, 0x04, 0x5d, 0x00, 0x5d, 0x56, 0x00, 0x00, 0x00, 0x05, 0x17, 0x2b, 0x0a, 0x36, 0x05, 0x07, 0x04, 0x19, 0x9b, 0xb0, 0xaf, 0xae, 0x7c, 0x7b, 0xaf, 0xff, 0x62, 0x02, 0x5e, 0x03, 0x0f, 0x0d, 0x24, 0x3e, 0xd4, 0xd4, 0xdc, 0xdc, 0xd1, 0xd1, 0xd3, 0xe8, 0xf8, 0xf3, 0xe5, 0xd2, 0xd2, 0xc0, 0xbf, 0xc5, 0xa6, 0xa6, 0x7c, 0xb0, 0xb0, 0x7c, 0x9e, 0x6f, 0x72, 0x75, 0x75, 0x76, 0x7b, 0xa9, 0x82, 0x7d, 0xb1, 0xae, 0xbf, 0xdc, 0xdc, 0xd1, 0xd2, 0xf3, 0xda, 0xd2, 0xd1, 0xdd, 0xda, 0xd2, 0xde, 0x23, 0xe7, 0xdd, 0xdf, 0xdf, 0xe4, 0xda, 0xd9, 0xd8, 0x4c, 0xaf, 0x7c, 0xaf, 0x7b, 0x7a, 0x78, 0xa0, 0xa2, 0xa2, 0x9e, 0xa2, 0x78, 0x79, 0x79, 0x79, 0x78, 0xa0, 0x9e, 0xa3, 0xa3, 0x98, 0x8c, 0x8e, 0x92, 0x9a, 0x9a, 0x90, 0x8e, 0x95, 0xb6, 0x84, 0xb8, 0xb6, 0x8e, 0x8e, 0x8c, 0x8c, 0x97, 0x95, 0xa6, 0xaf, 0xb0, 0x7c, 0xb0, 0xc9, 0x90, 0xc9, 0xec, 0xc6, 0xc6, 0xed, 0xea, 0xed, 0xf0, 0xf2, 0xf2, 0xf1, 0xc4, 0xc4, 0xe9, 0xe9, 0xfd, 0xc6, 0xc6, 0xc4, 0xec, 0xca, 0xf1, 0xff, 0xae, 0xaa, 0xaa, 0x7b, 0xaf, 0xff, 0xec, 0xee, 0x2b, 0x34, 0xf6, 0xf2, 0xfb, 0xfb, 0xf7, 0xf6, 0xca, 0xf0, 0xf4, 0x47, 0xcb, 0xfc, 0xaf, 0xff, 0x39, 0xcd, 0x48, 0x26, 0x41, 0x3d, 0x36, 0x36, 0x3a, 0x44, 0x40, 0x27, 0x19, 0xf9, 0xff, 0xb0, 0x7b, 0x7b, 0x7b, 0x7c, 0x7b, 0xaa, 0xff, 0x46, 0x30, 0x1f, 0x3b, 
  0x2c, 0x35, 0x27, 0x3b, 0x41, 0x41, 0x22, 0x24, 0x47, 0x4c, 0x35, 0x0e, 0x06, 0x12, 0x29, 0x09, 0x06, 0x5d, 0x04, 0x4b, 0x4c, 0xb0, 0xd0, 0xaa, 0xad, 0xab, 0xa6, 0xff, 0x4a, 0x61, 0x09, 0x5b, 0x10, 0x3d, 0x30, 0x47, 0xfe, 0x43, 0x37, 0x35, 0x35, 0x4a, 0x46, 0x41, 0x38, 0x14, 0x5b, 0x57, 0x5a, 0x57, 0x52, 0x52, 0x54, 0x5a, 0x54, 0x52, 0x52, 0x57, 0x5c, 0x5c, 0x5b, 0x5b, 0x5c, 0x06, 0x5c, 0x06, 0x05, 0x5c, 0x07, 0x09, 0x0e, 0x1d, 0x61, 0x1f, 0x1f, 0x27, 0x1f, 0x27, 0x2f, 0x2d, 0x39, 0x49, 0xfc, 0xfc, 0xff, 0x63, 0x5f, 0x33, 0x1e, 0x1e, 0x62, 0x5e, 0x02, 0x02, 0x5f, 0x62, 0x62, 0x60, 0x02, 0x02, 0x5e, 0x19, 0x02, 0x60, 0x62, 0x5f, 0x59, 0x59, 0x02, 0x0d, 0x04, 0x5c, 0x03, 0x00, 0x03, 0x56, 0x04, 0x00, 0x05, 0x0e, 0x3a, 0x04, 0x17, 0x29, 0x07, 0x05, 0x15, 0x5f, 0xcc, 0xaf, 0x7b, 0x7b, 0xaa, 0x7c, 0xaf, 0x1e, 0x01, 0x02, 0x5f, 0x27, 0x19, 0x46, 0xfb, 0x50, 0xd1, 0xd1, 0xe1, 0xbc, 0xd1, 0xd1, 0xd5, 0xfd, 0xf3, 0xd5, 0xd2, 0xd2, 0xca, 0xbf, 0xb1, 0x63, 0xcc, 0xaa, 0x7c, 0x7c, 0xaf, 0x78, 0x74, 0x6f, 0x74, 0x7b, 0x7c, 0xae, 0x84, 0xb3, 0xb6, 0xbc, 0xbc, 0xdc, 0xf0, 0xd5, 0xd1, 0xd3, 0xf8, 0xd4, 0xd1, 0xd2, 0xde, 0xdf, 0x23, 0xf5, 0xe7, 0xe4, 0xe4, 0xe4, 0xd6, 0xd4, 0xd7, 0xd5, 0xbe, 0xff, 0xb0, 0xa6, 0xb0, 0x79, 0x79, 0x77, 0x77, 0xa0, 0xa2, 0x78, 0xa0, 0x78, 0xa9, 0xac, 0xa9, 0x78, 0xa2, 0x78, 0xab, 0x98, 0x8d, 0x8e, 0x9c, 0x98, 0xa4, 0x9a, 0x9a, 0x95, 0x8c, 0xb7, 0xb6, 0x8e, 0xb6, 0x8c, 0x94, 0x92, 0x94, 0x95, 0x95, 0xae, 0xb0, 0x7b, 0xff, 0xa6, 0xc5, 0xf9, 0xec, 0xc4, 0xc6, 0xec, 0xc6, 0xc6, 0xf2, 0xf7, 0xca, 0xf1, 0xc7, 0xc6, 0xe9, 0xec, 0xe9, 0xca, 0xf4, 0xc4, 0xc6, 0xe9, 0xc6, 0xc5, 0xcc, 0xaf, 0xaa, 0x79, 0x7a, 0x7c, 0xff, 0xf4, 0xea, 0x34, 0x25, 0xf6, 0x34, 0xf2, 0xfa, 0x4a, 0xf4, 0xf4, 0xf2, 0xf2, 0xf6, 0xf7, 0x39, 0xaf, 0xaa, 0xaa, 0xb0, 0xfc, 0xf2, 0x46, 0x34, 0x3d, 0x2b, 0x36, 0x44, 0x2f, 0x47, 0x2d, 0x1e, 0x4c, 0xb0, 0x7b, 0x7b, 0x7c, 0x7b, 0x7c, 0xaa, 0xff, 0x4a, 0x3b, 0x33, 0x43, 
  0x44, 0x3b, 0x4a, 0x47, 0x38, 0x1a, 0x21, 0x3e, 0xff, 0x4c, 0x61, 0x09, 0x06, 0x1c, 0x3d, 0x1c, 0x12, 0x08, 0x5d, 0x04, 0x33, 0xff, 0xad, 0xbb, 0xab, 0xab, 0xbb, 0xd0, 0x4c, 0x03, 0x0e, 0x06, 0x08, 0x1c, 0x1a, 0x44, 0x4b, 0x43, 0x37, 0x37, 0x2f, 0x35, 0x3b, 0x34, 0x22, 0x17, 0x0e, 0x00, 0x57, 0x5a, 0x57, 0x4f, 0x52, 0x54, 0x5a, 0x52, 0x52, 0x52, 0x57, 0x09, 0x5c, 0x57, 0x5b, 0x5c, 0x09, 0x09, 0x06, 0x08, 0x06, 0x06, 0x07, 0x0e, 0x0e, 0x61, 0x15, 0x1f, 0x19, 0x1f, 0x1f, 0x37, 0x43, 0x49, 0xff, 0xb0, 0xcc, 0x62, 0xc5, 0x1e, 0x1e, 0x60, 0x5e, 0x02, 0x5e, 0x60, 0x62, 0x62, 0x60, 0x5f, 0x02, 0x02, 0x5e, 0x62, 0x02, 0x5e, 0xc8, 0x33, 0x59, 0x59, 0x02, 0x58, 0x00, 0x04, 0x04, 0x03, 0x00, 0x03, 0x00, 0x03, 0x00, 0x17, 0x41, 0x05, 0x04, 0x3d, 0x0c, 0x05, 0x0d, 0x5e, 0x63, 0xb0, 0x79, 0x7a, 0x7b, 0x7b, 0xaf, 0xa6, 0x01, 0x5f, 0xff, 0x4c, 0x27, 0x4a, 0x4b, 0xbe, 0xd3, 0xd1, 0xd3, 0xe6, 0xd1, 0xd1, 0xd1, 0x47, 0xe5, 0xd4, 0xd2, 0xc0, 0xe6, 0xb3, 0xb1, 0x33, 0x9b, 0x63, 0xa1, 0x7b, 0xaf, 0x78, 0x73, 0x75, 0x73, 0x7f, 0xaf, 0xaa, 0xb3, 0x84, 0xc4, 0xd3, 0xbc, 0xda, 0xfa, 0xd2, 0xd1, 0xd5, 0xf3, 0xd2, 0xd2, 0xd4, 0xe7, 0xf5, 0xf5, 0xdf, 0xdf, 0xdf, 0xd6, 0xd4, 0xd4, 0xd7, 0xd8, 0xd8, 0xc5, 0xb0, 0x7c, 0x7c, 0x7b, 0x7a, 0x9e, 0xa2, 0x77, 0xa2, 0x9e, 0xa1, 0x79, 0x79, 0xac, 0x7c, 0x79, 0x9d, 0x79, 0xa2, 0xa2, 0x92, 0x9e, 0xa2, 0x94, 0xa4, 0xa4, 0x98, 0x95, 0x8e, 0xb7, 0x8e, 0xb7, 0x95, 0x8e, 0x8e, 0x94, 0x92, 0x98, 0x9a, 0x9b, 0xaf, 0xaf, 0xb0, 0xb0, 0xc8, 0xc8, 0xc8, 0xc6, 0xc3, 0xe9, 0xec, 0xec, 0xf2, 0xca, 0xc6, 0xf1, 0xc6, 0xc4, 0xf4, 0xc4, 0xc6, 0xc4, 0xc6, 0xce, 0xf4, 0xc7, 0xc4, 0xec, 0xc4, 0xf9, 0xaf, 0xaa, 0x79, 0x79, 0xaa, 0xaf, 0x3c, 0xee, 0x34, 0xf3, 0x26, 0xf2, 0xf2, 0xf2, 0xf7, 0x4b, 0xcb, 0xf4, 0xca, 0x27, 0xca, 0x33, 0xcf, 0x7b, 0xa8, 0x7b, 0xa6, 0x33, 0xfb, 0x2b, 0x41, 0x36, 0x21, 0x3e, 0x47, 0x4a, 0x48, 0xf1, 0x43, 0xb0, 0x7b, 0x7c, 0x7a, 0x7c, 0x7c, 0xb0, 0xff, 0x47, 0x3f, 0x4c, 0xff, 
  0x33, 0x47, 0x47, 0x38, 0x1a, 0x17, 0x2e, 0x27, 0x4c, 0x33, 0x0e, 0x08, 0x08, 0x12, 0x32, 0x22, 0x2a, 0x32, 0x14, 0x04, 0x02, 0x45, 0xae, 0xa8, 0xa7, 0xa8, 0xa7, 0xae, 0x4c, 0x5e, 0x5c, 0x5b, 0x06, 0x1c, 0x0c, 0x1d, 0x47, 0x42, 0x47, 0x37, 0x2f, 0x37, 0x3b, 0x35, 0x3e, 0x38, 0x41, 0x28, 0x0c, 0x5c, 0x5c, 0x52, 0x52, 0x52, 0x54, 0x5a, 0x52, 0x52, 0x52, 0x5a, 0x5d, 0x5c, 0x5b, 0x5c, 0x5c, 0x09, 0x09, 0x08, 0x10, 0x08, 0x08, 0x14, 0x14, 0x0e, 0x0e, 0x61, 0x61, 0x15, 0x1f, 0x2d, 0x3c, 0xfc, 0xb0, 0xff, 0x9b, 0x63, 0x33, 0x1e, 0x60, 0x5f, 0x5e, 0x60, 0x1e, 0x1e, 0x63, 0x62, 0x5f, 0x5f, 0x5f, 0x59, 0x59, 0x19, 0x02, 0x60, 0x63, 0xb0, 0x01, 0x01, 0x62, 0x0f, 0x58, 0x04, 0x61, 0x03, 0x03, 0x00, 0x03, 0x03, 0x05, 0x0a, 0x3a, 0x04, 0x05, 0x0a, 0x20, 0x03, 0x04, 0x02, 0x62, 0xb0, 0x7a, 0x7a, 0x79, 0xa8, 0xaf, 0xaf, 0xcc, 0xaf, 0xae, 0x45, 0x63, 0x3c, 0xae, 0x55, 0xbe, 0xd2, 0xd1, 0xc0, 0xbe, 0xd1, 0xd5, 0xfd, 0xe6, 0xd2, 0xd5, 0xf7, 0xbd, 0xb2, 0xb3, 0x7c, 0x4c, 0x63, 0x97, 0xaa, 0x7c, 0xb0, 0xa2, 0x76, 0x7f, 0x7d, 0x83, 0xbb, 0xb2, 0xb5, 0xc1, 0xbc, 0xd2, 0xe5, 0xf0, 0xd2, 0xd1, 0xdc, 0xea, 0xd2, 0xd6, 0x23, 0xf5, 0xe7, 0xdd, 0xdd, 0xdd, 0xdd, 0xdd, 0xdd, 0xde, 0xe2, 0xc0, 0xf9, 0xb0, 0xb0, 0xb0, 0x7c, 0x7a, 0x78, 0x78, 0xa2, 0x9d, 0xa1, 0x7b, 0x7a, 0x7b, 0x7a, 0x7b, 0xaa, 0x78, 0x79, 0xa2, 0x9d, 0x77, 0x98, 0xa5, 0xa7, 0xa5, 0xa4, 0x77, 0x8e, 0x92, 0x8c, 0x94, 0x8e, 0x8e, 0x9a, 0x8e, 0x94, 0x9a, 0x98, 0x9d, 0x98, 0x9d, 0xaf, 0xaf, 0xb0, 0xa6, 0x97, 0xc8, 0xc4, 0xc3, 0xc3, 0xc5, 0xf2, 0xf1, 0x27, 0xc6, 0xc6, 0xcb, 0xc7, 0xec, 0xca, 0xc6, 0xc6, 0xc7, 0xc4, 0xcb, 0xd0, 0xc8, 0xc6, 0xc4, 0xc5, 0xcc, 0xaf, 0x7b, 0x7a, 0x7b, 0x7a, 0xaf, 0x39, 0xea, 0x34, 0x25, 0x34, 0x26, 0xf6, 0xf2, 0xf2, 0xfd, 0xfe, 0xf7, 0x3c, 0xca, 0xf4, 0xc8, 0xce, 0xae, 0x7a, 0x79, 0x7a, 0xcc, 0x43, 0xf6, 0x3e, 0x41, 0x21, 0x3a, 0x44, 0x4a, 0x4c, 0x39, 0x39, 0x7c, 0xaa, 0x7c, 0x7b, 0x7b, 0x49, 0x4c, 0x3f, 0x26, 0x46, 0x4c, 0x49, 
  0x4b, 0x4b, 0x30, 0x22, 0x22, 0x22, 0x26, 0x4a, 0xff, 0x19, 0x0e, 0x08, 0x06, 0x06, 0x41, 0x22, 0x10, 0x10, 0x32, 0x1d, 0x24, 0x4b, 0xaf, 0xa8, 0xa7, 0xab, 0xbb, 0xa8, 0xb0, 0x60, 0x00, 0x5b, 0x06, 0x14, 0x06, 0x14, 0x38, 0x34, 0x47, 0x47, 0x37, 0x37, 0x37, 0x3b, 0x44, 0x46, 0x46, 0x46, 0x44, 0x2e, 0x0e, 0x5d, 0x57, 0x52, 0x57, 0x5a, 0x5a, 0x57, 0x52, 0x57, 0x5a, 0x5d, 0x5c, 0x5a, 0x5c, 0x5c, 0x09, 0x12, 0x08, 0x12, 0x12, 0x12, 0x1c, 0x1a, 0x1a, 0x1d, 0x61, 0x61, 0x1f, 0x1f, 0x2d, 0x43, 0xfc, 0x7c, 0x49, 0xff, 0xff, 0x2d, 0x60, 0x5e, 0x1e, 0x2d, 0x33, 0x33, 0x1e, 0x5f, 0x01, 0x5f, 0xc5, 0x01, 0x01, 0x60, 0x02, 0x5f, 0xcc, 0xb0, 0x39, 0xff, 0x4c, 0x1e, 0x03, 0x0d, 0x61, 0x03, 0x00, 0x04, 0x03, 0x58, 0x04, 0x05, 0x28, 0x11, 0x00, 0x05, 0x15, 0x0d, 0x02, 0xdc, 0x39, 0xb0, 0x78, 0x7a, 0x7a, 0x79, 0xac, 0xad, 0xae, 0xae, 0xac, 0xa8, 0xc9, 0x39, 0xff, 0xc3, 0xd3, 0xe6, 0xd1, 0xd1, 0xed, 0xd3, 0xd2, 0x48, 0xe5, 0xd4, 0xed, 0xe2, 0xd3, 0xb3, 0x90, 0x98, 0x63, 0x4c, 0x63, 0x9d, 0xb0, 0x7c, 0x7c, 0x8d, 0x83, 0xb1, 0x7d, 0xbe, 0xb4, 0xfd, 0xc0, 0xd1, 0xd2, 0xef, 0xe2, 0xd2, 0xd1, 0xdc, 0xde, 0xdb, 0xf8, 0xf5, 0x13, 0xdf, 0xdf, 0xdf, 0xe4, 0xdf, 0xde, 0xd4, 0xda, 0xc3, 0xd0, 0xae, 0xfc, 0xb0, 0x7c, 0x7c, 0x7c, 0xb0, 0x7a, 0x9d, 0xb0, 0xaf, 0xff, 0xff, 0xb0, 0xb0, 0xff, 0xff, 0xff, 0x49, 0x7b, 0xb0, 0xaf, 0xaf, 0xae, 0xae, 0xad, 0xa1, 0x92, 0x94, 0x94, 0x8e, 0x92, 0x8c, 0x8e, 0x9a, 0x92, 0x94, 0x98, 0xa0, 0xa2, 0x78, 0xa8, 0xaf, 0xaf, 0xaf, 0xa8, 0x97, 0x97, 0xb9, 0xc5, 0xc7, 0xf1, 0xf1, 0xf2, 0xec, 0xec, 0xf1, 0xc9, 0xc7, 0xc4, 0xc7, 0xcd, 0xc4, 0xc6, 0xc4, 0xc5, 0xcf, 0xd0, 0xcb, 0xc8, 0xc4, 0xcc, 0xaf, 0xaa, 0x7a, 0x7b, 0x7b, 0xb0, 0xf4, 0xf0, 0x34, 0xef, 0x34, 0xf6, 0xf6, 0xca, 0x2f, 0xf2, 0x4b, 0xd0, 0xfe, 0xfe, 0xf9, 0xc9, 0xfc, 0xae, 0xa9, 0x7a, 0x7a, 0x7b, 0x43, 0xf7, 0x40, 0x46, 0x2b, 0x25, 0x34, 0x37, 0xfe, 0x4c, 0xb0, 0xb0, 0x7b, 0x7a, 0x7a, 0xaa, 0xff, 0x4a, 0x26, 0x34, 0x46, 0x42, 0x48, 
  0x4a, 0x30, 0x0c, 0x2a, 0x22, 0x2e, 0x26, 0x4b, 0x4c, 0x5e, 0x5d, 0x08, 0x06, 0x0c, 0x46, 0x46, 0x0c, 0x06, 0x08, 0x12, 0x0e, 0x44, 0x4c, 0xa8, 0xa8, 0xa5, 0xab, 0xa9, 0xff, 0x45, 0x5d, 0x5b, 0x1c, 0x12, 0x5b, 0x09, 0x3d, 0x2b, 0x3e, 0x4a, 0x42, 0x33, 0x2f, 0x37, 0x3b, 0x46, 0x46, 0x46, 0x4a, 0x4b, 0x4a, 0x3b, 0x04, 0x57, 0x56, 0x5c, 0x14, 0x5c, 0x57, 0x52, 0x57, 0x5d, 0x09, 0x06, 0x5b, 0x06, 0x09, 0x12, 0x12, 0x12, 0x12, 0x12, 0x12, 0x1c, 0x22, 0x22, 0x1d, 0x24, 0x1f, 0x27, 0x2d, 0x39, 0xf9, 0x45, 0xaf, 0xff, 0x49, 0x62, 0x60, 0x2d, 0x33, 0x2d, 0x33, 0x62, 0x5f, 0x01, 0x01, 0x5f, 0x94, 0x92, 0xc3, 0x60, 0x01, 0x62, 0xa1, 0x7c, 0xb0, 0xff, 0x39, 0x02, 0x5e, 0x1f, 0x04, 0x03, 0x03, 0x61, 0x03, 0x03, 0x58, 0x18, 0x0a, 0x20, 0x0a, 0x00, 0x02, 0x27, 0x62, 0x62, 0xb0, 0xb0, 0x79, 0x79, 0x78, 0x78, 0x79, 0x7b, 0xab, 0xab, 0xac, 0x7c, 0x63, 0xff, 0xff, 0xff, 0xd8, 0xea, 0xbc, 0xd1, 0xd3, 0xe3, 0xd5, 0xfa, 0xe2, 0xe2, 0xed, 0xbd, 0xd3, 0xb7, 0x9a, 0x83, 0x84, 0xb0, 0x92, 0x9b, 0xb0, 0xaf, 0x7c, 0x83, 0x8e, 0x83, 0xbc, 0xbc, 0xe2, 0xca, 0xd4, 0xd2, 0xd4, 0xf8, 0xde, 0xd2, 0xd4, 0xdd, 0x41, 0xf8, 0x3d, 0xeb, 0xe7, 0xe4, 0xdf, 0xdd, 0xd6, 0xd6, 0xd6, 0xd5, 0xbd, 0xc2, 0xaf, 0xb0, 0x7c, 0xb0, 0xaf, 0xb0, 0xae, 0xf9, 0xaf, 0xff, 0xd0, 0x59, 0xd3, 0xe3, 0xff, 0x4c, 0xec, 0xd8, 0xd8, 0xc0, 0x4c, 0xd0, 0xf1, 0xc6, 0xc6, 0xd0, 0xae, 0x9b, 0x9d, 0x9f, 0x8e, 0x92, 0x8e, 0x8d, 0x94, 0x94, 0x98, 0x94, 0x98, 0xa3, 0x78, 0x79, 0x7b, 0xaf, 0x7c, 0xa1, 0xa8, 0xa1, 0xa8, 0x9b, 0xce, 0xcb, 0xc6, 0xf2, 0xec, 0xe9, 0xec, 0xca, 0xc7, 0xc8, 0xc4, 0xc6, 0xcd, 0xc7, 0xc4, 0xc4, 0xc4, 0xcb, 0xcb, 0xaf, 0xcf, 0xc9, 0xaf, 0xae, 0x7a, 0x7a, 0xaa, 0x7b, 0xaf, 0x39, 0xf0, 0x34, 0x18, 0x34, 0x26, 0xf6, 0xf2, 0xf7, 0xf0, 0xf2, 0xfd, 0xfe, 0xaf, 0xcf, 0xcc, 0xaa, 0xa8, 0x7a, 0xa8, 0xab, 0x7c, 0xfc, 0x3c, 0x3f, 0xfb, 0x40, 0x25, 0x34, 0x42, 0xcb, 0xff, 0xb0, 0x7b, 0x7c, 0x7c, 0x7c, 0xb0, 0x4c, 0x2f, 0x25, 0x41, 0x41, 0x46, 0x46, 
  0x38, 0x0a, 0x1c, 0x2a, 0x10, 0x21, 0x27, 0xff, 0xff, 0x5e, 0x0a, 0x06, 0x06, 0x3d, 0x3b, 0x30, 0x38, 0x1c, 0x08, 0x08, 0x14, 0x0a, 0x42, 0xff, 0xa8, 0xad, 0xab, 0xa9, 0xa3, 0xff, 0x15, 0x0e, 0x14, 0x08, 0x5b, 0x06, 0x2a, 0x22, 0x21, 0x3b, 0x42, 0x3b, 0x3c, 0x2f, 0x2f, 0x35, 0x3b, 0x3b, 0x47, 0x4a, 0x4a, 0x4a, 0x41, 0x0e, 0x5b, 0x08, 0x32, 0x14, 0x5b, 0x57, 0x57, 0x5a, 0x09, 0x09, 0x06, 0x06, 0x08, 0x08, 0x12, 0x12, 0x1b, 0x12, 0x16, 0x1c, 0x22, 0x2e, 0x1d, 0x24, 0x24, 0x35, 0x37, 0x3c, 0x45, 0x45, 0x49, 0xcc, 0x1e, 0x60, 0x63, 0x33, 0x33, 0x1e, 0x62, 0x5f, 0x5f, 0x01, 0x01, 0x92, 0x76, 0x98, 0x90, 0x5f, 0x5f, 0x5f, 0xa8, 0x7c, 0xb0, 0xff, 0x62, 0x5f, 0x60, 0x61, 0x5e, 0x00, 0x0d, 0x61, 0x03, 0x58, 0x04, 0x1f, 0x04, 0x20, 0x0c, 0x04, 0x03, 0x2d, 0x39, 0xb0, 0xb0, 0xaa, 0x7a, 0x7a, 0x79, 0x78, 0x78, 0x78, 0xa9, 0xac, 0xa9, 0x7a, 0xaa, 0xb0, 0xbc, 0xbc, 0xd8, 0xc0, 0xe1, 0xd1, 0xd1, 0xd5, 0xe1, 0xf3, 0xf0, 0xed, 0xe2, 0xbc, 0xb2, 0xb9, 0x8c, 0x82, 0x84, 0x7c, 0xcc, 0x7a, 0x7c, 0xb0, 0xa2, 0x83, 0x8c, 0xb4, 0xbc, 0xbc, 0xfa, 0xe2, 0xd2, 0xd2, 0xd6, 0xf3, 0xdc, 0xd4, 0xd6, 0xe7, 0xf8, 0x29, 0xe4, 0xdf, 0xdd, 0xd6, 0xdd, 0xd6, 0xdf, 0xdd, 0xda, 0xc0, 0xc3, 0xb0, 0xaf, 0xa6, 0x79, 0xb0, 0xaf, 0xc5, 0xbd, 0xbc, 0xff, 0x4c, 0xd8, 0xbd, 0xd5, 0xd5, 0x4b, 0xbf, 0xd5, 0xe0, 0xd7, 0xd9, 0xea, 0xc0, 0xd8, 0xd8, 0xd8, 0xe6, 0xc1, 0xc1, 0xc4, 0x95, 0xb9, 0x98, 0x95, 0x94, 0x94, 0x98, 0x9c, 0x9a, 0xa2, 0xa1, 0x9d, 0x9d, 0xaa, 0x7b, 0xa6, 0xa6, 0xa8, 0xae, 0xa1, 0x9f, 0xc9, 0xc4, 0xc6, 0xf2, 0xec, 0xed, 0xec, 0xf4, 0xb9, 0xf4, 0xc7, 0xc4, 0xca, 0xf4, 0xb9, 0xc6, 0xc3, 0xf4, 0xc8, 0xd0, 0xae, 0xaf, 0xae, 0x7c, 0x7a, 0x79, 0x7b, 0x7b, 0xff, 0x39, 0xed, 0xf0, 0xee, 0x34, 0xf0, 0x2f, 0xf7, 0x47, 0xf7, 0xed, 0xf4, 0x43, 0xfc, 0xae, 0xa8, 0xaa, 0xa8, 0xaa, 0xa8, 0xaa, 0xa8, 0xac, 0xf9, 0xf4, 0x3c, 0x47, 0xf6, 0xee, 0x48, 0xcd, 0x49, 0xae, 0x7c, 0x7c, 0x7c, 0x7b, 0xb0, 0x4c, 0x2c, 0x41, 0x2b, 0x21, 0x25, 0x24, 
  0x2e, 0x10, 0x2a, 0x1b, 0x22, 0x44, 0x45, 0x7c, 0xaf, 0x42, 0x5d, 0x06, 0x1c, 0x2e, 0x24, 0x46, 0x0c, 0x32, 0x32, 0x08, 0x08, 0x5c, 0x0d, 0x4b, 0xb0, 0xad, 0xab, 0xa7, 0xa8, 0xaa, 0x4b, 0x3b, 0x09, 0x06, 0x5b, 0x06, 0x2a, 0x1c, 0x16, 0x30, 0x30, 0x3b, 0x47, 0x37, 0x2f, 0x2c, 0x2c, 0x30, 0x2c, 0x3e, 0x44, 0x46, 0x46, 0x44, 0x17, 0x07, 0x32, 0x32, 0x1c, 0x5b, 0x57, 0x57, 0x5c, 0x14, 0x12, 0x08, 0x08, 0x08, 0x12, 0x12, 0x12, 0x1c, 0x12, 0x14, 0x22, 0x1d, 0x1d, 0x24, 0x24, 0x27, 0x37, 0x43, 0x43, 0xfe, 0xfc, 0x33, 0x5f, 0x2d, 0x33, 0x2d, 0x62, 0x60, 0x5f, 0x62, 0x62, 0x01, 0x01, 0x98, 0x77, 0xa0, 0x63, 0xc3, 0x01, 0x62, 0xff, 0xb0, 0xaf, 0xaf, 0x5f, 0x5e, 0x60, 0x15, 0x03, 0x03, 0x1f, 0x0d, 0x03, 0x03, 0x15, 0x15, 0x04, 0x0a, 0x1a, 0x03, 0x03, 0x27, 0x62, 0x49, 0xaf, 0x7c, 0x7b, 0x79, 0x79, 0x79, 0x78, 0x79, 0xa7, 0x79, 0x79, 0x79, 0xb0, 0xff, 0xb1, 0xd1, 0xd2, 0xbd, 0xfb, 0xbc, 0xd1, 0xd1, 0xdc, 0xf8, 0xfa, 0xe6, 0xbd, 0xbd, 0xb5, 0xb6, 0x83, 0x85, 0x84, 0xb0, 0x7c, 0xb0, 0xb0, 0xaf, 0x8e, 0x83, 0x8c, 0xb6, 0xbc, 0xbd, 0xfd, 0xc0, 0xd3, 0xd4, 0xd5, 0xf3, 0xd8, 0xdc, 0xf8, 0xf8, 0x13, 0xdf, 0xdf, 0xdf, 0xe4, 0xdf, 0xe4, 0xdf, 0xdd, 0xda, 0xbe, 0xc7, 0xff, 0xaf, 0x90, 0xb1, 0x01, 0xae, 0x02, 0xd5, 0xdc, 0xd4, 0xea, 0xf0, 0xd8, 0xdb, 0xd7, 0xd4, 0xdc, 0xdc, 0xe0, 0xd4, 0xd7, 0xd7, 0xdc, 0xdb, 0xd9, 0xd7, 0xda, 0xdb, 0xde, 0xe5, 0xe6, 0xe9, 0xc4, 0xb8, 0x95, 0x98, 0x9a, 0x9e, 0x9d, 0xa2, 0x98, 0x9d, 0x9b, 0xcc, 0xa6, 0xaa, 0xfc, 0xba, 0xae, 0x97, 0x97, 0xce, 0xb8, 0xec, 0xf4, 0xc6, 0xec, 0xf2, 0xc6, 0xec, 0xc6, 0xb8, 0xb9, 0xc4, 0xb9, 0xf4, 0xf1, 0xc8, 0xec, 0xf4, 0xc9, 0xf9, 0xaf, 0x7a, 0x7c, 0x7a, 0x79, 0x7a, 0x7b, 0x7b, 0xaf, 0xf9, 0xf4, 0xf0, 0xee, 0xf0, 0x34, 0xf0, 0x37, 0xca, 0x42, 0xf2, 0x27, 0xf7, 0xcc, 0xaa, 0x7a, 0xa9, 0xa8, 0xa8, 0xa8, 0xac, 0xab, 0xaa, 0xa8, 0x49, 0x45, 0x48, 0x4a, 0xec, 0x37, 0x45, 0xfc, 0xb0, 0x7b, 0x7b, 0x7c, 0xaf, 0xb0, 0x3c, 0xf6, 0x41, 0x3e, 0x2e, 0x25, 0x44, 
  0x1c, 0x1b, 0x2a, 0x1b, 0x22, 0x47, 0x49, 0xa9, 0xaf, 0x4c, 0x0a, 0x08, 0x3d, 0x17, 0x3e, 0x47, 0x22, 0x07, 0x1c, 0x32, 0x12, 0x09, 0x03, 0x60, 0x4c, 0xa1, 0xae, 0xab, 0xab, 0xad, 0xff, 0x15, 0x07, 0x09, 0x5b, 0x5b, 0x2a, 0x2a, 0x10, 0x22, 0x1a, 0x30, 0x46, 0x3b, 0x35, 0x2f, 0x2c, 0x2c, 0x28, 0x28, 0x28, 0x2c, 0x3b, 0x46, 0x46, 0x0a, 0x16, 0x3d, 0x3d, 0x0e, 0x5b, 0x57, 0x5b, 0x09, 0x14, 0x10, 0x12, 0x08, 0x08, 0x14, 0x1c, 0x1a, 0x1c, 0x0c, 0x1a, 0x1d, 0x28, 0x1f, 0x1f, 0x1f, 0x37, 0x33, 0x43, 0xfe, 0x43, 0x1e, 0x1e, 0x33, 0x2d, 0x60, 0x5f, 0x62, 0x1e, 0x62, 0x60, 0x01, 0x01, 0xa3, 0x94, 0xa3, 0x9b, 0x01, 0x01, 0xc8, 0xb0, 0xb0, 0xaf, 0x39, 0x01, 0x5f, 0x02, 0x02, 0x03, 0x15, 0x1f, 0x5e, 0x03, 0x03, 0x0f, 0x1f, 0x0a, 0x04, 0x1a, 0x03, 0x03, 0x5e, 0xc3, 0x49, 0xaf, 0xa8, 0x7b, 0x7a, 0x79, 0x79, 0x78, 0x78, 0x78, 0x79, 0x7a, 0x7c, 0xb0, 0xaf, 0xb4, 0xb2, 0xbd, 0xd1, 0xc0, 0xf2, 0xd1, 0xd1, 0xd4, 0x46, 0xf3, 0xc0, 0xbd, 0xb2, 0xb9, 0xb4, 0x82, 0x85, 0x92, 0x7c, 0x7a, 0x7c, 0xb0, 0xae, 0x8e, 0xb4, 0x8c, 0xb3, 0xb1, 0xbe, 0xca, 0xbd, 0xd5, 0xd5, 0xd5, 0xe5, 0xc0, 0xef, 0xf8, 0xeb, 0xe4, 0x13, 0x13, 0xeb, 0xdf, 0xdd, 0xdd, 0xd6, 0xda, 0xd8, 0xc5, 0xae, 0xaf, 0x89, 0x84, 0xb3, 0x84, 0x4c, 0xd5, 0xde, 0xdb, 0xd7, 0xd7, 0xe0, 0xe4, 0xdb, 0xd9, 0xd7, 0xd7, 0xe4, 0xd7, 0xd4, 0xd4, 0xdb, 0xdf, 0xd7, 0xd7, 0xdb, 0xe4, 0xe4, 0xe7, 0xe4, 0xe1, 0xe2, 0xc3, 0xb8, 0x97, 0x9a, 0xa2, 0xa4, 0x98, 0xa5, 0xa8, 0xac, 0xae, 0xa1, 0xcc, 0xba, 0xa6, 0xae, 0xc9, 0x90, 0xce, 0xc5, 0xc5, 0xc5, 0xc7, 0xf2, 0xc6, 0xc6, 0xf1, 0xf1, 0xc7, 0xc7, 0xc7, 0xb9, 0xc6, 0xce, 0xc7, 0xc6, 0xec, 0xc7, 0xf1, 0xcc, 0xaf, 0xa8, 0x7a, 0x7a, 0x79, 0x7a, 0x7b, 0x7c, 0xaf, 0xcc, 0x43, 0xf4, 0xf0, 0x26, 0x34, 0xf2, 0xf6, 0xf4, 0xfd, 0x48, 0xf0, 0xf1, 0xcb, 0xa6, 0xac, 0xa9, 0xa8, 0xa8, 0xa8, 0xab, 0xa8, 0xab, 0xa8, 0xaf, 0x7c, 0xc9, 0x48, 0x2d, 0xf2, 0xfe, 0xa6, 0x7c, 0x7b, 0x7c, 0x7c, 0x7c, 0xff, 0x39, 0x27, 0x25, 0x2c, 0x40, 0x46, 0x35, 
  0x1b, 0x1b, 0x2a, 0x16, 0x17, 0x3b, 0xb0, 0xa1, 0xb0, 0x27, 0x04, 0x1c, 0x22, 0x22, 0x44, 0x46, 0x44, 0x0c, 0x08, 0x12, 0x3d, 0x2e, 0x0a, 0x02, 0xff, 0xae, 0x7b, 0xa9, 0xa9, 0xae, 0x4c, 0x5e, 0x09, 0x12, 0x5b, 0x5b, 0x1b, 0x1b, 0x08, 0x1c, 0x1c, 0x22, 0x30, 0x44, 0x3b, 0x3b, 0x2c, 0xf6, 0x30, 0x34, 0x30, 0x2c, 0x35, 0x47, 0x4a, 0x4a, 0x2b, 0x44, 0x4a, 0x46, 0x0d, 0x05, 0x03, 0x0a, 0x0e, 0x07, 0x0c, 0x10, 0x06, 0x0c, 0x1d, 0x1d, 0x1d, 0x0e, 0x61, 0x24, 0x24, 0x1f, 0x2f, 0x27, 0x2d, 0x3c, 0x42, 0x45, 0x39, 0x63, 0x33, 0x63, 0x62, 0x5f, 0x1e, 0x33, 0x1e, 0x5f, 0x60, 0x01, 0x87, 0xa5, 0x75, 0x9c, 0xab, 0x01, 0x89, 0xb0, 0xb0, 0xb0, 0xaf, 0x63, 0x01, 0x01, 0x1e, 0x60, 0x02, 0x1f, 0x1f, 0x02, 0x5e, 0x0f, 0x60, 0x19, 0x0a, 0x03, 0x0d, 0x5e, 0x58, 0x02, 0x02, 0x49, 0xb0, 0x79, 0x7a, 0x7a, 0x79, 0xa7, 0x79, 0x78, 0xa2, 0x78, 0x7a, 0x7c, 0xaa, 0xff, 0xa6, 0xbc, 0xc1, 0xd3, 0xd1, 0xfb, 0xd8, 0xd1, 0xd4, 0xfb, 0xf3, 0xbe, 0xbd, 0xc7, 0xb5, 0x7f, 0x87, 0x94, 0x7a, 0xb0, 0x7a, 0x92, 0x87, 0x9a, 0x9a, 0x87, 0xb6, 0x83, 0xd3, 0xc1, 0xc4, 0xbd, 0xbe, 0xd8, 0xdc, 0xe5, 0xfb, 0xf8, 0xeb, 0xe7, 0xe4, 0xdf, 0xdf, 0xdd, 0xd6, 0xd6, 0xdc, 0xc0, 0xe3, 0xc3, 0xae, 0xaf, 0x98, 0xb5, 0x90, 0xbf, 0xbe, 0xdc, 0xde, 0xe4, 0xd6, 0xd7, 0xd7, 0xe0, 0xde, 0xd7, 0xd4, 0xd7, 0xe4, 0xd9, 0xd4, 0xd4, 0xd7, 0xe4, 0xd7, 0xd7, 0xdf, 0x13, 0xe7, 0xdf, 0xdd, 0xe0, 0xe2, 0xe9, 0xce, 0xab, 0x79, 0x9e, 0x9d, 0xa3, 0xa8, 0xa9, 0xaf, 0xae, 0x7b, 0xa1, 0x9f, 0xcc, 0xae, 0xae, 0x90, 0xc9, 0xb8, 0xc5, 0xc4, 0xc7, 0xf1, 0xc6, 0xc7, 0xec, 0xce, 0xb9, 0xc7, 0xc7, 0xb9, 0xb9, 0xb7, 0xcd, 0xcc, 0xc7, 0xc5, 0xc7, 0xb9, 0xf9, 0x7c, 0x7a, 0x7a, 0x7b, 0x7b, 0x7a, 0x7c, 0x7c, 0xaf, 0xfc, 0xd0, 0x43, 0xed, 0xf0, 0x34, 0xf6, 0x2f, 0xca, 0x43, 0xfd, 0x3f, 0xec, 0xc8, 0xf9, 0xac, 0xa8, 0xab, 0xa9, 0xa8, 0xab, 0xa8, 0xa8, 0x79, 0xac, 0x7c, 0xfc, 0xf9, 0xf9, 0xf1, 0xf9, 0x49, 0xb0, 0x7c, 0x7c, 0x7c, 0x7c, 0xb0, 0x45, 0x2d, 0x33, 0x48, 0x4b, 0x42, 0x27, 
  0x1b, 0x1b, 0x2a, 0x0e, 0x0d, 0x43, 0xff, 0xa8, 0xb0, 0x1e, 0x0a, 0x2e, 0x22, 0x2e, 0x3e, 0x3e, 0x44, 0x38, 0x0c, 0x06, 0x10, 0x1d, 0x46, 0x4a, 0xfe, 0xae, 0x7b, 0x9b, 0xa8, 0x7c, 0xff, 0x5e, 0x05, 0x12, 0x5c, 0x06, 0x12, 0x1c, 0x12, 0x1b, 0x1b, 0x10, 0x22, 0x28, 0x35, 0x44, 0x35, 0x2c, 0x2c, 0x30, 0x35, 0x3e, 0x3b, 0x3b, 0x42, 0x42, 0x44, 0x44, 0x4a, 0x4b, 0x46, 0x46, 0x44, 0x4a, 0x44, 0x20, 0x0a, 0x5c, 0x00, 0x17, 0x2c, 0x1f, 0x15, 0x61, 0x15, 0x24, 0x2f, 0x27, 0x27, 0x27, 0x2d, 0x33, 0x48, 0x49, 0x45, 0x49, 0x39, 0x1e, 0x62, 0x1e, 0x33, 0x33, 0x60, 0x5f, 0x5f, 0x01, 0x89, 0xa0, 0x75, 0x99, 0xa5, 0xa9, 0xb0, 0xb0, 0xaf, 0xb0, 0xb0, 0xaa, 0x5f, 0xa6, 0x4c, 0x1e, 0x60, 0x27, 0x15, 0x02, 0x5e, 0x62, 0x60, 0x1f, 0x24, 0x58, 0x03, 0x1f, 0x60, 0x02, 0x01, 0x4c, 0xb0, 0x7b, 0x7a, 0x78, 0x78, 0xa3, 0x78, 0x78, 0x79, 0x78, 0x78, 0x7c, 0xb0, 0xb0, 0xaf, 0xb2, 0xbe, 0xc0, 0xd1, 0xd3, 0xfd, 0xd2, 0xd4, 0x46, 0xfa, 0xbd, 0xc1, 0xb9, 0xb3, 0xb3, 0x96, 0x8f, 0x7c, 0xb0, 0x7a, 0x94, 0xa4, 0x85, 0xb4, 0xb6, 0xb5, 0xb3, 0xb2, 0xe3, 0xc1, 0xb2, 0xc0, 0xe6, 0xe1, 0xef, 0xf8, 0xe7, 0xdf, 0xdf, 0xdf, 0xdf, 0xdf, 0xdd, 0xdd, 0xe2, 0xe6, 0xc1, 0xb5, 0xaf, 0xae, 0x9f, 0x8c, 0x89, 0xc4, 0xbe, 0xd5, 0xd4, 0xeb, 0xd7, 0xdd, 0xd7, 0xd9, 0x18, 0xd7, 0xd4, 0xd4, 0xd7, 0xe0, 0xd6, 0xd7, 0xd4, 0xe4, 0xdd, 0xdd, 0xeb, 0xe7, 0xdf, 0xd9, 0xdd, 0xdf, 0xe7, 0xea, 0xd0, 0xaf, 0x7b, 0xa0, 0x9e, 0xa2, 0xa9, 0xac, 0x7c, 0x7c, 0x7b, 0x7a, 0xa1, 0xa1, 0xcc, 0xa8, 0xba, 0x90, 0xb9, 0xc5, 0xb8, 0xb9, 0xc8, 0xc6, 0xf1, 0xc4, 0xc7, 0xcb, 0xcb, 0xb9, 0xb9, 0xb9, 0xb9, 0xc4, 0xcb, 0xd0, 0x39, 0xb9, 0xc5, 0x63, 0xad, 0xaf, 0x7b, 0x7b, 0x7b, 0x7b, 0x7b, 0x7b, 0x7c, 0xb0, 0xaf, 0xff, 0xf4, 0xec, 0x26, 0xf0, 0xf6, 0xf2, 0xf2, 0x43, 0xcd, 0xfe, 0xf4, 0xf1, 0xf9, 0xcf, 0x7a, 0xa8, 0xa8, 0x79, 0xab, 0xa8, 0xa8, 0xa8, 0x7a, 0x7c, 0xac, 0xa6, 0xf9, 0xf1, 0x3c, 0xa6, 0xb0, 0x7c, 0x7c, 0x7c, 0x7c, 0xff, 0xb0, 0x45, 0x4c, 0xff, 0xff, 0x43, 0x43, 
  0x1b, 0x1c, 0x1d, 0x24, 0x60, 0x4c, 0xad, 0xa8, 0xac, 0x48, 0x47, 0x17, 0x0a, 0x41, 0x24, 0x44, 0x35, 0x30, 0x38, 0x07, 0x0c, 0x0c, 0x0a, 0x4a, 0xff, 0x7b, 0xaa, 0x9b, 0xa1, 0x7c, 0xd0, 0x2d, 0x04, 0x14, 0x09, 0x08, 0x1c, 0x12, 0x08, 0x12, 0x1b, 0x10, 0x14, 0x22, 0x1d, 0x30, 0x3b, 0x35, 0x24, 0x2c, 0x28, 0x28, 0x28, 0x24, 0x30, 0x3b, 0x24, 0x24, 0x2c, 0x46, 0x4b, 0x4b, 0x4c, 0x4c, 0x4c, 0x42, 0x1f, 0x0b, 0x5e, 0x2f, 0x4c, 0x2d, 0x27, 0x60, 0x19, 0x37, 0x3c, 0x37, 0x33, 0x2d, 0x33, 0x3c, 0x48, 0x45, 0xff, 0x4c, 0xf9, 0x62, 0x2d, 0x33, 0x33, 0x60, 0x5f, 0x02, 0x60, 0x01, 0x8c, 0xa0, 0x75, 0x99, 0x9e, 0xad, 0xaf, 0x7c, 0xb0, 0xb0, 0xb0, 0xb0, 0xb0, 0xb0, 0xff, 0x5f, 0x60, 0x27, 0x0f, 0x02, 0x15, 0x60, 0x5e, 0x60, 0x27, 0x03, 0x02, 0x60, 0x1e, 0x01, 0x63, 0xb0, 0x7c, 0x7c, 0x7b, 0x78, 0x78, 0xa2, 0xa2, 0xa2, 0x78, 0x78, 0x79, 0x7a, 0x7c, 0xaf, 0xaf, 0x7c, 0xbd, 0xc6, 0xd1, 0xd1, 0xe1, 0xee, 0xd5, 0xf8, 0xf3, 0xbe, 0xc3, 0xc4, 0xb3, 0xb6, 0x94, 0x83, 0x98, 0xb0, 0x92, 0x87, 0x8d, 0x83, 0xb2, 0xc1, 0xb5, 0xb2, 0xb2, 0xe9, 0xc1, 0xc0, 0xc4, 0xed, 0xf8, 0x3e, 0xeb, 0xe4, 0xdf, 0xdf, 0xe4, 0xeb, 0xdf, 0xe4, 0xda, 0xd8, 0xec, 0xae, 0xaf, 0xbb, 0xa9, 0x8c, 0x89, 0xcb, 0xc1, 0xbd, 0xd4, 0xde, 0xe5, 0xd9, 0xdd, 0xd9, 0xef, 0xdc, 0xd2, 0xd4, 0xd4, 0xe0, 0xdb, 0xd7, 0xd7, 0xe0, 0xf5, 0x23, 0xe8, 0xde, 0xd9, 0xdb, 0xdf, 0xdf, 0xe4, 0xe8, 0xfa, 0xd0, 0xac, 0x78, 0x78, 0xa2, 0xa7, 0xad, 0xaf, 0x7c, 0x7b, 0x7a, 0x79, 0x78, 0xa1, 0xa1, 0xab, 0x95, 0x89, 0xb7, 0xb8, 0xb9, 0xc9, 0xc6, 0xc8, 0xec, 0xc4, 0xc8, 0xb9, 0xc9, 0xc8, 0xb9, 0xc9, 0xb9, 0xc5, 0xb9, 0xd0, 0xae, 0xf9, 0xb9, 0x97, 0xaa, 0xaa, 0x7b, 0x7c, 0x7c, 0x7c, 0x7b, 0x7c, 0x7c, 0x7c, 0xb0, 0xaf, 0x33, 0xec, 0xf0, 0xf0, 0x34, 0xf6, 0x2f, 0xca, 0x43, 0xcd, 0xcc, 0xec, 0xc9, 0xfc, 0xa8, 0xa8, 0xa9, 0xa8, 0xa8, 0x7a, 0xa1, 0xa8, 0xa9, 0x7a, 0xad, 0xaa, 0xa6, 0xc8, 0xc9, 0xa6, 0xb0, 0x7c, 0x7b, 0x7c, 0x7c, 0xaf, 0x45, 0x39, 0xfe, 0xff, 0x49, 0xff, 0xfe, 
  0x1c, 0x1a, 0x24, 0x42, 0x33, 0xaf, 0xac, 0xa8, 0xab, 0xff, 0x1f, 0x0d, 0x38, 0x20, 0x24, 0x46, 0x47, 0x1f, 0x28, 0x3d, 0x1d, 0x36, 0x04, 0x15, 0x4c, 0xa6, 0x7b, 0xa1, 0xcc, 0xac, 0xaf, 0xff, 0x47, 0x20, 0x14, 0x12, 0x1c, 0x12, 0x08, 0x12, 0x1b, 0x12, 0x12, 0x1c, 0x14, 0x1a, 0x30, 0x3b, 0x3e, 0x38, 0x30, 0x28, 0x30, 0x28, 0x2c, 0x30, 0x44, 0x1f, 0x25, 0x46, 0x4a, 0xfe, 0x4c, 0xff, 0xff, 0x4c, 0x4c, 0x4a, 0xfe, 0x4c, 0xb0, 0xff, 0xcc, 0x33, 0x33, 0x3c, 0x48, 0x43, 0x3c, 0x43, 0x43, 0x43, 0x45, 0x43, 0x4c, 0xfc, 0x63, 0x1e, 0x39, 0x33, 0x1e, 0x5f, 0x5f, 0x5f, 0x5f, 0x59, 0x92, 0x9e, 0x96, 0x99, 0x9e, 0x98, 0xa1, 0x7c, 0xb0, 0xb0, 0xb0, 0xb0, 0xb0, 0xb0, 0x39, 0x5f, 0xc5, 0x27, 0x5e, 0x0f, 0x60, 0x62, 0x02, 0x60, 0x1f, 0x60, 0x03, 0x60, 0xc5, 0x92, 0xb0, 0xb0, 0xaf, 0xae, 0x7b, 0x79, 0x78, 0xa2, 0xa2, 0xa0, 0xa3, 0xa2, 0x79, 0x78, 0xaf, 0x95, 0xbc, 0xb1, 0xbe, 0xf3, 0xbe, 0xd1, 0xd1, 0xeb, 0xe8, 0xf6, 0xed, 0xc1, 0xc6, 0xb2, 0xb4, 0xb8, 0x85, 0x85, 0x7b, 0xaf, 0x89, 0x87, 0x85, 0xb1, 0xb2, 0xb5, 0xc3, 0xb3, 0xbe, 0xc6, 0xc1, 0xbf, 0xed, 0xfa, 0xf8, 0xef, 0xe7, 0xeb, 0xe4, 0x13, 0xe4, 0xdf, 0xdd, 0xdc, 0xdc, 0xc1, 0xba, 0xae, 0xab, 0x9a, 0x8c, 0xb6, 0x90, 0xc6, 0xd8, 0xd8, 0xd4, 0xee, 0xde, 0xd7, 0xd7, 0xe0, 0xef, 0xd5, 0xd7, 0xd4, 0xd9, 0xe4, 0xd9, 0xdb, 0xe4, 0x44, 0xeb, 0xdd, 0xd2, 0xd2, 0xd4, 0xdb, 0xdd, 0xdd, 0xdf, 0xdf, 0xc1, 0xfc, 0xae, 0x78, 0x79, 0x9d, 0x7a, 0xae, 0x7a, 0x7a, 0x7a, 0x79, 0x79, 0x78, 0x78, 0xa1, 0xa5, 0x97, 0x97, 0xcc, 0xcf, 0x9b, 0xc7, 0xc8, 0xf4, 0xc2, 0xc5, 0xb9, 0xb5, 0xb9, 0xb9, 0xcb, 0x95, 0xcb, 0xb8, 0xc4, 0xf9, 0xae, 0xae, 0x9b, 0x9b, 0xa1, 0xa1, 0xaa, 0xb0, 0x7c, 0x7c, 0x7b, 0x7c, 0x7b, 0x7c, 0xb0, 0xff, 0xcb, 0xec, 0xf0, 0xf0, 0xf0, 0xf2, 0xf7, 0xf1, 0x43, 0xd0, 0xfc, 0xf4, 0xc9, 0xf9, 0xab, 0xa6, 0xa9, 0xa8, 0xa8, 0xa8, 0xa8, 0xa1, 0x7a, 0x7a, 0xa9, 0x7c, 0xaa, 0xcc, 0xc9, 0xa6, 0xaf, 0x7c, 0x7c, 0x7b, 0xb0, 0xb0, 0xf9, 0x49, 0x45, 0x45, 0xff, 0x49, 0x45, 
  0x1d, 0x20, 0x4b, 0xff, 0xaa, 0xae, 0xab, 0xa8, 0xae, 0xfc, 0x15, 0x30, 0x38, 0x61, 0x24, 0x4a, 0x4a, 0x2c, 0x0d, 0x2e, 0x41, 0x41, 0x17, 0x04, 0x4c, 0x7c, 0x7a, 0xa1, 0x78, 0xaa, 0xad, 0xff, 0x4b, 0x0d, 0x0c, 0x12, 0x12, 0x1b, 0x06, 0x06, 0x12, 0x12, 0x08, 0x12, 0x1c, 0x0c, 0x1a, 0x2e, 0x30, 0x3e, 0x35, 0x30, 0x30, 0x3e, 0x38, 0x44, 0x35, 0x35, 0x30, 0x44, 0x47, 0x47, 0x47, 0xfd, 0xfe, 0x4c, 0x4c, 0x4c, 0xff, 0xb0, 0xae, 0xaf, 0xb0, 0x4c, 0x45, 0xfe, 0xfe, 0xfe, 0x48, 0x48, 0x43, 0x42, 0x3c, 0x43, 0xfe, 0xf9, 0x2d, 0x39, 0x33, 0x2d, 0x62, 0x62, 0x60, 0x60, 0x5f, 0x01, 0x98, 0x77, 0x74, 0x99, 0x9c, 0x94, 0x9e, 0x7c, 0x7c, 0xb0, 0xb0, 0xb0, 0xb0, 0xb0, 0x63, 0x5f, 0x1e, 0x62, 0x02, 0x60, 0x1e, 0x60, 0x5f, 0x19, 0x19, 0x19, 0x03, 0x5e, 0x5f, 0x89, 0xb0, 0xb0, 0xaf, 0x7c, 0x7b, 0x7b, 0x7a, 0x79, 0x78, 0xa2, 0x9e, 0xa2, 0x79, 0x9d, 0xaf, 0xa1, 0xb1, 0xbc, 0xbc, 0xe2, 0xf8, 0xd2, 0xd2, 0xd3, 0x18, 0xfa, 0xed, 0xe9, 0xc1, 0xc1, 0xb7, 0x85, 0x83, 0x8a, 0xae, 0xaf, 0x87, 0xb6, 0x8a, 0x83, 0xb2, 0xc6, 0xc1, 0xb3, 0xc0, 0xc6, 0xe9, 0xe9, 0xf6, 0xf8, 0xe7, 0xdf, 0xdf, 0xdf, 0xdf, 0xdd, 0xdd, 0xde, 0xbe, 0xc1, 0x97, 0xae, 0xae, 0xab, 0xa7, 0xb7, 0x87, 0xc2, 0xbb, 0xbe, 0xd5, 0xd5, 0xde, 0xfb, 0xd7, 0xd4, 0xd9, 0xfb, 0xd7, 0xd4, 0xd6, 0xd6, 0xe0, 0xe7, 0xe0, 0xf8, 0x23, 0xd4, 0xd1, 0xd1, 0xd2, 0xd7, 0xd9, 0xdb, 0xdf, 0xe7, 0x13, 0xe5, 0xbf, 0xa6, 0xaf, 0xa1, 0x78, 0x78, 0xac, 0xa8, 0xa8, 0xaa, 0x79, 0x7a, 0x79, 0x78, 0x78, 0xa1, 0x78, 0xa1, 0xab, 0xad, 0x9f, 0xb8, 0xb9, 0xc5, 0xc4, 0xec, 0xb9, 0xc8, 0x90, 0x90, 0xb9, 0xb9, 0xce, 0x95, 0xc5, 0xb8, 0xcc, 0x9f, 0xae, 0xa8, 0xa2, 0xa1, 0x78, 0xaf, 0x7c, 0x7c, 0x7b, 0x7c, 0x7b, 0x7c, 0x7c, 0xb0, 0xb0, 0xfc, 0xf1, 0x27, 0xf2, 0xf0, 0x27, 0xfa, 0x2d, 0xc7, 0xff, 0xd0, 0xfe, 0xcb, 0xf9, 0xa1, 0xa8, 0x79, 0xa8, 0xa9, 0xa8, 0xa8, 0xa1, 0xa9, 0x79, 0x79, 0xac, 0xac, 0xa6, 0xcc, 0xa6, 0xaf, 0x7c, 0x7c, 0x7b, 0xb0, 0x49, 0xf9, 0x39, 0x43, 0x45, 0xf9, 0xcc, 0x45, 
  0x15, 0x27, 0xff, 0x7c, 0x7a, 0xab, 0xa8, 0xac, 0xaf, 0x1e, 0x15, 0x44, 0x20, 0x1a, 0x44, 0x35, 0x3f, 0x4a, 0x20, 0x0a, 0x24, 0x41, 0x2e, 0x03, 0x4b, 0x49, 0xaa, 0x7a, 0x79, 0xaa, 0xae, 0xaf, 0xff, 0x19, 0x05, 0x08, 0x1b, 0x12, 0x06, 0x5c, 0x08, 0x12, 0x08, 0x12, 0x1b, 0x12, 0x10, 0x1a, 0x2e, 0x30, 0x30, 0x2c, 0x24, 0x24, 0x28, 0x24, 0x2c, 0x35, 0x30, 0x2c, 0x3b, 0x46, 0x47, 0xfb, 0x48, 0x48, 0x43, 0x3c, 0x45, 0x49, 0xae, 0x7a, 0xaf, 0x49, 0x49, 0x43, 0x43, 0x43, 0x48, 0x42, 0x48, 0x42, 0x3f, 0x43, 0x48, 0x45, 0x39, 0x39, 0x33, 0x1e, 0x62, 0x63, 0x62, 0x5f, 0x01, 0x01, 0x79, 0xa2, 0x74, 0x74, 0x99, 0x77, 0x76, 0x77, 0x79, 0x7c, 0xb0, 0xb0, 0xb0, 0xb0, 0x63, 0x5f, 0x62, 0x5f, 0x01, 0x1e, 0x1e, 0x5f, 0x5f, 0x1e, 0x62, 0x1f, 0x15, 0x02, 0x59, 0x01, 0xb0, 0xb0, 0x7c, 0x7c, 0x7b, 0x7c, 0x7b, 0x79, 0x78, 0xa2, 0x9e, 0x9e, 0xa0, 0xa2, 0xaf, 0xae, 0xb3, 0xbf, 0xd2, 0xd2, 0xf6, 0xe5, 0xd1, 0xd2, 0xdc, 0xfb, 0xf2, 0xc4, 0xc0, 0xb5, 0xb6, 0xb6, 0x87, 0xad, 0xae, 0xba, 0x87, 0x89, 0x8c, 0x83, 0xb2, 0xc7, 0xc2, 0xbf, 0xc1, 0xc6, 0xf2, 0xfa, 0xf3, 0xeb, 0xe4, 0xdf, 0xdf, 0xe4, 0xdf, 0xe4, 0xde, 0xbe, 0xb9, 0x9b, 0xac, 0xab, 0xab, 0xad, 0xb7, 0xb4, 0xb5, 0xb8, 0xc7, 0xbd, 0xda, 0xda, 0xf3, 0xe5, 0xd4, 0xd4, 0xef, 0xe2, 0xd7, 0xda, 0xe4, 0xdf, 0xef, 0xf8, 0x40, 0xe0, 0xd4, 0xd2, 0xd5, 0xdc, 0xe2, 0xe5, 0xe7, 0x23, 0x13, 0x23, 0xe4, 0xe0, 0x33, 0xaf, 0x79, 0x79, 0x79, 0x7b, 0x7a, 0x7a, 0x7a, 0xa9, 0x7a, 0x79, 0x79, 0xa7, 0x78, 0xa5, 0x78, 0xad, 0x9d, 0x97, 0x95, 0xb9, 0xb9, 0xb9, 0xc7, 0xc8, 0xb8, 0xb9, 0xb8, 0x95, 0xb8, 0x95, 0xcf, 0x9f, 0xb9, 0xb9, 0x95, 0x9b, 0xab, 0xa7, 0x78, 0xa2, 0x7a, 0x7c, 0x7c, 0x7c, 0x7c, 0x7c, 0x7c, 0x7c, 0x7c, 0x7c, 0xb0, 0xff, 0xf4, 0xf1, 0xca, 0x27, 0xc6, 0xf2, 0x3c, 0xc7, 0x49, 0xd0, 0xfe, 0xf4, 0x39, 0xba, 0xa1, 0xa8, 0xa7, 0xa8, 0xab, 0x78, 0xa1, 0x78, 0x79, 0x79, 0xa9, 0xac, 0x7a, 0xa1, 0x79, 0x7c, 0x7c, 0x7c, 0x7c, 0xb0, 0xfc, 0x39, 0x39, 0xf9, 0x39, 0xf9, 0xfc, 0xb0, 
  0x1e, 0x45, 0xb0, 0xa8, 0xa8, 0xab, 0x7a, 0x7c, 0x7c, 0x2d, 0x3f, 0x30, 0x20, 0x2e, 0x44, 0x25, 0x42, 0x4a, 0x46, 0x0d, 0x0a, 0x38, 0x41, 0x30, 0x42, 0x37, 0x39, 0xcc, 0xa8, 0xac, 0xaf, 0xaa, 0xb0, 0x48, 0x04, 0x0c, 0x08, 0x12, 0x08, 0x06, 0x08, 0x09, 0x12, 0x08, 0x12, 0x12, 0x12, 0x12, 0x10, 0x1d, 0x38, 0x3e, 0x30, 0x24, 0x20, 0x20, 0x24, 0x30, 0x30, 0x25, 0x30, 0x46, 0x44, 0x40, 0x46, 0x3b, 0x46, 0x47, 0x43, 0x43, 0xa6, 0xfc, 0xaa, 0x49, 0x49, 0xfe, 0x45, 0x48, 0x42, 0x48, 0x48, 0xfa, 0x42, 0x3f, 0x43, 0x48, 0x45, 0x33, 0x1e, 0x63, 0x62, 0x1e, 0x1e, 0x5f, 0x01, 0x5f, 0xad, 0xa4, 0x96, 0x93, 0x99, 0x99, 0x74, 0x73, 0x98, 0xae, 0xae, 0xb0, 0xff, 0xff, 0xa1, 0x01, 0x89, 0x63, 0x5f, 0x63, 0x1e, 0x5f, 0x60, 0x63, 0x62, 0x62, 0x19, 0x5f, 0x01, 0x01, 0xaf, 0xaf, 0xae, 0x7b, 0xaa, 0x7a, 0x7a, 0x79, 0x78, 0xa2, 0xa2, 0xa0, 0x9e, 0xa0, 0x9d, 0xaf, 0x89, 0xd3, 0xc2, 0xd2, 0xd5, 0xfb, 0xd9, 0xd2, 0xd9, 0xf8, 0xfa, 0xe2, 0xc3, 0xb8, 0xb4, 0x83, 0x85, 0x98, 0xae, 0x9d, 0xb4, 0x8c, 0xb6, 0xb3, 0xc1, 0xc7, 0xb5, 0xb5, 0xc2, 0xf2, 0xfd, 0xf3, 0xea, 0xe4, 0xeb, 0xf5, 0x23, 0xf5, 0xe4, 0xe5, 0xbe, 0xbf, 0xaf, 0xaf, 0xad, 0x9f, 0xa5, 0x95, 0xb6, 0x84, 0xc2, 0xbb, 0xe2, 0xdc, 0xd5, 0xde, 0xf8, 0xd4, 0xd4, 0xe5, 0xf8, 0xd5, 0xd9, 0xe1, 0xef, 0x47, 0xf8, 0xda, 0xd2, 0xd2, 0xdc, 0xe2, 0xe1, 0xe2, 0xe1, 0xdd, 0xde, 0xdd, 0xdd, 0xdd, 0xee, 0x4b, 0xaf, 0x7b, 0xa8, 0x7a, 0xae, 0x7a, 0x7b, 0x79, 0x7a, 0x79, 0xa9, 0x79, 0x79, 0xa7, 0x78, 0xa7, 0xa7, 0x78, 0x98, 0x92, 0x95, 0xb7, 0xc5, 0xc7, 0xcb, 0xc8, 0xc7, 0x95, 0x90, 0x95, 0xb8, 0x95, 0xba, 0xad, 0x97, 0x90, 0x92, 0xa1, 0xab, 0xa2, 0x78, 0xa2, 0x79, 0x7b, 0x7c, 0xaf, 0x7c, 0x7c, 0x7c, 0x7c, 0xb0, 0xb0, 0xb0, 0xff, 0xf9, 0x1e, 0xf4, 0xec, 0x2d, 0xf7, 0xfe, 0xc8, 0xf4, 0xcd, 0xf4, 0xc8, 0xc9, 0xba, 0xa8, 0xa8, 0x78, 0xa7, 0xa9, 0xa8, 0xa1, 0xa1, 0xa7, 0x79, 0xa8, 0xac, 0xab, 0x79, 0xa8, 0x7a, 0x7c, 0xaf, 0x7c, 0xaf, 0x49, 0xf9, 0xf9, 0x39, 0xf9, 0xff, 0xfc, 0xa6, 
  0x45, 0xb0, 0x7c, 0x7b, 0xac, 0xaa, 0xa6, 0x39, 0x39, 0x37, 0x47, 0x24, 0x20, 0x41, 0x2e, 0x24, 0x47, 0x3b, 0x3f, 0x44, 0x0a, 0x0c, 0x20, 0x20, 0x44, 0x42, 0x37, 0x33, 0x45, 0xa6, 0x45, 0xcc, 0x39, 0xfc, 0x35, 0x30, 0x22, 0x12, 0x08, 0x08, 0x09, 0x08, 0x12, 0x08, 0x12, 0x12, 0x12, 0x12, 0x1c, 0x14, 0x17, 0x28, 0x3e, 0x30, 0x38, 0x30, 0x28, 0x30, 0x3e, 0x30, 0x44, 0x44, 0x46, 0x44, 0x46, 0x46, 0x46, 0x3b, 0x47, 0x43, 0x43, 0x45, 0x45, 0xfc, 0x49, 0x45, 0x43, 0x43, 0x43, 0x42, 0x47, 0x48, 0x3f, 0x42, 0x42, 0xfe, 0xfe, 0x33, 0x63, 0x33, 0x63, 0x63, 0x62, 0x5f, 0x01, 0x90, 0xad, 0x98, 0x93, 0x93, 0x96, 0x99, 0x93, 0x6e, 0x91, 0xa5, 0xad, 0xae, 0xb0, 0xb0, 0x49, 0x89, 0x45, 0x7c, 0x97, 0x63, 0x63, 0x5f, 0x62, 0x63, 0x62, 0x62, 0x63, 0x63, 0x01, 0x97, 0xb0, 0xae, 0xaf, 0xaa, 0xaa, 0x7b, 0x7a, 0x79, 0x77, 0x77, 0x77, 0xa0, 0xa2, 0x78, 0x78, 0x79, 0xaf, 0xb1, 0xc0, 0xe2, 0xd2, 0xdc, 0xf6, 0xd4, 0xd9, 0xfb, 0xef, 0xc2, 0xc6, 0xc1, 0xb7, 0x8c, 0x7f, 0x83, 0x87, 0xae, 0x89, 0xb6, 0xb6, 0x84, 0xc2, 0xb8, 0xc3, 0xb9, 0xc6, 0xfa, 0xfa, 0xe8, 0xeb, 0xe7, 0xe7, 0xe4, 0xdf, 0xdf, 0xc0, 0xe3, 0xc4, 0xae, 0xaf, 0xac, 0x9f, 0x95, 0xbb, 0xb6, 0xb4, 0xc1, 0xb9, 0xc6, 0xbd, 0xda, 0xdc, 0xef, 0xea, 0xd7, 0xde, 0xf8, 0xe2, 0xde, 0xf2, 0xfb, 0xf3, 0xda, 0xd2, 0xd2, 0xd1, 0xd1, 0xd1, 0xd1, 0xd2, 0xd2, 0xd4, 0xd7, 0xd7, 0xd6, 0xdb, 0xd9, 0xe1, 0xcf, 0xff, 0x79, 0xaa, 0x7b, 0x7c, 0x7a, 0x7a, 0x79, 0x79, 0x79, 0xa9, 0x79, 0xa7, 0x78, 0xa3, 0x78, 0xa7, 0xa3, 0x98, 0x92, 0x92, 0x97, 0xb9, 0xc8, 0xf4, 0xb8, 0x97, 0xb9, 0x95, 0x9b, 0x95, 0xb8, 0x9f, 0xab, 0xba, 0x90, 0x92, 0x78, 0xa5, 0x78, 0xa3, 0x78, 0x79, 0x7b, 0xb0, 0x7c, 0x7c, 0x7c, 0x7c, 0xaf, 0xaf, 0xaf, 0xaf, 0xb0, 0xd0, 0xc7, 0xf4, 0xec, 0xec, 0xf7, 0xf9, 0xcd, 0xf1, 0xf1, 0xf1, 0xf1, 0xf9, 0xa8, 0xa8, 0xa1, 0xa5, 0x79, 0xa8, 0xab, 0xa1, 0xa1, 0xa7, 0x78, 0xa9, 0xab, 0xab, 0x79, 0x79, 0x79, 0x7c, 0x7c, 0x7c, 0x7c, 0xb0, 0x49, 0xcc, 0xff, 0x49, 0xcc, 0x49, 0x7c, 
  0x7a, 0x7b, 0xaa, 0x7c, 0x7c, 0x49, 0x39, 0x3c, 0x33, 0x3f, 0x2f, 0x24, 0x44, 0x38, 0x0d, 0x38, 0x47, 0x3f, 0x2f, 0x46, 0x3a, 0x21, 0x17, 0x04, 0x20, 0x46, 0x35, 0x2d, 0x1f, 0x2d, 0x27, 0x33, 0x45, 0x45, 0x4c, 0x4b, 0x38, 0x0a, 0x08, 0x08, 0x08, 0x09, 0x08, 0x08, 0x08, 0x08, 0x12, 0x12, 0x12, 0x10, 0x10, 0x0c, 0x2e, 0x38, 0x30, 0x30, 0x30, 0x24, 0x30, 0x24, 0x30, 0x46, 0x46, 0x46, 0x46, 0x44, 0x46, 0x46, 0x3b, 0x42, 0x43, 0x45, 0x45, 0x45, 0xfe, 0xfc, 0xfe, 0x43, 0x43, 0x42, 0x48, 0x42, 0x47, 0x42, 0x43, 0x48, 0x45, 0x39, 0x39, 0x63, 0x62, 0x90, 0x1e, 0x89, 0x5f, 0xb0, 0xad, 0x94, 0x71, 0x6e, 0x93, 0x96, 0x71, 0x71, 0x71, 0x99, 0x9c, 0xa2, 0xaf, 0xb0, 0xb0, 0xb0, 0xaf, 0xa8, 0x95, 0x7c, 0x39, 0x62, 0x63, 0x63, 0x62, 0x5f, 0x62, 0xfc, 0x92, 0x7c, 0xaf, 0xb0, 0xac, 0x7b, 0x7a, 0x7b, 0x7b, 0x79, 0x78, 0x9d, 0x77, 0x77, 0x9e, 0xa3, 0xac, 0x78, 0xb0, 0xc5, 0xd1, 0xf8, 0xdc, 0xd4, 0xea, 0xea, 0xd9, 0xfb, 0xed, 0xc6, 0xc3, 0xb4, 0x95, 0xb6, 0x92, 0x7c, 0x89, 0x87, 0xb5, 0xb5, 0xb5, 0xc2, 0xc3, 0xc7, 0xb8, 0xc8, 0xfd, 0xf6, 0xe6, 0xe4, 0xe5, 0xe4, 0xde, 0xde, 0xde, 0xe2, 0xc2, 0xb7, 0x9f, 0xad, 0xad, 0xac, 0x8e, 0x9f, 0x90, 0xb5, 0xb3, 0xc2, 0xcf, 0xc0, 0xbe, 0xda, 0xc0, 0xf3, 0xdc, 0xdc, 0xe6, 0xf0, 0xf0, 0x4a, 0x4a, 0xf0, 0xe0, 0xd9, 0xdb, 0xdf, 0xe0, 0xe4, 0xe4, 0x13, 0xe7, 0x13, 0x23, 0x23, 0x31, 0xf5, 0x23, 0xe0, 0xbe, 0xf1, 0xb0, 0x7c, 0x7a, 0x7b, 0x7a, 0x7a, 0x79, 0x79, 0x79, 0x79, 0xa9, 0xa9, 0x79, 0x78, 0xa3, 0xa3, 0x78, 0x9e, 0x92, 0x94, 0x97, 0x95, 0xc8, 0xcb, 0xb8, 0xc5, 0x9f, 0x90, 0x95, 0xa8, 0x9a, 0x8e, 0x95, 0xae, 0xac, 0x9b, 0x98, 0xa7, 0xa7, 0xa3, 0x78, 0x78, 0x79, 0x7c, 0x7c, 0xb0, 0xaa, 0xaf, 0x7c, 0xb0, 0xaf, 0xaa, 0xaa, 0xb0, 0xd0, 0x63, 0xca, 0x27, 0xe9, 0xf1, 0xcd, 0x45, 0xc6, 0xc6, 0xf1, 0xc9, 0xba, 0xa1, 0xa1, 0xa7, 0xa1, 0xa5, 0xa8, 0xab, 0xa1, 0xa1, 0xa1, 0x78, 0xa7, 0xab, 0xab, 0xa9, 0x79, 0xa9, 0x7b, 0xaf, 0x7c, 0x7c, 0xb0, 0xcc, 0x7b, 0x7c, 0xaa, 0x7b, 0x7c, 0xaa, 
  0xaa, 0xaa, 0x45, 0xcc, 0x43, 0xf9, 0x42, 0x42, 0x3f, 0x35, 0x2f, 0x30, 0x44, 0x61, 0x20, 0x44, 0x3e, 0x47, 0xf6, 0xf0, 0x44, 0x41, 0x41, 0x04, 0x00, 0x44, 0x3b, 0x2f, 0x1f, 0x35, 0x35, 0x42, 0x45, 0x7c, 0x49, 0xff, 0x4b, 0x0a, 0x05, 0x08, 0x07, 0x09, 0x12, 0x12, 0x08, 0x08, 0x08, 0x08, 0x08, 0x12, 0x12, 0x10, 0x0c, 0x1d, 0x38, 0x30, 0x24, 0x61, 0x24, 0x24, 0x24, 0x2c, 0x44, 0x47, 0x46, 0x42, 0x44, 0x46, 0x46, 0x42, 0x42, 0x43, 0x45, 0x45, 0x45, 0x45, 0x45, 0x45, 0x43, 0x43, 0x42, 0x42, 0x42, 0x42, 0x42, 0x48, 0x45, 0x3c, 0x97, 0x63, 0x63, 0x63, 0x62, 0x45, 0xb0, 0xae, 0xad, 0x76, 0x71, 0x6e, 0x71, 0x96, 0x93, 0x72, 0x71, 0x71, 0x71, 0x96, 0xac, 0xb0, 0xb0, 0xb0, 0xaf, 0x90, 0x84, 0x89, 0x89, 0x62, 0xb0, 0x39, 0x62, 0x63, 0x01, 0x63, 0x8a, 0xaa, 0x7c, 0xaf, 0x7c, 0xac, 0x7a, 0x7c, 0x7b, 0x7a, 0x7a, 0xa3, 0xa0, 0x77, 0x76, 0x77, 0x79, 0xa2, 0xaf, 0xaf, 0xbc, 0xd5, 0xfb, 0xd8, 0xd5, 0xee, 0xe8, 0x34, 0xfa, 0xc4, 0xc1, 0xb7, 0xb7, 0x8c, 0x9d, 0xad, 0x94, 0xb3, 0xb4, 0xc2, 0xb9, 0xb4, 0xc4, 0xec, 0xb9, 0xfd, 0xf7, 0xe5, 0xe5, 0xeb, 0xe4, 0xeb, 0xe5, 0xe2, 0xc0, 0xc4, 0x97, 0xa5, 0xad, 0xa1, 0xae, 0x95, 0x90, 0xbb, 0xb5, 0xc2, 0xc1, 0xc7, 0xc4, 0xbe, 0xc0, 0xc0, 0xe2, 0xed, 0xc0, 0xe6, 0xfd, 0x4a, 0xfb, 0xe3, 0xd4, 0xd2, 0xd7, 0xdd, 0xe8, 0xeb, 0x18, 0xf5, 0x3a, 0xf5, 0xf5, 0xf5, 0x31, 0xf5, 0xdf, 0xdf, 0xdb, 0xe1, 0xf7, 0xff, 0xb0, 0x7c, 0x7b, 0x7b, 0x7a, 0x7a, 0x79, 0x79, 0x79, 0x7a, 0xab, 0xa9, 0xa7, 0x78, 0xa3, 0xa2, 0xa3, 0x98, 0x98, 0xa3, 0x9b, 0x95, 0xc8, 0x97, 0xc4, 0x95, 0x9f, 0x90, 0x95, 0xa9, 0x9a, 0x92, 0x97, 0xab, 0xab, 0x98, 0x9d, 0xa7, 0xa7, 0xa3, 0x78, 0x78, 0x79, 0x7b, 0xb0, 0x7c, 0xaf, 0x7c, 0xaf, 0xaf, 0xac, 0xcc, 0xcc, 0xaf, 0xce, 0xc8, 0xf7, 0xc7, 0xe9, 0x3f, 0xcb, 0x4b, 0xf4, 0xec, 0xf1, 0xc9, 0xa6, 0xa8, 0xa1, 0xa1, 0xa8, 0xa8, 0xba, 0xa8, 0xba, 0xa1, 0xa1, 0xa3, 0xa1, 0xab, 0xab, 0xab, 0xa9, 0xa9, 0x7b, 0x7c, 0x7c, 0x7c, 0xaa, 0x7c, 0x7c, 0x7a, 0x7c, 0xaa, 0xa6, 0x7b, 
  0xa6, 0x45, 0xf9, 0x3c, 0x3c, 0x3b, 0x37, 0x42, 0x3b, 0x37, 0x26, 0x44, 0x30, 0x17, 0x30, 0x3e, 0x2f, 0xf6, 0x4a, 0x27, 0x24, 0x46, 0x48, 0xe8, 0x58, 0x44, 0x4b, 0xfe, 0x3b, 0x35, 0x3b, 0x3b, 0x3c, 0x45, 0x49, 0xb0, 0x4c, 0x2d, 0x0a, 0x05, 0x0c, 0x2e, 0x10, 0x12, 0x08, 0x08, 0x08, 0x08, 0x08, 0x08, 0x12, 0x08, 0x10, 0x14, 0x22, 0x38, 0x30, 0x28, 0x28, 0x24, 0x24, 0x2c, 0x3b, 0x4a, 0x42, 0x40, 0x42, 0x46, 0x3f, 0x47, 0x42, 0x48, 0x42, 0x43, 0x43, 0xfe, 0x45, 0xfe, 0x43, 0x43, 0x43, 0x42, 0x42, 0x3f, 0x42, 0x43, 0x48, 0x39, 0x39, 0x63, 0x63, 0x90, 0x63, 0xb0, 0xaf, 0xaf, 0xad, 0x9e, 0x93, 0x71, 0x6e, 0x71, 0x74, 0x93, 0x70, 0x70, 0x6f, 0x72, 0x78, 0xaf, 0xb0, 0xaf, 0xaf, 0x7c, 0x8c, 0x83, 0x83, 0xb3, 0x89, 0x92, 0x63, 0xa1, 0x1e, 0x73, 0x5f, 0x98, 0xb0, 0xb0, 0xb0, 0x7c, 0xb0, 0x7c, 0xaa, 0xb0, 0x7a, 0x7a, 0x78, 0x9e, 0xa2, 0x76, 0x77, 0x77, 0xae, 0xaa, 0xc2, 0xbe, 0xdc, 0xfb, 0xd5, 0xd9, 0x34, 0xfb, 0xf2, 0xe3, 0xc4, 0xb7, 0xb6, 0x8c, 0x98, 0x98, 0xb5, 0xb5, 0xc4, 0xc2, 0xb8, 0xb7, 0xc4, 0xc8, 0xfa, 0xfa, 0xee, 0xef, 0xef, 0xeb, 0xeb, 0xe7, 0xe5, 0xdc, 0xbe, 0xb5, 0xae, 0xae, 0xa4, 0xa9, 0xa9, 0xb7, 0x95, 0xb9, 0xb4, 0xc1, 0xc1, 0xf4, 0xc1, 0xc0, 0xc0, 0xe3, 0xec, 0xc4, 0xf7, 0xfe, 0xf8, 0xdc, 0xd9, 0xd1, 0xd2, 0xd1, 0xd1, 0xd1, 0xd1, 0xd2, 0xd1, 0xd2, 0xd2, 0xd4, 0xd4, 0xd6, 0xdd, 0xdf, 0xe1, 0xe3, 0xec, 0xff, 0xff, 0xaf, 0x7c, 0x7b, 0x7a, 0x7a, 0x7a, 0x7a, 0x79, 0x7a, 0x79, 0x79, 0xa9, 0xa9, 0x78, 0xa3, 0xa2, 0xa2, 0xa2, 0x77, 0xa0, 0xa9, 0x95, 0x97, 0x9f, 0xb8, 0xb7, 0xb8, 0x97, 0x8e, 0x95, 0xad, 0xa5, 0x95, 0x94, 0xa9, 0x78, 0x77, 0x78, 0x78, 0x78, 0xa2, 0xa3, 0x78, 0x79, 0xaf, 0x7c, 0xb0, 0xaf, 0xae, 0xaf, 0xaa, 0xa1, 0x97, 0xc9, 0xce, 0xc9, 0xf1, 0xcb, 0xf1, 0xec, 0xcd, 0xf1, 0xf4, 0xf1, 0xec, 0xb9, 0xa1, 0xab, 0xa1, 0x9f, 0xa1, 0xa1, 0xba, 0xba, 0xa6, 0xba, 0xa1, 0xa1, 0x9d, 0xa2, 0xa9, 0xab, 0xa9, 0xa9, 0x79, 0xab, 0xac, 0x7b, 0xaf, 0x7c, 0xaa, 0x7b, 0x79, 0x7b, 0xaa, 0xaa, 0x49, 
  0x45, 0x45, 0x3c, 0x42, 0x42, 0x46, 0x3b, 0x3b, 0x37, 0x35, 0x3b, 0x38, 0x20, 0x20, 0x41, 0x26, 0x24, 0x47, 0x47, 0x3f, 0x19, 0x1f, 0x4a, 0x27, 0x61, 0x47, 0x4c, 0x4c, 0x3b, 0x35, 0x3b, 0x47, 0x3c, 0x33, 0x39, 0xfc, 0xff, 0x4c, 0x35, 0x0b, 0x2c, 0x44, 0x0c, 0x10, 0x12, 0x08, 0x08, 0x08, 0x08, 0x12, 0x12, 0x08, 0x12, 0x12, 0x10, 0x14, 0x2e, 0x30, 0x28, 0x20, 0x24, 0x30, 0x47, 0x47, 0x4a, 0x42, 0x42, 0x47, 0x47, 0x3f, 0x47, 0x42, 0x42, 0x43, 0x43, 0x45, 0xfe, 0x45, 0x45, 0x43, 0x48, 0x42, 0x42, 0x3f, 0x42, 0x42, 0x43, 0x43, 0x63, 0x97, 0x63, 0x63, 0xcc, 0xff, 0xaf, 0xa2, 0x77, 0x74, 0x93, 0x93, 0x6c, 0x71, 0x74, 0x72, 0x70, 0x6e, 0x6e, 0x6e, 0xa2, 0xac, 0x7c, 0xaf, 0xaf, 0xae, 0x7c, 0x92, 0x84, 0xb2, 0x7f, 0xb3, 0x84, 0x63, 0x7c, 0x45, 0x89, 0x79, 0xff, 0xb0, 0xb0, 0x7c, 0x7c, 0x7b, 0xb0, 0x7c, 0x7c, 0x7c, 0x7a, 0xa2, 0x77, 0xa0, 0x9c, 0x98, 0xa2, 0xac, 0x89, 0xc4, 0xd3, 0xee, 0xef, 0xdc, 0x18, 0xfb, 0xe9, 0xe9, 0xc4, 0xb5, 0x90, 0x95, 0x9d, 0x97, 0xb6, 0xb5, 0xc4, 0xc4, 0xb8, 0xb8, 0xc8, 0xf7, 0x4a, 0xf0, 0xef, 0xe5, 0xe4, 0xde, 0xde, 0xde, 0xc0, 0xe6, 0xb5, 0xcb, 0xae, 0xa1, 0x9a, 0xa9, 0x9a, 0xb6, 0xba, 0xb7, 0xc2, 0xbf, 0xc2, 0xc4, 0xc1, 0xc1, 0xe3, 0xe9, 0xfa, 0xd0, 0x4b, 0xed, 0xde, 0xdb, 0xd9, 0xd8, 0xda, 0xe1, 0xdc, 0xd8, 0xda, 0xd8, 0xda, 0xda, 0xd9, 0xdd, 0xdd, 0xdd, 0xd6, 0xe0, 0xfe, 0xff, 0xb0, 0xb0, 0xaf, 0x7b, 0xaa, 0x7a, 0x7a, 0xab, 0x7a, 0x7a, 0x7a, 0x7a, 0x79, 0x7a, 0xa9, 0x79, 0x78, 0xa2, 0xa0, 0x77, 0x9e, 0xa3, 0x9e, 0x8e, 0x94, 0x9f, 0xcb, 0xb8, 0x90, 0x95, 0x9d, 0x90, 0x8e, 0xa7, 0xa5, 0x94, 0x98, 0xa9, 0xa2, 0xa0, 0x78, 0xa3, 0xa3, 0xa3, 0xa3, 0x78, 0x7b, 0xb0, 0xaf, 0x7c, 0xaa, 0xae, 0xae, 0xa6, 0x9b, 0x39, 0xb9, 0x33, 0xf4, 0xc7, 0x39, 0xf4, 0xec, 0xcd, 0xcd, 0xc4, 0xec, 0xc7, 0xcc, 0x7c, 0xa8, 0x9b, 0xa1, 0x9f, 0xa1, 0xba, 0xba, 0xba, 0xba, 0xa8, 0x9f, 0x9d, 0x9d, 0xa9, 0xa9, 0xa7, 0xa9, 0x79, 0x79, 0x7a, 0x7b, 0x7c, 0xb0, 0x7b, 0x7c, 0x7c, 0xb0, 0xfc, 0xcc, 0xf9, 
  0x43, 0x3c, 0x3f, 0x42, 0x46, 0x3b, 0x35, 0x2f, 0x2f, 0x3b, 0x44, 0x2c, 0x20, 0x3e, 0x41, 0x24, 0x34, 0x3b, 0x37, 0x47, 0x35, 0x15, 0x1f, 0x3b, 0x3b, 0x35, 0x4b, 0x4b, 0x35, 0x2c, 0x35, 0x3b, 0x48, 0x3c, 0x2d, 0x3c, 0x39, 0x4c, 0xff, 0x4c, 0xff, 0x4b, 0x24, 0x05, 0x10, 0x10, 0x12, 0x12, 0x08, 0x08, 0x12, 0x1b, 0x12, 0x12, 0x12, 0x10, 0x1a, 0x2e, 0x2e, 0x1d, 0x0d, 0x28, 0x3b, 0x4a, 0x4a, 0x48, 0x42, 0x48, 0x42, 0x42, 0x42, 0x42, 0x43, 0x42, 0x43, 0x43, 0x45, 0xfe, 0x45, 0x45, 0x43, 0x48, 0x42, 0x42, 0x3f, 0x42, 0x43, 0x43, 0xcc, 0x63, 0x63, 0x9b, 0x45, 0xb0, 0x79, 0x98, 0x70, 0x6b, 0x6e, 0x71, 0x6e, 0x6e, 0x93, 0x72, 0x71, 0x6e, 0x6d, 0x6e, 0x74, 0x96, 0x76, 0xac, 0xaf, 0xb0, 0x7c, 0xaa, 0xaf, 0x89, 0xb3, 0x7f, 0xb2, 0xb2, 0xbf, 0xc5, 0x5f, 0xff, 0xaf, 0xb0, 0xb0, 0xb0, 0xaf, 0xaf, 0xb0, 0xb0, 0x7c, 0x7c, 0x79, 0xa2, 0x76, 0x9e, 0xa0, 0xa5, 0x9b, 0xaf, 0xb4, 0xc2, 0xe3, 0xd5, 0xfb, 0xea, 0xe8, 0xfb, 0xf2, 0xc7, 0xc1, 0xb8, 0x95, 0xa9, 0x9d, 0x9d, 0xb4, 0xc4, 0xc7, 0xc4, 0xb9, 0xc8, 0xcd, 0xfd, 0xed, 0xe5, 0xde, 0xe4, 0xe0, 0xe2, 0xe2, 0xe3, 0xc3, 0xb7, 0x95, 0xae, 0xae, 0x9a, 0x92, 0xbb, 0x89, 0xb6, 0xc9, 0xc2, 0xc2, 0xc1, 0xc8, 0xc3, 0xb5, 0xc5, 0xfd, 0xd0, 0xfb, 0xe1, 0xd8, 0xd5, 0xda, 0xde, 0xe2, 0xea, 0xe5, 0xf0, 0xf8, 0xf8, 0xf8, 0xf8, 0xf8, 0xf8, 0xf8, 0x23, 0xf5, 0xeb, 0xe4, 0xd9, 0xbd, 0xff, 0xff, 0xaa, 0x7c, 0x7c, 0x7a, 0x7a, 0xa9, 0x7a, 0xa9, 0x7a, 0x79, 0x79, 0x7a, 0x79, 0xa9, 0x79, 0xa3, 0xa2, 0x9e, 0x77, 0x9e, 0xa0, 0x98, 0x94, 0xa1, 0xad, 0x95, 0xb7, 0x8e, 0x9f, 0xa1, 0x8c, 0x90, 0xa5, 0xa5, 0x98, 0x9d, 0xa9, 0x9e, 0xa2, 0x78, 0xa2, 0xa2, 0xa2, 0xa3, 0x79, 0x7c, 0xaf, 0xaf, 0xa8, 0x9b, 0xad, 0xac, 0x9b, 0x97, 0xc9, 0xc8, 0xc8, 0xf4, 0xf1, 0xc8, 0xf9, 0xc7, 0xf4, 0x48, 0xc4, 0xec, 0x39, 0xae, 0x7c, 0xa8, 0x9d, 0xa1, 0x9b, 0xba, 0x9b, 0xba, 0xa1, 0xba, 0xa8, 0x9d, 0x9d, 0x9d, 0xa7, 0xa7, 0x78, 0xa9, 0xa9, 0xa9, 0xa9, 0x7a, 0x7c, 0x7c, 0x49, 0xac, 0xfc, 0xfc, 0x39, 0xf9, 0x49, 
  0x48, 0x42, 0x42, 0x3b, 0x35, 0x26, 0x2f, 0x37, 0x4a, 0x3b, 0x2c, 0x2c, 0x30, 0x44, 0x28, 0x25, 0x44, 0x2f, 0x37, 0x42, 0x42, 0x2c, 0x0f, 0x1f, 0x26, 0x1f, 0x2d, 0x4a, 0x35, 0x35, 0x24, 0x35, 0x47, 0x4b, 0x42, 0x2d, 0x27, 0x63, 0x45, 0xfc, 0x49, 0xff, 0x4b, 0x15, 0x05, 0x05, 0x07, 0x0c, 0x14, 0x08, 0x12, 0x12, 0x12, 0x12, 0x12, 0x08, 0x0c, 0x1a, 0x2e, 0x38, 0x20, 0x24, 0x26, 0x3b, 0x4a, 0x47, 0x48, 0x48, 0x48, 0x42, 0x48, 0x42, 0x42, 0x43, 0x43, 0x43, 0x45, 0x45, 0x45, 0x45, 0x48, 0x42, 0x48, 0x3f, 0x42, 0x42, 0x42, 0x43, 0xcc, 0x97, 0x97, 0xcc, 0xfc, 0xff, 0xb0, 0x9e, 0x72, 0x6c, 0x69, 0x6c, 0x71, 0x71, 0x71, 0x72, 0x93, 0x6e, 0x6c, 0x6e, 0x71, 0x70, 0x91, 0x79, 0xaf, 0xb0, 0xb0, 0xa6, 0xb0, 0xaf, 0xba, 0xb4, 0xb2, 0xb2, 0xbe, 0xbe, 0xbf, 0xb2, 0xb5, 0xc5, 0xff, 0xff, 0xc8, 0xad, 0xff, 0xb0, 0xb0, 0xb0, 0x7a, 0x7a, 0xa2, 0x76, 0x9e, 0xa2, 0xa7, 0xae, 0xa8, 0xb3, 0xed, 0xd8, 0xe1, 0x40, 0xf0, 0xfb, 0xf4, 0xc2, 0xc7, 0xb8, 0xb6, 0x8c, 0x95, 0xa8, 0xb7, 0xb5, 0xc7, 0xc7, 0xb9, 0xcb, 0xfd, 0xf0, 0xea, 0xeb, 0xea, 0xf3, 0xea, 0xe6, 0xc0, 0xb7, 0xb7, 0xa1, 0xae, 0xab, 0xa8, 0x8e, 0x9b, 0x9a, 0xb5, 0x95, 0xb7, 0xb5, 0xb7, 0xc3, 0xb9, 0xc3, 0xce, 0xd0, 0x4b, 0xe6, 0xda, 0xd2, 0xd2, 0xd2, 0xd1, 0xd2, 0xd2, 0xd2, 0xd2, 0xd2, 0xd2, 0xd4, 0xd4, 0xd4, 0xd4, 0xd7, 0xdf, 0xe7, 0xdf, 0xdb, 0xda, 0xc0, 0x5f, 0xae, 0xb0, 0x7c, 0xaa, 0xa8, 0x7a, 0x7a, 0x7a, 0xab, 0x79, 0xab, 0x79, 0x79, 0x79, 0xa9, 0x79, 0xa7, 0xa3, 0xa0, 0x77, 0x9e, 0x77, 0x9e, 0x76, 0x98, 0xa9, 0x9a, 0xb7, 0x90, 0x97, 0x9d, 0x98, 0x8e, 0x98, 0xa9, 0xa3, 0x77, 0xa3, 0xa7, 0x77, 0xa2, 0xa2, 0x78, 0xa2, 0xa2, 0x78, 0x79, 0xaf, 0xb0, 0xaa, 0x9d, 0x9b, 0xa1, 0xba, 0x97, 0x97, 0xc8, 0xc9, 0xf4, 0xc8, 0xc7, 0xb9, 0xd0, 0xc5, 0xf1, 0xc8, 0xec, 0xc5, 0xc8, 0x49, 0xae, 0xaa, 0xa1, 0xcc, 0x9f, 0xa1, 0xa1, 0xa1, 0xa1, 0xba, 0xa7, 0xa1, 0x9d, 0x9d, 0xa7, 0xa5, 0xa3, 0xa7, 0xa9, 0x79, 0x79, 0x7a, 0x7c, 0xaf, 0x7b, 0xd0, 0x45, 0x39, 0x39, 0xfc, 0xfe, 
  0x42, 0xf6, 0x3b, 0x2c, 0x2f, 0x37, 0xfe, 0x4c, 0x4b, 0x3f, 0x26, 0x2c, 0x44, 0x30, 0x20, 0x30, 0x3e, 0x26, 0x3f, 0x37, 0x3f, 0x42, 0x1f, 0x1f, 0x26, 0x15, 0x1f, 0x47, 0x35, 0x35, 0x24, 0x24, 0x35, 0x48, 0xfe, 0x3c, 0x33, 0x37, 0x27, 0x33, 0xfe, 0xff, 0x4c, 0x4c, 0x0f, 0x5e, 0x2f, 0x4a, 0x0a, 0x0a, 0x08, 0x08, 0x12, 0x12, 0x1b, 0x12, 0x08, 0x0c, 0x22, 0x30, 0x3b, 0x27, 0x2f, 0x2f, 0x46, 0x47, 0x47, 0x48, 0x45, 0x48, 0x43, 0x48, 0x43, 0x48, 0x43, 0x43, 0x45, 0x45, 0x45, 0x43, 0x43, 0x43, 0x43, 0x42, 0x48, 0x3f, 0x43, 0x43, 0xcc, 0x97, 0x39, 0xcc, 0x45, 0x45, 0xb0, 0x79, 0x96, 0x6e, 0x69, 0x67, 0x6c, 0x6e, 0x72, 0x93, 0x71, 0x70, 0x6e, 0x6e, 0x6e, 0x8b, 0x93, 0xa7, 0xb0, 0x7c, 0xb0, 0x7c, 0xb0, 0x97, 0xae, 0xaf, 0xb6, 0xb3, 0xbd, 0xbe, 0xe2, 0xbe, 0xbe, 0xbd, 0xc0, 0xf2, 0xbe, 0xbf, 0xc7, 0xff, 0xff, 0xb0, 0xb0, 0x7c, 0x7c, 0x78, 0x98, 0x9e, 0x78, 0xa2, 0xae, 0xb5, 0xc1, 0xf0, 0xd8, 0xea, 0xfb, 0xfa, 0xe9, 0xc4, 0xc8, 0xb5, 0xba, 0x98, 0x8c, 0x9f, 0x90, 0xc7, 0xb9, 0xf4, 0xcb, 0xd0, 0xfb, 0xf0, 0xf3, 0xea, 0xeb, 0xe2, 0xc0, 0xbf, 0xb4, 0x97, 0xaf, 0xae, 0xa8, 0xad, 0x95, 0xb7, 0x9f, 0xb8, 0xb6, 0x97, 0xb5, 0xb5, 0xc5, 0x90, 0xc9, 0xd0, 0xfd, 0xe6, 0xdc, 0xd5, 0xd7, 0xd7, 0xd9, 0xd5, 0xd5, 0xd3, 0xd3, 0xd3, 0xd3, 0xd2, 0xd5, 0xd4, 0xd6, 0xd7, 0xd6, 0xd4, 0xd7, 0xe8, 0x4b, 0xfd, 0x4c, 0x4c, 0xaf, 0xaf, 0x7c, 0xb0, 0x7a, 0x7a, 0x7a, 0x79, 0xab, 0x79, 0xab, 0x79, 0x79, 0x79, 0x79, 0x79, 0x79, 0x78, 0xa2, 0x9e, 0x77, 0x77, 0x76, 0x9e, 0x98, 0xab, 0x9a, 0x92, 0x90, 0x8c, 0xa0, 0x9d, 0x9d, 0x94, 0x95, 0xa7, 0xa2, 0x9e, 0xa3, 0xa2, 0x77, 0xa2, 0xa2, 0xa2, 0xa2, 0xa0, 0x78, 0x7a, 0xaf, 0xaf, 0x9d, 0x9b, 0x9b, 0xc9, 0x97, 0xc9, 0xc8, 0xc8, 0xc9, 0xc8, 0xc7, 0xc7, 0x90, 0xd0, 0xb8, 0xf4, 0xf1, 0xc4, 0xc5, 0xc5, 0xa6, 0xaf, 0xaf, 0xa1, 0x9b, 0x9b, 0x9f, 0xa1, 0xa1, 0xa1, 0xa1, 0xa1, 0xa7, 0x9d, 0x9d, 0xa1, 0xa3, 0xa2, 0xa7, 0xa9, 0xa7, 0xa7, 0xa9, 0x7a, 0x7a, 0xa6, 0xfc, 0xcb, 0x39, 0xf9, 0xcc, 0xf9, 
  0x3b, 0x37, 0x2f, 0x37, 0x3c, 0x4b, 0xff, 0x49, 0x3c, 0x37, 0x2f, 0x47, 0x30, 0x1f, 0x20, 0x44, 0x30, 0x26, 0x37, 0x3f, 0x2d, 0x42, 0x47, 0x2f, 0x2f, 0x1f, 0x0f, 0x44, 0x44, 0x30, 0x30, 0x24, 0x24, 0x35, 0x4c, 0xfe, 0x48, 0x42, 0x42, 0x2f, 0x1e, 0x3c, 0x49, 0x4c, 0x4c, 0x4c, 0xff, 0x4c, 0x42, 0x0d, 0x04, 0x0c, 0x10, 0x08, 0x12, 0x12, 0x12, 0x09, 0x0e, 0x20, 0x35, 0x47, 0x3c, 0x35, 0x2f, 0x46, 0x47, 0x42, 0x4a, 0x48, 0x48, 0x48, 0x48, 0x43, 0x45, 0x45, 0xfc, 0xfe, 0xfc, 0x43, 0x43, 0x43, 0x43, 0x48, 0x42, 0x42, 0x3f, 0x45, 0xf9, 0x97, 0x97, 0xcc, 0x3c, 0x4c, 0xff, 0x7a, 0x96, 0x71, 0x6a, 0x67, 0x6a, 0x6a, 0x6e, 0x93, 0x74, 0x6e, 0x6c, 0x6e, 0x71, 0x6e, 0x91, 0xa5, 0x7c, 0xb0, 0xb0, 0xb0, 0x7c, 0x9b, 0x92, 0x7c, 0xaf, 0x95, 0xbe, 0xbd, 0xbd, 0xe2, 0xe6, 0xe2, 0xd5, 0xda, 0xe3, 0xd3, 0xbe, 0xec, 0xd0, 0xc2, 0xc9, 0xff, 0xb0, 0x7b, 0x79, 0x78, 0x77, 0xa2, 0xac, 0x89, 0xbe, 0xec, 0xe6, 0xea, 0x47, 0xf7, 0xec, 0xcb, 0xb8, 0xb8, 0xa8, 0xbb, 0x95, 0x9b, 0xb8, 0xb8, 0xca, 0xf4, 0xfd, 0xfd, 0xea, 0xe5, 0xe5, 0xc0, 0xc0, 0xe3, 0xc2, 0xc4, 0xae, 0xae, 0xad, 0xa8, 0x9b, 0xba, 0x8e, 0xb8, 0x9f, 0xb5, 0x90, 0xb8, 0xb8, 0xb9, 0xcb, 0xd0, 0x4b, 0xfd, 0xf3, 0xf0, 0xe7, 0xf3, 0xf8, 0xf8, 0xfb, 0xfb, 0x4b, 0xfd, 0x4a, 0xfd, 0x4a, 0x4b, 0xfb, 0xf8, 0xf3, 0xef, 0xeb, 0xe5, 0xd9, 0xbd, 0xc3, 0xb0, 0xb0, 0x7c, 0x79, 0x7b, 0xb0, 0xa8, 0x7a, 0x79, 0xa9, 0xab, 0x79, 0xa9, 0x79, 0x79, 0x79, 0x78, 0x79, 0x79, 0x79, 0xa7, 0xa2, 0x77, 0x76, 0x76, 0x76, 0x75, 0x9e, 0xa0, 0x92, 0xa4, 0x8c, 0x95, 0x9a, 0xa5, 0xa9, 0x92, 0x98, 0xab, 0xa5, 0xa0, 0x78, 0x77, 0xa0, 0x78, 0xa2, 0xa2, 0x9e, 0xa2, 0x78, 0xa9, 0xaf, 0xa8, 0x9d, 0x9b, 0x95, 0x9b, 0xc9, 0x95, 0xc8, 0xc8, 0xb9, 0xb9, 0xc8, 0xc9, 0xb9, 0xf9, 0xc8, 0xc9, 0xf4, 0xc4, 0xc8, 0xd0, 0xb0, 0xaf, 0xaf, 0xa6, 0x9b, 0x9b, 0x9b, 0x9f, 0xa1, 0xa1, 0xa1, 0xa1, 0xa8, 0x9d, 0x9b, 0x9d, 0xa3, 0xa0, 0x78, 0xa9, 0xa7, 0x78, 0x79, 0x7b, 0x79, 0xa6, 0xcf, 0x45, 0x45, 0xfc, 0xcc, 0x45, 
  0x33, 0x33, 0x43, 0xfe, 0x4c, 0xb0, 0xfe, 0x39, 0x37, 0x37, 0x47, 0x2f, 0x2c, 0x24, 0x3e, 0x3e, 0x24, 0x2c, 0x37, 0x37, 0x37, 0x2d, 0x37, 0x47, 0x3f, 0x2f, 0x2f, 0x3b, 0x3b, 0x3b, 0x30, 0x1d, 0x61, 0x24, 0x42, 0x4c, 0xfe, 0x42, 0x43, 0x37, 0x2d, 0x19, 0x2f, 0x42, 0x4b, 0x4c, 0xff, 0xaf, 0xb0, 0xf9, 0x2d, 0x1f, 0x61, 0x0c, 0x09, 0x08, 0x1a, 0x14, 0x0e, 0x0a, 0x15, 0x2f, 0x37, 0x27, 0x26, 0x2c, 0x3b, 0x44, 0x47, 0x4a, 0x48, 0x48, 0x45, 0x4b, 0x45, 0x45, 0xaa, 0x49, 0x45, 0x45, 0xf9, 0x43, 0x43, 0x43, 0x3f, 0x42, 0x3c, 0x43, 0xcc, 0x9d, 0xcc, 0xcc, 0x45, 0x4c, 0xb0, 0xaf, 0x75, 0x93, 0x6c, 0x6a, 0x67, 0x67, 0x6c, 0x72, 0x93, 0x71, 0x6c, 0x6e, 0x6c, 0x6e, 0x93, 0x9c, 0x9e, 0x79, 0xb0, 0x7c, 0xb0, 0xcc, 0x9d, 0x97, 0x78, 0x7c, 0x97, 0xb3, 0xbd, 0xd5, 0xd5, 0xf3, 0xf3, 0xd5, 0xea, 0xd8, 0xd5, 0xe2, 0xf2, 0xd3, 0xb2, 0xf1, 0xb0, 0xb0, 0x7c, 0x7a, 0x78, 0xa2, 0xa4, 0x98, 0xb6, 0xbf, 0xca, 0xea, 0xf6, 0xf6, 0xf1, 0xc7, 0xb8, 0x95, 0xae, 0xa1, 0xb7, 0xc8, 0x90, 0xc7, 0xcb, 0xfd, 0xfd, 0xea, 0xe6, 0xe5, 0xe6, 0xea, 0xe9, 0xc5, 0xcb, 0xaf, 0xae, 0x79, 0xac, 0xa1, 0x9a, 0x9f, 0xb7, 0x95, 0xb8, 0xb7, 0x95, 0x95, 0xba, 0xd0, 0xfd, 0xf8, 0xe8, 0xde, 0xda, 0xdd, 0xde, 0xdd, 0xda, 0xd6, 0xd5, 0xd4, 0xd2, 0xd4, 0xd4, 0xd5, 0xd4, 0xd2, 0xd4, 0xda, 0xd8, 0xd3, 0xd5, 0xd3, 0xbd, 0xc2, 0xa6, 0x7c, 0xa6, 0x78, 0x7a, 0x7b, 0x79, 0x7a, 0x79, 0x79, 0xa9, 0xa9, 0xa9, 0x79, 0x79, 0x79, 0x79, 0x79, 0x78, 0x79, 0x79, 0x79, 0x78, 0xa2, 0x76, 0x76, 0x96, 0x76, 0x9e, 0x94, 0x95, 0x97, 0x8c, 0x9a, 0xa0, 0xa2, 0xa9, 0x92, 0x9d, 0xa7, 0x9e, 0xa0, 0xa2, 0x98, 0xa2, 0xa3, 0x9e, 0x9e, 0x77, 0xa3, 0xa0, 0xa3, 0xa9, 0xa1, 0x98, 0x98, 0x97, 0x9b, 0x97, 0xc8, 0xb9, 0xc9, 0xb9, 0xc8, 0xcb, 0xf4, 0xc5, 0xc8, 0xc8, 0xc9, 0xc9, 0xc4, 0xc8, 0xd0, 0xb0, 0xb0, 0xaa, 0x9b, 0x9b, 0x9b, 0x97, 0x97, 0x9b, 0xa1, 0x9f, 0xa1, 0xa1, 0xa1, 0x9d, 0x9d, 0x9d, 0xa2, 0xa7, 0xa7, 0x78, 0xa7, 0xa9, 0xab, 0xa1, 0xa8, 0xae, 0xaa, 0xa6, 0xf9, 0xa6, 0xa1, 
  0xfe, 0x49, 0x49, 0x7c, 0x7c, 0xfc, 0x45, 0x3c, 0x37, 0x48, 0x3b, 0xf6, 0x2c, 0x24, 0x41, 0x20, 0x24, 0x2c, 0x2f, 0x37, 0x2d, 0x27, 0x27, 0x37, 0x2f, 0x27, 0x37, 0x42, 0x3b, 0x30, 0x3e, 0x28, 0x1a, 0x1d, 0x2d, 0x48, 0x49, 0x45, 0x45, 0x43, 0x37, 0x27, 0x35, 0x1f, 0x2f, 0x3c, 0x43, 0x49, 0xa1, 0xa1, 0xab, 0xd0, 0x4a, 0x24, 0x0e, 0x0e, 0x1a, 0x1d, 0x0e, 0x0e, 0x0d, 0x15, 0x27, 0x2f, 0x2f, 0x26, 0x3b, 0x35, 0x44, 0x42, 0x47, 0x4a, 0x4b, 0x45, 0x49, 0x7c, 0xfc, 0xaa, 0x45, 0x45, 0x3c, 0x45, 0x48, 0x48, 0x43, 0x3f, 0x43, 0x43, 0xcc, 0xcc, 0xa1, 0x45, 0x49, 0x4c, 0xaf, 0x7c, 0x9c, 0x71, 0x6e, 0x67, 0x67, 0x67, 0x6a, 0x71, 0x74, 0x71, 0x6e, 0x6e, 0x6c, 0x6c, 0x71, 0x93, 0x72, 0xa0, 0x7c, 0xb0, 0x7c, 0xb0, 0x7a, 0x63, 0x77, 0x79, 0x7c, 0x95, 0xb2, 0xbd, 0xd6, 0xd4, 0xe5, 0xef, 0xe2, 0xed, 0xd3, 0xd5, 0xfa, 0xbd, 0xd5, 0xbf, 0xd0, 0x9b, 0x7c, 0xaf, 0xa9, 0x78, 0xa3, 0x9d, 0xa8, 0xb5, 0xe3, 0xf7, 0xf6, 0xfd, 0xca, 0xb7, 0x9f, 0x97, 0xae, 0x97, 0xb9, 0xc9, 0xc5, 0xc8, 0xfd, 0xfd, 0xf2, 0xed, 0xf0, 0xed, 0xe6, 0xc1, 0xc2, 0xae, 0xae, 0xaf, 0x7a, 0xa1, 0xa8, 0x92, 0x97, 0x8c, 0x90, 0x97, 0x90, 0x95, 0xcb, 0xba, 0xd0, 0xfa, 0xef, 0xe0, 0xdd, 0xdd, 0xd6, 0xd6, 0xd4, 0xd6, 0xd4, 0xd4, 0xd2, 0xd2, 0xd4, 0xd2, 0xd4, 0xd6, 0xd2, 0xd4, 0xd2, 0xd4, 0xfe, 0x4b, 0xf4, 0x4b, 0xff, 0xff, 0xb0, 0x7c, 0x7b, 0x7a, 0x7a, 0xa9, 0x79, 0x79, 0x79, 0x78, 0xa7, 0xa7, 0x79, 0xa9, 0x79, 0x78, 0x79, 0xa7, 0x79, 0x79, 0x79, 0x79, 0x7a, 0x78, 0x77, 0x96, 0x96, 0x75, 0x99, 0x9a, 0xa4, 0x8e, 0x8e, 0x9a, 0x98, 0xa0, 0xab, 0xa3, 0xa3, 0xa3, 0xa0, 0x9e, 0x9e, 0x77, 0xa3, 0xa2, 0x9e, 0x9e, 0xa0, 0xa3, 0xa2, 0x94, 0x98, 0x98, 0x9a, 0x97, 0x95, 0x95, 0x95, 0x95, 0xb9, 0xc9, 0xc9, 0xcb, 0xc8, 0xc5, 0xc4, 0xc7, 0x97, 0xc9, 0xb9, 0x89, 0xb9, 0x45, 0xaf, 0xb0, 0xaf, 0xa6, 0x9b, 0x9b, 0x97, 0x9d, 0x9b, 0x9f, 0x9f, 0xa1, 0xa1, 0xa1, 0xa1, 0x9d, 0x98, 0x77, 0xa5, 0xa5, 0xa3, 0xa9, 0xa9, 0xa9, 0xa1, 0xa9, 0xac, 0x7a, 0xa6, 0xaa, 0xa1, 0xa8, 
  0xaf, 0xaf, 0x7c, 0x7c, 0x7a, 0x45, 0xcc, 0x43, 0x48, 0x47, 0x4a, 0x3b, 0x2c, 0x3e, 0x28, 0x20, 0x18, 0x3e, 0x35, 0x2f, 0x37, 0x2f, 0x27, 0x27, 0x2d, 0x27, 0x2d, 0x3b, 0x3b, 0x3b, 0x30, 0x1d, 0x1d, 0x1d, 0x1f, 0x37, 0x49, 0xfc, 0x45, 0xfc, 0x45, 0x42, 0x3b, 0x1f, 0x1f, 0x1f, 0x2f, 0x2d, 0xa6, 0x9d, 0x94, 0x98, 0xa8, 0xb0, 0x4a, 0x2c, 0x61, 0x1d, 0x1d, 0x1d, 0x0d, 0x61, 0x1f, 0x2d, 0x42, 0x3b, 0x35, 0x46, 0x44, 0x46, 0x44, 0x4a, 0x42, 0xfe, 0x4b, 0xfc, 0xfc, 0x49, 0xfc, 0x43, 0xf9, 0x42, 0x45, 0x48, 0x43, 0x43, 0x3f, 0x3c, 0x45, 0xcc, 0xcc, 0xcc, 0x4c, 0x4c, 0xa2, 0x94, 0x6c, 0x69, 0x6c, 0x6c, 0x67, 0x67, 0x69, 0x71, 0x96, 0x71, 0x6e, 0x6e, 0x6c, 0x6e, 0x6e, 0x6c, 0x6f, 0x75, 0xaf, 0xb0, 0x7c, 0x7c, 0xb0, 0x94, 0x63, 0x78, 0x7c, 0xae, 0xc1, 0xbe, 0xc0, 0xda, 0xd6, 0xda, 0xed, 0xfd, 0xc0, 0xbc, 0xe3, 0xc6, 0xd2, 0xe3, 0xc4, 0xb3, 0xb4, 0xac, 0xaf, 0xab, 0x7c, 0x9d, 0x95, 0xb9, 0xc3, 0xf2, 0xfd, 0x3f, 0xc4, 0xc8, 0xb7, 0x9f, 0xae, 0xc8, 0x90, 0xc8, 0xb9, 0xcd, 0x4b, 0xfb, 0xed, 0xea, 0xe3, 0xc0, 0xbf, 0xc2, 0xc5, 0xae, 0xab, 0xae, 0x9b, 0x9f, 0x9b, 0x95, 0x9f, 0x95, 0x8e, 0x9b, 0xba, 0xcf, 0x4b, 0xfb, 0x40, 0x34, 0xf3, 0xeb, 0xeb, 0x23, 0xf8, 0xf5, 0xef, 0xf8, 0xf5, 0xf8, 0xf5, 0xf8, 0xf5, 0xeb, 0xeb, 0xeb, 0xeb, 0xeb, 0xe4, 0xd5, 0xbd, 0xd0, 0xff, 0xaf, 0xaf, 0xaa, 0xae, 0x7a, 0xa9, 0xa9, 0xa7, 0xa9, 0x78, 0xa7, 0xa9, 0xa7, 0xa7, 0x78, 0xa7, 0x78, 0x79, 0xa7, 0xa7, 0xa8, 0x79, 0x79, 0x7a, 0x7b, 0xaf, 0x79, 0x76, 0x75, 0x74, 0x74, 0x9c, 0x9d, 0xa4, 0x90, 0x98, 0xa1, 0x91, 0xa0, 0xab, 0xad, 0x79, 0x9e, 0xa0, 0x77, 0x77, 0xa0, 0xa3, 0x9e, 0x77, 0x9e, 0xa2, 0xa2, 0x9e, 0x94, 0x9a, 0x98, 0x97, 0x98, 0x95, 0x97, 0x95, 0x97, 0xcb, 0xc9, 0xb9, 0xc7, 0xc5, 0xec, 0xc5, 0xc5, 0xc9, 0xc8, 0x97, 0xc8, 0xb0, 0xaf, 0xb0, 0xb0, 0xb0, 0x7b, 0xaa, 0xa1, 0x9b, 0x9b, 0x9b, 0x9b, 0x9b, 0x9b, 0x9f, 0xa8, 0xa1, 0x9d, 0x98, 0x98, 0xa3, 0xa2, 0xa2, 0xa9, 0xa7, 0xa1, 0x9d, 0xa1, 0x78, 0x78, 0x7a, 0x7b, 0x79, 0x79, 
  0x7c, 0x7b, 0x7b, 0x7a, 0xfc, 0x45, 0x45, 0x43, 0x48, 0x4a, 0x3b, 0x2c, 0x2c, 0x44, 0x24, 0x18, 0x24, 0x44, 0x34, 0x2f, 0x37, 0x3f, 0x37, 0x37, 0x3c, 0x2d, 0x37, 0x3c, 0x3b, 0x35, 0x24, 0x1d, 0x1d, 0x1d, 0x24, 0x1f, 0x45, 0xfc, 0xaa, 0x45, 0x45, 0x4b, 0x4a, 0x35, 0x1f, 0x2c, 0x61, 0x15, 0x62, 0xa1, 0x94, 0x74, 0x99, 0x9d, 0xae, 0x4c, 0x2f, 0x1f, 0x1f, 0x1f, 0x1f, 0x15, 0x62, 0x27, 0x45, 0x4b, 0x4b, 0x2f, 0x3f, 0x47, 0x47, 0x46, 0x4b, 0x4a, 0xfe, 0x4c, 0x49, 0xff, 0xff, 0xfc, 0x43, 0x43, 0x43, 0x43, 0x48, 0x43, 0x3c, 0x3c, 0xf9, 0xfc, 0x45, 0xcc, 0x4c, 0x49, 0x98, 0x88, 0x69, 0x66, 0x67, 0x6e, 0x6a, 0x67, 0x67, 0x6c, 0x96, 0x71, 0x6e, 0x6e, 0x6c, 0x6c, 0x6e, 0x6c, 0x6e, 0x75, 0x7c, 0xb0, 0xaf, 0x7c, 0xaf, 0x79, 0x92, 0x92, 0x79, 0x7a, 0xae, 0xc3, 0xbd, 0xda, 0xda, 0xda, 0xda, 0xe6, 0xd0, 0xc0, 0xd3, 0xfd, 0xbd, 0xd3, 0xbb, 0xb2, 0xb3, 0xb5, 0xab, 0xaf, 0xaf, 0x7c, 0x89, 0xc5, 0xf4, 0xe9, 0x4a, 0xf2, 0xc8, 0xc9, 0x8e, 0x97, 0xad, 0x97, 0xc5, 0xc9, 0xf9, 0xfd, 0xca, 0xe9, 0xe3, 0xe3, 0xc1, 0xe9, 0xb8, 0xc9, 0xae, 0xa9, 0x9d, 0xab, 0x9b, 0x9b, 0x95, 0x95, 0x95, 0x97, 0xa6, 0xf9, 0xd0, 0x37, 0xf0, 0x11, 0xe0, 0xdf, 0xde, 0xdd, 0xdf, 0xdd, 0xdf, 0xde, 0xdd, 0xde, 0xde, 0xdd, 0xde, 0xdf, 0xe4, 0xeb, 0xe4, 0xdd, 0xd9, 0xd9, 0xd9, 0xd8, 0xbe, 0xf9, 0xae, 0x79, 0x7c, 0x7b, 0xac, 0xa9, 0xa8, 0xab, 0xa8, 0xa7, 0xa7, 0xa7, 0xa3, 0xa7, 0x78, 0x78, 0x78, 0x78, 0xa7, 0x78, 0xab, 0xa9, 0xab, 0x7b, 0x7c, 0x7c, 0x7c, 0x7b, 0xa0, 0x96, 0x74, 0x74, 0x76, 0xab, 0x9a, 0x8e, 0xa4, 0xa4, 0x91, 0xa2, 0xab, 0xae, 0xa5, 0x77, 0x9e, 0x9e, 0x76, 0xa2, 0xa2, 0x77, 0x9e, 0xa0, 0xa0, 0xa0, 0x98, 0x94, 0x98, 0x95, 0x98, 0x97, 0x95, 0x95, 0x97, 0x9b, 0x9b, 0xc8, 0xb9, 0xb8, 0xc7, 0xb9, 0xc4, 0xc5, 0xc8, 0xc9, 0xba, 0x7c, 0xaf, 0xb0, 0xb0, 0x7c, 0x7c, 0xaf, 0xaf, 0xae, 0xa1, 0x97, 0x9b, 0x9b, 0x9b, 0x9a, 0x9b, 0xa1, 0xba, 0x9d, 0x9a, 0x98, 0xa0, 0x9e, 0xa2, 0xab, 0xa9, 0x78, 0xa1, 0xa3, 0x9d, 0x78, 0x7a, 0x7b, 0x79, 0x79, 
  0x7c, 0x7b, 0x7c, 0xaa, 0xfc, 0x45, 0x45, 0x43, 0x42, 0x46, 0x30, 0x24, 0x24, 0x2c, 0x24, 0x0d, 0x34, 0x3e, 0x26, 0x26, 0x37, 0x2f, 0x37, 0x3c, 0x3f, 0x33, 0x3c, 0x3c, 0x42, 0x35, 0x2f, 0x2c, 0x24, 0x1d, 0x1d, 0x24, 0x35, 0x43, 0xfc, 0xf9, 0xf9, 0x43, 0x48, 0x48, 0x42, 0x42, 0x35, 0x15, 0x0f, 0x1e, 0x98, 0x8b, 0x91, 0x9c, 0x94, 0x98, 0x92, 0x92, 0x63, 0x89, 0x62, 0xc5, 0x1e, 0x89, 0x63, 0xb0, 0xb0, 0xb5, 0x01, 0x33, 0x47, 0x47, 0x47, 0xfe, 0x4a, 0xfe, 0x4c, 0x4c, 0x49, 0xff, 0x49, 0x45, 0x43, 0x43, 0x43, 0x43, 0x43, 0x43, 0x3c, 0x45, 0xcc, 0x45, 0x49, 0xd0, 0xa2, 0x91, 0x6b, 0x67, 0x66, 0x6a, 0x6e, 0x6a, 0x66, 0x6a, 0x74, 0x72, 0x6e, 0x6c, 0x6c, 0x6c, 0x6c, 0x6d, 0x6e, 0x76, 0xae, 0xaf, 0xaf, 0x7c, 0xae, 0x7c, 0x9d, 0x92, 0x9d, 0x7a, 0xa1, 0xb3, 0xb2, 0xd8, 0xd5, 0xd6, 0xd4, 0xd4, 0xdc, 0xfd, 0xc0, 0xe2, 0xc6, 0xbc, 0xca, 0xb6, 0xb2, 0xb5, 0x89, 0x7c, 0xaf, 0xaf, 0x90, 0xc2, 0xf1, 0xf2, 0x48, 0xf7, 0xcb, 0x95, 0xae, 0xab, 0xa8, 0x97, 0x90, 0xcc, 0xfd, 0x4a, 0xca, 0xc6, 0xf4, 0xc6, 0xc8, 0xcc, 0xcf, 0xae, 0xae, 0xa1, 0xa7, 0x9d, 0xa0, 0x9f, 0x98, 0x9f, 0xac, 0xfe, 0x4b, 0xfb, 0x46, 0xf8, 0x2b, 0x11, 0xdf, 0xdf, 0xd9, 0xd9, 0xd7, 0xd6, 0xd4, 0xd4, 0xd4, 0xd6, 0xd4, 0xd6, 0xd6, 0xd6, 0xd6, 0xd7, 0xef, 0xe6, 0xe1, 0xe6, 0x1e, 0x45, 0xaf, 0xaf, 0x7c, 0xab, 0xa2, 0x9e, 0x9e, 0x9e, 0xab, 0xa8, 0xa8, 0xa1, 0x78, 0xa3, 0xa3, 0xa3, 0x79, 0x78, 0x79, 0x78, 0x79, 0x79, 0xab, 0xab, 0xac, 0xad, 0x7c, 0xaf, 0xb0, 0xaf, 0x7a, 0x9d, 0x96, 0x96, 0xa0, 0xab, 0x8e, 0x94, 0xa0, 0x9e, 0x76, 0x9e, 0xa9, 0xac, 0x9e, 0x76, 0xa2, 0x9e, 0x77, 0xa2, 0x9e, 0x77, 0xa0, 0x9e, 0x77, 0x76, 0x75, 0x94, 0x94, 0x95, 0x98, 0x95, 0x98, 0x98, 0xa1, 0x9a, 0xc9, 0x95, 0xb9, 0xb9, 0xb9, 0xc5, 0xb8, 0xb5, 0x95, 0x9b, 0x97, 0x9b, 0xb0, 0x7c, 0x7c, 0x7c, 0x7b, 0x7c, 0xaf, 0xaf, 0xaa, 0x9b, 0x9b, 0x9b, 0x9b, 0x9b, 0x9a, 0x9b, 0xa1, 0xa1, 0x9d, 0x98, 0x77, 0xa0, 0xa2, 0xab, 0xa5, 0xa1, 0x9d, 0xa1, 0xa2, 0x79, 0x7b, 0xae, 0x7b, 0x7a, 
  0x7b, 0x7c, 0x7b, 0xaa, 0x45, 0x43, 0x43, 0x48, 0x46, 0x3b, 0x41, 0x20, 0x1f, 0x35, 0x2f, 0x34, 0x35, 0x34, 0x2c, 0x26, 0x37, 0x27, 0x27, 0x2d, 0x2d, 0x27, 0x2d, 0x42, 0x42, 0x42, 0x42, 0x3b, 0x28, 0x28, 0x1d, 0x28, 0x2c, 0x37, 0x45, 0x45, 0x39, 0x43, 0x39, 0x45, 0x45, 0x4a, 0x47, 0x44, 0x1f, 0x19, 0x97, 0x94, 0x88, 0x8f, 0x9c, 0x96, 0x8f, 0x8d, 0x75, 0x8a, 0x87, 0x92, 0x9e, 0x89, 0x85, 0x92, 0x77, 0x82, 0x7f, 0x89, 0xcd, 0x4b, 0xc5, 0x5f, 0x48, 0x4b, 0xfe, 0x4c, 0x49, 0xb0, 0xff, 0x49, 0x45, 0x45, 0x43, 0x43, 0x3c, 0x43, 0x3c, 0xf9, 0x43, 0x45, 0xfe, 0xff, 0xae, 0x91, 0x71, 0x67, 0x66, 0x66, 0x6a, 0x6e, 0x6a, 0x69, 0x71, 0x74, 0x71, 0x6e, 0x6c, 0x6c, 0x6e, 0x6c, 0x6e, 0x76, 0xa9, 0xa8, 0xaf, 0xae, 0x7c, 0xae, 0x7b, 0x92, 0x77, 0x78, 0x79, 0x89, 0xb2, 0xb2, 0xc0, 0xda, 0xda, 0xd4, 0xd2, 0xda, 0xf8, 0xed, 0xcf, 0xb2, 0xb2, 0xbb, 0xb2, 0xb4, 0x87, 0x95, 0x7c, 0xaf, 0xae, 0xc5, 0xf1, 0xfd, 0xf7, 0xfe, 0xc8, 0x95, 0xa8, 0x9d, 0x97, 0xa1, 0xc9, 0xf9, 0xfd, 0xf1, 0xec, 0xc1, 0xc2, 0xc2, 0x9b, 0xae, 0xaf, 0xad, 0xa8, 0x9d, 0xa5, 0x9a, 0x9d, 0xa1, 0xa8, 0xfc, 0xd0, 0xfd, 0xf0, 0x26, 0xef, 0x2b, 0xef, 0xf5, 0xf8, 0xf5, 0xf8, 0xf8, 0xf8, 0xf8, 0xf3, 0xeb, 0xeb, 0xeb, 0xe2, 0xe2, 0xe5, 0xe5, 0xde, 0xbd, 0xd8, 0xff, 0xd0, 0xb0, 0xae, 0x7c, 0x78, 0x98, 0x77, 0x77, 0x99, 0x96, 0x73, 0x9c, 0xac, 0xa9, 0xac, 0xab, 0x78, 0xa3, 0xa3, 0x78, 0x79, 0x79, 0x79, 0x79, 0x79, 0x78, 0xa9, 0xa7, 0x78, 0xa1, 0xab, 0x7c, 0xae, 0xaf, 0xaf, 0xab, 0x76, 0x94, 0xab, 0x94, 0x8c, 0x9e, 0x99, 0x77, 0x99, 0x77, 0xa5, 0xa9, 0x77, 0x77, 0x9e, 0x77, 0xa0, 0x9e, 0x77, 0x9e, 0x9e, 0x77, 0x75, 0x96, 0x74, 0x75, 0x94, 0x98, 0x94, 0x9a, 0x98, 0x9f, 0x98, 0x97, 0x95, 0x95, 0x90, 0xb8, 0xb8, 0xc4, 0xb7, 0xb7, 0x90, 0x97, 0x9d, 0xaf, 0xb0, 0xaa, 0x7b, 0x7b, 0x7c, 0x7b, 0x7c, 0xae, 0xae, 0xaa, 0xa1, 0x9f, 0x9d, 0xa1, 0x9b, 0xa1, 0x9f, 0xa1, 0xa1, 0x98, 0x9e, 0x77, 0xa2, 0xa7, 0xa7, 0xa5, 0xa8, 0xa8, 0x79, 0xab, 0x7a, 0xac, 0xac, 0xaa, 
  0x7b, 0x7b, 0x7a, 0xa6, 0xf9, 0x45, 0x48, 0x42, 0x35, 0x41, 0x28, 0x24, 0x2f, 0x4b, 0x4c, 0x37, 0x1f, 0x26, 0x1f, 0x2f, 0x2f, 0x2f, 0x27, 0x19, 0x27, 0x27, 0x27, 0x3c, 0x42, 0x4a, 0x4a, 0x35, 0x24, 0x1d, 0x2e, 0x28, 0x28, 0x1f, 0x42, 0x45, 0x43, 0x39, 0x3c, 0x33, 0x3c, 0x43, 0x47, 0x4a, 0x47, 0x37, 0x39, 0xba, 0x8f, 0x86, 0x8f, 0xa0, 0x96, 0x88, 0x74, 0x8b, 0x68, 0x88, 0x96, 0x71, 0x82, 0x86, 0x71, 0x82, 0x80, 0x82, 0x8e, 0xab, 0x84, 0x7f, 0xb5, 0x4c, 0xfe, 0x4b, 0x4c, 0x4c, 0xff, 0xb0, 0x49, 0x49, 0x45, 0x43, 0x45, 0x3c, 0x3c, 0x43, 0x48, 0x45, 0xfe, 0xff, 0xaf, 0xa5, 0x71, 0x6c, 0x66, 0x66, 0x66, 0x6c, 0x6e, 0x69, 0x6e, 0x96, 0x72, 0x6e, 0x6c, 0x6e, 0x6c, 0x6c, 0x6e, 0x71, 0x74, 0x98, 0xae, 0xb0, 0xac, 0x7c, 0xff, 0x77, 0x63, 0x77, 0xa2, 0x7b, 0xa1, 0xbf, 0xbe, 0xc0, 0xe5, 0xde, 0xdf, 0xd6, 0xd9, 0xef, 0xd0, 0xc9, 0xb1, 0xbb, 0xb3, 0xb3, 0x98, 0x8d, 0x77, 0xa0, 0xab, 0x97, 0xc5, 0xf7, 0xfd, 0x3c, 0xb9, 0xab, 0xae, 0x9b, 0x97, 0xf9, 0xf9, 0xfd, 0xf1, 0xe9, 0xc3, 0xe9, 0xc5, 0xb7, 0xc9, 0xaf, 0xa8, 0xab, 0x9d, 0x9f, 0xa8, 0xa1, 0xac, 0x4c, 0xfe, 0x4a, 0xec, 0x0f, 0xe1, 0xe0, 0xde, 0xd9, 0xd7, 0xd7, 0xd6, 0xd6, 0xd6, 0xd6, 0xd6, 0xd6, 0xdd, 0xdd, 0xde, 0xe2, 0xe2, 0xbe, 0xbe, 0xbe, 0xbf, 0xc5, 0xaa, 0xae, 0xae, 0xa2, 0x77, 0x94, 0x75, 0x74, 0x96, 0x99, 0x72, 0x93, 0x93, 0x75, 0x76, 0x76, 0x77, 0xa2, 0xab, 0x78, 0x79, 0x79, 0x7a, 0x7a, 0x7b, 0x79, 0x79, 0x78, 0xa3, 0xa2, 0x9d, 0x77, 0x77, 0x77, 0x77, 0x79, 0x7c, 0xae, 0xa2, 0xa0, 0x9d, 0x94, 0x98, 0x94, 0x96, 0x76, 0x76, 0x76, 0xa0, 0x78, 0x77, 0x76, 0x77, 0x77, 0xa0, 0x77, 0x77, 0x76, 0x9c, 0x76, 0x96, 0x96, 0x96, 0x74, 0x94, 0x74, 0x98, 0x77, 0x9a, 0x94, 0x92, 0x92, 0xb8, 0x90, 0xb9, 0x90, 0xb8, 0x63, 0x95, 0xcc, 0xa1, 0x92, 0xaa, 0xaf, 0xb0, 0x7c, 0x7b, 0x7b, 0xac, 0x7c, 0x7b, 0x7c, 0xaf, 0xb0, 0xaa, 0x79, 0x9b, 0x9d, 0xa1, 0x9d, 0xa1, 0x9f, 0xa1, 0x9d, 0x98, 0x77, 0x9e, 0xa3, 0xa9, 0xab, 0xa7, 0xab, 0xa7, 0xa7, 0xa9, 0x7a, 0xad, 0xab, 
  0x7b, 0x7c, 0x79, 0xa6, 0x45, 0xfd, 0x43, 0x47, 0x35, 0x2c, 0x24, 0x35, 0xfe, 0xff, 0xff, 0xc8, 0x27, 0x15, 0x1f, 0x2f, 0x37, 0x2d, 0x27, 0x27, 0x27, 0x2d, 0x27, 0x37, 0x3c, 0x47, 0x48, 0x1f, 0x61, 0x1d, 0x24, 0x28, 0x1d, 0x24, 0x2f, 0x43, 0x43, 0x43, 0x33, 0x3c, 0x3c, 0x33, 0x3c, 0x3c, 0x42, 0x4a, 0x48, 0x49, 0xa5, 0x8d, 0x86, 0x88, 0xa4, 0x8f, 0x71, 0x93, 0x86, 0x81, 0x93, 0x71, 0x68, 0x80, 0x71, 0x6a, 0x80, 0x81, 0x8b, 0x8b, 0x80, 0x82, 0x84, 0xa9, 0xff, 0xc5, 0x63, 0xff, 0x4c, 0xff, 0xff, 0x49, 0x49, 0xfe, 0x45, 0x43, 0x3c, 0x3f, 0x3c, 0x4b, 0x4c, 0xb0, 0xaf, 0xa0, 0x6b, 0x6c, 0x69, 0x66, 0x64, 0x66, 0x6c, 0x71, 0x6d, 0x96, 0x93, 0x6e, 0x6e, 0x6c, 0x6e, 0x6a, 0x6e, 0x6e, 0x71, 0x91, 0xaf, 0xaf, 0x7c, 0xac, 0x7c, 0x7c, 0x98, 0x76, 0x77, 0x77, 0x7c, 0xae, 0xb7, 0xd3, 0xd5, 0xdd, 0xdd, 0xdf, 0xdd, 0xd9, 0xe6, 0xd0, 0xc4, 0xc4, 0xb9, 0xb3, 0xa4, 0xa4, 0x94, 0x8e, 0x94, 0x90, 0xb9, 0xf4, 0x4b, 0xf4, 0x95, 0xa1, 0xa8, 0xa1, 0xc9, 0xcb, 0xfd, 0xfd, 0xc7, 0xc7, 0xc7, 0xcb, 0xb9, 0xae, 0xae, 0xad, 0xab, 0xa1, 0x9b, 0xae, 0xba, 0xcf, 0xfe, 0x4b, 0xfb, 0x40, 0x40, 0xfb, 0xf8, 0xf8, 0xf8, 0xeb, 0xde, 0xde, 0xdf, 0xdd, 0xd6, 0xdd, 0xd6, 0xda, 0xd6, 0xda, 0xda, 0xc0, 0xd0, 0xce, 0xfc, 0xae, 0xaf, 0xaf, 0x7b, 0xa3, 0x77, 0x77, 0x75, 0x74, 0x74, 0x74, 0x74, 0x72, 0x93, 0x72, 0x93, 0x72, 0x72, 0x93, 0x6f, 0x94, 0x7c, 0x7c, 0x7b, 0x7a, 0x7a, 0x7b, 0x7b, 0x7a, 0x79, 0xa7, 0x78, 0xa3, 0xa0, 0x77, 0x77, 0x76, 0x76, 0x77, 0x78, 0x79, 0x9e, 0xa3, 0x98, 0x94, 0xa0, 0x76, 0x77, 0x75, 0x76, 0x75, 0x77, 0xa3, 0x77, 0x76, 0x77, 0x77, 0x9e, 0x76, 0x9e, 0x76, 0x75, 0x75, 0x96, 0x75, 0x96, 0x96, 0x75, 0x9c, 0x9e, 0x94, 0x92, 0x92, 0x92, 0x92, 0x95, 0x95, 0x95, 0x90, 0x97, 0x9f, 0xae, 0xae, 0x7c, 0x97, 0xa1, 0xb0, 0xb0, 0x7c, 0x7c, 0x7b, 0x7b, 0x7c, 0x7c, 0x7b, 0x7c, 0x7c, 0xb0, 0x7c, 0x79, 0x9b, 0x98, 0x9b, 0x9d, 0x9d, 0xa5, 0xa1, 0x98, 0x77, 0x9e, 0xa0, 0xa7, 0xa5, 0xa8, 0xad, 0xa7, 0xa3, 0x79, 0xab, 0xab, 0xab, 
  0x7c, 0x7c, 0x7b, 0xa6, 0x45, 0x48, 0x48, 0x2f, 0x2f, 0x2c, 0x2f, 0x42, 0x49, 0xaa, 0xaa, 0x39, 0x27, 0x15, 0x27, 0x2f, 0x2f, 0x2d, 0x37, 0x3c, 0x2d, 0x2d, 0x2d, 0x3c, 0x37, 0x3c, 0x47, 0x15, 0x61, 0x28, 0x30, 0x1d, 0x61, 0x61, 0x2f, 0x2d, 0x48, 0x43, 0x3c, 0x3c, 0x3c, 0x42, 0x3c, 0x3f, 0x3c, 0x42, 0x4a, 0x43, 0x97, 0x99, 0x88, 0x86, 0x86, 0x93, 0x99, 0x96, 0x71, 0x68, 0x6c, 0x71, 0x69, 0x80, 0x69, 0x71, 0x66, 0x66, 0x6e, 0x8b, 0x66, 0x80, 0x81, 0x96, 0x94, 0x7f, 0x84, 0xaa, 0xff, 0xfe, 0xfe, 0x4c, 0x4c, 0x4c, 0xfe, 0x45, 0x43, 0x3c, 0x43, 0x43, 0x4c, 0xff, 0x9d, 0x86, 0x81, 0x66, 0x6a, 0x67, 0x66, 0x64, 0x66, 0x6c, 0x6e, 0x71, 0x74, 0x71, 0x6e, 0x6e, 0x6c, 0x6a, 0x6e, 0x6e, 0x71, 0x93, 0xac, 0x7c, 0x7c, 0xaa, 0xab, 0x7b, 0x78, 0x98, 0x77, 0x76, 0x7c, 0xaf, 0x87, 0xb3, 0xd3, 0xda, 0xd9, 0xdd, 0xdd, 0xdd, 0xd7, 0xde, 0xfa, 0xf7, 0xbb, 0x83, 0x8c, 0xad, 0x98, 0x73, 0x8e, 0x98, 0xce, 0xcb, 0xfd, 0xcb, 0xcc, 0x9d, 0xab, 0xcc, 0xcb, 0xfd, 0xfd, 0xec, 0xc4, 0xb7, 0xc5, 0xc8, 0xb0, 0xae, 0xae, 0xa1, 0xa8, 0xa8, 0xf9, 0xfe, 0x48, 0xf4, 0xf4, 0xc6, 0xe6, 0xe5, 0xe8, 0xe4, 0xeb, 0xeb, 0x23, 0xef, 0x23, 0xef, 0xf5, 0xf8, 0xf5, 0xf3, 0xe9, 0xe6, 0xe9, 0xe3, 0xec, 0xc4, 0xae, 0xaf, 0xae, 0x7c, 0x78, 0xa0, 0x75, 0x75, 0x76, 0x96, 0x74, 0x74, 0x93, 0x74, 0x74, 0x74, 0x74, 0x74, 0x93, 0x72, 0x71, 0x72, 0x73, 0xa0, 0xae, 0xb0, 0x7c, 0x7c, 0x7a, 0x7a, 0x7b, 0x79, 0xa8, 0xa7, 0xa5, 0xa5, 0xa5, 0xa3, 0xa2, 0xa2, 0x76, 0x77, 0x77, 0x98, 0x76, 0x9c, 0x94, 0x9d, 0x9e, 0xa3, 0x99, 0x76, 0x77, 0x76, 0x75, 0x77, 0x77, 0x76, 0x77, 0xa0, 0x76, 0x9e, 0x77, 0x77, 0x75, 0x96, 0x96, 0x96, 0x96, 0x9c, 0x9e, 0x98, 0x94, 0x94, 0x94, 0x94, 0x94, 0x94, 0x92, 0x92, 0x90, 0x8c, 0x8e, 0x90, 0x97, 0xaf, 0x7b, 0x92, 0xaa, 0xaf, 0xb0, 0xb0, 0x7c, 0xb0, 0x7c, 0x7c, 0x7c, 0x7c, 0x7c, 0xaf, 0xaf, 0xaf, 0x7a, 0xa1, 0x9d, 0x9d, 0x98, 0x9e, 0xa1, 0xa2, 0xa2, 0x76, 0x76, 0x77, 0xa2, 0xa3, 0xa7, 0xab, 0xab, 0x78, 0xa3, 0xa7, 0x7a, 0xa9, 
  0xaf, 0xaf, 0xaa, 0x45, 0x45, 0x48, 0x3f, 0x37, 0x2f, 0x37, 0x43, 0x4c, 0xaa, 0xaa, 0xab, 0xa6, 0xf4, 0x37, 0x2f, 0x37, 0x2d, 0x27, 0x27, 0x3c, 0x33, 0x2d, 0x2d, 0x42, 0x3c, 0x42, 0x48, 0x27, 0x35, 0x30, 0x30, 0x1d, 0x0e, 0x1d, 0x1f, 0x2c, 0x3c, 0x3c, 0x3c, 0x37, 0x37, 0x37, 0x3f, 0x3c, 0x42, 0x3c, 0x37, 0x3c, 0x97, 0x94, 0x9c, 0x8f, 0x82, 0x82, 0x8b, 0xa4, 0xa4, 0x6b, 0x81, 0x93, 0x6c, 0x66, 0x81, 0x71, 0x69, 0x64, 0x69, 0x71, 0x66, 0x66, 0x68, 0x6e, 0x86, 0x80, 0x82, 0x89, 0xaf, 0x4c, 0x49, 0xff, 0xff, 0x4c, 0x4c, 0xfe, 0x43, 0x43, 0x3c, 0x4b, 0xfe, 0xb0, 0x7a, 0x86, 0x81, 0x66, 0x66, 0x6a, 0x6a, 0x66, 0x64, 0x66, 0x68, 0x71, 0x75, 0x6f, 0x71, 0x70, 0x6c, 0x6c, 0x6e, 0x6e, 0x6e, 0x93, 0xad, 0xaf, 0xaf, 0xaa, 0xa8, 0xab, 0xae, 0xa2, 0x76, 0x76, 0x78, 0x7c, 0xae, 0x98, 0xb3, 0xbd, 0xda, 0xdd, 0xdd, 0xe4, 0xe7, 0xdf, 0xe5, 0xfd, 0xd0, 0xb8, 0x87, 0x9a, 0xab, 0xa0, 0x91, 0x8e, 0x9b, 0xcb, 0xfe, 0xce, 0x9b, 0x98, 0xaa, 0xba, 0xfd, 0xcd, 0xc7, 0xc5, 0xcb, 0xcf, 0xaf, 0xae, 0xaa, 0xaa, 0xa1, 0xab, 0xae, 0xfc, 0x4c, 0x4a, 0xfb, 0x4a, 0xfb, 0xca, 0xea, 0xe8, 0xe4, 0xde, 0xdd, 0xdd, 0xdd, 0xdd, 0xd6, 0xda, 0xd9, 0xdd, 0xd5, 0xd5, 0xc4, 0xc2, 0xb5, 0xc5, 0xba, 0xaf, 0x7c, 0x9d, 0x9d, 0x9d, 0x77, 0x77, 0x75, 0x75, 0x75, 0x75, 0x96, 0x74, 0x75, 0x75, 0x75, 0x75, 0x96, 0x93, 0x72, 0x71, 0x71, 0x6f, 0x96, 0x7b, 0xaf, 0xaf, 0x7c, 0xaa, 0x7b, 0x7a, 0x7a, 0x7a, 0xa7, 0xa1, 0xa0, 0xa2, 0xa3, 0xa3, 0xa7, 0xa7, 0xa2, 0x9c, 0x9e, 0x9c, 0x9e, 0x76, 0x9e, 0x9e, 0xa0, 0xa0, 0x77, 0x76, 0x9c, 0x75, 0x75, 0x76, 0x77, 0x76, 0x77, 0x77, 0x9e, 0x77, 0x9c, 0x76, 0x76, 0x96, 0x96, 0x96, 0x76, 0x99, 0x96, 0x94, 0x91, 0x91, 0x8d, 0x91, 0x8f, 0x8f, 0x8e, 0x8e, 0x8e, 0x92, 0x92, 0x92, 0xa1, 0xaf, 0x7b, 0x97, 0xb0, 0xaf, 0xaf, 0xaf, 0xaf, 0x7c, 0x7c, 0xb0, 0xb0, 0xb0, 0xb0, 0x7c, 0xaf, 0xaf, 0xac, 0xa8, 0xa8, 0xa3, 0xa2, 0x9d, 0x9d, 0xa2, 0xa2, 0x77, 0x76, 0x77, 0xa0, 0xa0, 0xa5, 0xad, 0xac, 0xa5, 0x78, 0x78, 0x79, 0x79, 
  0xaf, 0x7c, 0x7a, 0xa6, 0x45, 0x43, 0x37, 0x2f, 0x2d, 0xfe, 0xff, 0xac, 0xa6, 0xa8, 0xfc, 0xcf, 0x43, 0x3f, 0x33, 0x2d, 0x37, 0x27, 0x1e, 0x33, 0x33, 0x2d, 0x2d, 0x3c, 0x3c, 0x43, 0xff, 0x4c, 0x4b, 0x3b, 0x28, 0x0e, 0x0e, 0x1d, 0x1d, 0x1f, 0x2f, 0x3c, 0x3c, 0x3c, 0x2d, 0x37, 0x37, 0x37, 0x42, 0x42, 0x42, 0x43, 0x45, 0x97, 0x94, 0x9e, 0x96, 0x69, 0x82, 0x86, 0xa9, 0xa4, 0x86, 0x6e, 0x71, 0x69, 0x80, 0x6e, 0x6e, 0x64, 0x81, 0x93, 0x67, 0x66, 0x67, 0x6e, 0x67, 0x64, 0x81, 0x86, 0xad, 0xaf, 0x84, 0x90, 0xff, 0x49, 0xfe, 0x4c, 0xfe, 0x45, 0x3c, 0x48, 0x4c, 0xff, 0xae, 0x92, 0x6b, 0x67, 0x66, 0x66, 0x6a, 0x6a, 0x66, 0x66, 0x81, 0x69, 0x75, 0x93, 0x70, 0x6e, 0x6c, 0x6a, 0x6e, 0x6c, 0x6e, 0x93, 0xa9, 0xae, 0xaf, 0x7c, 0x7b, 0xa9, 0xab, 0x7a, 0x77, 0x77, 0x77, 0x7c, 0x7c, 0xae, 0xb0, 0xcb, 0xec, 0xe3, 0xe0, 0xe4, 0xdf, 0xdf, 0xe4, 0xe0, 0xfa, 0xbb, 0x8e, 0x91, 0x9c, 0xa0, 0x73, 0x91, 0x9a, 0xbb, 0xce, 0xfe, 0x97, 0xa1, 0xa6, 0x45, 0xce, 0x39, 0xc8, 0xfc, 0xaf, 0xaf, 0xa8, 0xae, 0xa6, 0xae, 0xb0, 0xfe, 0x4c, 0x3c, 0x2d, 0xec, 0xe6, 0xe1, 0xe6, 0xea, 0xef, 0xef, 0xf8, 0xf8, 0xf8, 0xf5, 0xf5, 0xeb, 0xe6, 0xe2, 0xe6, 0xe9, 0xc0, 0xb2, 0x9b, 0x7c, 0xaf, 0xae, 0xaf, 0xab, 0x79, 0xa9, 0x78, 0xa2, 0xa0, 0x77, 0x76, 0x77, 0x76, 0x77, 0x77, 0x9e, 0x77, 0x96, 0x96, 0x74, 0x72, 0x71, 0x71, 0x70, 0x72, 0x74, 0x79, 0xaf, 0xaf, 0x49, 0x7b, 0x7a, 0xaa, 0x7b, 0x7b, 0x7a, 0xab, 0x78, 0x9e, 0x76, 0x76, 0x77, 0xa0, 0xa5, 0xa5, 0xa9, 0xa4, 0x9e, 0x9e, 0x9e, 0x9e, 0xa3, 0xa2, 0x76, 0x76, 0x76, 0x77, 0x76, 0x75, 0x9e, 0x77, 0x77, 0x77, 0x76, 0x76, 0x9c, 0x77, 0x76, 0x75, 0x75, 0x75, 0x76, 0x96, 0x74, 0x93, 0x73, 0x74, 0x93, 0x73, 0x74, 0x91, 0x74, 0x94, 0x94, 0x98, 0x97, 0xa8, 0xaf, 0xb0, 0xaf, 0x79, 0x97, 0xaf, 0xaf, 0xaf, 0xb0, 0xaf, 0x7c, 0xa8, 0x7b, 0xaf, 0x7c, 0xb0, 0xaf, 0xb0, 0xaf, 0xaf, 0x7c, 0xab, 0x78, 0x9d, 0x9d, 0x9d, 0xa0, 0xa2, 0x9e, 0x76, 0x76, 0xa0, 0x9e, 0xa0, 0xa9, 0xac, 0x78, 0x9e, 0xa0, 0x78, 0x79, 
  0x7c, 0xaf, 0x7a, 0xfc, 0xfc, 0x3c, 0x33, 0x33, 0xf9, 0x49, 0xaf, 0xa8, 0xa6, 0xba, 0xba, 0xd0, 0x43, 0x2d, 0x2d, 0x3c, 0x2d, 0x2d, 0xf1, 0x2d, 0x33, 0x33, 0x2d, 0x3c, 0x43, 0x45, 0xff, 0xb0, 0x4c, 0x1f, 0x1d, 0x1a, 0x1a, 0x1d, 0x61, 0x1d, 0x1f, 0x35, 0x42, 0x3c, 0x37, 0x2d, 0x2f, 0x2f, 0x37, 0x3b, 0x48, 0x42, 0xff, 0xaf, 0xa0, 0x8d, 0x93, 0x93, 0x86, 0x82, 0x85, 0x96, 0x99, 0x6e, 0x74, 0x71, 0x81, 0x81, 0x93, 0x81, 0x64, 0x71, 0x6c, 0x64, 0x67, 0x71, 0x6a, 0x66, 0x67, 0x69, 0xa0, 0x85, 0x7e, 0x88, 0x7c, 0x4c, 0x4c, 0x4c, 0x4c, 0xfe, 0xfe, 0x43, 0x4c, 0x4c, 0x4c, 0x9d, 0x6b, 0x6a, 0x66, 0x66, 0x66, 0x6a, 0x6c, 0x81, 0x81, 0x69, 0x93, 0x74, 0x71, 0x71, 0x6c, 0x6a, 0x6c, 0x6c, 0x6c, 0x93, 0x9c, 0xa0, 0x7c, 0xaf, 0xab, 0xab, 0xa8, 0xac, 0xa3, 0x77, 0x77, 0xa1, 0x7a, 0x7a, 0xaf, 0xaf, 0xcb, 0xd3, 0xd3, 0xd4, 0xdf, 0xe7, 0xe7, 0xeb, 0xea, 0xfb, 0xae, 0x9f, 0x98, 0xa3, 0x76, 0x94, 0x94, 0x9b, 0xd0, 0xcf, 0x9b, 0xcc, 0xcc, 0xce, 0xf9, 0xc9, 0xa6, 0xaf, 0x7c, 0xcc, 0xba, 0xfc, 0xae, 0xfe, 0xcd, 0x43, 0x3f, 0x48, 0xfa, 0x3f, 0xf0, 0xea, 0xde, 0xde, 0xdc, 0xdc, 0xdc, 0xdc, 0xdc, 0xe1, 0xe2, 0xe2, 0xe9, 0xc4, 0xc4, 0xc5, 0xd0, 0xac, 0x98, 0x79, 0x78, 0xa1, 0x78, 0x7a, 0x78, 0xa7, 0xa3, 0xa3, 0xa3, 0xa0, 0x77, 0xa2, 0xa2, 0x78, 0xa2, 0x9e, 0x76, 0x96, 0x74, 0x93, 0x93, 0x93, 0x72, 0x71, 0x94, 0x7b, 0xaf, 0xb0, 0xaf, 0x7b, 0x7a, 0x7a, 0x7a, 0x7b, 0x7a, 0x7a, 0x7a, 0x7a, 0x78, 0x77, 0x94, 0x74, 0x96, 0x99, 0xa0, 0xa4, 0xa3, 0x9e, 0x99, 0x9c, 0xa0, 0xa9, 0xa3, 0x76, 0x75, 0x76, 0x77, 0x76, 0x77, 0xa2, 0x9e, 0x77, 0x77, 0x76, 0x77, 0x77, 0x9c, 0x76, 0x99, 0x76, 0x99, 0x74, 0x74, 0x74, 0x74, 0x93, 0x74, 0x93, 0x74, 0x74, 0x74, 0x91, 0x91, 0x98, 0xab, 0xae, 0xae, 0xae, 0xaf, 0xaf, 0xa8, 0x9d, 0xa1, 0xba, 0x7c, 0xaf, 0xae, 0xad, 0xa1, 0x97, 0xa1, 0xa8, 0x7a, 0xaf, 0xac, 0x7c, 0xaf, 0xae, 0xae, 0xac, 0xa8, 0x9d, 0x98, 0x98, 0x9e, 0xa3, 0x77, 0x75, 0x77, 0x77, 0x9e, 0xa3, 0xab, 0x9d, 0x77, 0x77, 0x78, 0x78, 
  0x7c, 0x7c, 0x7c, 0x79, 0x45, 0xcc, 0x33, 0xf9, 0x49, 0xb0, 0x7c, 0xaa, 0xba, 0xf9, 0xce, 0xfe, 0xf4, 0x27, 0x43, 0x3c, 0x33, 0x33, 0x33, 0x33, 0xf9, 0x43, 0x3c, 0x33, 0x3c, 0x45, 0x7c, 0xff, 0x4c, 0x19, 0x61, 0x1a, 0x1a, 0x1d, 0x1a, 0x1d, 0x24, 0x26, 0x37, 0x42, 0x3c, 0x37, 0x37, 0x37, 0x2f, 0x2f, 0x37, 0x42, 0x48, 0xff, 0xad, 0x8d, 0x86, 0x86, 0x8b, 0x88, 0x82, 0x85, 0x88, 0xa0, 0xab, 0x99, 0x6e, 0x80, 0x6e, 0x6e, 0x64, 0x69, 0x93, 0x66, 0x66, 0x71, 0x6c, 0x64, 0x66, 0x6c, 0x6c, 0x64, 0x64, 0x82, 0xab, 0xb0, 0xd0, 0xff, 0xff, 0x4c, 0xfe, 0x48, 0xfe, 0x4b, 0xfe, 0xd0, 0x74, 0x6c, 0x67, 0x66, 0x64, 0x66, 0x6c, 0x6c, 0x67, 0x69, 0x71, 0x99, 0x93, 0x70, 0x6c, 0x6c, 0x6e, 0x6c, 0x6c, 0x71, 0x71, 0x73, 0x78, 0xaf, 0x79, 0x79, 0xab, 0xa9, 0x78, 0x78, 0xa2, 0xa2, 0x79, 0x79, 0x7b, 0xaf, 0xaf, 0xc9, 0x01, 0xd8, 0xd7, 0xd7, 0xdf, 0xdf, 0xdf, 0xe5, 0xf2, 0xd0, 0xa8, 0x78, 0xa2, 0x9e, 0x94, 0x9d, 0xcf, 0xf9, 0xc9, 0xa6, 0x49, 0xcc, 0xf9, 0xaf, 0xaf, 0xaa, 0xf9, 0xf9, 0xd0, 0x48, 0xfd, 0x47, 0xf2, 0xf0, 0xea, 0xe6, 0xe1, 0xe6, 0xed, 0xf3, 0xf6, 0xf8, 0xed, 0xe6, 0xe6, 0xe3, 0xbf, 0xbe, 0xbd, 0xc1, 0xff, 0x49, 0xb0, 0xaf, 0xaf, 0xa2, 0x9d, 0xa2, 0x77, 0x78, 0x79, 0x79, 0x79, 0x9d, 0xa9, 0x78, 0xa3, 0x78, 0xa9, 0x78, 0x9e, 0x76, 0x76, 0x75, 0x75, 0x75, 0x96, 0x96, 0x93, 0x93, 0x73, 0x75, 0x78, 0x7c, 0xb0, 0xaa, 0x7b, 0x7b, 0xaa, 0x7b, 0x7b, 0xac, 0x7a, 0xab, 0x7b, 0xac, 0x7c, 0x7c, 0x78, 0x98, 0x73, 0x93, 0x74, 0x96, 0x99, 0x9e, 0x9c, 0xa0, 0xa5, 0xab, 0xa9, 0x98, 0x74, 0x76, 0x77, 0x77, 0x77, 0xa3, 0x77, 0x77, 0x77, 0x77, 0x77, 0x77, 0x76, 0x9c, 0x76, 0x75, 0x74, 0x74, 0x72, 0x93, 0x72, 0x72, 0x72, 0x72, 0x72, 0x72, 0x72, 0x74, 0x75, 0x9d, 0xab, 0xae, 0x79, 0xa7, 0x78, 0xa9, 0x98, 0x98, 0x92, 0x92, 0xa1, 0xa7, 0xab, 0xad, 0x9d, 0x92, 0x92, 0x98, 0x9d, 0xa1, 0x9d, 0x9b, 0xa8, 0xad, 0xae, 0xae, 0xae, 0xad, 0x9d, 0x98, 0x98, 0x9e, 0x9e, 0x77, 0x76, 0x76, 0x76, 0x9e, 0xab, 0x9d, 0x77, 0x77, 0x77, 0x79, 
  0x7b, 0x7c, 0x7b, 0xaa, 0xcc, 0xcc, 0x45, 0xfc, 0x7c, 0xaf, 0x7b, 0xae, 0x7b, 0xba, 0xa6, 0xf9, 0x33, 0x3c, 0x4c, 0x45, 0x39, 0xf9, 0x39, 0x33, 0x39, 0xf9, 0x3c, 0x33, 0x27, 0x39, 0xff, 0xb0, 0x4c, 0x60, 0x61, 0x2e, 0x2e, 0x1a, 0x1a, 0x1d, 0x20, 0x24, 0x2c, 0x37, 0x3f, 0x3c, 0x37, 0x3b, 0x37, 0x3b, 0x37, 0x37, 0x43, 0xf9, 0xa1, 0x9c, 0x91, 0x88, 0x86, 0x86, 0x82, 0x81, 0x7f, 0x82, 0x99, 0xad, 0xa5, 0x6b, 0x86, 0x96, 0x81, 0x66, 0x96, 0x69, 0x64, 0x6e, 0x71, 0x66, 0x64, 0x6c, 0x6c, 0x66, 0x80, 0x81, 0x8e, 0xaf, 0xab, 0x89, 0x7c, 0xff, 0xfe, 0x4b, 0x48, 0x4b, 0xfe, 0xff, 0xab, 0x6e, 0x6a, 0x6a, 0x66, 0x64, 0x66, 0x6c, 0x6e, 0x6a, 0x6b, 0x9e, 0x74, 0x71, 0x6e, 0x6c, 0x6c, 0x6c, 0x6c, 0x70, 0x6e, 0x72, 0xa7, 0x7c, 0x7a, 0x79, 0x79, 0xa7, 0x79, 0x78, 0xa2, 0xa2, 0xa2, 0x78, 0x79, 0x7c, 0xaf, 0x7c, 0xaf, 0xff, 0xe9, 0xdc, 0xdc, 0xdf, 0xe7, 0x2b, 0xef, 0x3f, 0x4c, 0xaf, 0xab, 0x78, 0x9d, 0x95, 0xae, 0xcb, 0xcc, 0xaf, 0xa6, 0x45, 0xaf, 0xa6, 0x39, 0xa6, 0xfe, 0xce, 0xf7, 0xf1, 0xf0, 0xf0, 0xf2, 0xca, 0xf6, 0xe6, 0xe6, 0xc0, 0xe1, 0xc0, 0xdc, 0xc0, 0xe9, 0xca, 0xc2, 0xc3, 0xb8, 0xce, 0xce, 0xb9, 0x7c, 0x79, 0x7c, 0x7c, 0x79, 0x77, 0x7a, 0xa2, 0x77, 0xa2, 0x7a, 0x78, 0x78, 0x79, 0x78, 0xa9, 0xab, 0xa7, 0xa2, 0x9e, 0x77, 0x75, 0x75, 0x74, 0x96, 0x74, 0x93, 0x74, 0x74, 0x96, 0x76, 0x79, 0x7c, 0xb0, 0x7c, 0x7c, 0x7a, 0x7a, 0x7a, 0x7a, 0xac, 0x7a, 0xab, 0x79, 0xaa, 0x7c, 0x7c, 0xaf, 0x7c, 0x79, 0x76, 0x73, 0x71, 0x73, 0x76, 0xa2, 0x9e, 0x9c, 0xa5, 0xab, 0xad, 0x79, 0x75, 0x75, 0x77, 0x77, 0x77, 0xa2, 0x77, 0x77, 0xa3, 0xa2, 0x77, 0x77, 0x77, 0x76, 0x96, 0x74, 0x74, 0x74, 0x93, 0x72, 0x72, 0x72, 0x93, 0x72, 0x74, 0x75, 0x76, 0x9e, 0xa3, 0xa4, 0xa3, 0xa2, 0x9e, 0x79, 0xa5, 0xa5, 0x98, 0x98, 0x8e, 0x8e, 0x9d, 0xa3, 0xa5, 0xa7, 0xa3, 0x9d, 0x98, 0x94, 0x94, 0x98, 0x92, 0x92, 0x92, 0x97, 0x9d, 0xaa, 0xae, 0xaf, 0xac, 0xa9, 0xa1, 0x9d, 0xa0, 0xa0, 0x76, 0x75, 0x76, 0x76, 0xa7, 0xa9, 0x9e, 0x78, 0xa2, 0x9d, 
  0x7c, 0x7c, 0x7a, 0xaa, 0xcc, 0xa6, 0x49, 0x7c, 0x7b, 0x7c, 0x7c, 0x7c, 0x7c, 0xfc, 0xa6, 0xf9, 0xf9, 0xfe, 0x4c, 0xfc, 0x45, 0x45, 0xcc, 0x9b, 0xf9, 0xfc, 0x3c, 0x3c, 0x1e, 0x2d, 0x7c, 0xb0, 0xb0, 0xf1, 0x1f, 0x30, 0x2e, 0x1a, 0x1a, 0x1d, 0x1d, 0x24, 0x24, 0x2f, 0x37, 0x3b, 0x37, 0x37, 0x3b, 0x37, 0x3f, 0x42, 0x42, 0x48, 0xc9, 0x98, 0x9c, 0x9e, 0x91, 0x71, 0x88, 0x81, 0x81, 0x7e, 0x80, 0x8b, 0xab, 0xad, 0x88, 0x96, 0x6b, 0x81, 0x6e, 0x6e, 0x64, 0x67, 0x96, 0x69, 0x64, 0x6c, 0x6e, 0x66, 0x80, 0x81, 0x8b, 0xac, 0x86, 0x7f, 0x8c, 0xff, 0xfe, 0x4a, 0x4a, 0x48, 0x4b, 0x97, 0x8f, 0x68, 0x66, 0x6a, 0x6a, 0x64, 0x64, 0x66, 0x6a, 0x6e, 0x6e, 0x93, 0x96, 0x71, 0x6c, 0x6e, 0x6c, 0x6c, 0x6e, 0x6e, 0x6e, 0x93, 0xab, 0xaf, 0x7a, 0x79, 0xa9, 0xa9, 0x78, 0x78, 0xa9, 0x79, 0x78, 0x78, 0x78, 0xa2, 0x79, 0x78, 0x9d, 0xa1, 0xb0, 0xf9, 0xec, 0x02, 0xdc, 0xe0, 0xef, 0xee, 0xfa, 0xfd, 0xff, 0xad, 0xa1, 0x9b, 0xcc, 0x49, 0xae, 0x7c, 0xa6, 0x49, 0xf9, 0xc8, 0xfe, 0xfd, 0x39, 0xf1, 0xc7, 0xec, 0xc6, 0xc6, 0xe9, 0xec, 0xea, 0xec, 0xc6, 0xc7, 0xc8, 0xc5, 0xc3, 0x01, 0x95, 0xaf, 0xaf, 0xaf, 0xaf, 0xaa, 0xaf, 0xb0, 0x7c, 0xcc, 0xa8, 0x7c, 0x78, 0x77, 0x78, 0x79, 0x9d, 0x79, 0x7b, 0x79, 0x79, 0xab, 0xab, 0x79, 0xa3, 0xa2, 0xa0, 0x77, 0x9e, 0x77, 0x76, 0x76, 0x96, 0x75, 0x75, 0x73, 0x9e, 0x7b, 0x7c, 0xaf, 0xb0, 0x7b, 0x7c, 0x7a, 0x7a, 0x79, 0xab, 0xac, 0x79, 0xab, 0x7a, 0xab, 0x7a, 0x7b, 0x7b, 0xaa, 0x7c, 0xaf, 0xad, 0xa3, 0x94, 0x73, 0xa0, 0xa5, 0x94, 0x74, 0x76, 0xa2, 0xad, 0xae, 0x78, 0x98, 0x77, 0x77, 0x77, 0xa2, 0x77, 0xa2, 0x78, 0x78, 0xa2, 0x77, 0x76, 0x74, 0x74, 0x72, 0x74, 0x73, 0x74, 0x73, 0x74, 0x74, 0x75, 0x98, 0xa0, 0xa9, 0xad, 0x78, 0x98, 0x92, 0x98, 0x94, 0x75, 0x9e, 0xa7, 0xa7, 0x9c, 0x9d, 0x94, 0x8e, 0x94, 0xa0, 0xa2, 0xa0, 0xa0, 0xa9, 0xa9, 0x98, 0x95, 0x92, 0x98, 0x92, 0x92, 0x92, 0x92, 0x94, 0x9d, 0xa3, 0xae, 0x7c, 0xa9, 0x78, 0xa2, 0xa0, 0x77, 0x75, 0x75, 0x76, 0xab, 0xad, 0x95, 0x95, 0x97, 0x97, 
  0x7c, 0x7c, 0x7c, 0xaa, 0xa6, 0xfc, 0x7c, 0x7c, 0x7c, 0x7a, 0x7c, 0x7b, 0x7b, 0x7c, 0xaa, 0xa6, 0x45, 0xfc, 0x45, 0xa6, 0xcc, 0xcc, 0xfc, 0xcc, 0xcc, 0x45, 0xf9, 0x43, 0x2d, 0xc8, 0x49, 0xb0, 0xb0, 0x4c, 0x42, 0x2c, 0x28, 0x2e, 0x1d, 0x2e, 0x1d, 0x20, 0x24, 0x1f, 0x35, 0x37, 0x2f, 0x2f, 0x2f, 0x37, 0x2f, 0x3f, 0x3f, 0x42, 0xcf, 0xaa, 0x98, 0x96, 0x9c, 0x99, 0x93, 0x6e, 0x86, 0x81, 0x64, 0x7e, 0x82, 0x98, 0xad, 0xa5, 0x99, 0x69, 0x8b, 0x93, 0x81, 0x80, 0x93, 0x69, 0x66, 0x69, 0x96, 0x81, 0x66, 0x81, 0x93, 0x6f, 0x80, 0x80, 0x84, 0xae, 0x4b, 0x48, 0x47, 0x4a, 0x4b, 0x90, 0x68, 0x66, 0x64, 0x66, 0x6c, 0x6a, 0x66, 0x64, 0x64, 0x67, 0x86, 0x71, 0x9c, 0x93, 0x70, 0x6c, 0x6e, 0x6c, 0x6e, 0x6c, 0x6e, 0x74, 0xac, 0xaf, 0x7a, 0x7a, 0x79, 0xab, 0x79, 0xa9, 0xa7, 0xa5, 0x78, 0x79, 0x78, 0xa1, 0x9d, 0x79, 0x7c, 0x7a, 0x7b, 0x7c, 0xb0, 0xd0, 0xec, 0xd8, 0xd8, 0xe6, 0xed, 0x33, 0xcd, 0xaf, 0xae, 0xa1, 0xfc, 0xcf, 0x7b, 0xae, 0xaa, 0x49, 0xa6, 0x39, 0xf7, 0xf1, 0x63, 0xc9, 0xc9, 0xcf, 0xce, 0xc7, 0xb9, 0xc4, 0xc3, 0xc1, 0xc4, 0xae, 0xae, 0xbb, 0xaf, 0xae, 0xa3, 0x9d, 0xa9, 0x7c, 0x7a, 0x7b, 0x7a, 0xae, 0x7c, 0x7a, 0x7a, 0xac, 0xab, 0x98, 0x79, 0xa3, 0x78, 0x78, 0xab, 0xab, 0xab, 0xab, 0xa7, 0xa0, 0x9e, 0x77, 0x76, 0x76, 0x76, 0x76, 0x75, 0x75, 0x75, 0x77, 0x9e, 0x9e, 0x78, 0x7c, 0xaf, 0x7c, 0xaf, 0x7c, 0xaa, 0x7a, 0xab, 0xab, 0xab, 0xab, 0xa9, 0x7a, 0xa9, 0x7a, 0xab, 0x7a, 0x7a, 0x7c, 0xb0, 0xb0, 0xaf, 0xae, 0xa3, 0x76, 0x9c, 0x9e, 0x99, 0x73, 0x73, 0x73, 0xa2, 0xa9, 0xad, 0x9e, 0x76, 0x9e, 0xa2, 0xa3, 0xa0, 0xa2, 0x78, 0xa3, 0x77, 0x75, 0x74, 0x74, 0x74, 0x74, 0x76, 0x77, 0xa0, 0xa0, 0x9e, 0x9e, 0xa3, 0xab, 0xad, 0xad, 0xac, 0xab, 0xa9, 0x98, 0x91, 0x75, 0x96, 0x75, 0x9e, 0xa0, 0xa4, 0xa7, 0x98, 0x94, 0x73, 0x9c, 0x9e, 0xa0, 0xa0, 0xa9, 0xad, 0xa4, 0x98, 0x94, 0x92, 0x94, 0x94, 0x94, 0x94, 0x94, 0x92, 0x98, 0x9d, 0x9d, 0xac, 0xae, 0x79, 0x78, 0xa2, 0x77, 0x77, 0x9d, 0x95, 0x97, 0xb9, 0xc8, 0x90, 0xc9, 
  0x7c, 0x7c, 0x7b, 0xa8, 0xaa, 0x7b, 0x7c, 0x7b, 0x7b, 0x7b, 0x7b, 0x7b, 0x7c, 0x7c, 0x7c, 0xaa, 0xcc, 0x45, 0xf9, 0x45, 0x45, 0x45, 0xf9, 0xfc, 0xa6, 0xcc, 0x45, 0x39, 0x39, 0x43, 0xff, 0xb0, 0xaf, 0xff, 0x48, 0x35, 0x28, 0x28, 0x2e, 0x20, 0x1d, 0x28, 0x24, 0x24, 0x2c, 0x3b, 0x3f, 0x2f, 0xf2, 0x2f, 0x2f, 0x2f, 0x3b, 0x3f, 0x42, 0xd0, 0xae, 0x8d, 0x85, 0x88, 0x93, 0x93, 0x71, 0x6b, 0x81, 0x80, 0x7e, 0x7f, 0x82, 0xa4, 0xad, 0x8f, 0x8b, 0x99, 0x6a, 0x66, 0x6e, 0x6e, 0x64, 0x81, 0x96, 0x69, 0x64, 0x81, 0x93, 0x69, 0x64, 0x81, 0x82, 0x9a, 0xd0, 0x3f, 0x4a, 0x47, 0xfe, 0x97, 0x8b, 0x67, 0x66, 0x66, 0x66, 0x6a, 0x6c, 0x66, 0x66, 0x66, 0x68, 0x6b, 0x99, 0x75, 0x6e, 0x71, 0x6c, 0x6e, 0x6c, 0x6e, 0x70, 0x75, 0xad, 0xaf, 0x7a, 0x79, 0x79, 0xac, 0xaa, 0xac, 0xab, 0xac, 0x79, 0xae, 0xac, 0xaf, 0x7c, 0x79, 0x7c, 0x7c, 0xaf, 0xb0, 0xaf, 0xff, 0xff, 0xff, 0xc9, 0xc8, 0xc9, 0xc8, 0xc5, 0xc5, 0xad, 0xae, 0xb0, 0xaf, 0xae, 0xac, 0xcf, 0xfc, 0xcc, 0xcc, 0x39, 0xcf, 0xaf, 0xaf, 0xae, 0xa8, 0xaa, 0xa1, 0x9b, 0xa1, 0xab, 0xab, 0xae, 0xad, 0xa9, 0xa4, 0xa7, 0xad, 0x98, 0x76, 0x92, 0xab, 0x7c, 0xae, 0x98, 0x92, 0x78, 0xae, 0x79, 0xac, 0xaf, 0x78, 0x78, 0x78, 0x78, 0xaa, 0x7a, 0x7a, 0x79, 0xa3, 0xa3, 0xa2, 0xa2, 0x9c, 0x77, 0x76, 0x77, 0x76, 0x74, 0x74, 0x74, 0x75, 0x77, 0xa2, 0xa3, 0xa7, 0x7a, 0x7c, 0xac, 0x7c, 0xac, 0xaa, 0xab, 0xab, 0xab, 0x7a, 0xa9, 0xab, 0xab, 0xab, 0x7a, 0x7a, 0x7a, 0x7b, 0x7c, 0x7c, 0xac, 0xac, 0xa9, 0x9d, 0x9e, 0x9e, 0x77, 0x99, 0x74, 0x73, 0x74, 0x74, 0x78, 0x78, 0x77, 0x77, 0xa3, 0x78, 0x78, 0x78, 0xa2, 0x77, 0x75, 0x74, 0x75, 0x77, 0x77, 0xa7, 0xac, 0x7b, 0xac, 0x7b, 0xac, 0xac, 0xa7, 0x9e, 0x99, 0x99, 0x9e, 0x9e, 0xa0, 0xa2, 0x77, 0x76, 0x76, 0x77, 0x9c, 0x9e, 0xa5, 0xa9, 0xa9, 0x77, 0x94, 0x96, 0x9e, 0xa2, 0xa3, 0xa2, 0xa3, 0x9e, 0x9e, 0x76, 0x98, 0x76, 0x76, 0x98, 0x9e, 0x9d, 0x98, 0x92, 0x94, 0x98, 0x9d, 0x79, 0xae, 0x7c, 0x7c, 0xac, 0x97, 0x90, 0xb8, 0xb9, 0xb9, 0xb9, 0x9b, 0x78, 
  0x7b, 0x7c, 0x7b, 0xaa, 0x7b, 0x7c, 0x7c, 0x7a, 0x7b, 0x7b, 0x7b, 0x7b, 0x7b, 0x7c, 0x7b, 0xaa, 0xcc, 0xa6, 0x45, 0xf9, 0x45, 0xcc, 0xf9, 0xa6, 0xfc, 0xa6, 0x45, 0xcc, 0x39, 0x45, 0xaf, 0x7c, 0xaf, 0xff, 0x43, 0x26, 0x2c, 0x28, 0x28, 0x28, 0x2e, 0x28, 0x20, 0x61, 0x2c, 0x35, 0x37, 0x3f, 0x3b, 0xf6, 0x2f, 0xf6, 0x35, 0x2f, 0x3f, 0xfe, 0xae, 0x8e, 0x86, 0x85, 0x82, 0x86, 0x69, 0x6e, 0x71, 0x8b, 0x86, 0x82, 0x7f, 0x7f, 0x9c, 0xad, 0x9c, 0x96, 0x93, 0x68, 0x6c, 0x71, 0x67, 0x66, 0x71, 0x6c, 0x66, 0x66, 0x93, 0x6a, 0x66, 0x66, 0x68, 0x8a, 0xba, 0xc2, 0x3c, 0x4b, 0x48, 0x49, 0x74, 0x6b, 0x6a, 0x66, 0x66, 0x66, 0x6c, 0x6e, 0x66, 0x66, 0x81, 0x69, 0x96, 0x9c, 0x93, 0x6e, 0x6d, 0x6c, 0x6c, 0x6e, 0x6e, 0x75, 0xa3, 0x79, 0x7b, 0x79, 0x79, 0xa8, 0xaf, 0xae, 0xae, 0xac, 0x7c, 0xa8, 0xaf, 0xae, 0xaf, 0xb0, 0xaf, 0x90, 0x89, 0x89, 0x01, 0x90, 0x49, 0xaf, 0xae, 0xa1, 0x95, 0xf9, 0xff, 0xf9, 0xcf, 0xff, 0xff, 0xff, 0xd0, 0xd0, 0xd0, 0xd0, 0xd0, 0xaf, 0xaf, 0xaf, 0xa1, 0x9d, 0x98, 0x92, 0x9d, 0xae, 0xae, 0x78, 0x76, 0x92, 0x94, 0x92, 0x9c, 0x89, 0x94, 0xad, 0x9e, 0x98, 0x8e, 0xad, 0xa1, 0x92, 0x94, 0x82, 0x98, 0x7c, 0xac, 0xa7, 0xae, 0xac, 0xa8, 0x7a, 0xaf, 0xaf, 0xae, 0xaf, 0xa7, 0x78, 0x78, 0xa9, 0xa3, 0xa3, 0x77, 0xa2, 0x77, 0x77, 0x76, 0x74, 0x76, 0x75, 0x76, 0x77, 0x9e, 0xa0, 0xa0, 0xa2, 0x79, 0xab, 0xac, 0xac, 0xab, 0xab, 0xab, 0xab, 0x7a, 0xab, 0xab, 0xab, 0xab, 0xac, 0x7a, 0x7b, 0x7b, 0x7b, 0x79, 0xa2, 0x9d, 0xa4, 0x77, 0x9c, 0x77, 0x76, 0x74, 0x74, 0x93, 0x72, 0x74, 0x77, 0x9e, 0xa2, 0x78, 0x79, 0x78, 0x78, 0x76, 0x75, 0x75, 0x77, 0xa3, 0xa3, 0xa2, 0x9e, 0x77, 0x94, 0x75, 0x94, 0x73, 0x91, 0x6f, 0x72, 0x6f, 0x8b, 0x88, 0x88, 0x8a, 0x91, 0x75, 0x96, 0x96, 0x76, 0x9e, 0xa2, 0xa4, 0xab, 0xa9, 0xa2, 0x9e, 0x75, 0x77, 0xa2, 0xa3, 0xa0, 0x9e, 0x9e, 0x77, 0xa2, 0x9c, 0x76, 0x9e, 0x9e, 0x76, 0x8e, 0x89, 0x90, 0xa9, 0x9a, 0x92, 0xb7, 0x9b, 0xaf, 0xcc, 0x90, 0xc5, 0xc5, 0xc7, 0xc7, 0xc5, 0x97, 0xa9, 0xa2, 
  0xab, 0xab, 0x7b, 0xac, 0x7b, 0x7c, 0x7c, 0x7b, 0x7b, 0x7b, 0x7b, 0x7b, 0x7b, 0x7b, 0x7c, 0xaa, 0xaa, 0xfc, 0xa6, 0x45, 0xcc, 0xf9, 0x45, 0xcc, 0xa6, 0xa6, 0xfc, 0xcc, 0x39, 0x39, 0xb0, 0x7b, 0x7b, 0xff, 0x43, 0x19, 0x1f, 0x30, 0x30, 0x28, 0x2e, 0x30, 0x20, 0x24, 0x24, 0x2c, 0x2f, 0x3b, 0x37, 0x2f, 0x3b, 0x3b, 0x40, 0x42, 0x3c, 0xc5, 0x8e, 0x94, 0x9c, 0x99, 0x8b, 0x86, 0x81, 0x81, 0x81, 0x81, 0x81, 0x82, 0x80, 0x7e, 0x7e, 0x85, 0xad, 0xad, 0x9e, 0x8b, 0x6b, 0x96, 0x69, 0x66, 0x6c, 0x71, 0x66, 0x66, 0x93, 0x6c, 0x66, 0x66, 0x67, 0x6b, 0xab, 0x87, 0x84, 0xff, 0x48, 0x48, 0xaf, 0x8b, 0x6a, 0x67, 0x66, 0x64, 0x66, 0x6a, 0x71, 0x6a, 0x67, 0x69, 0x93, 0x9c, 0x72, 0x71, 0x6e, 0x6c, 0x6c, 0x6c, 0x72, 0x96, 0x74, 0xa2, 0xaf, 0xae, 0xab, 0xab, 0x7c, 0xae, 0xaf, 0xaf, 0x7c, 0xb0, 0x8c, 0x84, 0xb4, 0x84, 0x87, 0x89, 0x83, 0x90, 0xb5, 0x01, 0xb3, 0xc4, 0xaf, 0xc8, 0x01, 0x01, 0xec, 0xc6, 0xc8, 0x33, 0xd0, 0x48, 0xf7, 0xfa, 0xfd, 0xfd, 0xce, 0x39, 0x9b, 0x95, 0x92, 0x9b, 0x92, 0x97, 0xad, 0xa7, 0x9d, 0x92, 0x94, 0x9a, 0xa0, 0x9f, 0xa4, 0x98, 0x9b, 0xa3, 0xa2, 0xa0, 0x92, 0x97, 0x9a, 0x9f, 0xa4, 0xa3, 0xad, 0x98, 0x75, 0x77, 0x8a, 0x94, 0xae, 0xaf, 0xae, 0xae, 0xaf, 0x7c, 0x79, 0x9d, 0x9d, 0x9d, 0x9d, 0x9d, 0x98, 0xa2, 0xa0, 0x78, 0x77, 0x77, 0x77, 0x76, 0x76, 0x96, 0x96, 0x9e, 0x9e, 0x77, 0xa0, 0x78, 0xac, 0xad, 0xad, 0xad, 0xac, 0xab, 0x7a, 0xa9, 0xaa, 0xab, 0xac, 0xab, 0xac, 0x7b, 0xab, 0x7a, 0xa2, 0x77, 0x94, 0xa0, 0x75, 0x76, 0x79, 0xa2, 0x76, 0x74, 0x74, 0x74, 0x73, 0x74, 0x77, 0xa3, 0x79, 0x7a, 0xa2, 0x77, 0x76, 0x9e, 0x77, 0xa2, 0x77, 0x76, 0x74, 0x74, 0x74, 0x72, 0x72, 0x70, 0x6f, 0x6f, 0x71, 0x71, 0x71, 0x6b, 0x6b, 0x88, 0x8b, 0x8b, 0x8b, 0x88, 0x88, 0x88, 0x93, 0x75, 0x75, 0x77, 0xa0, 0x9e, 0xa3, 0x9c, 0x76, 0x9e, 0xa3, 0xa3, 0xa2, 0xa0, 0x9c, 0xa2, 0x8a, 0x98, 0xa4, 0x9d, 0x8c, 0x8c, 0xb5, 0xb8, 0x9a, 0xb8, 0xc5, 0xb5, 0xc3, 0xc5, 0xc4, 0xc5, 0xc6, 0xc7, 0xc6, 0xb7, 0x90, 0xa3, 0x78, 0x77, 
  0xa7, 0xa7, 0xab, 0xab, 0xab, 0x79, 0x7c, 0x7c, 0x7c, 0x7b, 0x7c, 0x7b, 0x7c, 0x7c, 0xae, 0x7c, 0x7b, 0xa6, 0x45, 0xa1, 0xf9, 0xa6, 0xa6, 0xf9, 0xcc, 0xfc, 0xaa, 0xfc, 0xc8, 0x39, 0x7c, 0x7c, 0xaa, 0xb0, 0x45, 0x1e, 0x1f, 0x44, 0x30, 0x30, 0x3e, 0x28, 0x20, 0x24, 0x28, 0x1f, 0x2f, 0x37, 0x37, 0x35, 0x37, 0x35, 0x3b, 0x47, 0x43, 0xf1, 0x8e, 0x94, 0x99, 0x9c, 0x99, 0x96, 0x71, 0x6b, 0x86, 0x81, 0x81, 0x64, 0x7e, 0x7e, 0x7d, 0x7d, 0x7f, 0xa9, 0xac, 0xa3, 0x8b, 0x74, 0x93, 0x66, 0x69, 0x93, 0x67, 0x66, 0x6a, 0x93, 0x67, 0x66, 0x67, 0x6e, 0x93, 0x6b, 0x82, 0x92, 0x4b, 0x48, 0xfe, 0x7c, 0x6d, 0x6a, 0x67, 0x66, 0x64, 0x64, 0x69, 0x6e, 0x6a, 0x67, 0x8b, 0x76, 0x99, 0x70, 0x6e, 0x6c, 0x6c, 0x6e, 0x71, 0x72, 0x74, 0x77, 0xaf, 0xae, 0xae, 0xad, 0x84, 0x84, 0x87, 0x89, 0x89, 0x97, 0xad, 0xa1, 0x8c, 0xb5, 0xb4, 0xfc, 0xae, 0x4c, 0xaf, 0xd0, 0xbf, 0xb2, 0xb1, 0xb7, 0xff, 0xd0, 0x3c, 0xf2, 0x4a, 0xfb, 0xfb, 0xfa, 0x34, 0xfa, 0xfb, 0xcd, 0xf4, 0xc9, 0x39, 0xce, 0xd0, 0x97, 0x95, 0x9b, 0x9a, 0x92, 0x8c, 0x9d, 0xad, 0xab, 0x95, 0x8c, 0x9b, 0xad, 0xae, 0x9a, 0x92, 0x9f, 0xbb, 0xbb, 0x97, 0x90, 0xa0, 0xa4, 0x94, 0x91, 0x94, 0x75, 0x8a, 0x98, 0x9b, 0x8c, 0x90, 0x87, 0x89, 0xa1, 0xaf, 0x7c, 0xaf, 0xaf, 0x7c, 0x7c, 0x7c, 0x7a, 0x7b, 0x79, 0x7a, 0x78, 0x79, 0x79, 0xa2, 0x76, 0x96, 0x73, 0x75, 0x9c, 0x76, 0x9e, 0xa3, 0xa9, 0xab, 0xac, 0xac, 0xab, 0x7a, 0xab, 0xa9, 0xac, 0xab, 0xac, 0xac, 0xac, 0xab, 0xa7, 0x98, 0x98, 0xa0, 0x77, 0x96, 0x94, 0x78, 0x7b, 0xa7, 0x77, 0x75, 0x74, 0x74, 0x75, 0x77, 0x7a, 0xac, 0xa2, 0x77, 0x77, 0x77, 0xa2, 0xa2, 0xa3, 0x9e, 0x76, 0x75, 0x96, 0x72, 0x93, 0x72, 0x72, 0x93, 0x74, 0x71, 0x71, 0x70, 0x71, 0x93, 0x93, 0x71, 0x8b, 0x88, 0x88, 0x8b, 0x6f, 0x6f, 0x70, 0x6f, 0x6f, 0x73, 0x76, 0x9e, 0xa0, 0x77, 0x9e, 0xa3, 0xa3, 0xa7, 0xa2, 0x77, 0x8c, 0x8a, 0x95, 0xae, 0x8e, 0xb7, 0xb7, 0xb5, 0xc3, 0xb8, 0xc4, 0xc4, 0xc3, 0xc3, 0xc4, 0xec, 0xc6, 0xc6, 0xec, 0xb9, 0x90, 0x9d, 0xa2, 0x77, 0x77, 
  0xa5, 0xa5, 0xa9, 0xab, 0x78, 0xa8, 0xab, 0x7b, 0x7c, 0x7b, 0x7c, 0x7c, 0x7c, 0xac, 0x7c, 0x7b, 0x7c, 0x78, 0xcc, 0xcc, 0xa1, 0xa6, 0xfc, 0xf9, 0x39, 0xa6, 0xfc, 0xaa, 0x39, 0xcc, 0x7c, 0x7c, 0x7c, 0x7c, 0x49, 0x45, 0x42, 0x3b, 0x35, 0x30, 0x3e, 0x24, 0x20, 0x28, 0x30, 0x24, 0x27, 0x2f, 0x3c, 0x37, 0x2f, 0x37, 0x37, 0x3f, 0x3f, 0xfe, 0x97, 0x95, 0x91, 0x96, 0x93, 0x93, 0x96, 0x96, 0x71, 0x71, 0x6b, 0x69, 0x86, 0x80, 0x7e, 0x7d, 0x7d, 0x7e, 0x8c, 0xad, 0x7c, 0x94, 0x9c, 0x8b, 0x69, 0x96, 0x6a, 0x66, 0x69, 0x96, 0x67, 0x67, 0x67, 0x93, 0x6a, 0x67, 0x68, 0x86, 0xfe, 0x48, 0x48, 0xac, 0x76, 0x67, 0x67, 0x6a, 0x81, 0x64, 0x64, 0x67, 0x6c, 0x70, 0x88, 0x91, 0x76, 0x8f, 0x6e, 0x6e, 0x6c, 0x6e, 0x71, 0x93, 0x73, 0x78, 0xae, 0xaf, 0xae, 0xff, 0x86, 0xb1, 0x7f, 0x87, 0x95, 0x89, 0x92, 0xae, 0xae, 0x63, 0xb2, 0xd3, 0xbd, 0xbf, 0xe3, 0xc7, 0xff, 0xff, 0xc9, 0x90, 0x9b, 0xff, 0x4c, 0x4a, 0x46, 0x3e, 0xf8, 0x40, 0xf8, 0x40, 0xd0, 0xd0, 0xcb, 0xc8, 0xf7, 0xfa, 0xfd, 0xfd, 0xae, 0xcc, 0x92, 0x97, 0xad, 0xba, 0x95, 0x8c, 0xb7, 0x97, 0xae, 0x9b, 0x90, 0x90, 0xae, 0xbb, 0x95, 0xb6, 0xb6, 0x97, 0xad, 0xae, 0xad, 0x98, 0x8e, 0x98, 0xa8, 0x9a, 0x95, 0xb8, 0x89, 0x87, 0x90, 0xae, 0xae, 0x9d, 0x9b, 0x95, 0x92, 0x90, 0x98, 0xa9, 0x78, 0xa1, 0x9d, 0xa2, 0xa1, 0x77, 0x77, 0xa0, 0x9e, 0x74, 0x6f, 0x96, 0x9c, 0x76, 0x75, 0x76, 0x9e, 0xa7, 0xab, 0xac, 0x7b, 0x7a, 0xa9, 0x7a, 0xab, 0xac, 0xac, 0xad, 0xa8, 0x79, 0x98, 0x77, 0xa3, 0x77, 0x76, 0x76, 0x7a, 0x79, 0xa7, 0x7c, 0x79, 0xa2, 0x9e, 0x9e, 0xa2, 0xa2, 0x77, 0x77, 0x77, 0x77, 0xa2, 0xa0, 0x76, 0x9c, 0x9e, 0xa0, 0xa2, 0xa3, 0xa0, 0x9e, 0x9e, 0xa2, 0x99, 0x96, 0x94, 0x91, 0x99, 0x93, 0x73, 0x8b, 0x8b, 0x8b, 0x93, 0x93, 0x73, 0x71, 0x6f, 0x6f, 0x6f, 0x70, 0x74, 0x75, 0x75, 0x76, 0x9e, 0x77, 0x8f, 0x8d, 0xad, 0xa4, 0x8c, 0x8c, 0x89, 0xb6, 0xb9, 0xb7, 0xb7, 0xb7, 0xc2, 0xc2, 0xc3, 0xc3, 0xc3, 0xe9, 0xe9, 0xe9, 0xc6, 0xc6, 0xec, 0xc4, 0xb8, 0x92, 0x78, 0x9e, 0x77, 0x77, 
  0xa9, 0xa5, 0xa7, 0xa7, 0xa7, 0x78, 0xa8, 0x79, 0x7a, 0x7a, 0x7a, 0xac, 0x7c, 0x7c, 0x7c, 0x7c, 0x7a, 0xa6, 0xa1, 0xa6, 0xa6, 0xa6, 0xa6, 0xf9, 0xcc, 0xf9, 0xcc, 0xa6, 0xcc, 0xfc, 0xaf, 0x7c, 0xac, 0x7c, 0xb0, 0xff, 0x43, 0x37, 0x2c, 0x3b, 0x3e, 0x24, 0x28, 0x2c, 0x28, 0x2c, 0x1f, 0x2d, 0x2d, 0x3c, 0x37, 0x37, 0x3f, 0x3b, 0x3f, 0x48, 0xcf, 0xa6, 0x9d, 0x98, 0x94, 0x71, 0x88, 0x6e, 0x6e, 0x71, 0x93, 0x93, 0x93, 0x8b, 0x86, 0x82, 0x7e, 0x7d, 0x7d, 0x84, 0xad, 0xae, 0xad, 0x94, 0x8b, 0x71, 0x71, 0x67, 0x68, 0x71, 0x6c, 0x67, 0x67, 0x71, 0x6a, 0x66, 0x67, 0x6b, 0x90, 0x4c, 0xc8, 0x7a, 0x73, 0x6b, 0x66, 0x66, 0x6a, 0x81, 0x66, 0x66, 0x66, 0x6c, 0x86, 0x8d, 0xa3, 0x74, 0x71, 0x6e, 0x71, 0x71, 0x71, 0x71, 0x74, 0xa9, 0x7c, 0xa7, 0x9d, 0xa5, 0xae, 0x98, 0x7f, 0xb1, 0xb3, 0x84, 0xb7, 0xa6, 0xae, 0xd0, 0xf2, 0xe6, 0xe1, 0xd8, 0xb2, 0x55, 0xb2, 0x5f, 0xc9, 0xff, 0x4c, 0x4c, 0x3f, 0xea, 0x05, 0x18, 0xf8, 0x41, 0xf3, 0x40, 0xf7, 0xfe, 0xae, 0xcd, 0xc6, 0xf2, 0x2f, 0xfb, 0x4b, 0xcb, 0xff, 0xcb, 0xc9, 0xb8, 0x90, 0x9f, 0xbb, 0x9f, 0x90, 0xb7, 0x9f, 0xbb, 0xb7, 0xb5, 0xb4, 0x95, 0xae, 0xae, 0xac, 0xb7, 0x87, 0xb4, 0x92, 0xbb, 0xbb, 0xb9, 0xb4, 0x84, 0xb4, 0x90, 0xbb, 0x95, 0xb5, 0xb4, 0xb7, 0xb5, 0xb3, 0xb3, 0x83, 0xaf, 0xae, 0x7c, 0xae, 0xae, 0xab, 0x79, 0xa2, 0x77, 0xa0, 0x77, 0x75, 0x75, 0x76, 0x75, 0x76, 0x75, 0x76, 0x9e, 0xa9, 0x7c, 0xac, 0x7a, 0x7a, 0x7a, 0xac, 0x7c, 0x7c, 0xaf, 0x7a, 0xa1, 0x92, 0x78, 0x78, 0xa2, 0x76, 0x77, 0x75, 0x94, 0x7a, 0xaf, 0xaf, 0x7c, 0xac, 0xa3, 0x91, 0x8f, 0x73, 0x77, 0xa0, 0x77, 0x75, 0x94, 0x72, 0x73, 0x6f, 0x8f, 0x8b, 0x8f, 0x73, 0x91, 0x9e, 0x99, 0x9e, 0xa5, 0xbb, 0xad, 0xa4, 0xa2, 0x9c, 0x9c, 0x9c, 0x99, 0x96, 0x93, 0x73, 0x72, 0x74, 0x74, 0x74, 0x76, 0x77, 0x76, 0x76, 0xa0, 0x96, 0x8a, 0x8a, 0x8c, 0xa2, 0x95, 0x8c, 0x90, 0xb7, 0xb4, 0xb5, 0xc4, 0xc4, 0xc2, 0xc2, 0xc4, 0xe3, 0xe3, 0xe9, 0xe9, 0xc6, 0xf2, 0xc6, 0xec, 0xec, 0xb8, 0xb7, 0x98, 0xa7, 0x9e, 0x77, 0x77, 
  0xa9, 0xa7, 0xa5, 0xa7, 0xa9, 0xa7, 0xa5, 0xa7, 0xa8, 0xa7, 0xa8, 0x7a, 0x7b, 0x7c, 0x7b, 0x7c, 0x7b, 0xaa, 0xaa, 0xa6, 0xa6, 0xa6, 0xfc, 0xf9, 0xf9, 0x39, 0xcc, 0xcc, 0xf9, 0x7c, 0xaf, 0xac, 0xac, 0x7a, 0xb0, 0xb0, 0x3c, 0x2f, 0x2f, 0x35, 0x3e, 0x24, 0x2c, 0x30, 0x2c, 0x2c, 0x2f, 0x1f, 0x2f, 0x37, 0x3f, 0x37, 0x3f, 0x42, 0x3f, 0x3c, 0x43, 0x49, 0x4c, 0xad, 0xae, 0x77, 0x86, 0x68, 0x68, 0x81, 0x81, 0x69, 0x69, 0x6b, 0x8b, 0x8b, 0x8d, 0x88, 0x7f, 0xb1, 0x7f, 0x9d, 0xad, 0xac, 0x91, 0x93, 0x99, 0x6b, 0x67, 0x6e, 0x70, 0x66, 0x67, 0x71, 0x6a, 0x67, 0x67, 0x6a, 0x8b, 0x7c, 0x86, 0x72, 0x72, 0x6b, 0x6a, 0x66, 0x67, 0x6a, 0x6c, 0x66, 0x66, 0x67, 0x68, 0x88, 0x76, 0x96, 0x72, 0x71, 0x6e, 0x71, 0x71, 0x72, 0x75, 0x82, 0x7f, 0x82, 0x87, 0x94, 0xbb, 0xae, 0xbb, 0x84, 0xb1, 0xbc, 0xbc, 0xbc, 0xbd, 0xbe, 0xe3, 0xed, 0xcf, 0xff, 0xff, 0xaf, 0xb0, 0xff, 0x4b, 0x47, 0x25, 0xe8, 0x17, 0xe0, 0xd9, 0x11, 0x3a, 0xf5, 0x11, 0x3e, 0xfb, 0xf7, 0xcd, 0xd0, 0xd0, 0xf4, 0xe1, 0xee, 0x40, 0x46, 0x40, 0xfa, 0xd0, 0xaf, 0xbb, 0xba, 0x98, 0x92, 0x9d, 0xad, 0x90, 0xb5, 0xb7, 0x97, 0xae, 0xae, 0x95, 0xb4, 0xb3, 0x84, 0xb8, 0xbb, 0xbb, 0xb8, 0xc1, 0xb3, 0xb3, 0xb4, 0x95, 0xae, 0xbb, 0xcb, 0xcb, 0xc6, 0xc2, 0xb4, 0xb4, 0xb6, 0xae, 0xae, 0x9f, 0x9b, 0xba, 0xae, 0xae, 0x7c, 0x9d, 0x77, 0x98, 0x98, 0x77, 0x77, 0x75, 0x99, 0x76, 0x76, 0x76, 0x76, 0xa3, 0xab, 0x7c, 0x7c, 0xaf, 0x7c, 0xb0, 0xb0, 0xb0, 0xaf, 0xaf, 0x97, 0x92, 0xab, 0xa7, 0xa5, 0x76, 0x74, 0x6f, 0x76, 0x7c, 0xb0, 0xaf, 0xaf, 0x9d, 0x8a, 0x88, 0x6f, 0x72, 0x96, 0xab, 0xac, 0x79, 0x98, 0x73, 0x6f, 0x6f, 0x6f, 0x8a, 0x88, 0x86, 0x88, 0x86, 0x8d, 0x88, 0x85, 0x85, 0x87, 0x91, 0x8e, 0x96, 0x99, 0x75, 0x75, 0x9c, 0xa0, 0xa2, 0xa2, 0x9e, 0x9e, 0x9e, 0x9e, 0xa2, 0xa3, 0x78, 0x9e, 0x8d, 0x8c, 0x8e, 0xb5, 0x87, 0xb6, 0x90, 0xb8, 0xb4, 0xc2, 0xc2, 0xc4, 0xc1, 0xc2, 0xc2, 0xe9, 0xc3, 0xc3, 0xc6, 0xc6, 0xc6, 0xc6, 0xec, 0xc6, 0xc4, 0xb7, 0x92, 0x7c, 0xa2, 0xa2, 0x77, 0x76, 
  0xa7, 0xa9, 0xa7, 0xa7, 0xa9, 0xa5, 0xa5, 0xa9, 0xa7, 0xa7, 0xa8, 0xa9, 0x7a, 0x7a, 0x7b, 0x7c, 0x7b, 0xae, 0x7b, 0xa6, 0xa1, 0xcc, 0xa6, 0xf9, 0xcc, 0xf9, 0xcc, 0xcc, 0x9d, 0x7c, 0xad, 0x7c, 0xac, 0xaa, 0x7b, 0xff, 0x39, 0x27, 0x27, 0x35, 0x35, 0x26, 0x35, 0x2c, 0x2c, 0x35, 0x2c, 0x27, 0x27, 0x2d, 0x3c, 0x37, 0x37, 0x3f, 0x42, 0x48, 0x48, 0x45, 0xfe, 0xfe, 0xa6, 0x92, 0x74, 0x96, 0x71, 0x8b, 0x6b, 0x68, 0x81, 0x81, 0x80, 0x80, 0x7e, 0x7e, 0x7e, 0x7e, 0x7d, 0x7d, 0x84, 0xae, 0xac, 0x76, 0x9c, 0x96, 0x69, 0x6c, 0x93, 0x6a, 0x67, 0x6c, 0x71, 0x67, 0x67, 0x6a, 0x71, 0x70, 0x69, 0x6d, 0x9c, 0x6e, 0x69, 0x6a, 0x66, 0x81, 0x6a, 0x6c, 0x6a, 0x67, 0x68, 0x86, 0x96, 0xa0, 0x72, 0x70, 0x71, 0x96, 0x74, 0x93, 0x93, 0x99, 0x88, 0x7f, 0x7f, 0x7f, 0x7f, 0x84, 0xb7, 0xbb, 0xd0, 0x7c, 0xfb, 0xfa, 0xec, 0xe3, 0xc0, 0xbe, 0xbf, 0xbf, 0xc5, 0x4c, 0x4c, 0x4b, 0xee, 0xe8, 0x05, 0x23, 0xdb, 0xdb, 0x03, 0x46, 0x18, 0x3d, 0x34, 0x11, 0x3e, 0xfb, 0xca, 0xc8, 0x9b, 0xd0, 0xf1, 0xe1, 0x18, 0x34, 0x23, 0x40, 0xfb, 0x4c, 0xd0, 0xce, 0xd0, 0xad, 0x9d, 0x8c, 0x95, 0xad, 0xae, 0xba, 0xb7, 0x01, 0x84, 0xb6, 0x97, 0xbb, 0xbb, 0xb7, 0xb3, 0xb3, 0xb3, 0xb5, 0xb9, 0xbb, 0xae, 0xb8, 0xc1, 0xb3, 0xbd, 0xb2, 0xd3, 0xb3, 0xc4, 0xcf, 0xcb, 0xc2, 0xbf, 0xb3, 0xb2, 0xb1, 0xb1, 0x90, 0x7c, 0xac, 0x7c, 0x7c, 0x9e, 0x77, 0x9e, 0x76, 0x76, 0x76, 0x76, 0x76, 0x77, 0xa0, 0x7a, 0x7c, 0xaf, 0xaf, 0xb0, 0xb0, 0x7c, 0xb0, 0xaf, 0x90, 0x78, 0xad, 0xa0, 0x75, 0x74, 0x72, 0x73, 0x77, 0x7c, 0xaf, 0xaf, 0x92, 0x87, 0x87, 0x74, 0x75, 0x72, 0x72, 0x76, 0xa5, 0xad, 0x7c, 0xa3, 0x76, 0x73, 0x8b, 0x8a, 0x88, 0x8a, 0x88, 0x88, 0x88, 0x87, 0x8a, 0x84, 0x84, 0x85, 0x87, 0x85, 0x86, 0x88, 0x8b, 0x8b, 0x71, 0x73, 0x96, 0x74, 0x75, 0xa3, 0xa0, 0x98, 0xac, 0xad, 0x94, 0x89, 0x8e, 0xb5, 0x87, 0xb4, 0xb7, 0x90, 0xb5, 0xc1, 0xc2, 0xc3, 0xc4, 0xc2, 0xc1, 0xe9, 0xc3, 0xc3, 0xc7, 0xc7, 0xe9, 0xe9, 0xe9, 0xe9, 0xc4, 0xc4, 0x90, 0xa2, 0x78, 0xa9, 0x78, 0x77, 0x94, 
  0xa9, 0xa9, 0xa9, 0xa9, 0xa7, 0xa7, 0xa5, 0xa7, 0xa7, 0xa7, 0x78, 0xa8, 0x79, 0x7a, 0x7b, 0x7b, 0xae, 0x7c, 0xaa, 0xa1, 0xcc, 0xa6, 0xf9, 0xcc, 0x39, 0xf9, 0xcc, 0xcc, 0xa6, 0x7b, 0xac, 0xac, 0xac, 0x7b, 0xac, 0xb0, 0x39, 0x1e, 0x2d, 0x37, 0x2f, 0x27, 0x37, 0x37, 0x2f, 0x37, 0x2f, 0x1f, 0x2d, 0x33, 0x33, 0x3c, 0x33, 0x37, 0x37, 0x3c, 0x3c, 0xfe, 0x4b, 0x39, 0x90, 0x8f, 0x96, 0x93, 0x99, 0x99, 0x96, 0x71, 0x6e, 0x6c, 0x69, 0x81, 0x81, 0x66, 0x7e, 0x7e, 0x7d, 0x7d, 0x7d, 0x7f, 0xae, 0xad, 0xae, 0x99, 0x8f, 0x6c, 0x93, 0x6e, 0x67, 0x6a, 0x71, 0x6c, 0x67, 0x6a, 0x6e, 0x6b, 0x6a, 0x6c, 0xa0, 0xa9, 0x6d, 0x6a, 0x6a, 0x66, 0x66, 0x67, 0x6d, 0x6a, 0x6c, 0x68, 0x8d, 0xad, 0x75, 0x93, 0x71, 0x69, 0x81, 0x86, 0x8f, 0xa4, 0xbb, 0xa0, 0x83, 0x7f, 0xb1, 0xb1, 0x7d, 0xb1, 0xb1, 0xbd, 0xbe, 0xbe, 0xe3, 0xf1, 0xff, 0xd0, 0xff, 0xff, 0x4b, 0xf6, 0x18, 0x2b, 0xdb, 0xe0, 0xdf, 0xe0, 0xd2, 0xfb, 0x4a, 0x0b, 0x18, 0x41, 0x3e, 0xee, 0x23, 0x41, 0x40, 0xca, 0xb8, 0xad, 0xd0, 0x1e, 0xe5, 0xee, 0xeb, 0x11, 0xf5, 0x25, 0xf5, 0x46, 0x4b, 0x4c, 0x49, 0xb0, 0xad, 0x9d, 0x8c, 0xb6, 0x89, 0xb8, 0xae, 0xbb, 0x9f, 0xb5, 0xb4, 0xb4, 0xb6, 0x95, 0xcf, 0xbb, 0xbb, 0xb9, 0xc1, 0xb2, 0xb2, 0xb2, 0xb3, 0xbf, 0xb7, 0xae, 0xd0, 0xd0, 0xc6, 0xed, 0xed, 0xe2, 0xdc, 0xd8, 0xb1, 0xba, 0xae, 0x9f, 0x9a, 0xa9, 0xae, 0xac, 0x9d, 0xa0, 0x9e, 0x9e, 0x77, 0x76, 0x76, 0x76, 0x9e, 0x78, 0x7c, 0xaf, 0x7c, 0xaf, 0xb0, 0xd0, 0xc9, 0xb9, 0x9e, 0x73, 0x72, 0x72, 0x71, 0x71, 0x96, 0x9e, 0xae, 0x7c, 0x92, 0x87, 0x8d, 0x9d, 0x78, 0xa3, 0x74, 0x6f, 0x72, 0x75, 0xa0, 0xae, 0x7c, 0x7c, 0x7c, 0x79, 0x92, 0x8d, 0x8a, 0x88, 0x8a, 0x88, 0x87, 0x8c, 0x8a, 0x8c, 0x85, 0x87, 0x8a, 0x85, 0x88, 0x6f, 0x96, 0x6f, 0x6f, 0x72, 0x73, 0x77, 0x99, 0x8a, 0x8a, 0x8a, 0xad, 0x8e, 0x8c, 0x8e, 0xb3, 0xb5, 0xb4, 0xb8, 0xb8, 0xb4, 0xb4, 0xc1, 0xc4, 0xc3, 0xc1, 0xc2, 0xc4, 0xc4, 0xc7, 0xc7, 0xc4, 0xc3, 0xc4, 0xc4, 0xc3, 0xc5, 0xb7, 0xa7, 0x78, 0x9e, 0xa0, 0xa7, 0xa0, 0x77, 
  0xac, 0xac, 0xab, 0xa9, 0xa9, 0xa9, 0xa9, 0xa9, 0xa5, 0xa9, 0xa9, 0xa9, 0x79, 0x79, 0xa9, 0x7a, 0x7b, 0xad, 0x7c, 0xa8, 0xa1, 0xa6, 0xa6, 0xcc, 0xcc, 0xcc, 0xf9, 0xa8, 0x7a, 0x7b, 0xab, 0xaa, 0xac, 0x7b, 0xaa, 0xaf, 0xfc, 0xf9, 0xf9, 0x45, 0x33, 0x2d, 0x33, 0x33, 0x2d, 0x37, 0x2d, 0x2d, 0x39, 0x39, 0x39, 0x39, 0x33, 0x33, 0x37, 0x37, 0x37, 0x3c, 0x3c, 0xcb, 0x63, 0x8e, 0x8f, 0x91, 0x8f, 0x8b, 0x8f, 0x71, 0x71, 0x6e, 0x6e, 0x6c, 0x6e, 0x69, 0x69, 0x81, 0x80, 0x7f, 0x7e, 0x7d, 0xb1, 0x92, 0xae, 0xad, 0x96, 0x93, 0x99, 0x71, 0x6a, 0x67, 0x96, 0x6c, 0x67, 0x67, 0x71, 0x6a, 0x6a, 0x6a, 0x99, 0xab, 0x99, 0x6c, 0x6a, 0x6a, 0x67, 0x66, 0x67, 0x6a, 0x6d, 0x6e, 0x8a, 0xa4, 0x9c, 0x74, 0x93, 0x88, 0x82, 0x7f, 0x82, 0x85, 0x8c, 0xae, 0xbb, 0xae, 0xbb, 0xbb, 0xbb, 0xbb, 0xc7, 0xc2, 0xc2, 0xbf, 0xc1, 0xbf, 0xec, 0xcb, 0x4c, 0xec, 0x46, 0xdb, 0xe4, 0xdd, 0xdf, 0xd9, 0x04, 0xdc, 0x55, 0x4b, 0xe1, 0x03, 0x41, 0x3a, 0x0b, 0x46, 0x11, 0xf5, 0x40, 0xf0, 0xcb, 0x9a, 0xf9, 0xae, 0xca, 0xed, 0x40, 0xe4, 0xe4, 0x36, 0x23, 0x23, 0x3e, 0xf0, 0x4b, 0x4c, 0xce, 0xcf, 0xaa, 0xcf, 0xae, 0xae, 0x9b, 0x87, 0xb4, 0xb5, 0xb9, 0xbb, 0xbb, 0xae, 0xab, 0xb6, 0x01, 0xb3, 0xb3, 0xc1, 0xb5, 0xb9, 0xbb, 0xd0, 0xae, 0xf4, 0xbf, 0xbd, 0xd8, 0xd5, 0xd2, 0xd4, 0xd5, 0xe3, 0xd0, 0xf1, 0xc1, 0xc2, 0xb3, 0xb2, 0xb1, 0x94, 0xad, 0x9d, 0x9d, 0xa2, 0x77, 0x77, 0x76, 0x76, 0x75, 0x73, 0xa2, 0xa2, 0x9e, 0x98, 0x92, 0x89, 0x01, 0x84, 0x73, 0x6d, 0x72, 0x70, 0x72, 0x76, 0x76, 0x77, 0xa2, 0x92, 0x88, 0x98, 0x7b, 0x79, 0xaf, 0x7c, 0x75, 0x72, 0x6f, 0x93, 0x77, 0x9d, 0x7c, 0xb0, 0xb0, 0x7c, 0xb0, 0xa1, 0x92, 0x89, 0x8a, 0x89, 0x87, 0x89, 0x87, 0x89, 0x8a, 0x87, 0x8c, 0x8a, 0x88, 0x8b, 0x74, 0x9e, 0x75, 0x93, 0xa0, 0xa3, 0x8a, 0x91, 0x8c, 0x85, 0x89, 0x8e, 0xb8, 0xb6, 0xb4, 0xb4, 0xb4, 0x95, 0xb6, 0xb4, 0xc1, 0xb4, 0xb8, 0xc2, 0xc1, 0xc4, 0xc4, 0xc8, 0xc4, 0xc3, 0xc4, 0xec, 0xc3, 0xc4, 0xc6, 0xb7, 0xb7, 0x89, 0x94, 0x77, 0x78, 0xa3, 0x79, 0xa3, 
  0x9b, 0xa5, 0xab, 0xad, 0xab, 0xa9, 0xa7, 0xa9, 0xa7, 0x79, 0xa7, 0x79, 0xa7, 0x79, 0x79, 0xab, 0x7a, 0xac, 0x7c, 0x7a, 0xaa, 0x79, 0xa6, 0xa1, 0xcc, 0xcc, 0xa1, 0xaa, 0x7c, 0x7a, 0xa9, 0xa9, 0x7a, 0xac, 0x7a, 0x7c, 0x7c, 0x7b, 0x7c, 0xa6, 0xcc, 0x39, 0xcc, 0x33, 0x39, 0x33, 0x33, 0x33, 0xcc, 0xcc, 0x9b, 0x39, 0x39, 0x39, 0x37, 0x3c, 0x3c, 0x3c, 0x3f, 0x43, 0x3c, 0xc8, 0x97, 0x9d, 0x95, 0x8f, 0x88, 0x68, 0x67, 0x69, 0x69, 0x69, 0x69, 0x6b, 0x6b, 0x88, 0x86, 0x86, 0x85, 0x82, 0x7f, 0xb1, 0x84, 0xae, 0xad, 0x98, 0x75, 0x75, 0x6d, 0x6c, 0x6e, 0x71, 0x67, 0x6a, 0x70, 0x6d, 0x67, 0x6a, 0x93, 0xa9, 0xa0, 0x70, 0x6a, 0x6a, 0x6c, 0x67, 0x66, 0x67, 0x67, 0x6e, 0x8a, 0x9a, 0xad, 0x9c, 0x96, 0xbb, 0x9c, 0x83, 0x7f, 0x7e, 0xb1, 0xb2, 0xb1, 0xb3, 0xb3, 0xb3, 0xb5, 0xc7, 0xbb, 0xae, 0xff, 0xff, 0x4c, 0x4c, 0x4a, 0x4a, 0xd9, 0xde, 0xdb, 0xd9, 0xe0, 0xd7, 0xd9, 0xd8, 0x4b, 0x4c, 0x4c, 0xe3, 0xd9, 0x18, 0x41, 0x41, 0x11, 0x3d, 0x23, 0x36, 0x41, 0xf2, 0xf1, 0xc4, 0xb5, 0xc3, 0xff, 0xd0, 0x4c, 0xe9, 0xdb, 0xe7, 0xe7, 0x13, 0xf5, 0x17, 0xe4, 0xf8, 0x46, 0xfb, 0x4b, 0xd0, 0xd0, 0xa6, 0x9d, 0x9d, 0x9f, 0xa8, 0xbb, 0xbb, 0x95, 0xb6, 0xb4, 0x84, 0xb4, 0xb7, 0xb9, 0xbb, 0xd0, 0xbb, 0xc7, 0xc1, 0xb2, 0xbd, 0xd3, 0xbd, 0xd5, 0xbd, 0xc0, 0xbf, 0xf1, 0xd0, 0xfd, 0xca, 0xf0, 0xe2, 0xc0, 0xbd, 0x01, 0xae, 0xae, 0xae, 0x97, 0xae, 0xbb, 0xa7, 0x76, 0x73, 0x74, 0x74, 0x8f, 0x74, 0x73, 0x73, 0x86, 0x87, 0x8a, 0x73, 0x96, 0x72, 0x70, 0x6f, 0x9e, 0x7b, 0xa0, 0x76, 0x73, 0x73, 0xa2, 0xa9, 0x79, 0x7a, 0x7c, 0xaf, 0x79, 0x75, 0x6b, 0x6f, 0x75, 0x77, 0xa1, 0x7c, 0xb0, 0xb0, 0xb0, 0xaf, 0xaf, 0xa1, 0x92, 0x8e, 0x8e, 0x84, 0x8c, 0x87, 0x89, 0x8d, 0x87, 0x8d, 0x94, 0x91, 0x71, 0x91, 0x93, 0x9e, 0xa2, 0x94, 0x8d, 0x8e, 0x8c, 0x87, 0x83, 0x8c, 0x8e, 0xb6, 0xb4, 0xb4, 0xb6, 0x95, 0xb4, 0x84, 0xb4, 0xb7, 0xc4, 0xb5, 0xc7, 0xb9, 0xc4, 0xc3, 0xc3, 0xc3, 0xc3, 0xe6, 0xc3, 0xe9, 0xc3, 0xc4, 0x89, 0x89, 0x92, 0x78, 0xa3, 0x78, 0xa2, 0xa3, 
  0x9a, 0x9b, 0x9f, 0xa7, 0xab, 0xad, 0xab, 0xab, 0xa9, 0xa9, 0x79, 0xa9, 0xa9, 0xa9, 0xa9, 0xa7, 0xa9, 0x7a, 0xad, 0x7c, 0xa9, 0x79, 0x79, 0xa1, 0xa1, 0xa1, 0xa6, 0x7b, 0x7c, 0xab, 0x79, 0x79, 0xab, 0x7a, 0x7b, 0x7b, 0xac, 0x7b, 0x7a, 0x78, 0xa1, 0xa1, 0xa6, 0xcc, 0xcc, 0x39, 0x39, 0x39, 0xa6, 0xcc, 0x9d, 0xcc, 0xcc, 0x39, 0x39, 0x37, 0x3c, 0x37, 0x42, 0x47, 0x3f, 0x3c, 0x39, 0xfc, 0xae, 0xae, 0x99, 0x6b, 0x86, 0x69, 0x81, 0x81, 0x81, 0x80, 0x80, 0x64, 0x80, 0x64, 0x7e, 0x7e, 0x7d, 0x7d, 0x7d, 0xb1, 0xa9, 0xae, 0xac, 0x9e, 0x93, 0x6d, 0x6e, 0x71, 0x6a, 0x67, 0x70, 0x6c, 0x6a, 0x6a, 0x73, 0xab, 0x75, 0x70, 0x69, 0x6a, 0x6e, 0x6e, 0x6a, 0x67, 0x67, 0x6a, 0x85, 0x8a, 0x87, 0x88, 0x85, 0x94, 0xbb, 0xbb, 0x9c, 0xb6, 0xb4, 0xb4, 0x84, 0x84, 0xb3, 0xb4, 0xbf, 0xb3, 0xbf, 0xc5, 0xd0, 0x4c, 0x4b, 0xc0, 0xe8, 0xdc, 0xd9, 0xeb, 0xd4, 0x3a, 0xda, 0xd3, 0xd8, 0x48, 0xd0, 0xff, 0xf1, 0xd5, 0x11, 0x17, 0x21, 0x44, 0xe7, 0x18, 0xf5, 0x11, 0x3e, 0x46, 0xf2, 0xc7, 0xf4, 0xcb, 0xba, 0xac, 0xae, 0xfe, 0xe1, 0xd9, 0xe7, 0xdf, 0x13, 0xf5, 0x13, 0xdf, 0x36, 0x3a, 0xe1, 0x40, 0xfd, 0x4c, 0xd0, 0xae, 0xd0, 0xae, 0x9f, 0x90, 0xb5, 0xb6, 0x8e, 0x9f, 0xbb, 0xae, 0xbb, 0xb8, 0x84, 0xb2, 0xb2, 0xbe, 0xbf, 0xc0, 0xc1, 0xe6, 0xed, 0xfa, 0xcf, 0xfe, 0xd0, 0xe6, 0xc0, 0xd5, 0xd5, 0xda, 0xc0, 0xed, 0xcf, 0xc3, 0xbe, 0xbf, 0xbe, 0xb2, 0xb1, 0x92, 0x99, 0x73, 0x74, 0x75, 0x74, 0x93, 0x93, 0x74, 0x76, 0x96, 0x96, 0x75, 0x74, 0x70, 0x6f, 0x75, 0x7c, 0xaf, 0x79, 0x77, 0x73, 0x77, 0xa7, 0x9d, 0xa8, 0xae, 0xb0, 0xaa, 0x7c, 0x79, 0x8b, 0x68, 0x73, 0x75, 0x77, 0x7c, 0xaf, 0xaf, 0xb0, 0xb0, 0xb0, 0xaf, 0xae, 0x9d, 0x98, 0x90, 0x89, 0x8e, 0x89, 0x8d, 0x89, 0x8a, 0x92, 0x77, 0x9e, 0x8d, 0x8b, 0xa4, 0xad, 0x8d, 0x8e, 0x94, 0x8e, 0xb6, 0xb4, 0x8c, 0x8e, 0xb6, 0x85, 0xb4, 0xb6, 0x95, 0xb4, 0xb4, 0xb4, 0xc4, 0xb7, 0xb9, 0xb9, 0xc4, 0xc3, 0xb5, 0xc3, 0xc3, 0xe9, 0xc4, 0xe9, 0xc4, 0xc4, 0xc4, 0xb7, 0x97, 0x78, 0x78, 0xa2, 0x78, 0xa2, 0x79, 
  0x97, 0x9a, 0x95, 0x97, 0x9f, 0xa7, 0xab, 0xac, 0xac, 0xac, 0xab, 0xa9, 0xa9, 0xa9, 0xa9, 0x79, 0xa9, 0xa9, 0xac, 0x7b, 0x7a, 0x79, 0x79, 0xa1, 0xa8, 0xa1, 0x7a, 0x7c, 0xac, 0x79, 0xa7, 0x79, 0x79, 0x7a, 0xac, 0x7c, 0xac, 0xab, 0x7a, 0x78, 0x79, 0x79, 0x79, 0xa1, 0xa1, 0xcc, 0x9b, 0xcc, 0x79, 0x9d, 0x9d, 0xa1, 0x79, 0xa1, 0x39, 0xc9, 0x33, 0x3c, 0x48, 0x47, 0x42, 0x37, 0x33, 0x43, 0xb0, 0xad, 0x96, 0x96, 0x93, 0x93, 0x71, 0x6c, 0x6b, 0x69, 0x68, 0x81, 0x80, 0x80, 0x7e, 0x7e, 0x7d, 0x7d, 0x7d, 0x7d, 0x7d, 0x85, 0xae, 0xae, 0x77, 0x73, 0x71, 0x93, 0x6e, 0x6a, 0x6d, 0x70, 0x6a, 0x6b, 0x74, 0xac, 0x76, 0x6f, 0x6d, 0x6a, 0x6a, 0x6c, 0x6c, 0x6c, 0x6a, 0x69, 0x86, 0x82, 0x7f, 0x83, 0x83, 0x85, 0x83, 0xb6, 0x8c, 0x95, 0x9f, 0xbb, 0xbb, 0xbb, 0xae, 0xae, 0xff, 0xd0, 0xd0, 0x4c, 0xdc, 0xe5, 0xdb, 0xdd, 0xe0, 0xd7, 0xf5, 0xd7, 0xdb, 0xea, 0x55, 0xbe, 0xf1, 0xd0, 0xb0, 0x4c, 0xec, 0xee, 0x11, 0xe7, 0x46, 0x0b, 0x26, 0x18, 0x47, 0x03, 0xe4, 0x47, 0x27, 0xc3, 0xc0, 0xc0, 0xc3, 0x95, 0xab, 0xae, 0xce, 0xc3, 0xe1, 0xe8, 0xdd, 0x13, 0xf5, 0xdf, 0xdf, 0xf5, 0xe7, 0xde, 0x21, 0xf3, 0x18, 0xfb, 0x4b, 0xd0, 0xff, 0xac, 0xae, 0xba, 0xbb, 0xba, 0xb9, 0xb5, 0xb3, 0xb4, 0x84, 0xb6, 0xb8, 0xb8, 0xcf, 0xbb, 0xd0, 0xd0, 0xfd, 0xca, 0xe5, 0xc0, 0xd5, 0xda, 0xd5, 0xda, 0xd8, 0xe2, 0xfa, 0xfd, 0xfa, 0xf0, 0xea, 0xe2, 0xda, 0xbc, 0xb1, 0x8e, 0xac, 0x77, 0x9e, 0x94, 0x96, 0x74, 0x93, 0x96, 0x74, 0x75, 0x76, 0x93, 0x70, 0x6f, 0x74, 0xa3, 0x7c, 0xaf, 0x7a, 0x79, 0x9e, 0xa2, 0xa7, 0x9d, 0x9d, 0x7a, 0xaa, 0x7c, 0xb0, 0x7c, 0x94, 0x88, 0x88, 0x74, 0x96, 0x76, 0xae, 0xaf, 0xb0, 0xff, 0xb0, 0xb0, 0xb0, 0xaf, 0xa8, 0xa1, 0x97, 0xaf, 0x78, 0x9d, 0x92, 0x92, 0x9d, 0xad, 0xa0, 0x96, 0x94, 0x8d, 0xad, 0x8e, 0x8d, 0x94, 0x94, 0x87, 0xb6, 0x8e, 0x8c, 0x87, 0xb4, 0xb4, 0x8e, 0xb7, 0x87, 0xb5, 0xb7, 0xb8, 0xb9, 0xc8, 0xc4, 0xc4, 0xc4, 0xc4, 0xc4, 0xc3, 0xc4, 0xe9, 0xc4, 0xc4, 0xc5, 0xb7, 0xac, 0x7c, 0x78, 0x79, 0x79, 0xa9, 0x7c, 0xa1, 
  0x9f, 0x9f, 0x9f, 0x9f, 0x9f, 0x9f, 0xa1, 0xa9, 0xab, 0xab, 0xac, 0xab, 0xa9, 0xa9, 0xa9, 0xab, 0xa9, 0xa9, 0xab, 0xab, 0x7a, 0x79, 0x79, 0x78, 0x78, 0x79, 0x7b, 0x7c, 0xac, 0xa9, 0x79, 0xa7, 0x79, 0xa9, 0x7a, 0xac, 0xac, 0xac, 0xab, 0x79, 0x79, 0x7a, 0x79, 0xa1, 0xa1, 0xa1, 0xcc, 0xa1, 0x78, 0xa1, 0xa2, 0x79, 0x79, 0x79, 0xa1, 0xcc, 0x63, 0x39, 0x37, 0x3f, 0x47, 0x42, 0x42, 0xfe, 0xc5, 0x84, 0x8a, 0x93, 0x71, 0x71, 0x71, 0x8b, 0x6c, 0x6e, 0x6e, 0x6c, 0x6c, 0x6b, 0x69, 0x86, 0x86, 0x80, 0x7f, 0x7f, 0xb1, 0xb1, 0x84, 0xae, 0xac, 0x78, 0x73, 0x74, 0x93, 0x6e, 0x6d, 0x72, 0x6c, 0x6d, 0x96, 0xa9, 0x75, 0x72, 0x6e, 0x70, 0x6c, 0x6a, 0x6a, 0x6e, 0x6e, 0x6c, 0x8b, 0x8b, 0x8f, 0x87, 0x85, 0x83, 0x83, 0x83, 0x83, 0xb3, 0x83, 0xb4, 0xb7, 0x9f, 0xd0, 0xd0, 0xd0, 0xc6, 0xc0, 0xd5, 0xde, 0xdd, 0xdd, 0xf5, 0xd4, 0xde, 0xde, 0xd4, 0xdc, 0xd8, 0xd0, 0xb0, 0xaf, 0xaf, 0xaf, 0xf4, 0xea, 0xe8, 0xdf, 0x3a, 0x47, 0xe1, 0xea, 0x4a, 0xf6, 0xe0, 0xe8, 0x41, 0x4b, 0xfa, 0xf0, 0xe6, 0xc1, 0xbf, 0x8e, 0xa2, 0xae, 0xff, 0xd0, 0xe1, 0xde, 0xdd, 0x13, 0xe7, 0xdd, 0xdf, 0x41, 0xdf, 0xe4, 0xf5, 0xe4, 0xdf, 0x34, 0xf6, 0x4c, 0x4c, 0xd0, 0xd0, 0xae, 0xb9, 0xb8, 0xc4, 0x9a, 0x95, 0x9f, 0xba, 0xbb, 0xbb, 0xba, 0xb7, 0xb4, 0xbf, 0xbe, 0xd8, 0xc0, 0xc0, 0xe2, 0xe2, 0xe5, 0xe5, 0xfa, 0xfd, 0xfd, 0xe1, 0xdc, 0xda, 0xd7, 0xd9, 0xdc, 0xe1, 0xcf, 0xae, 0x95, 0x9d, 0xaf, 0xae, 0xa9, 0x96, 0x75, 0x76, 0x75, 0x9c, 0x74, 0x71, 0x93, 0x96, 0x9e, 0xa7, 0x7a, 0x7c, 0x7c, 0x7c, 0x78, 0x78, 0xac, 0x9d, 0x98, 0xa1, 0x7a, 0xaf, 0xb0, 0xb0, 0x7c, 0x8a, 0x86, 0x6f, 0x96, 0x73, 0x79, 0xae, 0xb0, 0xff, 0x7c, 0xb0, 0xb0, 0x7c, 0xb0, 0x7c, 0xb0, 0x7c, 0xaf, 0x7c, 0x7a, 0xa1, 0xb0, 0xaf, 0x9e, 0x91, 0x94, 0x88, 0x85, 0x8a, 0x91, 0x94, 0x8f, 0x87, 0x87, 0x92, 0x8d, 0x8a, 0x87, 0xb6, 0x8e, 0xb7, 0xb6, 0x8c, 0xb9, 0x95, 0xb9, 0xb7, 0xc3, 0xc4, 0xc3, 0xc3, 0xc2, 0xc4, 0xc3, 0xc3, 0xc3, 0xb5, 0xb5, 0xb9, 0x9d, 0xa8, 0x7c, 0xae, 0x84, 0x84, 0xae, 0x90, 
  0xba, 0x9f, 0x9f, 0x9f, 0x97, 0x9a, 0x97, 0x98, 0x9b, 0xa4, 0xab, 0xac, 0xac, 0x7a, 0xab, 0x79, 0xa9, 0xa9, 0xa9, 0x7a, 0xa9, 0x79, 0x79, 0x78, 0x78, 0xa9, 0x7c, 0xae, 0xaa, 0xab, 0xa9, 0xa7, 0x79, 0x78, 0xab, 0x7a, 0xac, 0xac, 0xab, 0xab, 0xab, 0x7b, 0x79, 0x78, 0x78, 0x78, 0x78, 0x79, 0x78, 0x78, 0xa2, 0x79, 0x79, 0x79, 0xa8, 0x79, 0xcc, 0x97, 0xc8, 0x2d, 0x3c, 0x42, 0x42, 0xff, 0x63, 0x01, 0x73, 0x8d, 0x88, 0x88, 0x88, 0x69, 0x81, 0x69, 0x81, 0x86, 0x69, 0x86, 0x86, 0x88, 0x88, 0x88, 0x86, 0x82, 0x82, 0x7f, 0x7e, 0xb1, 0x98, 0xae, 0x7c, 0x77, 0x99, 0x91, 0x6e, 0x70, 0x6e, 0x6b, 0x71, 0x9e, 0x93, 0x70, 0x6e, 0x72, 0x71, 0x6d, 0x6a, 0x6a, 0x71, 0x71, 0x8b, 0x96, 0xbb, 0xbb, 0xbb, 0xa4, 0x9a, 0xa4, 0xa9, 0xad, 0xae, 0xae, 0xd0, 0xfd, 0xe9, 0xe2, 0xc0, 0xd5, 0xd2, 0xe2, 0xe0, 0xd6, 0xf3, 0xd4, 0xd5, 0xfd, 0xd4, 0xd2, 0xd8, 0xec, 0xff, 0xaf, 0xaf, 0xae, 0xc9, 0xbf, 0xdc, 0xdb, 0x11, 0x44, 0x41, 0x3a, 0xde, 0x46, 0xe8, 0xdb, 0xf5, 0x3a, 0x46, 0xc6, 0xed, 0xed, 0xfa, 0xfd, 0xa1, 0x9d, 0x9d, 0xae, 0xaf, 0xc9, 0xe1, 0xdc, 0xde, 0xf5, 0xdf, 0xdd, 0xeb, 0x31, 0xdd, 0xdf, 0x3d, 0xdb, 0xdf, 0xef, 0xd9, 0xde, 0xf8, 0x40, 0xfb, 0x4b, 0xff, 0xae, 0xae, 0xa8, 0xa9, 0x9a, 0xb7, 0xb4, 0xb3, 0xb3, 0xbf, 0xb3, 0xc2, 0xc1, 0xc1, 0xc1, 0xe2, 0xea, 0xfd, 0xfd, 0xf3, 0xde, 0xd5, 0xd4, 0xd4, 0xd4, 0xd5, 0xdc, 0xe6, 0x4b, 0xd0, 0xc5, 0xc2, 0xbf, 0xbf, 0xc2, 0xa1, 0x7c, 0xa2, 0x77, 0x74, 0x71, 0x70, 0x93, 0x72, 0x96, 0xab, 0xa9, 0x78, 0x78, 0x79, 0x79, 0x7a, 0x7b, 0x7a, 0x79, 0x9d, 0x78, 0x7a, 0xa8, 0x7c, 0xaf, 0xaf, 0x79, 0x8a, 0x85, 0x72, 0x75, 0x77, 0x7c, 0xb0, 0xb0, 0x7c, 0x7c, 0xb0, 0x7c, 0xb0, 0xb0, 0xb0, 0xaf, 0xb0, 0xaf, 0xaf, 0xaf, 0xb0, 0x7c, 0x94, 0x74, 0x96, 0x8c, 0x85, 0x8c, 0x91, 0x8f, 0x8f, 0x88, 0xb6, 0x94, 0x91, 0x8a, 0x87, 0xb4, 0x8e, 0x8e, 0x92, 0x95, 0x95, 0xb8, 0xb5, 0xb5, 0xc2, 0xb5, 0xc1, 0xb5, 0xc2, 0xc1, 0xc3, 0xc2, 0xc3, 0xc3, 0xc3, 0xb7, 0xb5, 0x9b, 0xc8, 0x01, 0xbf, 0x01, 0xc9, 0x90, 
  0x97, 0x95, 0x97, 0x95, 0x9a, 0x97, 0x9a, 0x9a, 0x9f, 0x9f, 0xa1, 0xa5, 0xa8, 0xac, 0xac, 0xab, 0xab, 0xa9, 0xab, 0xab, 0xab, 0xa9, 0x79, 0x78, 0x79, 0x79, 0x7c, 0xae, 0xac, 0xa8, 0xa9, 0x79, 0xa7, 0xa7, 0x79, 0xab, 0xab, 0xab, 0xab, 0xab, 0x7a, 0x7a, 0x79, 0x78, 0x78, 0x79, 0xab, 0x79, 0x79, 0x78, 0x78, 0x78, 0x78, 0x79, 0x79, 0x79, 0x79, 0xa1, 0x39, 0x63, 0x2d, 0x1e, 0x2d, 0x45, 0xff, 0xb0, 0x7c, 0x7c, 0xa7, 0x99, 0x96, 0x86, 0x81, 0x68, 0x81, 0x80, 0x80, 0x64, 0x80, 0x7e, 0x7e, 0x7e, 0x7e, 0x7e, 0x7d, 0x7d, 0x7d, 0x7d, 0x7d, 0x84, 0xaf, 0xae, 0xad, 0x99, 0x71, 0x93, 0x71, 0x6e, 0x6e, 0x74, 0x93, 0x70, 0x71, 0x70, 0x96, 0x71, 0x6e, 0x6c, 0x80, 0x86, 0x88, 0x87, 0x87, 0x87, 0x87, 0x8c, 0x8d, 0x95, 0xbb, 0xbb, 0xae, 0xcb, 0xc1, 0xbd, 0xdc, 0xdc, 0xd4, 0xd5, 0xeb, 0xe5, 0xd4, 0xf3, 0xd9, 0xd4, 0xe3, 0xc1, 0xbd, 0xd3, 0xc2, 0xd0, 0xaa, 0xaa, 0xaf, 0xaf, 0xb2, 0xd3, 0xd7, 0x18, 0x41, 0x44, 0x18, 0xf8, 0xe0, 0xea, 0xfb, 0x34, 0x36, 0xe4, 0x44, 0x4b, 0xe9, 0xc0, 0xbe, 0xbe, 0xb4, 0xa1, 0xae, 0xa1, 0x78, 0xae, 0xce, 0xe3, 0xe6, 0xea, 0xef, 0xd9, 0xdd, 0xf5, 0xdf, 0xdd, 0xe7, 0xf5, 0xd6, 0xdf, 0x23, 0xd6, 0xdd, 0xf5, 0xe5, 0xe1, 0xca, 0xff, 0xd0, 0xd0, 0xbb, 0xcb, 0xb9, 0xb9, 0xb9, 0xb9, 0xb8, 0xb8, 0xcb, 0xb8, 0xb8, 0xb9, 0xcf, 0xfa, 0xc0, 0xd8, 0xd5, 0xd5, 0xda, 0xde, 0xef, 0xf8, 0xfb, 0x4a, 0xfb, 0xed, 0xe1, 0xe6, 0xe3, 0xdc, 0xbd, 0xbc, 0xb1, 0xac, 0x76, 0x74, 0x70, 0x6f, 0x71, 0x71, 0x72, 0x75, 0xac, 0x78, 0xa2, 0x9d, 0xa2, 0x78, 0xa1, 0xa8, 0xac, 0x7a, 0x79, 0x79, 0x78, 0x79, 0x7c, 0xae, 0xaf, 0x7c, 0x9d, 0x88, 0x86, 0x73, 0x94, 0x7c, 0xb0, 0xb0, 0x7c, 0x7b, 0x7b, 0x7c, 0x7c, 0x7c, 0xb0, 0xaf, 0xb0, 0xb0, 0xaf, 0xaa, 0xae, 0x7c, 0x73, 0x75, 0x96, 0x8a, 0x87, 0x8c, 0x96, 0x96, 0x8f, 0x88, 0x8a, 0x94, 0x8f, 0x8b, 0x8a, 0xb6, 0x94, 0x8c, 0x9a, 0x95, 0xb7, 0xb6, 0xb7, 0xb7, 0xb5, 0xb7, 0xb7, 0xb5, 0xb5, 0xb5, 0xc4, 0xc3, 0xc4, 0xc7, 0xb8, 0xc3, 0x90, 0x9b, 0xbf, 0xc2, 0xc4, 0xc4, 0xc4, 0xc5, 
  0x9f, 0x9f, 0x9f, 0x9f, 0xba, 0x9f, 0x9b, 0x9f, 0x9a, 0x9f, 0x97, 0x9f, 0x9f, 0xa5, 0xab, 0xac, 0xab, 0xab, 0xab, 0xab, 0xab, 0xab, 0xa9, 0x78, 0x79, 0xa9, 0xac, 0xae, 0xac, 0xab, 0x79, 0xa9, 0xa7, 0x78, 0xa9, 0xa8, 0xab, 0xa8, 0x79, 0xa9, 0x7a, 0xab, 0x7a, 0x79, 0x7a, 0xab, 0x7a, 0xa8, 0x79, 0x79, 0x79, 0x79, 0x79, 0x78, 0x79, 0x79, 0x79, 0x79, 0xa1, 0x39, 0x63, 0x2d, 0x19, 0x2d, 0xfe, 0xb0, 0xb0, 0x7c, 0xaf, 0x7c, 0xad, 0x93, 0x6e, 0x6e, 0x6e, 0x6c, 0x67, 0x68, 0x66, 0x81, 0x81, 0x64, 0x64, 0x7e, 0x7e, 0x7d, 0x7d, 0x7d, 0x7d, 0x7d, 0x7f, 0xa8, 0xae, 0xae, 0x94, 0x93, 0x96, 0x71, 0x6d, 0x72, 0x71, 0x70, 0x71, 0x75, 0xab, 0x9c, 0x71, 0x6e, 0x86, 0x82, 0x86, 0x85, 0x87, 0x87, 0x87, 0x8c, 0x95, 0xb9, 0xb8, 0xc2, 0xb3, 0xd3, 0xbd, 0xbe, 0xe2, 0xbd, 0xc0, 0xef, 0xe6, 0xd4, 0xed, 0xdc, 0xd4, 0xc0, 0xb2, 0xcc, 0xce, 0x95, 0xff, 0xaf, 0xb0, 0xa1, 0xaf, 0xc5, 0xb1, 0xd8, 0x40, 0x3a, 0xe8, 0x44, 0x40, 0xdc, 0xfb, 0xe9, 0xfe, 0x4a, 0xdf, 0xdf, 0x41, 0x46, 0xd0, 0xd0, 0xc4, 0xbf, 0xb1, 0xb3, 0x95, 0xae, 0xab, 0xa1, 0xae, 0xcc, 0x97, 0xfd, 0xc2, 0xe5, 0xd9, 0xdf, 0xf5, 0xdd, 0xd4, 0xf5, 0xe7, 0xd4, 0xe4, 0xf5, 0xd4, 0xd6, 0x2b, 0xd5, 0xd4, 0xd8, 0xe5, 0xf3, 0xfb, 0xd0, 0xd0, 0xae, 0xae, 0xad, 0x9f, 0x9a, 0x9f, 0x9f, 0xbb, 0xcb, 0xc1, 0xb2, 0xbe, 0xc1, 0xf2, 0xfb, 0xfd, 0xfa, 0xf8, 0xef, 0xe4, 0xdf, 0xdd, 0xdd, 0xda, 0xda, 0xd9, 0xda, 0xd8, 0xbf, 0x9b, 0xac, 0x75, 0x73, 0x93, 0x74, 0x74, 0x75, 0x77, 0xab, 0xae, 0xaa, 0x79, 0x78, 0x78, 0xa8, 0xac, 0xcf, 0x9b, 0x97, 0x98, 0x79, 0x78, 0x7a, 0xab, 0x7c, 0xaf, 0xaf, 0xaf, 0xa1, 0x8a, 0x88, 0x73, 0x77, 0xaf, 0xb0, 0x7c, 0x7b, 0xaa, 0x7a, 0x7c, 0x7b, 0x7c, 0x7c, 0xb0, 0xb0, 0xad, 0x9d, 0x92, 0x98, 0x91, 0x74, 0x96, 0x93, 0xb6, 0x8c, 0x96, 0x93, 0x93, 0x88, 0x8d, 0x99, 0x8b, 0x8d, 0x8d, 0x8e, 0x95, 0x9f, 0x90, 0x8c, 0xb7, 0xb7, 0xb5, 0xb7, 0xb5, 0xb7, 0xb7, 0xb8, 0xc3, 0xb8, 0xc4, 0xb5, 0xc4, 0xc4, 0xb2, 0xc4, 0xd0, 0xb5, 0xc2, 0xc5, 0xc2, 0xc5, 0xc3, 0xc3, 
  0x97, 0x9b, 0x97, 0x97, 0x95, 0x95, 0x97, 0x9a, 0xc9, 0x9a, 0x9f, 0x9f, 0x9b, 0x9f, 0xa1, 0xa9, 0xa9, 0xab, 0xad, 0xac, 0xac, 0xa9, 0x79, 0xa7, 0x78, 0x7a, 0xac, 0x7c, 0xac, 0x7a, 0xa9, 0xa9, 0xa7, 0xa7, 0xa7, 0xab, 0xab, 0xab, 0xab, 0xa8, 0xab, 0x7a, 0xab, 0xab, 0x7a, 0xac, 0x7a, 0xab, 0x79, 0x79, 0x79, 0x79, 0xa7, 0x79, 0x78, 0x79, 0x79, 0x79, 0xaa, 0xa1, 0xf9, 0xc8, 0x1e, 0x1e, 0x39, 0xb0, 0xb0, 0x7c, 0xb0, 0x7a, 0x9d, 0x96, 0x93, 0x6e, 0x6c, 0x6e, 0x6c, 0x6c, 0x6c, 0x6a, 0x6c, 0x6a, 0x6c, 0x69, 0x69, 0x6b, 0x86, 0x82, 0x82, 0x82, 0xb3, 0x83, 0x90, 0xaf, 0xac, 0xa0, 0x76, 0x74, 0x71, 0x70, 0x74, 0x71, 0x6f, 0x76, 0xad, 0xa9, 0x99, 0x96, 0x93, 0x94, 0xa4, 0x9a, 0xa4, 0xbb, 0xbb, 0xbb, 0xb9, 0xb5, 0xb3, 0xb2, 0xb2, 0xb2, 0xc1, 0xc1, 0xb2, 0xbe, 0xfa, 0xe6, 0xd3, 0xe6, 0xe9, 0xbc, 0xd3, 0xd3, 0x01, 0xae, 0xae, 0xad, 0xad, 0xac, 0xaf, 0x7c, 0xaf, 0xaf, 0xcd, 0x4a, 0xe0, 0xdb, 0x34, 0x46, 0x4a, 0xdc, 0xe3, 0x4b, 0xf4, 0xc0, 0xdb, 0xdf, 0x3d, 0x3e, 0x4c, 0xb8, 0xb9, 0xbb, 0xfd, 0xc1, 0xb4, 0x89, 0x9d, 0xa9, 0x78, 0x7b, 0x7c, 0x7c, 0x9b, 0xe3, 0xdc, 0xda, 0x18, 0xf8, 0xd6, 0xd6, 0x40, 0xdd, 0xd4, 0xef, 0xeb, 0xd2, 0xd7, 0x40, 0xd4, 0xd2, 0xdd, 0xe7, 0xd7, 0xd8, 0xc3, 0xce, 0x4c, 0xd0, 0xaf, 0xbb, 0xae, 0xbb, 0xc4, 0xb4, 0xc3, 0xbb, 0xcf, 0xca, 0xe9, 0xe2, 0xc0, 0xdc, 0xdc, 0xda, 0xde, 0xdf, 0xdd, 0xdd, 0xdd, 0xdd, 0xdd, 0xe4, 0xf3, 0x4b, 0x97, 0x95, 0x9e, 0x9e, 0x76, 0x74, 0x75, 0x9e, 0xaf, 0xaf, 0x7c, 0x7c, 0x7c, 0x7c, 0xb0, 0xd0, 0xcb, 0xc4, 0xb5, 0x90, 0xaa, 0x79, 0x79, 0x78, 0x79, 0xab, 0xac, 0xaf, 0xae, 0x7c, 0x9d, 0x8a, 0x88, 0x8d, 0xaf, 0xaf, 0xb0, 0x7c, 0x7b, 0x7c, 0x7a, 0x7b, 0xb0, 0xb0, 0xb0, 0xaf, 0x9d, 0x92, 0x8f, 0x88, 0x8a, 0x9c, 0x93, 0x96, 0x87, 0x8f, 0x94, 0x93, 0x91, 0x8b, 0x8d, 0x91, 0x91, 0x8f, 0x8e, 0x9a, 0x9a, 0x8e, 0x8c, 0xb7, 0xb7, 0xb7, 0xb7, 0xb7, 0xb7, 0xb7, 0xb7, 0xb7, 0xb7, 0xc4, 0xb5, 0xc4, 0xc2, 0xb5, 0xb5, 0xb7, 0xce, 0xb5, 0xc5, 0xb8, 0xc5, 0xc4, 0xb9, 0xc7, 
  0x95, 0x95, 0x95, 0x95, 0xc9, 0x9a, 0xcb, 0x9a, 0xc9, 0x9a, 0x97, 0x9a, 0x9b, 0x9a, 0x9f, 0x9d, 0xa1, 0xa5, 0xab, 0xab, 0xab, 0x7a, 0xa9, 0x79, 0x79, 0xa9, 0x7b, 0xad, 0xac, 0xab, 0x7a, 0xa9, 0x79, 0xa7, 0xab, 0xac, 0x7b, 0xac, 0x7b, 0xac, 0xab, 0xab, 0xab, 0xab, 0xab, 0xab, 0xa9, 0x79, 0x79, 0xa7, 0x79, 0x78, 0xa7, 0x78, 0x78, 0xa7, 0x79, 0x79, 0x79, 0x79, 0xa6, 0xcc, 0xc9, 0xc9, 0xa6, 0xb0, 0xb0, 0xb0, 0x7c, 0x9b, 0x9d, 0xa4, 0x8f, 0x88, 0x86, 0x68, 0x82, 0x81, 0x81, 0x69, 0x81, 0x81, 0x86, 0x82, 0x82, 0x82, 0x82, 0x82, 0x82, 0x7e, 0x7f, 0x7d, 0xb1, 0x83, 0xae, 0x7c, 0x78, 0x77, 0x72, 0x71, 0x96, 0x74, 0x72, 0x74, 0xab, 0x9e, 0x8f, 0x8b, 0x94, 0x8f, 0x95, 0xbb, 0xbb, 0x95, 0xb5, 0xb3, 0xb3, 0x83, 0xb2, 0xb2, 0xb3, 0xb5, 0xc1, 0xb2, 0xc1, 0xc7, 0xc1, 0xd3, 0xc1, 0xb4, 0xb4, 0xb1, 0xb1, 0x84, 0xae, 0xac, 0x77, 0x77, 0x78, 0x78, 0xa1, 0xaf, 0xd0, 0xbe, 0xec, 0xd5, 0xd4, 0xf6, 0x46, 0xee, 0xf8, 0xf0, 0xdc, 0xfd, 0xed, 0xd7, 0xdd, 0x31, 0xdf, 0xe8, 0xd0, 0xfc, 0xb5, 0xbe, 0xc1, 0xc6, 0xbb, 0x9f, 0x9f, 0xa2, 0x9d, 0x78, 0x7c, 0xa6, 0xaf, 0xa6, 0xc3, 0xe3, 0xed, 0xe1, 0xeb, 0xd9, 0xdf, 0xf8, 0xd4, 0xd4, 0xfb, 0xdb, 0xd2, 0xde, 0xf8, 0xd4, 0xd2, 0xda, 0xe8, 0xd4, 0xd1, 0xd8, 0xdc, 0xe1, 0xe2, 0xfb, 0xfe, 0xd0, 0xd0, 0xd0, 0xbb, 0xc3, 0xb4, 0xc1, 0xc1, 0xe3, 0xe2, 0xe3, 0xc0, 0xe2, 0xe2, 0xe2, 0xe2, 0xef, 0xeb, 0xf8, 0xf8, 0xfb, 0xf8, 0xef, 0xe6, 0xc1, 0xc2, 0xb3, 0x8e, 0xa0, 0x98, 0x7c, 0xaf, 0xb0, 0xb0, 0x7b, 0xaf, 0xff, 0xd0, 0xf2, 0xea, 0xe6, 0xc5, 0xaf, 0x7c, 0x7b, 0x79, 0x79, 0x79, 0xa3, 0x78, 0xad, 0xa7, 0xae, 0xae, 0x98, 0x8a, 0x8a, 0xa1, 0xb0, 0xb0, 0x7c, 0x7c, 0xaa, 0x7c, 0xaf, 0x7b, 0xb0, 0x7c, 0xac, 0x98, 0x94, 0x8d, 0x88, 0x88, 0x9c, 0x91, 0x93, 0x8c, 0x8f, 0x96, 0x93, 0x93, 0x8b, 0x91, 0x94, 0x94, 0x9c, 0x9c, 0x95, 0x8c, 0xb7, 0xb6, 0xb6, 0xb6, 0xb7, 0xb5, 0xb5, 0xb6, 0xb5, 0xb6, 0xb4, 0xb5, 0xb5, 0xb5, 0xb5, 0xb5, 0xb7, 0x95, 0x95, 0x95, 0x90, 0x95, 0xb9, 0xc9, 0x97, 0xcb, 0xb8, 
  0xba, 0xa1, 0xba, 0xba, 0x9f, 0xb9, 0x95, 0x95, 0x95, 0x97, 0x97, 0x9a, 0x97, 0x9a, 0x9b, 0x9a, 0xa1, 0xa2, 0xa1, 0xab, 0xab, 0x7b, 0xab, 0x79, 0xab, 0x7a, 0xac, 0x7a, 0xac, 0x7a, 0xab, 0x79, 0xa9, 0xa9, 0x7b, 0xad, 0x7c, 0xac, 0xad, 0xac, 0xab, 0xab, 0xa9, 0xa9, 0xa7, 0x79, 0xa7, 0xa7, 0xa7, 0x78, 0xa3, 0x78, 0x78, 0xa7, 0x78, 0x78, 0x78, 0x78, 0x7a, 0x79, 0x79, 0x79, 0xa6, 0x79, 0xff, 0xaf, 0xaf, 0xb0, 0xaa, 0xa6, 0xa1, 0x9b, 0x98, 0x94, 0x8d, 0x89, 0x88, 0x85, 0x81, 0x7e, 0x64, 0x7e, 0x7e, 0x7e, 0x7e, 0x7e, 0x7e, 0x7d, 0x7d, 0x7d, 0x7d, 0x7d, 0x7d, 0x7d, 0x7f, 0x92, 0xaf, 0xa7, 0x76, 0x96, 0x75, 0x96, 0x72, 0x75, 0xa0, 0x8d, 0x8d, 0x94, 0xbb, 0xbb, 0x8c, 0xb4, 0x83, 0xb3, 0xb3, 0xb3, 0xb3, 0x83, 0xb4, 0x87, 0xb6, 0xb3, 0x83, 0xb5, 0xb6, 0xb4, 0xb1, 0xb3, 0xb4, 0x83, 0x9f, 0x85, 0x92, 0xae, 0xae, 0x79, 0x9d, 0x9e, 0xa2, 0xa1, 0x7c, 0xaf, 0xbf, 0xbd, 0xd3, 0xd2, 0x48, 0xf3, 0xe1, 0x4a, 0xde, 0xf8, 0xe6, 0xe6, 0xe9, 0xd5, 0x11, 0xf5, 0xdb, 0xe7, 0x4b, 0xd0, 0xd0, 0xc8, 0xbe, 0xbd, 0xb2, 0xb6, 0xab, 0xbb, 0xa3, 0xa9, 0xaf, 0x7c, 0xa8, 0xaf, 0xae, 0x9f, 0xd0, 0xe3, 0xdc, 0xde, 0xd7, 0xeb, 0xeb, 0xd2, 0xd9, 0x40, 0xd7, 0xd2, 0xeb, 0xf8, 0xd2, 0xd2, 0xe5, 0xf8, 0xd2, 0xd1, 0xd4, 0xe0, 0xd7, 0xd5, 0xdc, 0xc0, 0xc6, 0xfd, 0xcf, 0xd0, 0xd0, 0xd0, 0xf7, 0xc6, 0xc6, 0xe9, 0xca, 0xcd, 0xfd, 0xfb, 0xf8, 0xef, 0xef, 0xeb, 0xe5, 0xdd, 0xde, 0xdb, 0xde, 0xde, 0xd8, 0xd3, 0xb1, 0x8d, 0x7a, 0x7a, 0xb0, 0xff, 0x49, 0xff, 0x4c, 0xfd, 0xf0, 0xe5, 0xe5, 0xc6, 0xd0, 0xb0, 0xb0, 0xb0, 0x7a, 0x78, 0x77, 0x9d, 0x98, 0xa5, 0xa1, 0xa9, 0xae, 0xae, 0xa2, 0x87, 0x92, 0xaf, 0xb0, 0xb0, 0x7c, 0x7c, 0xb0, 0xaf, 0xb0, 0x7a, 0xb0, 0xa7, 0x94, 0x9c, 0x91, 0x88, 0x8d, 0x99, 0x96, 0x93, 0x8d, 0x8d, 0x93, 0x93, 0x93, 0x8f, 0x91, 0x94, 0x9c, 0xa4, 0x94, 0x8e, 0x8c, 0xb7, 0x8e, 0xb7, 0x8c, 0xb7, 0xb7, 0xb7, 0xb7, 0xb7, 0x8c, 0xb8, 0xb4, 0xb5, 0xb8, 0xb7, 0x90, 0x92, 0x92, 0x98, 0x95, 0x97, 0x90, 0x97, 0x95, 0x97, 0x9f, 0x95, 
  0xae, 0xae, 0xaf, 0xae, 0xa6, 0x9b, 0x97, 0xcc, 0xba, 0x9b, 0x97, 0x97, 0x97, 0x9b, 0x9b, 0x9f, 0x9b, 0x9f, 0xa1, 0xa1, 0xa7, 0xa9, 0xa9, 0x79, 0xa9, 0x7a, 0xab, 0x7a, 0xab, 0x7a, 0xab, 0xa9, 0x79, 0x7a, 0xac, 0xae, 0xac, 0xac, 0x7a, 0xa9, 0xa8, 0xa7, 0xa5, 0xa3, 0xa3, 0xa5, 0xa5, 0x78, 0xa3, 0xa3, 0xa5, 0x78, 0xa7, 0x79, 0xa9, 0x79, 0x78, 0x79, 0x79, 0x7a, 0xa9, 0x7a, 0x79, 0xab, 0x7b, 0x7b, 0xb0, 0xac, 0xaa, 0x9b, 0xc9, 0xc9, 0xcb, 0xce, 0x4c, 0xd0, 0x49, 0xad, 0x88, 0x66, 0x67, 0x67, 0x69, 0x69, 0x69, 0x81, 0x81, 0x81, 0x66, 0x66, 0x65, 0x80, 0x80, 0x80, 0x7f, 0x82, 0x8e, 0xae, 0x7c, 0xa2, 0xa0, 0xa3, 0x75, 0x8f, 0x8f, 0x8f, 0xbb, 0xa4, 0x8d, 0xb6, 0x83, 0x83, 0x85, 0x83, 0xb4, 0xb4, 0xb4, 0xb6, 0xb6, 0xb6, 0x83, 0xb4, 0x8c, 0x87, 0x87, 0x83, 0x7f, 0x83, 0x84, 0xae, 0xae, 0xab, 0xaf, 0xae, 0xa9, 0xac, 0xa9, 0x79, 0x7a, 0xa1, 0xaf, 0x90, 0xbc, 0xbc, 0xbd, 0xfe, 0xe8, 0xd8, 0x37, 0x4b, 0xe5, 0xdc, 0xfe, 0xc3, 0xc5, 0xec, 0x4a, 0xe0, 0xd7, 0x23, 0x40, 0x40, 0xca, 0xb8, 0xbb, 0xcb, 0xb4, 0xb3, 0xb3, 0x8c, 0x9e, 0xa7, 0xab, 0x7c, 0xaf, 0xa8, 0xa5, 0xae, 0xac, 0xb0, 0xbf, 0xbd, 0xd4, 0xd8, 0xef, 0xde, 0xd4, 0xe4, 0xf8, 0xd4, 0xd4, 0xf8, 0xef, 0xd4, 0xd2, 0xef, 0x40, 0xd4, 0xd1, 0xd9, 0xf8, 0xd4, 0xd1, 0xd1, 0xd5, 0xe1, 0xda, 0xe2, 0xfd, 0xfd, 0xd0, 0xd0, 0xd0, 0xfd, 0xc7, 0xe9, 0xe2, 0xc0, 0xde, 0xde, 0xda, 0xda, 0xd6, 0xda, 0xdd, 0xd6, 0xda, 0xd7, 0xd8, 0xe3, 0x90, 0xa1, 0x7c, 0xb0, 0xb0, 0xff, 0xaf, 0x4b, 0xfa, 0xef, 0xe5, 0xe8, 0xf2, 0x4c, 0xff, 0x7c, 0xb0, 0x7b, 0x79, 0x79, 0xa0, 0x92, 0x98, 0x95, 0x98, 0xa4, 0xa9, 0xac, 0xbb, 0x9d, 0x89, 0xa9, 0x7c, 0xb0, 0xb0, 0x7c, 0x49, 0xb0, 0x7c, 0x9d, 0xa2, 0xac, 0x94, 0x99, 0x99, 0x8b, 0x8b, 0x96, 0x96, 0x93, 0x8a, 0x8f, 0x96, 0x74, 0x74, 0x93, 0x94, 0x99, 0xa0, 0x94, 0x8e, 0x8e, 0x8e, 0x8c, 0xb8, 0x8c, 0xb8, 0x8e, 0xb8, 0xb8, 0xb7, 0xb7, 0x8e, 0x9f, 0x90, 0xb8, 0x95, 0x90, 0x95, 0x98, 0x92, 0x98, 0xa5, 0x98, 0x8e, 0x92, 0x95, 0x9d, 0x9f, 0x92, 
  0x7c, 0xac, 0xac, 0x7c, 0xac, 0x7c, 0xae, 0xae, 0xae, 0xcf, 0x9b, 0x9b, 0xba, 0xa8, 0xba, 0xa1, 0x9f, 0x9b, 0xa1, 0xa1, 0x78, 0xa8, 0x79, 0xab, 0x7a, 0xab, 0x7a, 0xab, 0x7a, 0xab, 0xab, 0xab, 0xab, 0xab, 0x7b, 0xac, 0x7a, 0xab, 0xa9, 0xab, 0xa7, 0xa9, 0xa7, 0xa7, 0xa7, 0xa7, 0xa7, 0xa5, 0xa5, 0xa5, 0xa5, 0xa7, 0xa9, 0xab, 0xab, 0x7a, 0x7a, 0x79, 0x7a, 0x79, 0x79, 0xa9, 0x79, 0xa8, 0x7a, 0x7c, 0xac, 0xa6, 0x9b, 0x97, 0xc8, 0xc8, 0xf4, 0xcb, 0x48, 0x48, 0x4b, 0xcc, 0x88, 0x81, 0x68, 0x67, 0x68, 0x69, 0x6a, 0x6c, 0x6c, 0x71, 0x71, 0x6e, 0x6e, 0x6e, 0x6e, 0x69, 0x6b, 0x82, 0x83, 0x87, 0xae, 0xad, 0xa2, 0x76, 0x8a, 0x8f, 0x9e, 0x94, 0x87, 0x85, 0xb4, 0x83, 0x85, 0xb6, 0x8d, 0xb6, 0x83, 0xb4, 0x8c, 0x8e, 0x8f, 0x87, 0x85, 0x87, 0x85, 0x8c, 0xae, 0x87, 0x82, 0x8d, 0xae, 0xae, 0xa1, 0xae, 0xa8, 0xaf, 0xa7, 0xa3, 0x78, 0xa9, 0xaf, 0xaf, 0x7c, 0xae, 0xbf, 0xec, 0xd0, 0xd8, 0xd2, 0xf0, 0x4b, 0xe9, 0x40, 0xc0, 0xe3, 0xae, 0xfc, 0xd0, 0xf7, 0xd5, 0xd7, 0x3d, 0xe4, 0x44, 0xd0, 0xc3, 0xbf, 0xc2, 0xca, 0xcf, 0xcb, 0xb6, 0x8e, 0x98, 0xa2, 0x7b, 0x7b, 0xab, 0xa3, 0x98, 0x92, 0xa1, 0xaf, 0xc1, 0xbf, 0xf7, 0xe2, 0xe5, 0xd9, 0xd4, 0xf3, 0xe0, 0xd4, 0xd4, 0x40, 0xde, 0xd4, 0xd4, 0xf8, 0xeb, 0xd2, 0xd1, 0xde, 0x47, 0xd2, 0xd1, 0xd4, 0xdc, 0xd7, 0xd2, 0xd4, 0xbe, 0xc0, 0xf1, 0xca, 0x4c, 0xd0, 0xf2, 0xed, 0xea, 0xe6, 0xea, 0xe2, 0xe5, 0xeb, 0xef, 0xef, 0xf3, 0xf5, 0xef, 0xf3, 0xf6, 0xd0, 0xff, 0xb0, 0xff, 0xff, 0xff, 0x4b, 0xf2, 0xeb, 0xe4, 0xe8, 0xfa, 0x4c, 0xae, 0xb0, 0x7c, 0x7b, 0x7a, 0x79, 0x7a, 0xa2, 0x92, 0x94, 0x95, 0x92, 0x94, 0xa9, 0xa9, 0xad, 0xad, 0xa5, 0xa5, 0x7a, 0xb0, 0xb0, 0x7c, 0xb0, 0xaf, 0x78, 0x77, 0x92, 0x8f, 0x91, 0x99, 0x99, 0x8f, 0x8b, 0x8f, 0x96, 0x93, 0x8d, 0x91, 0x96, 0x96, 0x93, 0x99, 0x9c, 0xa0, 0x94, 0x8f, 0x8c, 0x8c, 0x8c, 0xb6, 0x89, 0xb6, 0x89, 0xb6, 0x87, 0xb6, 0x8c, 0x8c, 0x8e, 0x9a, 0xa9, 0x9b, 0x95, 0x95, 0x98, 0xa0, 0x9d, 0xa2, 0x9f, 0x98, 0x9d, 0x9c, 0x92, 0x9f, 0x94, 0x94, 
  0xa9, 0xa9, 0xab, 0xab, 0xac, 0xac, 0xae, 0x7c, 0xae, 0x7c, 0xae, 0xae, 0xae, 0xae, 0xae, 0xad, 0xa8, 0xab, 0xab, 0xa9, 0xa9, 0x79, 0xa9, 0x7a, 0xab, 0xaa, 0xab, 0xaa, 0xab, 0xac, 0xac, 0xac, 0xac, 0xac, 0xac, 0x7a, 0xab, 0x79, 0xab, 0xa9, 0xab, 0xab, 0xa9, 0xa9, 0xa5, 0xa5, 0xa5, 0xa7, 0xa9, 0xab, 0xab, 0xab, 0xab, 0xac, 0x7b, 0xac, 0x7b, 0x7a, 0x7a, 0x79, 0x79, 0x79, 0x79, 0x79, 0x79, 0x7b, 0x79, 0x9b, 0x95, 0x63, 0x97, 0xc8, 0x39, 0xf7, 0x3c, 0x3c, 0x4b, 0x39, 0x98, 0x8d, 0x68, 0x82, 0x80, 0x82, 0x80, 0x66, 0x64, 0x64, 0x64, 0x64, 0x64, 0x64, 0x7e, 0x64, 0x7e, 0x7e, 0x7d, 0x7d, 0x7f, 0x8a, 0x94, 0x8f, 0x94, 0x8e, 0x8d, 0x87, 0x87, 0x8e, 0x99, 0x8d, 0x91, 0x99, 0x94, 0x99, 0x85, 0x8c, 0x8e, 0x8c, 0xa4, 0x94, 0x82, 0x87, 0x8e, 0xae, 0xad, 0xa2, 0x9e, 0xad, 0xad, 0xa2, 0xa4, 0xa3, 0xad, 0xa5, 0x9e, 0x9e, 0xa2, 0x7c, 0x7b, 0xaf, 0xb0, 0xb4, 0xc2, 0xfd, 0xd3, 0xd2, 0xe3, 0x4c, 0x4b, 0xc3, 0xea, 0xf2, 0xbe, 0xbb, 0xae, 0x92, 0xe1, 0xd4, 0xdb, 0x36, 0xdb, 0xf8, 0x4b, 0xae, 0xcb, 0xc6, 0xc1, 0xc0, 0xc1, 0xb7, 0xb8, 0x9a, 0x9c, 0x76, 0xa7, 0xa3, 0x99, 0x75, 0x76, 0x77, 0xae, 0xb0, 0xaa, 0xb0, 0xc9, 0xbe, 0xdc, 0xd9, 0xe8, 0xf3, 0xde, 0xd4, 0xde, 0xfb, 0xd7, 0xd4, 0xd7, 0xfb, 0xe5, 0xd2, 0xd2, 0xe5, 0xfb, 0xd4, 0xd1, 0xd2, 0xf8, 0xd5, 0xd1, 0xd1, 0xd1, 0xd5, 0xd5, 0xd5, 0xea, 0xfd, 0xfd, 0xd0, 0x4b, 0xd0, 0xd0, 0xfd, 0xf8, 0xf8, 0xf5, 0xef, 0xef, 0xf8, 0xf5, 0xea, 0xea, 0xc6, 0xd0, 0xff, 0x4c, 0xfa, 0xf3, 0xeb, 0xe7, 0xea, 0xfd, 0x4c, 0xff, 0x7c, 0x7c, 0x7b, 0x79, 0x79, 0x78, 0x79, 0xad, 0x9d, 0x8e, 0x8e, 0x8e, 0x8c, 0x98, 0xa4, 0x9c, 0x99, 0x9c, 0x76, 0x98, 0x7c, 0xb0, 0xb0, 0xaf, 0xaf, 0x9d, 0x99, 0x9e, 0x8a, 0x8d, 0x9c, 0x99, 0x8f, 0x8f, 0x91, 0x99, 0x74, 0x91, 0x96, 0x96, 0x96, 0x9c, 0x9c, 0x91, 0x8e, 0x91, 0x8c, 0x8a, 0x8c, 0x8c, 0x8c, 0xb6, 0x89, 0x87, 0x89, 0x87, 0x89, 0x90, 0x94, 0x9a, 0xa0, 0xa4, 0xa5, 0xa1, 0x9a, 0xa0, 0x77, 0xa0, 0xa5, 0x9a, 0x94, 0x76, 0x9c, 0x98, 0x9d, 0x73, 0x73, 
  0xa7, 0xa9, 0xa9, 0xa7, 0xa9, 0xa9, 0xa8, 0xab, 0xab, 0xab, 0xac, 0x7a, 0xac, 0xac, 0xac, 0xac, 0xad, 0xad, 0xad, 0xac, 0xac, 0x7c, 0xac, 0xac, 0xac, 0xac, 0xac, 0xac, 0xac, 0xac, 0xab, 0xac, 0xac, 0xad, 0xac, 0xac, 0xa9, 0x79, 0xa7, 0xa7, 0xa3, 0xa4, 0xa0, 0xa0, 0x9c, 0x98, 0x99, 0xa0, 0xab, 0xad, 0xad, 0xad, 0xab, 0xac, 0x7b, 0x7b, 0x7b, 0x7a, 0x7a, 0x7a, 0x79, 0x7a, 0x79, 0x7a, 0x7a, 0x7b, 0xa8, 0x97, 0x97, 0x97, 0x97, 0x39, 0xc9, 0xf7, 0x33, 0x43, 0x43, 0x45, 0xa1, 0x7b, 0xab, 0x78, 0xa0, 0x7a, 0x74, 0x81, 0x80, 0x66, 0x80, 0x80, 0x80, 0x80, 0x65, 0x64, 0x7e, 0x7e, 0x7e, 0x83, 0x85, 0x9c, 0xa4, 0x9e, 0x8e, 0x8e, 0x94, 0xa9, 0xbb, 0xbb, 0xa4, 0x94, 0xa0, 0x9c, 0xad, 0x76, 0x8d, 0x91, 0x8e, 0xbb, 0xad, 0x91, 0x8a, 0x9e, 0xae, 0xae, 0xad, 0xa7, 0xa2, 0xa0, 0xa4, 0xa0, 0xa0, 0xa4, 0xa5, 0xa2, 0x9e, 0x77, 0xa3, 0x78, 0xb0, 0xaf, 0xb5, 0xb2, 0xc2, 0xbc, 0xd2, 0xed, 0x4b, 0xc3, 0x4b, 0xc6, 0xd8, 0xfa, 0xe3, 0xb5, 0xae, 0xb7, 0xbd, 0xd2, 0x11, 0xdf, 0xdb, 0x2b, 0x4b, 0xfd, 0xc4, 0xc3, 0xc7, 0xc7, 0xe9, 0xc2, 0xb5, 0xb6, 0x91, 0x96, 0x9c, 0x9e, 0x99, 0x9c, 0x77, 0x78, 0x9d, 0x79, 0x79, 0x78, 0x7c, 0xf9, 0xc0, 0xe3, 0x37, 0xe1, 0xea, 0xda, 0xd2, 0xde, 0xf8, 0xd7, 0xd2, 0xda, 0x4a, 0xdc, 0xd2, 0xd2, 0xf3, 0xf3, 0xd2, 0xd2, 0xd5, 0x4a, 0xd5, 0xd1, 0xd2, 0xd4, 0xe2, 0xd4, 0xd2, 0xd4, 0xd8, 0xe3, 0xe3, 0x4c, 0xd0, 0xca, 0xe6, 0xdc, 0xde, 0xde, 0xde, 0xde, 0xda, 0xdd, 0xe2, 0xe1, 0xe3, 0xec, 0xfb, 0xef, 0xeb, 0xeb, 0xf3, 0x4b, 0xd0, 0x7c, 0x7c, 0x7c, 0x7a, 0x7b, 0x7a, 0x78, 0x79, 0x7b, 0xad, 0x98, 0xb6, 0x92, 0x92, 0x87, 0x8e, 0xa0, 0x93, 0x71, 0x93, 0x6f, 0x98, 0x7b, 0xb0, 0x7b, 0xb0, 0x7c, 0x9e, 0x9c, 0x99, 0x8d, 0x8f, 0x96, 0x96, 0x93, 0x8f, 0x8f, 0x74, 0x99, 0x96, 0x99, 0x99, 0x9e, 0xa0, 0x99, 0x8d, 0x8f, 0x8e, 0x8e, 0x8e, 0x8e, 0x8c, 0x92, 0x8c, 0x8e, 0x8c, 0x92, 0x8e, 0x92, 0x94, 0x98, 0x99, 0x9e, 0x9e, 0xa2, 0x9d, 0x9d, 0x77, 0x98, 0xa2, 0x9d, 0x94, 0xa3, 0x75, 0x77, 0xa0, 0x98, 0x96, 0x74, 
  0xa5, 0xa5, 0xa5, 0xa9, 0xa9, 0xa7, 0xa7, 0x79, 0xa8, 0x79, 0xa8, 0xaa, 0x79, 0xaa, 0x7a, 0xac, 0xac, 0xad, 0xad, 0xad, 0xad, 0xad, 0xac, 0xac, 0x7a, 0xab, 0xab, 0xa9, 0xa9, 0xac, 0xac, 0xac, 0xaa, 0xa8, 0xaa, 0xab, 0xac, 0xa5, 0x9d, 0x98, 0x92, 0x91, 0x8e, 0x91, 0x8e, 0x8d, 0x91, 0x94, 0xa0, 0xa7, 0xab, 0xab, 0xa9, 0xab, 0x7a, 0xac, 0x7b, 0x7c, 0x7b, 0x7b, 0x7b, 0x7b, 0xaa, 0x7b, 0x7c, 0x7a, 0xa6, 0x9d, 0x97, 0x95, 0x9b, 0xc9, 0xcb, 0xf4, 0xcb, 0x39, 0xcc, 0x9b, 0xcc, 0xa8, 0xaf, 0xb0, 0xaf, 0x7c, 0x88, 0x68, 0x6a, 0x6a, 0x6c, 0x6c, 0x6c, 0x71, 0x6e, 0x8b, 0x86, 0x8d, 0x7c, 0xae, 0xad, 0xbb, 0xab, 0x9c, 0xa4, 0xbb, 0xae, 0xad, 0xa8, 0xae, 0xac, 0xab, 0xae, 0xaf, 0xa9, 0x77, 0x76, 0xa2, 0xa5, 0xad, 0x7c, 0x7a, 0x7c, 0x7c, 0xac, 0xab, 0xa2, 0x9d, 0x9e, 0xa4, 0x9c, 0x99, 0xa0, 0xa4, 0xa3, 0xa0, 0x9e, 0x9e, 0x78, 0xa2, 0x7c, 0xa1, 0xbc, 0xbc, 0xd1, 0xbc, 0xe3, 0x4b, 0xc0, 0xc0, 0x4c, 0x4c, 0xbd, 0xde, 0xbb, 0xb4, 0xbb, 0x97, 0xd1, 0xd2, 0x34, 0xd7, 0xd7, 0xf8, 0x3e, 0x4b, 0xd0, 0xb8, 0xc1, 0xc0, 0xc1, 0xca, 0xcf, 0xbb, 0xbb, 0x9c, 0x96, 0x75, 0xa5, 0x77, 0xa0, 0x76, 0x77, 0x79, 0x78, 0x7a, 0xa1, 0xaf, 0xff, 0xec, 0xff, 0xe9, 0xbe, 0xe1, 0xd5, 0xd5, 0xca, 0xf0, 0xd4, 0xd4, 0xdc, 0x4a, 0xda, 0xd2, 0xd4, 0xf8, 0xe5, 0xd2, 0xd2, 0xdc, 0xfd, 0xd5, 0xd2, 0xd2, 0xda, 0xf8, 0xd4, 0xd1, 0xd1, 0xd8, 0xd8, 0xd2, 0xda, 0xed, 0xfd, 0x4b, 0xcf, 0xc6, 0xe3, 0xe6, 0xe5, 0xe2, 0xde, 0xda, 0xda, 0xdd, 0xeb, 0x23, 0xef, 0xf6, 0x4c, 0xff, 0x7b, 0x7b, 0x7a, 0x7b, 0x7b, 0x7a, 0x79, 0x7a, 0xa8, 0xaf, 0xa9, 0x94, 0x87, 0x87, 0x8e, 0x87, 0x87, 0x9e, 0x93, 0x70, 0x71, 0x6f, 0x77, 0x7c, 0x7c, 0xb0, 0xb0, 0xac, 0x9c, 0x9e, 0x99, 0x8f, 0x8d, 0x99, 0x99, 0x91, 0x91, 0x91, 0x96, 0x99, 0x9c, 0x9c, 0xa4, 0x9c, 0x99, 0x99, 0x91, 0x94, 0x91, 0x94, 0x8e, 0x8e, 0x8e, 0x8e, 0x8e, 0x8e, 0x8e, 0x9a, 0xac, 0xa9, 0xa0, 0x9d, 0x77, 0xa2, 0xa0, 0xa0, 0x9e, 0xa0, 0xa0, 0xa2, 0xa5, 0x98, 0x98, 0xa0, 0x9c, 0x9e, 0xa0, 0x94, 0x75, 0x76, 
  0xa5, 0xa7, 0xa5, 0x78, 0xa5, 0x79, 0xa9, 0xa9, 0xa8, 0x7a, 0xac, 0x7b, 0xac, 0x7c, 0xad, 0xac, 0xac, 0xad, 0xcf, 0xaa, 0xba, 0xba, 0xa1, 0xa1, 0xa8, 0x78, 0xa8, 0xab, 0xac, 0xab, 0xab, 0xa8, 0xab, 0xa6, 0xa8, 0xa8, 0xab, 0xab, 0x9d, 0x94, 0x94, 0x92, 0x94, 0x8e, 0x94, 0x91, 0x94, 0x94, 0x98, 0x9c, 0x9d, 0xa2, 0xa2, 0x78, 0xa9, 0x7a, 0xac, 0xac, 0x7c, 0x7b, 0x7b, 0x7c, 0x7c, 0xaf, 0x7c, 0xaa, 0xa1, 0x95, 0x9b, 0x97, 0x97, 0xc9, 0xc9, 0xcb, 0xcb, 0x39, 0xa8, 0xaf, 0x7c, 0xb0, 0x7c, 0x7c, 0xb0, 0x7c, 0x8d, 0x6b, 0x86, 0x68, 0x68, 0x68, 0x69, 0x6a, 0x6b, 0x96, 0xab, 0xad, 0xad, 0xae, 0x9e, 0x91, 0x8b, 0x86, 0x85, 0x8e, 0x7a, 0xae, 0xae, 0xa8, 0xac, 0x7a, 0x7c, 0x7c, 0xab, 0xa0, 0x77, 0x77, 0x94, 0x9d, 0x7a, 0xa1, 0x7a, 0x7c, 0x7a, 0xa2, 0x9e, 0x9e, 0xa0, 0x9c, 0x99, 0x77, 0xa4, 0xa7, 0xa4, 0x9e, 0x9e, 0xa2, 0x78, 0x78, 0x7c, 0x90, 0xb1, 0xbc, 0xd3, 0xf2, 0xfd, 0xbe, 0xd8, 0x47, 0xfe, 0xd0, 0xe2, 0xb2, 0xfd, 0x95, 0x94, 0x9f, 0xbc, 0xd5, 0x4a, 0xd2, 0xdb, 0x3d, 0xdb, 0x40, 0xd0, 0xb9, 0xcd, 0xca, 0xc3, 0xbe, 0xb2, 0xb4, 0x83, 0x94, 0x93, 0x8a, 0x74, 0xa3, 0x9e, 0x76, 0x98, 0x78, 0x78, 0x79, 0x79, 0xaa, 0xb0, 0xb0, 0xb0, 0xff, 0xc2, 0xbe, 0xd3, 0xe6, 0xe3, 0xe6, 0xe1, 0xd4, 0xd4, 0xde, 0xfb, 0xda, 0xd4, 0xd6, 0xfb, 0xde, 0xd2, 0xd2, 0xe5, 0xfb, 0xd5, 0xd4, 0xd4, 0xde, 0xf8, 0xd2, 0xd4, 0xd4, 0xe4, 0xda, 0xd4, 0xd2, 0xd5, 0xc0, 0xf7, 0xd0, 0xfd, 0xca, 0xea, 0xef, 0xeb, 0xf3, 0xf3, 0xef, 0xf5, 0xf5, 0xfb, 0x4c, 0x49, 0x7a, 0x7a, 0x7a, 0x7a, 0x7b, 0x7c, 0x7a, 0x79, 0x79, 0x49, 0x7c, 0xaf, 0x94, 0x8e, 0x88, 0x87, 0xb6, 0x85, 0x94, 0x93, 0x6f, 0x6e, 0x74, 0xa2, 0xae, 0xaf, 0xa8, 0x7c, 0xae, 0x76, 0x9e, 0xa4, 0x96, 0x91, 0x94, 0x99, 0x96, 0x96, 0x99, 0x9c, 0x99, 0x9e, 0xa4, 0x9c, 0x94, 0x8d, 0x8f, 0x91, 0x91, 0x8e, 0x8e, 0x92, 0x8e, 0x8c, 0x8c, 0x8e, 0x8e, 0x98, 0xad, 0xad, 0xae, 0xa3, 0x77, 0xa8, 0xa3, 0xa0, 0x9e, 0xa2, 0xa2, 0xa2, 0xa3, 0x9e, 0x94, 0xa0, 0x9e, 0x9e, 0xa0, 0x9e, 0x9c, 0x9e, 0xa2, 
  0x78, 0xa7, 0x79, 0x79, 0xa9, 0xa9, 0xab, 0x7a, 0xae, 0xae, 0xae, 0xad, 0xd0, 0xaa, 0xcf, 0xa6, 0xce, 0xf9, 0xcb, 0xcb, 0x9b, 0xc9, 0x9f, 0xa1, 0xa8, 0xab, 0x7a, 0xac, 0xac, 0xa8, 0xa8, 0xa8, 0xba, 0xba, 0xa1, 0xa8, 0xa9, 0xab, 0xa9, 0xa7, 0xa5, 0xa2, 0x9a, 0x94, 0x94, 0x98, 0x76, 0x94, 0x94, 0x98, 0x98, 0x98, 0x98, 0x9d, 0xa2, 0xa5, 0x79, 0xa9, 0xac, 0x7b, 0x7b, 0x7b, 0x7b, 0x7c, 0x7b, 0x9f, 0x97, 0x97, 0xc9, 0xc9, 0xcc, 0xc9, 0xc9, 0xcb, 0xcc, 0x9b, 0xa1, 0x79, 0x7a, 0x7b, 0x7c, 0xa8, 0xa8, 0xaa, 0x7c, 0xaf, 0x73, 0x8a, 0x8a, 0x8d, 0x70, 0x86, 0x71, 0xab, 0x99, 0x93, 0x8b, 0x6b, 0x86, 0x6b, 0x69, 0x6b, 0x86, 0x86, 0x87, 0x9d, 0xad, 0xae, 0xa8, 0x78, 0x78, 0x7b, 0xa9, 0xa2, 0x76, 0x77, 0x98, 0x98, 0x78, 0x78, 0x78, 0x7c, 0xa5, 0x9e, 0xa0, 0xa0, 0xa0, 0x9c, 0x77, 0xa0, 0xa7, 0xa9, 0xa3, 0x9e, 0xa0, 0x78, 0x79, 0x7c, 0xb0, 0x7c, 0xae, 0x90, 0xbb, 0xca, 0xd3, 0xd3, 0xe3, 0xd0, 0xc3, 0xe3, 0xbb, 0xbe, 0xb4, 0xbb, 0x97, 0xae, 0xce, 0xd0, 0xe5, 0xd4, 0x13, 0xf5, 0xd9, 0xea, 0xd0, 0xb9, 0xc1, 0xc1, 0xca, 0xbb, 0xca, 0xc1, 0x83, 0x83, 0x87, 0x96, 0x9d, 0x7c, 0x79, 0xa2, 0x77, 0x78, 0x78, 0x9d, 0x97, 0xaf, 0xb0, 0xb0, 0xb0, 0xb0, 0xae, 0x39, 0xc4, 0xd0, 0xce, 0xbd, 0xe6, 0xd5, 0xd5, 0xd7, 0xea, 0xef, 0xda, 0xd4, 0xda, 0xfb, 0xdd, 0xd4, 0xd4, 0xe8, 0xfb, 0xd4, 0xd4, 0xd6, 0xe4, 0xf8, 0xd4, 0xd4, 0xd4, 0xf8, 0xdf, 0xd6, 0xd4, 0xd2, 0xda, 0xdc, 0xdc, 0xfb, 0xfd, 0xfb, 0xf3, 0xe7, 0xe5, 0xeb, 0xee, 0x4b, 0x4c, 0xff, 0xaa, 0x79, 0x7a, 0x79, 0x79, 0x7a, 0xab, 0x7a, 0x79, 0x79, 0x7b, 0xb0, 0xae, 0xa9, 0x91, 0x8e, 0x87, 0x85, 0x85, 0x8d, 0x9e, 0x71, 0x71, 0x75, 0xa5, 0xac, 0xaf, 0x9d, 0x9d, 0xa0, 0x94, 0x99, 0xa4, 0x99, 0x94, 0x96, 0x75, 0x96, 0x96, 0x99, 0x9c, 0xa0, 0xa0, 0x98, 0x8f, 0x94, 0x91, 0x91, 0x8f, 0x91, 0x8f, 0x98, 0x8e, 0x8a, 0x95, 0x92, 0x92, 0x9d, 0xae, 0xae, 0xab, 0x79, 0xa2, 0xa7, 0xa9, 0xa2, 0xa2, 0xa2, 0xa3, 0xa0, 0xa3, 0xa2, 0x9d, 0x9e, 0xa2, 0x9e, 0xa2, 0xa0, 0x77, 0x9e, 0xa5, 0xa7, 
  0x7a, 0xac, 0xac, 0xac, 0xac, 0xac, 0xaa, 0xad, 0xcf, 0xcf, 0xce, 0xce, 0xcb, 0xcb, 0xc9, 0xcb, 0xc9, 0xc8, 0xc8, 0xc8, 0xc9, 0x9f, 0xaa, 0xad, 0xae, 0xac, 0xad, 0xa8, 0xa1, 0xa1, 0xba, 0xac, 0xaa, 0xba, 0xa8, 0xa8, 0xa7, 0xa5, 0xa9, 0xad, 0xad, 0xad, 0xa9, 0xa4, 0x9d, 0x9c, 0x9d, 0xa0, 0x98, 0x9a, 0x98, 0x9c, 0x98, 0x99, 0x9d, 0x9e, 0xa2, 0xa3, 0x79, 0xa9, 0x7a, 0x7c, 0xaf, 0x7c, 0xab, 0x9b, 0x97, 0x97, 0xc9, 0xc9, 0xcc, 0xc9, 0xcc, 0xc9, 0xcc, 0x9b, 0x9d, 0x78, 0x79, 0xa1, 0x78, 0x9b, 0x9d, 0xcc, 0x7c, 0xff, 0xb0, 0xb0, 0xb0, 0x7c, 0xa3, 0x86, 0x68, 0x82, 0x66, 0x80, 0x65, 0x81, 0x66, 0x66, 0x66, 0x66, 0x81, 0x68, 0x68, 0x88, 0x8e, 0xab, 0xae, 0xab, 0x78, 0x79, 0xa9, 0xa3, 0x9e, 0x9e, 0x78, 0x98, 0x9d, 0x79, 0x78, 0x7b, 0xa2, 0x9c, 0xa4, 0x9e, 0x9c, 0x9c, 0xa0, 0xa3, 0xa7, 0xa3, 0xa2, 0xa2, 0x78, 0x78, 0x7c, 0xaf, 0x7c, 0x9d, 0x92, 0xbb, 0xb5, 0xbc, 0xd3, 0xe3, 0x4c, 0xd0, 0xfd, 0xb2, 0xb9, 0x95, 0x83, 0xa8, 0xae, 0xae, 0xff, 0xc3, 0xdc, 0xd4, 0xf5, 0x29, 0xd6, 0xe8, 0xd0, 0xd0, 0xcf, 0xc2, 0xb2, 0xb2, 0xc4, 0xbb, 0xbb, 0xbb, 0xa4, 0xa4, 0xad, 0x7c, 0x78, 0xa2, 0x79, 0xa2, 0x78, 0x9d, 0x92, 0x95, 0xb0, 0xaf, 0xb0, 0xb0, 0xb0, 0xaf, 0xaf, 0xb0, 0xd0, 0xc3, 0xbd, 0xbe, 0xd4, 0xed, 0xe2, 0xc0, 0xe5, 0xda, 0xd4, 0xe4, 0xf8, 0xda, 0xd6, 0xd4, 0xf3, 0xef, 0xd9, 0xd4, 0xd9, 0xeb, 0xf5, 0xd4, 0xd6, 0xd9, 0xf5, 0xeb, 0xd6, 0xd7, 0xd7, 0xe0, 0xd9, 0xd4, 0xda, 0x18, 0xf8, 0xef, 0xef, 0xe8, 0xe6, 0xec, 0x4c, 0xb0, 0xaa, 0x7b, 0x7a, 0x79, 0x7b, 0xac, 0xac, 0xac, 0x79, 0xaa, 0xb0, 0xb0, 0xae, 0xa3, 0x8d, 0x91, 0x8c, 0xb4, 0x83, 0x87, 0xa4, 0x8f, 0x71, 0x9c, 0xa4, 0xa5, 0xae, 0x98, 0x94, 0x8a, 0x91, 0x9c, 0x9c, 0x99, 0x99, 0x9c, 0x99, 0x75, 0x9c, 0x9e, 0xa0, 0xa0, 0x99, 0x91, 0x91, 0x8e, 0x94, 0x94, 0x8f, 0x92, 0x9d, 0xad, 0xad, 0xa5, 0x98, 0x98, 0xa2, 0xae, 0xad, 0xab, 0xab, 0xa7, 0xa3, 0x79, 0x9d, 0x78, 0xa0, 0xa3, 0xa0, 0xa2, 0xa3, 0xa0, 0xa0, 0xa2, 0x9e, 0x9e, 0xa5, 0xa3, 0xa0, 0xa3, 0xa9, 0xa9, 
  0xae, 0xae, 0xad, 0xba, 0xba, 0xce, 0xce, 0xcb, 0xc9, 0xcb, 0xc9, 0xc7, 0xc8, 0xc7, 0xc8, 0xc7, 0xf1, 0xc7, 0xc9, 0xcc, 0xaa, 0xae, 0xae, 0xae, 0xad, 0xac, 0xba, 0xcc, 0x9b, 0xf9, 0xac, 0xae, 0xad, 0xba, 0xa8, 0xad, 0xab, 0xa9, 0xa1, 0xa5, 0xa9, 0xad, 0xbb, 0xad, 0xa4, 0x9d, 0xa0, 0xa4, 0xa0, 0xa0, 0x9e, 0x9e, 0x9e, 0x9e, 0x9e, 0xa0, 0xa2, 0xa2, 0x78, 0xa9, 0xab, 0x7b, 0xac, 0xaf, 0xa9, 0x9b, 0x97, 0x9b, 0xcc, 0xcc, 0xcc, 0xcc, 0xc9, 0xba, 0xa6, 0x7b, 0x78, 0x79, 0x78, 0xa1, 0x9d, 0x9d, 0xa6, 0xaa, 0xff, 0xd0, 0xfe, 0xfe, 0x4c, 0x7c, 0x8a, 0x6b, 0x69, 0x69, 0x67, 0x6a, 0x69, 0x6a, 0x69, 0x6a, 0x69, 0x69, 0x69, 0x6b, 0x6b, 0x6d, 0x88, 0x8e, 0xa1, 0xae, 0x7c, 0x78, 0x78, 0xa7, 0xa7, 0x77, 0xa0, 0x98, 0x9d, 0xa9, 0xa9, 0xa7, 0xa0, 0x9e, 0xa4, 0x9e, 0x99, 0x9e, 0xa5, 0xa5, 0xa3, 0x9e, 0x9e, 0xa3, 0xa9, 0x79, 0xaa, 0xaf, 0xad, 0x94, 0xbb, 0x83, 0xb1, 0xb2, 0xc3, 0xd0, 0xc4, 0xc9, 0xd0, 0xb3, 0xbf, 0xbb, 0x87, 0xb6, 0xa2, 0xae, 0xf1, 0xc0, 0xd4, 0xd2, 0xf5, 0xdf, 0xd4, 0xf3, 0xef, 0xfa, 0xbb, 0xbb, 0xbb, 0xb4, 0xb2, 0xb2, 0xc0, 0xb8, 0xba, 0x95, 0x8e, 0xae, 0xae, 0x78, 0x78, 0xa2, 0xa2, 0xa3, 0xa2, 0x98, 0xae, 0xaf, 0xb0, 0xb0, 0xb0, 0x7c, 0xb0, 0xb0, 0xaf, 0xb0, 0xc2, 0xb2, 0xbc, 0xcd, 0xd0, 0xb2, 0xc0, 0xde, 0xd5, 0xd6, 0xe5, 0xef, 0xd7, 0xd9, 0xd7, 0xf3, 0xea, 0xda, 0xd6, 0xdd, 0xf8, 0xe7, 0xd6, 0xd6, 0xdd, 0xf5, 0xf3, 0xdd, 0xdd, 0xdd, 0xf5, 0xdf, 0xd6, 0xd6, 0xdd, 0xef, 0xf8, 0xf8, 0xf0, 0xe1, 0xec, 0xff, 0xb0, 0xaa, 0x7c, 0x7c, 0xac, 0xa8, 0xab, 0xac, 0x79, 0x7b, 0x7c, 0xb0, 0xab, 0x92, 0x87, 0x8a, 0x8e, 0x8a, 0x83, 0x83, 0x9c, 0x8b, 0x71, 0x99, 0xa0, 0xa7, 0xa9, 0x77, 0x76, 0x8d, 0x91, 0x99, 0x99, 0x75, 0x99, 0x76, 0x9c, 0x9c, 0x9e, 0xa4, 0x9c, 0x9c, 0x73, 0x94, 0x76, 0x94, 0x94, 0x92, 0x98, 0xa3, 0xae, 0xae, 0xae, 0xae, 0xac, 0xa5, 0xa7, 0xac, 0xa9, 0xa7, 0xa7, 0x78, 0xa7, 0xa3, 0xa3, 0xa2, 0x9e, 0xa3, 0xa2, 0xa5, 0x78, 0xa0, 0xa3, 0x78, 0xa2, 0xa7, 0x78, 0x78, 0x78, 0xa9, 0xac, 0xac, 
  0xce, 0xcb, 0xc9, 0xcb, 0xf4, 0xc9, 0xc7, 0xb9, 0xc7, 0xc7, 0xc7, 0xc7, 0xc7, 0xc7, 0xc7, 0xc7, 0xc9, 0xf9, 0xcf, 0xae, 0xae, 0xae, 0xab, 0xa6, 0xba, 0xcc, 0xcb, 0x9b, 0xba, 0xae, 0xaf, 0xae, 0xcc, 0x9f, 0xa6, 0xad, 0xac, 0xab, 0xa9, 0xa1, 0xa1, 0xa4, 0xab, 0xbb, 0xad, 0xab, 0xa5, 0xa5, 0xa5, 0xa5, 0xa4, 0xa3, 0xa4, 0xa2, 0xa4, 0xa3, 0xa4, 0xa0, 0xa2, 0xa1, 0xa7, 0xa8, 0xab, 0xaf, 0x7a, 0xa1, 0xa9, 0xa8, 0xa1, 0xba, 0xc9, 0x9b, 0xa1, 0xab, 0xae, 0xac, 0x79, 0x79, 0x78, 0x79, 0x7b, 0x7c, 0x7c, 0x7c, 0xaa, 0x45, 0x49, 0xd0, 0x4c, 0x49, 0x76, 0x6f, 0x6c, 0x6c, 0x6c, 0x6a, 0x6c, 0x6c, 0x6e, 0x6c, 0x6c, 0x6e, 0x6e, 0x6d, 0x6d, 0x6d, 0x70, 0x6f, 0x92, 0x98, 0xa1, 0xac, 0xab, 0x79, 0xab, 0x78, 0x9e, 0x77, 0x9b, 0xa9, 0xab, 0xa7, 0xa2, 0xa4, 0x9e, 0x9c, 0x99, 0x9e, 0xa5, 0xa4, 0xa0, 0x9e, 0xa0, 0xa2, 0x78, 0x7a, 0xaa, 0x7c, 0x98, 0x8a, 0xb3, 0xb2, 0x83, 0xcb, 0xae, 0xb3, 0x01, 0xd0, 0xc7, 0xc7, 0xb3, 0xc4, 0xa4, 0x8c, 0x91, 0xae, 0xc3, 0xd8, 0xd2, 0xd2, 0xfb, 0xd9, 0xd4, 0x40, 0xde, 0xf8, 0xd0, 0xb6, 0xb7, 0xbb, 0xbb, 0xc2, 0xb2, 0xb2, 0xb3, 0x87, 0xb6, 0x87, 0x9b, 0x7c, 0xa3, 0x78, 0xa2, 0xa3, 0xa2, 0x77, 0x9d, 0xad, 0xb0, 0xb0, 0xb0, 0xb0, 0x7c, 0xb0, 0xb0, 0xaf, 0xaf, 0xb9, 0xb4, 0xba, 0xae, 0xcc, 0xbd, 0xbd, 0xd5, 0xd5, 0xe6, 0xe6, 0xe2, 0xda, 0xd4, 0xd9, 0xed, 0xea, 0xd9, 0xda, 0xdd, 0xf3, 0xef, 0xd9, 0xda, 0xd6, 0xeb, 0xf3, 0xe4, 0xdd, 0xdd, 0xf5, 0xf5, 0xdd, 0xd6, 0xdd, 0xde, 0xe0, 0xf3, 0xf6, 0xe6, 0xe9, 0xff, 0xaf, 0x7c, 0xaf, 0xaf, 0xae, 0xae, 0xad, 0x7c, 0xaf, 0x7c, 0xb0, 0xaf, 0x92, 0x8a, 0x85, 0x85, 0x8e, 0x87, 0x85, 0x96, 0x93, 0x71, 0x99, 0xa0, 0xad, 0xa0, 0x99, 0x9e, 0x91, 0x91, 0x96, 0x9e, 0x9c, 0x75, 0x9c, 0xa4, 0xa5, 0x9e, 0x99, 0x75, 0x96, 0x99, 0x96, 0x91, 0x94, 0x98, 0x98, 0xa7, 0xae, 0x7a, 0xac, 0xac, 0xac, 0xab, 0xa9, 0xa9, 0xa7, 0xa7, 0x78, 0xa3, 0xa2, 0xa3, 0xa2, 0xa7, 0xa0, 0xa3, 0xa2, 0xa7, 0xa7, 0xa3, 0x78, 0x78, 0xa7, 0x79, 0x79, 0x79, 0xab, 0x7c, 0xae, 0xaf, 0xac, 
  0xf4, 0xc7, 0xc7, 0xf4, 0xc7, 0xc7, 0xc6, 0xc7, 0xc7, 0xc7, 0xc7, 0xc8, 0xc7, 0xc7, 0xc8, 0xf9, 0xd0, 0xae, 0xaf, 0xac, 0xab, 0xa7, 0xba, 0xa1, 0xcb, 0xc9, 0x9b, 0xba, 0x7c, 0xae, 0x7c, 0xa1, 0xcb, 0xcc, 0xcf, 0xac, 0xa8, 0x78, 0xa8, 0xa9, 0xa1, 0x9b, 0x9f, 0xa1, 0xad, 0xbb, 0xad, 0xad, 0xab, 0xab, 0xa9, 0xa9, 0xa7, 0xa5, 0xa5, 0xa7, 0xa5, 0xab, 0xab, 0xa9, 0xa8, 0x7c, 0xaf, 0xad, 0xb0, 0xa9, 0x9d, 0x77, 0xa4, 0xae, 0xac, 0xba, 0x98, 0x8f, 0x73, 0x76, 0x79, 0x7b, 0x76, 0x6f, 0x73, 0x77, 0x7c, 0x7c, 0x98, 0x8a, 0x92, 0x98, 0xfc, 0xac, 0x9d, 0x75, 0x71, 0x6f, 0x6d, 0x6d, 0x6d, 0x6b, 0x6c, 0x6c, 0x6e, 0x6e, 0x6c, 0x6c, 0x6c, 0x6c, 0x6e, 0x6d, 0x88, 0x73, 0x98, 0x78, 0xac, 0xab, 0xab, 0x79, 0xa0, 0x9d, 0x98, 0xa1, 0xac, 0xa7, 0xa5, 0xa2, 0x9c, 0x99, 0x76, 0x75, 0x9e, 0x9e, 0x9e, 0xa0, 0xa3, 0xa3, 0x78, 0x79, 0xaf, 0xb0, 0x7f, 0xb1, 0x7f, 0xb4, 0xbb, 0x9b, 0xb2, 0xb3, 0xae, 0xcf, 0xbf, 0xf2, 0xc3, 0xc1, 0xbb, 0x95, 0x8a, 0xbb, 0xc4, 0xbd, 0xd2, 0xda, 0x4a, 0xbc, 0xd4, 0x4a, 0xdd, 0xe5, 0xd0, 0xd0, 0xb4, 0xb3, 0xc2, 0xbb, 0xbb, 0xb5, 0x83, 0xb3, 0x84, 0x83, 0x87, 0xaf, 0x7a, 0xa2, 0xa2, 0xa0, 0x9e, 0xa0, 0x76, 0x9d, 0x7a, 0xb0, 0x7c, 0xb0, 0x7c, 0xb0, 0xb0, 0xb0, 0xff, 0xb0, 0xb0, 0xaf, 0xa1, 0xaf, 0x7c, 0xbf, 0xd3, 0xbf, 0xd0, 0xbf, 0xc0, 0xdc, 0xd7, 0xd7, 0xe2, 0xed, 0xea, 0xda, 0xd6, 0xd9, 0xf3, 0xef, 0xda, 0xdd, 0xd9, 0xeb, 0xef, 0xe5, 0xdd, 0xdd, 0xeb, 0xef, 0xe4, 0xe0, 0xe0, 0xdc, 0xda, 0xe5, 0xee, 0xed, 0xe9, 0xce, 0xb0, 0xb0, 0xac, 0x7c, 0xae, 0xaf, 0xaf, 0xb0, 0xb0, 0xb0, 0xaf, 0xa1, 0x8a, 0x8a, 0x88, 0x85, 0x8a, 0x85, 0x8f, 0x99, 0x73, 0x99, 0xa3, 0xad, 0xa0, 0x99, 0xa0, 0x96, 0x96, 0x99, 0x9e, 0x9e, 0x9e, 0xa4, 0xa7, 0xa4, 0x99, 0x96, 0x75, 0x75, 0x96, 0x76, 0x98, 0xa5, 0xab, 0xac, 0xae, 0xab, 0x7a, 0x79, 0x79, 0xa9, 0x78, 0x78, 0xa7, 0x78, 0xa5, 0xa2, 0xa7, 0x78, 0xa3, 0xa7, 0xa3, 0xa3, 0xa7, 0xa7, 0xa9, 0x78, 0x79, 0xa9, 0xa9, 0xac, 0xaf, 0xae, 0xaf, 0xb0, 0xae, 0x49, 0xa1, 0x97, 
  0xc7, 0xf2, 0xca, 0xc7, 0xc6, 0xc6, 0xf4, 0xc7, 0xc7, 0xc7, 0xc7, 0xc7, 0xb9, 0xc8, 0xce, 0xae, 0xae, 0xae, 0xab, 0xa7, 0xa8, 0xba, 0xba, 0xcb, 0xc9, 0xcc, 0xce, 0xaf, 0xae, 0xaf, 0xa8, 0x9b, 0xcc, 0xcb, 0xa6, 0xad, 0xa1, 0xa1, 0xa8, 0xac, 0xab, 0xba, 0x9f, 0x97, 0x9a, 0xa1, 0xab, 0xad, 0xab, 0xad, 0xab, 0xab, 0xab, 0xab, 0xab, 0xab, 0xad, 0xa9, 0xab, 0xad, 0xa7, 0x9d, 0x9e, 0x78, 0x7c, 0xac, 0x8d, 0x88, 0x8a, 0x8a, 0x92, 0x9d, 0xab, 0x73, 0x73, 0x74, 0x94, 0x79, 0x76, 0x6f, 0x6f, 0x93, 0x75, 0xa9, 0xa2, 0x75, 0x73, 0x94, 0x98, 0x95, 0x9e, 0xac, 0x9e, 0x99, 0x9e, 0x96, 0x93, 0x74, 0x96, 0x93, 0x71, 0x6e, 0x6e, 0x6d, 0x6e, 0x6d, 0x6d, 0x6b, 0x70, 0x6f, 0x96, 0x94, 0x9d, 0x7a, 0xa7, 0xa9, 0x78, 0xa3, 0x9d, 0x9d, 0xac, 0xa9, 0xa7, 0xa0, 0x76, 0x75, 0x75, 0x75, 0x77, 0x9e, 0xa2, 0xa2, 0x78, 0x78, 0xa2, 0xa1, 0x7c, 0x7b, 0x85, 0xb6, 0x8e, 0xbb, 0xb8, 0xb1, 0xb3, 0xae, 0xae, 0xd0, 0xbe, 0xe6, 0xfd, 0xb4, 0xb8, 0xbb, 0x94, 0xa5, 0xd0, 0xbf, 0xbd, 0xf0, 0xca, 0xd1, 0xd8, 0xfb, 0xda, 0xd6, 0xf6, 0xd0, 0xd0, 0xb7, 0xb3, 0xb2, 0xb4, 0xbb, 0xbb, 0xbb, 0x8e, 0x95, 0xa8, 0x7c, 0x7a, 0x78, 0x78, 0xa2, 0xa3, 0x9e, 0x77, 0x9c, 0x98, 0xa1, 0xaf, 0xaf, 0xaa, 0xaf, 0x7c, 0xb0, 0xb0, 0xfc, 0xa8, 0xb0, 0x7a, 0xa1, 0xaf, 0xaf, 0x90, 0xc5, 0xae, 0xcc, 0xb3, 0xc0, 0xd5, 0xdc, 0xfd, 0xbf, 0xe6, 0xe3, 0xd7, 0xd5, 0xc0, 0xed, 0xed, 0xe5, 0xd6, 0xd9, 0xed, 0xed, 0xe8, 0xda, 0xd9, 0xf3, 0xea, 0xe5, 0xf0, 0xed, 0xe8, 0xdc, 0xdc, 0xe1, 0xe6, 0xc4, 0xf1, 0xfc, 0xa1, 0x98, 0xa2, 0x79, 0x7c, 0x7c, 0xb0, 0xb0, 0xb0, 0xae, 0x9d, 0x8a, 0x8d, 0x87, 0x83, 0x82, 0x8d, 0x99, 0x74, 0x9e, 0xa2, 0xa7, 0x9e, 0x9c, 0x9e, 0x99, 0x99, 0x99, 0xa0, 0xa0, 0xa4, 0xa4, 0xa0, 0x9c, 0x75, 0x75, 0x99, 0x75, 0x75, 0x77, 0xa5, 0xad, 0xae, 0xac, 0xab, 0x79, 0xa8, 0x79, 0x79, 0x78, 0xa3, 0x78, 0xa5, 0xa7, 0x78, 0xa3, 0xa2, 0x78, 0x78, 0xa9, 0xa3, 0xa7, 0xa9, 0xac, 0xab, 0xab, 0xad, 0x7c, 0xae, 0xae, 0xae, 0xac, 0xab, 0xa1, 0x9d, 0x9d, 0x98, 0x98, 
  0xb9, 0xca, 0xc7, 0xed, 0xca, 0xca, 0xf2, 0xf2, 0xc7, 0xf4, 0xc9, 0xb9, 0xc9, 0xad, 0xaf, 0xae, 0xac, 0xa7, 0xa5, 0xba, 0xa1, 0xce, 0xcb, 0xcb, 0xcb, 0xa6, 0xaf, 0xb0, 0x7c, 0xaa, 0x9b, 0xc9, 0xcb, 0xcd, 0x9f, 0xcf, 0xba, 0xcc, 0x9f, 0xba, 0xad, 0xae, 0xa8, 0xa1, 0x95, 0x95, 0x9a, 0x9f, 0xa4, 0xa9, 0xa5, 0xab, 0xab, 0xad, 0xad, 0xbb, 0xab, 0xa7, 0xac, 0xad, 0xa7, 0x91, 0x8b, 0x72, 0x74, 0x75, 0x76, 0x74, 0x73, 0x93, 0x96, 0x75, 0xa0, 0xa3, 0x76, 0x74, 0x74, 0x76, 0x76, 0x96, 0x71, 0x72, 0x74, 0x75, 0x77, 0x9e, 0x96, 0x73, 0x74, 0x76, 0xa2, 0xad, 0x9c, 0x99, 0x75, 0xa2, 0xab, 0xac, 0xad, 0xae, 0xab, 0xa9, 0xa2, 0xa0, 0x79, 0x75, 0x73, 0x6f, 0x72, 0x71, 0x73, 0x96, 0x73, 0x77, 0x78, 0xab, 0xa3, 0xa2, 0x78, 0xa3, 0xab, 0xab, 0xa5, 0x76, 0x75, 0x96, 0x96, 0x76, 0x77, 0xa2, 0x78, 0x78, 0xa3, 0x79, 0x79, 0x79, 0xb0, 0xaf, 0xae, 0xbb, 0xbb, 0x8a, 0xb2, 0xb4, 0xae, 0xb5, 0xb7, 0xbb, 0xc1, 0xbe, 0xbb, 0xb6, 0xb6, 0xa4, 0xa5, 0xae, 0xae, 0x39, 0xc2, 0xd0, 0xc0, 0xd2, 0xde, 0x40, 0xd6, 0xd6, 0xf8, 0xfd, 0xd0, 0xae, 0xbb, 0xb6, 0xb3, 0xb2, 0xb4, 0xb9, 0xbb, 0x9f, 0x8e, 0x9f, 0xae, 0x7b, 0x79, 0xa2, 0xa0, 0xa2, 0x9e, 0x98, 0x9e, 0x92, 0xa1, 0xaf, 0x7c, 0xb0, 0x7c, 0x7c, 0xaf, 0xae, 0xaa, 0xac, 0xb0, 0x7c, 0xa1, 0xaa, 0xaf, 0xaf, 0xaf, 0xaf, 0xce, 0xbf, 0xbd, 0xbd, 0xff, 0xc9, 0xbe, 0xe3, 0xd8, 0xd8, 0xfd, 0xc2, 0xc0, 0xed, 0xdc, 0xc0, 0xf2, 0xc4, 0xed, 0xc0, 0xe6, 0xfd, 0xf2, 0xc3, 0xcb, 0xfc, 0xce, 0xf1, 0xc3, 0xc0, 0x59, 0xc0, 0x02, 0xc4, 0xa9, 0x94, 0x73, 0x8f, 0x91, 0x98, 0x7c, 0xaf, 0xaf, 0xaf, 0x9f, 0x87, 0x85, 0x94, 0x8a, 0x83, 0x85, 0x9c, 0x96, 0x9c, 0xa5, 0x9e, 0x99, 0x75, 0x9c, 0x96, 0x9c, 0x9c, 0xa0, 0xa5, 0xa3, 0x9c, 0x99, 0x91, 0x96, 0x75, 0x99, 0x76, 0x77, 0xa3, 0xae, 0x7c, 0xab, 0xab, 0xa8, 0xa7, 0xa9, 0x78, 0xa3, 0xa2, 0xa3, 0xa7, 0x78, 0xa7, 0xa5, 0xa2, 0x78, 0xa7, 0xa7, 0x79, 0xa8, 0x7c, 0xae, 0x7c, 0xae, 0xae, 0xaf, 0xac, 0xa9, 0xa7, 0x9d, 0x98, 0x9c, 0x98, 0x74, 0x94, 0x71, 0x75, 
  0xca, 0xc7, 0xc6, 0xca, 0xca, 0xf2, 0xc7, 0xf1, 0xcb, 0xce, 0xd0, 0xa6, 0xae, 0xaf, 0xac, 0xac, 0xa5, 0xa5, 0xa1, 0x9f, 0xce, 0xcd, 0xcb, 0xf4, 0xce, 0xff, 0xaf, 0x7c, 0x7c, 0xa1, 0xcb, 0xf4, 0xcb, 0xf7, 0xcb, 0xce, 0xcf, 0x9f, 0xcb, 0xa1, 0xba, 0xae, 0xad, 0xad, 0xba, 0x97, 0x95, 0x92, 0x98, 0x98, 0xa4, 0xa0, 0xa4, 0xa4, 0x98, 0x8d, 0x8b, 0x91, 0x8b, 0x74, 0xa0, 0x96, 0x71, 0x6e, 0x71, 0x72, 0x99, 0xa0, 0x99, 0x72, 0x71, 0x74, 0x74, 0x9e, 0xa0, 0x96, 0x72, 0x72, 0x74, 0x77, 0x75, 0x70, 0x6f, 0x70, 0x93, 0x77, 0x76, 0x71, 0x6f, 0x71, 0x73, 0x96, 0xa5, 0x9e, 0x74, 0x73, 0x75, 0x98, 0xab, 0xad, 0xa4, 0x77, 0x9e, 0x78, 0xa7, 0x7a, 0x78, 0x77, 0x74, 0x74, 0x71, 0x73, 0x74, 0x73, 0x98, 0x9e, 0x78, 0xa3, 0xa3, 0x78, 0xa7, 0xac, 0x9e, 0x75, 0x75, 0x96, 0x77, 0x77, 0xa0, 0x9e, 0xa2, 0xa2, 0x78, 0xa9, 0x7b, 0xaf, 0xb0, 0xaf, 0x9b, 0xad, 0x8c, 0x83, 0x85, 0xbb, 0xb7, 0x84, 0xd0, 0xae, 0xc4, 0xb3, 0xb8, 0x9a, 0xb6, 0x8e, 0x9f, 0xbb, 0xb0, 0xaf, 0xae, 0xcb, 0xc0, 0xd4, 0xef, 0xf8, 0xd6, 0xdf, 0xeb, 0xea, 0xd0, 0x97, 0x97, 0xbb, 0xbb, 0xb5, 0xb4, 0xb3, 0x83, 0xb6, 0x8c, 0x87, 0x90, 0xae, 0x78, 0x78, 0x78, 0xa2, 0x78, 0x9e, 0x94, 0x98, 0x95, 0xa1, 0xaf, 0xac, 0xaf, 0x7c, 0xac, 0xac, 0xa8, 0x7a, 0xaa, 0xae, 0x7c, 0x78, 0xa1, 0x7c, 0xb0, 0xaf, 0xaf, 0xae, 0xc5, 0xb5, 0xaf, 0xae, 0xcb, 0xc1, 0xc0, 0xd3, 0xaf, 0xae, 0xb5, 0xc1, 0xc0, 0xbe, 0xbb, 0x95, 0xb9, 0xc3, 0x90, 0xd0, 0xae, 0xcb, 0xb0, 0xae, 0xae, 0xaf, 0xff, 0xd0, 0xca, 0xe3, 0xc0, 0x59, 0xb4, 0xa2, 0x99, 0x8b, 0x8b, 0x88, 0x8a, 0x98, 0xb0, 0xad, 0xad, 0x87, 0x85, 0x85, 0x8e, 0x8a, 0x85, 0x99, 0xa4, 0x9c, 0xad, 0xa4, 0x94, 0x75, 0xa0, 0x9c, 0x99, 0xa2, 0xa5, 0xa0, 0x99, 0x99, 0x99, 0x96, 0x75, 0x99, 0x9e, 0x9e, 0xa3, 0x7a, 0xac, 0xab, 0xab, 0x78, 0xa7, 0xa9, 0xa9, 0xa5, 0xa2, 0xa9, 0xa9, 0x78, 0xa9, 0xa7, 0xa7, 0xa9, 0xab, 0xab, 0x7a, 0x7c, 0xaf, 0xaf, 0xae, 0xab, 0xa1, 0xa1, 0xa1, 0xa0, 0x77, 0x99, 0x9c, 0x96, 0x99, 0x75, 0x93, 0x71, 0x6e, 0x71, 
  0xc6, 0xc7, 0xca, 0xca, 0xca, 0xc8, 0xc8, 0xcb, 0xd0, 0xaf, 0xaf, 0xac, 0xb0, 0xad, 0xa8, 0x78, 0x9f, 0xa8, 0xba, 0xf9, 0xcb, 0xcb, 0xf4, 0xf9, 0xff, 0xb0, 0xb0, 0xb0, 0xa8, 0xc9, 0xcb, 0xf7, 0xf7, 0xca, 0xf4, 0xcd, 0xce, 0xce, 0x9b, 0xcb, 0xab, 0xa8, 0xac, 0xae, 0xad, 0xad, 0xba, 0x9a, 0x95, 0xa0, 0xa0, 0x9c, 0x99, 0xa4, 0xa4, 0x8f, 0x6e, 0x6e, 0x6e, 0x6e, 0x93, 0x99, 0x96, 0x71, 0x6b, 0x6e, 0x71, 0x74, 0x9c, 0x75, 0x71, 0x6f, 0x6d, 0x70, 0x93, 0x76, 0x96, 0x6e, 0x6f, 0x71, 0x96, 0x75, 0x71, 0x6f, 0x70, 0x70, 0x96, 0x76, 0x93, 0x72, 0x6d, 0x6f, 0x72, 0x76, 0xa0, 0x73, 0x73, 0x73, 0x73, 0x75, 0x76, 0x75, 0x94, 0x75, 0x76, 0xa2, 0xae, 0xad, 0x7b, 0xa2, 0x77, 0x75, 0x75, 0x94, 0x96, 0x98, 0x9e, 0x79, 0x78, 0x78, 0xab, 0xa3, 0x76, 0x75, 0x75, 0x77, 0x9c, 0x99, 0x77, 0x9e, 0xa4, 0xa8, 0xab, 0x7c, 0xaf, 0xaf, 0xaf, 0xab, 0xa9, 0x91, 0x83, 0x87, 0xbb, 0xb6, 0xb2, 0xb7, 0xcb, 0xb9, 0xcb, 0xc1, 0xb4, 0xcf, 0x8c, 0x8c, 0x94, 0x9a, 0xaf, 0xb0, 0xba, 0xb7, 0xda, 0xd4, 0xf8, 0x23, 0xd6, 0xeb, 0xf5, 0xde, 0x4c, 0xaf, 0xb4, 0xb4, 0xc4, 0xfd, 0xbb, 0xcb, 0xb6, 0x84, 0x87, 0xb6, 0x87, 0x98, 0x7b, 0xa2, 0xa2, 0x78, 0x7b, 0xaf, 0x98, 0x98, 0x9d, 0x92, 0x95, 0x92, 0xba, 0xaf, 0x7c, 0xaa, 0xaa, 0xab, 0xae, 0xa8, 0xa9, 0x7b, 0x78, 0x79, 0xaf, 0xaf, 0xaf, 0xaf, 0xae, 0xaf, 0xae, 0xcb, 0xc9, 0xc7, 0xc4, 0xc2, 0xba, 0xaf, 0xad, 0x9a, 0xb7, 0x84, 0x9a, 0x9c, 0x8e, 0x9a, 0x9e, 0xac, 0xaf, 0xaf, 0xae, 0xad, 0xae, 0xae, 0xae, 0xaf, 0xff, 0xff, 0xfe, 0xc3, 0xbf, 0xbf, 0xbb, 0x9e, 0x8a, 0x8b, 0x88, 0x85, 0x8d, 0xae, 0x7c, 0x9a, 0x82, 0x85, 0x85, 0x8d, 0x87, 0x94, 0xa0, 0xa3, 0xad, 0xa5, 0x76, 0x76, 0xa0, 0xa3, 0xa4, 0xa5, 0xa0, 0x9c, 0x75, 0x75, 0x9c, 0x76, 0x76, 0xa3, 0x7c, 0xad, 0xab, 0xa9, 0xab, 0xa9, 0xa9, 0xa9, 0xa9, 0x7a, 0xa7, 0xa3, 0xa9, 0xa9, 0xa9, 0xa9, 0xa8, 0xa8, 0xa9, 0xac, 0xad, 0xae, 0xad, 0xba, 0xa8, 0xa1, 0x9d, 0x9d, 0x98, 0x94, 0x94, 0x9c, 0x74, 0x93, 0x71, 0x93, 0x71, 0x96, 0x99, 0x93, 0x8b, 0x6f, 
  0xca, 0xf4, 0xc8, 0xcb, 0xcf, 0xbb, 0xd0, 0xae, 0xaf, 0x7c, 0xac, 0x7a, 0xab, 0xa9, 0xa7, 0xa7, 0xa7, 0xa8, 0xce, 0xcd, 0xcb, 0xf4, 0xce, 0x49, 0xaf, 0xaf, 0xaf, 0xaa, 0xc9, 0x97, 0xca, 0xf7, 0xfa, 0xca, 0xf2, 0xca, 0xcd, 0xce, 0xcb, 0x97, 0xcb, 0xba, 0xba, 0xad, 0xad, 0xaf, 0xaf, 0xad, 0x9d, 0x87, 0x8b, 0x8f, 0x71, 0x93, 0x96, 0x99, 0x71, 0x6e, 0x6c, 0x71, 0x6c, 0x93, 0x9e, 0x96, 0x6e, 0x6d, 0x6b, 0x6c, 0x8b, 0x74, 0x96, 0x93, 0x6e, 0x6d, 0x6e, 0x6f, 0x74, 0x75, 0x71, 0x6d, 0x71, 0x72, 0x96, 0x72, 0x6e, 0x6d, 0x6f, 0x74, 0x75, 0x74, 0x70, 0x70, 0x6f, 0x6f, 0x74, 0x9e, 0x74, 0x74, 0x74, 0x74, 0x75, 0x9e, 0xa2, 0x75, 0x98, 0x77, 0x9d, 0xa8, 0xa8, 0x7a, 0x79, 0xa2, 0xa0, 0x9e, 0xa0, 0x77, 0x98, 0x9d, 0xcc, 0xaa, 0xba, 0xa5, 0x76, 0x75, 0x77, 0x98, 0x75, 0x9e, 0xa0, 0xa7, 0xab, 0xad, 0xad, 0xae, 0xaf, 0xaf, 0xaf, 0xa5, 0xb6, 0x82, 0x85, 0xa4, 0xb6, 0xb3, 0x89, 0xbb, 0xbb, 0xb5, 0x9f, 0xb5, 0xb4, 0x9a, 0x95, 0x8a, 0xb6, 0x98, 0xff, 0xaf, 0xba, 0xc3, 0xd5, 0xd9, 0xf8, 0xe5, 0xd4, 0xe7, 0xf5, 0xd4, 0xe3, 0xd0, 0xae, 0xb5, 0xb3, 0xb2, 0xb4, 0xb9, 0xbb, 0xae, 0xa4, 0x95, 0x94, 0xff, 0x7c, 0xa2, 0x78, 0xa1, 0xb0, 0x7c, 0x9a, 0x92, 0x98, 0x9a, 0x92, 0x95, 0x97, 0xa6, 0xaf, 0xae, 0xaf, 0xac, 0xac, 0xac, 0xa9, 0xa9, 0xab, 0x79, 0x79, 0xac, 0xae, 0xae, 0xa6, 0x97, 0xc5, 0xb7, 0xc5, 0x9b, 0xd0, 0xb0, 0xaf, 0x7c, 0x78, 0x98, 0xa3, 0xa0, 0x9c, 0x96, 0x8a, 0x88, 0x91, 0x73, 0x78, 0xae, 0xae, 0xac, 0xad, 0xaa, 0xac, 0x7c, 0xab, 0xaf, 0xff, 0x4c, 0xcd, 0xc2, 0xb5, 0xae, 0xa5, 0x88, 0x8a, 0x88, 0x87, 0x87, 0xa3, 0xad, 0x8e, 0x85, 0x87, 0x85, 0x83, 0x8f, 0xad, 0xa5, 0xa7, 0xa2, 0x76, 0x77, 0xa0, 0xa5, 0xa5, 0x9e, 0x94, 0x94, 0x76, 0x96, 0x94, 0x94, 0x78, 0x7a, 0xad, 0xaa, 0xa9, 0xa9, 0xa8, 0xa9, 0xa7, 0x78, 0xab, 0xa3, 0x98, 0x78, 0xa9, 0xab, 0xac, 0xad, 0xaf, 0xae, 0xab, 0xa9, 0xa7, 0xa1, 0x9d, 0x98, 0x98, 0x98, 0x99, 0x96, 0x9c, 0x75, 0x93, 0x93, 0x96, 0x71, 0x71, 0x6e, 0x71, 0x6e, 0x93, 0x96, 0x9e, 0x93, 
  0xf1, 0xc8, 0xf9, 0xd0, 0xaf, 0xaf, 0xaf, 0xae, 0xac, 0xac, 0xa9, 0xa9, 0xa1, 0xa3, 0x9d, 0xa9, 0xba, 0xce, 0xcb, 0x3c, 0xca, 0xf9, 0xcf, 0xaf, 0xaf, 0xaf, 0xac, 0x9b, 0xc9, 0xf4, 0xca, 0xfa, 0xfa, 0xf2, 0xf2, 0xca, 0xcd, 0xcd, 0xce, 0xf4, 0xc9, 0xcb, 0xcb, 0xcb, 0xcf, 0xae, 0xaf, 0xad, 0xad, 0x8b, 0x6b, 0x6c, 0x71, 0x93, 0x71, 0x96, 0x99, 0x93, 0x71, 0x6e, 0x6e, 0x6c, 0x6c, 0x93, 0x96, 0x96, 0x71, 0x6d, 0x6d, 0x6e, 0x6d, 0x72, 0x75, 0x74, 0x6f, 0x70, 0x6e, 0x70, 0x74, 0x74, 0x6f, 0x72, 0x72, 0x75, 0x75, 0x71, 0x72, 0x71, 0x74, 0x75, 0x75, 0x93, 0x96, 0x74, 0x91, 0x74, 0x77, 0x77, 0x98, 0x77, 0x98, 0x94, 0x9d, 0xac, 0x78, 0xa7, 0xaa, 0xa8, 0x7c, 0xae, 0x7c, 0xaf, 0x7c, 0xaf, 0xae, 0xae, 0x7c, 0xce, 0xf9, 0xcd, 0xcf, 0xcb, 0x9e, 0x76, 0x77, 0xa0, 0xa0, 0xa7, 0xa7, 0xab, 0xad, 0xac, 0xa9, 0xa8, 0xa8, 0xa8, 0xae, 0x84, 0x83, 0x85, 0xa4, 0x8e, 0x83, 0x8e, 0xbb, 0x9f, 0xba, 0xb6, 0xb9, 0xb9, 0xb4, 0xb6, 0xbb, 0x9a, 0x8c, 0xa8, 0xaf, 0xb0, 0xcb, 0xc1, 0xd7, 0xda, 0x40, 0xe8, 0xd4, 0xeb, 0xf8, 0xd6, 0xda, 0xfd, 0xd0, 0xbb, 0xce, 0xb4, 0xb3, 0xb2, 0xb3, 0xb5, 0x9f, 0xbb, 0x95, 0x8e, 0xa9, 0x7c, 0x78, 0x79, 0xb0, 0xaf, 0x9f, 0x98, 0x95, 0x98, 0x95, 0x95, 0x90, 0x92, 0xac, 0xa6, 0x97, 0xaf, 0xae, 0xaa, 0xa9, 0xa9, 0xa3, 0xa7, 0xab, 0x79, 0x79, 0xab, 0xa7, 0x97, 0x90, 0xcc, 0xa6, 0xae, 0xaf, 0xaf, 0xb0, 0x7c, 0x7c, 0x73, 0x8b, 0x96, 0x9c, 0x94, 0x8c, 0x8a, 0x8d, 0x88, 0x98, 0xae, 0xaf, 0xac, 0xab, 0xa7, 0xa7, 0xa9, 0x79, 0xae, 0xad, 0xaf, 0xaf, 0x4c, 0xc5, 0x63, 0xaf, 0xa9, 0x88, 0x88, 0x88, 0x85, 0x85, 0xad, 0xad, 0x87, 0x87, 0x88, 0x87, 0x8d, 0xab, 0xa5, 0xa3, 0xa2, 0x9e, 0xa0, 0xa9, 0xa5, 0x9e, 0x99, 0x75, 0x99, 0x77, 0x78, 0x78, 0x78, 0x7a, 0xac, 0x7a, 0x7a, 0xa9, 0xa9, 0xa7, 0xab, 0xa9, 0xa7, 0xa9, 0x9d, 0x77, 0xa9, 0xac, 0xa9, 0xa9, 0xa1, 0x9d, 0x9d, 0xa3, 0xa2, 0xa2, 0x9c, 0x76, 0x99, 0x76, 0x96, 0x91, 0x71, 0x93, 0x74, 0x93, 0x71, 0x93, 0x93, 0x93, 0x93, 0x71, 0x71, 0x71, 0x6e, 0x71, 0x74, 
  0xf9, 0xcf, 0xb0, 0xaf, 0x7a, 0xaa, 0x7a, 0xaa, 0xab, 0xa9, 0xa7, 0x78, 0xa4, 0xa7, 0xa8, 0xba, 0xce, 0xcb, 0xca, 0xf7, 0xcb, 0xfe, 0xaf, 0xb0, 0x7c, 0xac, 0x9b, 0x97, 0xcb, 0xf4, 0xf7, 0xfa, 0xfa, 0xf2, 0xf2, 0xca, 0xca, 0xce, 0xfd, 0xcb, 0xca, 0xcb, 0xca, 0xc9, 0x95, 0x9a, 0x98, 0x76, 0x9c, 0x96, 0x6e, 0x6b, 0x6c, 0x6c, 0x71, 0x6e, 0x74, 0x9c, 0x96, 0x71, 0x6e, 0x6d, 0x6d, 0x6d, 0x6e, 0x93, 0x74, 0x96, 0x70, 0x6e, 0x6e, 0x6f, 0x6e, 0x72, 0x75, 0x93, 0x72, 0x71, 0x72, 0x93, 0x76, 0x74, 0x72, 0x73, 0x75, 0x77, 0x74, 0x74, 0x74, 0x94, 0x77, 0xa2, 0x77, 0x9e, 0xa2, 0x77, 0x9d, 0x7c, 0xae, 0xac, 0x7c, 0xae, 0xac, 0xae, 0xad, 0xae, 0xad, 0xae, 0xa7, 0x9d, 0x98, 0x94, 0x8e, 0x8e, 0x89, 0x90, 0x90, 0x63, 0xcb, 0xf4, 0xcb, 0x97, 0x9e, 0x76, 0xa2, 0xac, 0xa3, 0x9e, 0xa4, 0xa5, 0xab, 0xac, 0xab, 0xab, 0xac, 0xae, 0xad, 0x8c, 0x94, 0xa5, 0x9a, 0x85, 0x94, 0xbb, 0x95, 0x9a, 0xbb, 0xb6, 0xb6, 0x9f, 0xb6, 0xb6, 0x8e, 0xbb, 0xad, 0xae, 0xaf, 0xb0, 0xc8, 0xd3, 0xbd, 0xde, 0xfb, 0xde, 0xd4, 0xef, 0xeb, 0xd6, 0xda, 0xea, 0xd0, 0x9f, 0xba, 0xbb, 0xbb, 0xb6, 0xb3, 0xb2, 0xb3, 0xb4, 0xb8, 0x8e, 0xb6, 0x92, 0x7c, 0x78, 0xb0, 0x7c, 0xa9, 0x9f, 0x94, 0x92, 0x9f, 0x9a, 0x92, 0x90, 0x9f, 0x92, 0x90, 0x9f, 0xaf, 0xae, 0xa8, 0xa9, 0xa9, 0xa7, 0xa7, 0x79, 0x78, 0xa1, 0xa7, 0xae, 0xae, 0xae, 0xae, 0xae, 0xaf, 0x7b, 0x7c, 0x7c, 0x7c, 0x77, 0x91, 0x71, 0x9c, 0x9e, 0x85, 0x87, 0x8d, 0x88, 0x8a, 0x78, 0xaf, 0xae, 0xab, 0xa7, 0x79, 0x79, 0xa9, 0x79, 0xac, 0x7c, 0xaa, 0xaf, 0xff, 0x63, 0x49, 0xaf, 0xad, 0x87, 0x85, 0x87, 0x85, 0x87, 0xae, 0xa9, 0x87, 0x87, 0x8a, 0x94, 0xae, 0xa9, 0x9d, 0xa2, 0xa0, 0xa3, 0xa4, 0x9e, 0x99, 0x75, 0x76, 0x9e, 0xac, 0xae, 0xae, 0xac, 0x7c, 0xac, 0x7a, 0xa9, 0x7a, 0xab, 0xac, 0xa9, 0xab, 0xab, 0xa3, 0xa0, 0xa0, 0xa5, 0xa5, 0x9d, 0x98, 0x9d, 0x8e, 0x98, 0xa2, 0x9e, 0x9e, 0x96, 0x74, 0x96, 0x96, 0x96, 0x93, 0x71, 0x93, 0x93, 0x93, 0x93, 0x71, 0x71, 0x71, 0x71, 0x96, 0x93, 0x71, 0x71, 0x71, 0x6e, 
  0xaf, 0xaf, 0x7c, 0xa9, 0x7b, 0x7a, 0xa8, 0xab, 0xab, 0xa9, 0xab, 0xa9, 0xa7, 0xa8, 0xce, 0xce, 0xca, 0xf7, 0xcd, 0xcd, 0x45, 0x49, 0xb0, 0xb0, 0xac, 0xa1, 0x9a, 0xcb, 0xc8, 0xf4, 0xf7, 0xfb, 0xfa, 0xf7, 0xf2, 0xf2, 0xf2, 0xcd, 0xfd, 0xcf, 0xcb, 0xcb, 0xcb, 0x9f, 0x8d, 0x8f, 0x71, 0x71, 0x71, 0x93, 0x99, 0x93, 0x6e, 0x6e, 0x6b, 0x6c, 0x6e, 0x6e, 0x93, 0x75, 0x96, 0x72, 0x6e, 0x6e, 0x6f, 0x70, 0x71, 0x72, 0x96, 0x75, 0x74, 0x72, 0x72, 0x71, 0x70, 0x96, 0x96, 0x74, 0x73, 0x73, 0x73, 0x76, 0x77, 0x98, 0x94, 0x9d, 0xad, 0x7c, 0xae, 0x7c, 0xaf, 0xaf, 0xae, 0xaf, 0x7c, 0xae, 0xff, 0xcf, 0x7c, 0x49, 0xa1, 0x9b, 0x92, 0x89, 0x86, 0x85, 0x86, 0x86, 0x68, 0x86, 0x6b, 0x86, 0x86, 0x8a, 0x8d, 0x97, 0xba, 0xae, 0xfc, 0xc8, 0x9b, 0x9d, 0x75, 0x6f, 0x75, 0xa0, 0xa2, 0xa4, 0xa3, 0xa2, 0xa5, 0xa5, 0xa5, 0xa5, 0xa9, 0xad, 0xae, 0xae, 0xad, 0xa4, 0x8b, 0x91, 0xa4, 0x99, 0x9a, 0x8c, 0xbb, 0x95, 0xb4, 0x9f, 0x8c, 0xb6, 0x9a, 0x98, 0xae, 0xaf, 0xb0, 0xaf, 0xb0, 0xb1, 0xc0, 0xfa, 0xf8, 0xda, 0xd7, 0xf3, 0xeb, 0xd6, 0xdd, 0xea, 0xe9, 0xbb, 0xb8, 0xb6, 0x9a, 0xbb, 0xbb, 0xb6, 0xb4, 0x83, 0xb3, 0xb4, 0xb4, 0x83, 0x92, 0x7c, 0xa6, 0xb0, 0xae, 0xa8, 0x98, 0x92, 0x94, 0x9a, 0x95, 0x8e, 0x95, 0x92, 0x95, 0x92, 0x9b, 0xae, 0xae, 0xa8, 0xab, 0xab, 0xa9, 0xa9, 0xa5, 0xa7, 0xa7, 0xa5, 0xae, 0xaf, 0xad, 0xac, 0x7b, 0x7b, 0x79, 0xaa, 0xae, 0xab, 0x91, 0x8b, 0x96, 0xa9, 0x87, 0x85, 0x8d, 0x88, 0x8b, 0x75, 0xae, 0xaf, 0xab, 0xa7, 0xab, 0xa7, 0xa9, 0xab, 0x7a, 0x7c, 0x7b, 0xaa, 0xb0, 0xaf, 0xb0, 0xb0, 0xaf, 0xae, 0x8a, 0x87, 0x87, 0x85, 0x8e, 0xad, 0x94, 0x8a, 0x8d, 0x9c, 0xad, 0xa7, 0xa7, 0xa5, 0xa7, 0xa3, 0xa0, 0x98, 0x9e, 0xa0, 0x9e, 0xab, 0xac, 0xac, 0x7a, 0xab, 0xac, 0xab, 0xab, 0x7a, 0xab, 0xac, 0xa7, 0xa7, 0xa9, 0xa0, 0x77, 0x99, 0x77, 0xa4, 0xa3, 0xa7, 0xab, 0xa3, 0xa2, 0xa2, 0x9e, 0x99, 0x75, 0x96, 0x93, 0x93, 0x93, 0x96, 0x93, 0x70, 0x93, 0x6e, 0x8b, 0x71, 0x93, 0x74, 0x71, 0x93, 0x93, 0x96, 0x74, 0x93, 0x93, 0x75, 
  0x7c, 0xac, 0x7a, 0x7a, 0xa9, 0xa9, 0xa9, 0xa8, 0xa1, 0xa1, 0xa1, 0x9f, 0xa1, 0xce, 0xcd, 0xf7, 0xf7, 0xf7, 0xcb, 0xce, 0xff, 0xb0, 0xb0, 0x7c, 0x78, 0x9f, 0xcb, 0xc8, 0xc7, 0xca, 0xf7, 0xfd, 0xfb, 0xfa, 0xf6, 0xed, 0xc6, 0xca, 0xbb, 0xbb, 0xba, 0x9f, 0x9a, 0x95, 0x96, 0x93, 0x6e, 0x71, 0x70, 0x6e, 0x93, 0x99, 0x96, 0x71, 0x6e, 0x6c, 0x6d, 0x6c, 0x6e, 0x8b, 0x93, 0x99, 0x96, 0x74, 0x93, 0x93, 0x74, 0x72, 0x73, 0x74, 0x77, 0x76, 0x74, 0x74, 0x94, 0x96, 0x9d, 0xa9, 0xab, 0xa7, 0xac, 0xab, 0xad, 0x7c, 0xae, 0x7c, 0xae, 0xae, 0xae, 0xaf, 0xad, 0x63, 0x8e, 0x89, 0x89, 0x89, 0x84, 0x01, 0x84, 0x7f, 0x83, 0x7f, 0x82, 0x82, 0x82, 0x81, 0x68, 0x6b, 0x6d, 0x6d, 0x6b, 0x6d, 0x72, 0x77, 0x7c, 0x7c, 0x7c, 0xa8, 0x95, 0x90, 0x98, 0x98, 0x96, 0x96, 0x74, 0x9c, 0xa5, 0xa4, 0xa2, 0xa0, 0xa2, 0xa0, 0xa2, 0xa2, 0xa4, 0xa1, 0xa9, 0xa5, 0xa0, 0x75, 0x91, 0x99, 0x99, 0xa4, 0x87, 0xb6, 0xab, 0x9a, 0xb6, 0x8e, 0xa4, 0x87, 0x8f, 0x8e, 0xa8, 0xaf, 0xb0, 0xb0, 0xaf, 0xf9, 0xd0, 0xc6, 0xef, 0xde, 0xd6, 0xf8, 0xeb, 0xd6, 0xde, 0xf5, 0xc0, 0xfd, 0xae, 0x89, 0x84, 0xb4, 0x95, 0xbb, 0xbb, 0x9a, 0xb8, 0xb6, 0xb4, 0xb6, 0x89, 0xaf, 0x7c, 0xb0, 0xaf, 0x9d, 0x98, 0x9a, 0x94, 0x9a, 0x9f, 0x95, 0x9a, 0x95, 0x8f, 0x98, 0x95, 0xa8, 0xae, 0xae, 0xab, 0xab, 0xa9, 0xa9, 0xa9, 0xa1, 0xa5, 0xa2, 0x9d, 0xab, 0xad, 0x7c, 0xac, 0x7a, 0xaa, 0x7c, 0xaf, 0xad, 0x9c, 0x8b, 0x8b, 0xa2, 0x8c, 0x85, 0x8a, 0x88, 0x6b, 0x91, 0x7c, 0xae, 0x7c, 0xab, 0xa9, 0xa9, 0xa7, 0x79, 0x7a, 0x7a, 0x7b, 0x7c, 0xaa, 0x7b, 0xb0, 0xb0, 0xb0, 0xaf, 0xab, 0x87, 0x87, 0x89, 0x8a, 0xa3, 0xad, 0x91, 0x94, 0x98, 0xab, 0xad, 0xa3, 0xa7, 0xa3, 0xa0, 0x9e, 0xa2, 0xa0, 0x79, 0x7a, 0x7b, 0xad, 0xac, 0xac, 0xab, 0xa9, 0x78, 0x9d, 0xa3, 0xa9, 0x9d, 0xa3, 0xa3, 0xa2, 0xa0, 0x75, 0x99, 0xa0, 0xa0, 0xa0, 0x9e, 0xa0, 0xa3, 0x9e, 0x9e, 0x9c, 0x99, 0x75, 0x75, 0x96, 0x96, 0x96, 0x93, 0x71, 0x74, 0x93, 0x72, 0x71, 0x93, 0x93, 0x93, 0x93, 0x71, 0x71, 0x93, 0x71, 0x74, 0x74, 0x74, 
  0x79, 0x79, 0x79, 0xa9, 0xa7, 0xa5, 0xa1, 0x9f, 0xba, 0x9f, 0xba, 0xa6, 0xce, 0xcd, 0xf7, 0xfa, 0xfa, 0xf7, 0xf9, 0xcf, 0xb0, 0x7c, 0xb0, 0xa8, 0xba, 0xba, 0xc9, 0xc7, 0xf4, 0xf4, 0xf7, 0x4b, 0xfb, 0xfa, 0xed, 0xed, 0xc6, 0xca, 0x95, 0x94, 0x96, 0x91, 0x96, 0x96, 0x93, 0x99, 0x99, 0x96, 0x93, 0x71, 0x71, 0x71, 0x93, 0x74, 0x96, 0x93, 0x71, 0x71, 0x93, 0x93, 0x93, 0x8b, 0x93, 0x96, 0x76, 0x73, 0x94, 0xa0, 0xa2, 0x9d, 0xa3, 0x7c, 0xae, 0xaf, 0xae, 0xaf, 0xae, 0xae, 0xae, 0xaf, 0xcf, 0xfc, 0x9b, 0x90, 0xb7, 0x87, 0x84, 0x83, 0x83, 0x83, 0x7f, 0x82, 0x7f, 0x7f, 0x80, 0x80, 0x82, 0x68, 0x81, 0x65, 0x65, 0x69, 0x6b, 0x6a, 0x69, 0x6a, 0x6c, 0x6c, 0x6a, 0x6b, 0x6f, 0x77, 0x7b, 0x7c, 0x78, 0x77, 0x9d, 0x8d, 0x8e, 0xa3, 0x9c, 0x74, 0x93, 0x93, 0x75, 0x99, 0xae, 0xad, 0xab, 0xa9, 0xad, 0xab, 0xad, 0xab, 0xab, 0xad, 0xaf, 0xad, 0x9e, 0x8f, 0x96, 0x99, 0xa4, 0xb6, 0x8c, 0x9f, 0xb6, 0xa4, 0x8c, 0x8c, 0xa4, 0x8e, 0xb6, 0x92, 0xac, 0xb0, 0xb0, 0xb0, 0xb0, 0xaf, 0xaf, 0xc7, 0xca, 0xe2, 0xda, 0xf8, 0xef, 0xd6, 0xe4, 0xf8, 0xd6, 0xe2, 0xd0, 0xae, 0x95, 0x87, 0xb3, 0xb4, 0xc7, 0xce, 0xbb, 0xbb, 0xa0, 0xad, 0xae, 0x7b, 0xb0, 0xb0, 0xaf, 0xa8, 0x94, 0x8f, 0x92, 0x95, 0x9f, 0x9a, 0x92, 0xa4, 0x8f, 0x75, 0x94, 0x9a, 0xae, 0xae, 0xad, 0xad, 0xac, 0xab, 0xab, 0xa9, 0xa2, 0x78, 0xa2, 0xa9, 0xa1, 0xad, 0xac, 0x7c, 0x7c, 0x7c, 0x79, 0x99, 0x74, 0x93, 0x6f, 0x9c, 0x94, 0x87, 0x8b, 0x88, 0x86, 0x74, 0xac, 0xae, 0xad, 0xae, 0xac, 0xa9, 0x79, 0xa9, 0x7a, 0x7a, 0x7b, 0x7a, 0x7b, 0x7b, 0x7c, 0x7c, 0xaf, 0xb0, 0xae, 0xac, 0x87, 0x87, 0x8a, 0x8d, 0xad, 0xae, 0x98, 0xa7, 0xae, 0xa8, 0xa9, 0xa3, 0xa2, 0xa2, 0xa3, 0x78, 0xa9, 0xac, 0x7a, 0x79, 0xa7, 0xa7, 0xa5, 0xa5, 0xa3, 0x9d, 0x9d, 0x9d, 0xa5, 0xa5, 0xa3, 0x9e, 0x99, 0x75, 0x9c, 0x9c, 0x9e, 0x9e, 0x9c, 0x9c, 0x75, 0x9c, 0x9c, 0x9c, 0x99, 0x99, 0x99, 0x96, 0x99, 0x93, 0x93, 0x72, 0x93, 0x74, 0x74, 0x93, 0x74, 0x93, 0x74, 0x93, 0x93, 0x71, 0x71, 0x93, 0x93, 0x93, 0x93, 0x71, 
  0xab, 0xa9, 0xa7, 0xa7, 0xa7, 0xa8, 0xa9, 0xab, 0xa8, 0xba, 0xba, 0xce, 0xcd, 0xf7, 0xfa, 0xfa, 0xfa, 0xcd, 0xce, 0xaf, 0xaf, 0xaf, 0x7a, 0xa6, 0x9f, 0xc8, 0xc7, 0xc7, 0xca, 0xf7, 0x48, 0xfd, 0xfb, 0xf2, 0xf0, 0xed, 0xf2, 0xc9, 0x94, 0x91, 0x71, 0x71, 0x93, 0x71, 0x93, 0x93, 0x93, 0x99, 0x99, 0x75, 0x93, 0x93, 0x93, 0x91, 0x74, 0x75, 0x99, 0x75, 0x96, 0x75, 0x9e, 0xa4, 0x9c, 0xa0, 0xac, 0xad, 0x7c, 0xad, 0x7c, 0xad, 0x7c, 0xab, 0x9b, 0x9d, 0x92, 0x8c, 0x89, 0x84, 0x84, 0x83, 0x84, 0xb3, 0xb1, 0x7f, 0x7f, 0x83, 0x7f, 0x7f, 0x7f, 0x7f, 0x80, 0x82, 0x81, 0x64, 0x81, 0x66, 0x6a, 0x67, 0x67, 0x67, 0x67, 0x6a, 0x67, 0x67, 0x6a, 0x6c, 0x6a, 0x6b, 0x6b, 0x72, 0x7a, 0x7c, 0x7c, 0x98, 0x77, 0x98, 0x8a, 0x73, 0x96, 0x76, 0x75, 0x75, 0x93, 0x72, 0x93, 0x76, 0xab, 0xae, 0xab, 0xa9, 0xa4, 0xa4, 0xa4, 0xba, 0xa9, 0xac, 0xaf, 0xab, 0x91, 0x8f, 0x96, 0x9c, 0x8d, 0x87, 0xbb, 0xa0, 0xb6, 0x9a, 0x95, 0x8c, 0x9a, 0x94, 0x8c, 0x8c, 0x7c, 0xb0, 0x7c, 0xb0, 0xb0, 0xb0, 0xaf, 0xb9, 0xe6, 0xdc, 0xda, 0xf3, 0xeb, 0xda, 0xdd, 0xf8, 0xdd, 0xd6, 0xc6, 0xae, 0xbb, 0x9a, 0xb6, 0xb4, 0xb2, 0xb3, 0xb5, 0x9f, 0xa5, 0x8c, 0x92, 0xaf, 0xb0, 0xb0, 0xb0, 0x7c, 0x9d, 0x94, 0x94, 0x92, 0x95, 0xa4, 0x9a, 0x9c, 0x96, 0x8f, 0x94, 0x94, 0xa9, 0x9a, 0x9d, 0xae, 0xab, 0xaa, 0xab, 0xab, 0x78, 0xa3, 0x78, 0xa7, 0xa9, 0xa1, 0xa8, 0xad, 0x7c, 0xaf, 0x7b, 0x94, 0x6f, 0x93, 0x72, 0x74, 0x9e, 0x88, 0x8d, 0x82, 0x88, 0x93, 0x91, 0x8a, 0xa9, 0xae, 0xa8, 0x7a, 0xa8, 0x7a, 0x7a, 0x7b, 0x7b, 0xaa, 0x7a, 0xaa, 0x7b, 0x49, 0xaf, 0xff, 0xb0, 0xaf, 0xae, 0x8c, 0x8d, 0x94, 0x9d, 0xae, 0xae, 0xac, 0xae, 0xac, 0x9d, 0xa2, 0xa3, 0xa9, 0xab, 0x79, 0x79, 0x79, 0x79, 0x78, 0xa3, 0xa2, 0xa3, 0xa2, 0xa5, 0xa5, 0xa5, 0xa5, 0xa2, 0xa0, 0x9e, 0x9c, 0x76, 0x96, 0x99, 0x9c, 0x99, 0x9c, 0x9c, 0x76, 0x75, 0x96, 0x75, 0x75, 0x96, 0x75, 0x96, 0x9c, 0x99, 0x72, 0x71, 0x74, 0x93, 0x74, 0x74, 0x93, 0x93, 0x93, 0x93, 0x93, 0x71, 0x71, 0x6e, 0x70, 0x71, 0x93, 0x93, 0x93, 
  0xbb, 0xab, 0xad, 0xab, 0xab, 0xa7, 0xba, 0xba, 0xba, 0xce, 0xce, 0xcd, 0xf7, 0xf7, 0xcd, 0xf7, 0xcb, 0xcd, 0xff, 0xaf, 0xaf, 0x7b, 0xba, 0xcb, 0xc8, 0xb9, 0xf4, 0xf7, 0xf7, 0xfa, 0xfa, 0x4b, 0xfa, 0xf0, 0xed, 0xc6, 0xb9, 0x90, 0x9a, 0xa5, 0x74, 0x74, 0x93, 0x93, 0x96, 0x93, 0x8f, 0x71, 0x74, 0x96, 0x76, 0x77, 0x77, 0x77, 0x77, 0x9e, 0x9e, 0xad, 0xac, 0xac, 0xad, 0x7c, 0xad, 0xad, 0x94, 0x92, 0x8e, 0x87, 0x85, 0x85, 0x82, 0x82, 0x7f, 0x7f, 0x7f, 0x82, 0x80, 0x80, 0x80, 0x82, 0x82, 0x80, 0x80, 0x80, 0x68, 0x68, 0x66, 0x64, 0x65, 0x69, 0x86, 0x66, 0x80, 0x66, 0x67, 0x6a, 0x6a, 0x66, 0x67, 0x6a, 0x6a, 0x67, 0x67, 0x6c, 0x6c, 0x6d, 0x6b, 0x6d, 0x77, 0x7b, 0x7b, 0x77, 0x74, 0x76, 0x92, 0x73, 0x6f, 0x73, 0x75, 0x75, 0x96, 0x96, 0x96, 0x93, 0x74, 0x94, 0x9e, 0xad, 0xa1, 0xa0, 0x9f, 0xa1, 0xa4, 0xa9, 0xac, 0xad, 0xae, 0xab, 0x8d, 0x91, 0x99, 0x8f, 0x88, 0xa4, 0x94, 0x9a, 0x8c, 0x8e, 0x9a, 0x8d, 0x9a, 0xa4, 0x8f, 0x8e, 0xb0, 0x7c, 0x7c, 0xb0, 0xb0, 0xaf, 0xb0, 0xc3, 0xc1, 0xda, 0xc0, 0xf3, 0xf0, 0xd5, 0xdc, 0xf8, 0xdf, 0xd6, 0xde, 0xcd, 0xae, 0xa4, 0xbb, 0x9a, 0xb4, 0xb4, 0xb3, 0x83, 0xb4, 0x95, 0xb6, 0x90, 0xaf, 0xb0, 0xb0, 0xae, 0xab, 0x9c, 0x94, 0x94, 0x92, 0x95, 0x9a, 0x94, 0x96, 0x93, 0x91, 0x94, 0x91, 0x91, 0x94, 0xa7, 0xae, 0xac, 0xae, 0xad, 0x79, 0x78, 0xa7, 0xa9, 0xa9, 0x9d, 0xa8, 0xa1, 0xac, 0x7c, 0xaf, 0x77, 0x93, 0x70, 0x96, 0x74, 0x9c, 0x8d, 0x8d, 0x86, 0x88, 0x71, 0x86, 0x88, 0x98, 0xae, 0x7c, 0xa8, 0x7a, 0x79, 0x7b, 0xaa, 0x7a, 0x7c, 0x7c, 0xaf, 0xff, 0xd0, 0xd0, 0xd0, 0xd0, 0xd0, 0xae, 0xae, 0x8d, 0x87, 0x85, 0x8e, 0xab, 0xae, 0xae, 0xae, 0xa7, 0x78, 0xa3, 0xa3, 0xa2, 0xa2, 0xa2, 0xa3, 0xa3, 0xa2, 0xa2, 0xa3, 0xa0, 0xa0, 0x9e, 0x9e, 0xa0, 0x9e, 0xa2, 0xa0, 0x99, 0x99, 0x75, 0x75, 0x99, 0x96, 0x96, 0x75, 0x96, 0x96, 0x75, 0x75, 0x75, 0x96, 0x99, 0x96, 0x96, 0x99, 0x74, 0x74, 0x75, 0x74, 0x93, 0x96, 0x74, 0x93, 0x74, 0x72, 0x93, 0x72, 0x71, 0x72, 0x71, 0x72, 0x93, 0x74, 0x93, 0x75, 
  0xba, 0xba, 0x9f, 0xba, 0x9f, 0xa1, 0x9f, 0xa1, 0xce, 0xcb, 0xcd, 0xf7, 0xf7, 0xfa, 0xf7, 0xf7, 0xcb, 0xcf, 0xaf, 0xaf, 0xaa, 0xba, 0xc9, 0xc8, 0xb9, 0xf7, 0xca, 0xca, 0xf6, 0xf7, 0xfa, 0xfe, 0xfa, 0xc6, 0xc4, 0xc7, 0x90, 0x92, 0x98, 0x9c, 0x9e, 0x9c, 0x99, 0x99, 0x99, 0x99, 0x9c, 0x96, 0x99, 0x94, 0x9c, 0xa5, 0xac, 0xad, 0xad, 0xad, 0xa3, 0x77, 0x94, 0x8d, 0x8a, 0x85, 0x85, 0x82, 0x82, 0x85, 0x82, 0x82, 0x82, 0x82, 0x80, 0x86, 0x86, 0x81, 0x81, 0x81, 0x80, 0x68, 0x6c, 0x6c, 0x66, 0x81, 0x67, 0x6a, 0x6a, 0x66, 0x66, 0x67, 0x6c, 0x6a, 0x66, 0x66, 0x67, 0x6a, 0x6c, 0x6a, 0x67, 0x67, 0x6a, 0x6a, 0x67, 0x6a, 0x6d, 0x6d, 0x73, 0xa3, 0x76, 0x78, 0xac, 0x78, 0x76, 0x73, 0x75, 0x96, 0x73, 0x8a, 0x72, 0x72, 0x76, 0x74, 0x75, 0x75, 0x93, 0x96, 0x74, 0x99, 0x9d, 0xab, 0xad, 0xa9, 0xa9, 0xab, 0xad, 0xad, 0xae, 0xae, 0xae, 0x9d, 0x8f, 0x99, 0x99, 0x91, 0x99, 0xa4, 0x99, 0x99, 0x9a, 0x8c, 0x9a, 0x8f, 0x9a, 0xa4, 0xa4, 0x9d, 0xb0, 0x7b, 0xaa, 0x7a, 0x7c, 0xb0, 0xb0, 0xc9, 0xbe, 0xbd, 0xc0, 0xca, 0xf0, 0xd8, 0xdc, 0xfb, 0xe4, 0xd6, 0xe2, 0xe2, 0xce, 0xbb, 0x95, 0xa4, 0xbb, 0x95, 0xb6, 0xb4, 0x83, 0xb4, 0x85, 0xb4, 0x97, 0xb0, 0xaf, 0xb0, 0xa2, 0x9c, 0x99, 0x94, 0x94, 0x94, 0x94, 0xa0, 0x96, 0x96, 0x93, 0x75, 0x96, 0x74, 0x96, 0x98, 0x79, 0xaf, 0xac, 0xae, 0x7a, 0x79, 0xa7, 0xa9, 0xa9, 0xa5, 0xa7, 0xa8, 0xa8, 0xa6, 0x7c, 0xab, 0x74, 0x8b, 0x72, 0x96, 0x75, 0x96, 0x88, 0x82, 0x8b, 0x6e, 0x68, 0x71, 0x73, 0x7c, 0xae, 0xaa, 0xae, 0xff, 0xff, 0xff, 0x4c, 0xd0, 0x4b, 0xcd, 0xf1, 0xf2, 0xc7, 0xf1, 0xc8, 0xcb, 0x97, 0x8c, 0x87, 0x82, 0x84, 0x87, 0x92, 0xab, 0xae, 0xad, 0x78, 0x78, 0xa2, 0xa2, 0xa0, 0x9e, 0xa0, 0x9d, 0xa0, 0xa0, 0x9e, 0xa0, 0xa0, 0xa2, 0x9e, 0x9c, 0x9e, 0x9e, 0x9c, 0x9c, 0x76, 0x96, 0x96, 0x96, 0x99, 0x99, 0x75, 0x74, 0x96, 0x75, 0x96, 0x96, 0x75, 0x75, 0x99, 0x76, 0x9e, 0x75, 0x74, 0x75, 0x74, 0x74, 0x74, 0x74, 0x74, 0x93, 0x93, 0x72, 0x93, 0x72, 0x93, 0x71, 0x72, 0x71, 0x74, 0x93, 0x73, 0xa3, 
  0xba, 0xba, 0xba, 0xba, 0xa1, 0xba, 0xa8, 0xba, 0xce, 0xcd, 0xfa, 0xfa, 0xfa, 0xf7, 0xcd, 0xcd, 0xfc, 0xaf, 0x7c, 0xaa, 0xa1, 0x9b, 0xc9, 0xcb, 0xf7, 0xcb, 0xf2, 0xf2, 0xf3, 0xfb, 0xfd, 0xfd, 0xcf, 0xc7, 0xb8, 0x9a, 0xa1, 0xa4, 0xa4, 0x9a, 0x9c, 0x98, 0x9c, 0x9e, 0xa4, 0xa9, 0xbb, 0xa5, 0xab, 0xbb, 0xa9, 0x99, 0x8d, 0x8b, 0x88, 0x88, 0x86, 0x88, 0x86, 0x80, 0x82, 0x68, 0x81, 0x86, 0x71, 0x69, 0x69, 0x68, 0x81, 0x81, 0x6b, 0x6e, 0x81, 0x81, 0x67, 0x65, 0x67, 0x6c, 0x6a, 0x66, 0x66, 0x67, 0x6a, 0x6a, 0x66, 0x66, 0x67, 0x6a, 0x6a, 0x66, 0x67, 0x67, 0x6c, 0x6e, 0x67, 0x67, 0x6a, 0x6a, 0x6a, 0x67, 0x6a, 0x6a, 0x6f, 0xa0, 0x7c, 0xaf, 0x7c, 0xac, 0x7c, 0x9e, 0x94, 0x75, 0x77, 0x88, 0x88, 0x72, 0x6f, 0x74, 0x74, 0x74, 0x96, 0x96, 0x93, 0x74, 0x75, 0xab, 0xad, 0xad, 0x78, 0xa4, 0xa3, 0xa5, 0xab, 0xad, 0xad, 0xa7, 0xa4, 0xa0, 0xa5, 0xa9, 0x96, 0x93, 0xa4, 0xa4, 0xa0, 0x9a, 0x94, 0x94, 0x94, 0x99, 0x94, 0xa4, 0xae, 0xb0, 0x7b, 0x7a, 0x79, 0xaa, 0x7c, 0xb0, 0xb0, 0xb0, 0xbf, 0xb3, 0xcf, 0xb9, 0xc6, 0xd8, 0xc0, 0xf8, 0xe2, 0xdd, 0xe5, 0xe2, 0xc0, 0xd0, 0x9a, 0x87, 0xb6, 0xa4, 0xbb, 0x9a, 0xb7, 0x85, 0xb4, 0x83, 0xbf, 0xcf, 0xb0, 0xaf, 0x98, 0x94, 0x93, 0x96, 0x94, 0x94, 0x94, 0x99, 0x9e, 0x96, 0x74, 0x93, 0x96, 0x8f, 0x93, 0x96, 0x9e, 0xad, 0x77, 0xa3, 0x7c, 0x7c, 0xa8, 0xab, 0xab, 0xa8, 0xa7, 0x7a, 0xab, 0xa6, 0xad, 0xab, 0x9c, 0x93, 0x6d, 0x93, 0x99, 0x99, 0x85, 0x82, 0x71, 0x6e, 0x69, 0x8b, 0x73, 0xae, 0xaf, 0xd0, 0xd0, 0xfd, 0xfb, 0xf6, 0xf8, 0xf8, 0xf3, 0xf3, 0xf3, 0xed, 0xf2, 0xf1, 0xcf, 0xf9, 0x87, 0x87, 0x85, 0x8c, 0x8d, 0x8c, 0x92, 0x9a, 0x9b, 0xae, 0xaf, 0x7b, 0x7c, 0x7a, 0x79, 0xa8, 0xa7, 0xa1, 0x9d, 0x98, 0x9d, 0x77, 0x76, 0x77, 0x77, 0x76, 0x76, 0x76, 0x9e, 0x9c, 0x96, 0x96, 0x96, 0x96, 0x99, 0x9c, 0x9c, 0x9e, 0x77, 0xa0, 0x9e, 0x9e, 0x75, 0x77, 0x74, 0x75, 0xa0, 0x75, 0x96, 0x76, 0x96, 0x96, 0x96, 0x74, 0x74, 0x72, 0x74, 0x93, 0x93, 0x72, 0x93, 0x72, 0x93, 0x72, 0x74, 0x73, 0x76, 0xa9, 
  0xab, 0xa8, 0xba, 0xa6, 0xba, 0xa6, 0xba, 0xce, 0xcd, 0xf7, 0xfa, 0xfb, 0xfa, 0xf7, 0xcd, 0xce, 0xae, 0xae, 0x7a, 0xa1, 0xcc, 0xcb, 0xcb, 0xcd, 0xca, 0xf2, 0xc6, 0xca, 0xf7, 0xfb, 0xfd, 0xcf, 0xcb, 0x9b, 0xa4, 0xab, 0xa4, 0xa9, 0xad, 0xab, 0xbb, 0xa9, 0xa4, 0x99, 0x94, 0x91, 0x8d, 0x8f, 0x8d, 0x8a, 0x86, 0x86, 0x86, 0x86, 0x86, 0x8b, 0x8b, 0x6b, 0x86, 0x69, 0x6b, 0x69, 0x6b, 0x71, 0x6a, 0x6c, 0x6a, 0x69, 0x6a, 0x6e, 0x6c, 0x81, 0x69, 0x67, 0x67, 0x6a, 0x6e, 0x6a, 0x66, 0x67, 0x67, 0x6a, 0x67, 0x66, 0x67, 0x6a, 0x6c, 0x6a, 0x66, 0x67, 0x67, 0x6c, 0x6e, 0x6a, 0x67, 0x6a, 0x6a, 0x6c, 0x6a, 0x6a, 0x6b, 0x72, 0xac, 0xae, 0xaf, 0xac, 0x79, 0x77, 0x73, 0x73, 0x74, 0x75, 0x88, 0x6b, 0x70, 0x6e, 0x72, 0x77, 0x96, 0x96, 0x96, 0x93, 0x93, 0x96, 0x94, 0xa2, 0xad, 0xa8, 0xa1, 0xa7, 0xa9, 0xac, 0xad, 0xab, 0xa4, 0x9d, 0xa0, 0xa9, 0xbb, 0xa4, 0x96, 0x96, 0x9c, 0x9a, 0x8a, 0xa4, 0x9a, 0x94, 0x94, 0x99, 0x94, 0xa0, 0x7c, 0xb0, 0x7a, 0x7a, 0x7a, 0x7a, 0x79, 0x49, 0x7c, 0xb0, 0x49, 0xae, 0x9f, 0xb7, 0xca, 0xbe, 0xda, 0xfa, 0xeb, 0xda, 0xe5, 0xef, 0xd5, 0xe6, 0xbb, 0x9f, 0x87, 0xb4, 0xb6, 0xa4, 0xbb, 0xba, 0x8e, 0xb7, 0xb4, 0x63, 0xaf, 0xaf, 0xa7, 0x99, 0x96, 0x93, 0x91, 0x8f, 0x91, 0x8f, 0x9e, 0xa4, 0x93, 0x96, 0x96, 0x74, 0x93, 0x74, 0x99, 0x9e, 0x74, 0x91, 0x7a, 0xae, 0xae, 0xac, 0xab, 0xab, 0xa7, 0x78, 0xac, 0xaa, 0xac, 0xa8, 0xa0, 0x93, 0x6f, 0x70, 0xa0, 0x75, 0x86, 0x82, 0x93, 0x6c, 0x68, 0x71, 0x96, 0xac, 0xcf, 0xcd, 0xca, 0xf2, 0xf6, 0xf8, 0xf3, 0xf8, 0xf3, 0xf8, 0xf6, 0xfa, 0xfd, 0xd0, 0xbb, 0x97, 0x8e, 0x8c, 0x8c, 0x87, 0x85, 0x84, 0x8e, 0x94, 0x98, 0x84, 0x98, 0xaf, 0xa7, 0xa9, 0xab, 0xac, 0xae, 0xae, 0x7c, 0x7c, 0x7a, 0x79, 0x78, 0xa3, 0xa2, 0x9e, 0x9e, 0x77, 0x9c, 0x75, 0x75, 0x75, 0x75, 0x75, 0x9c, 0x77, 0x77, 0x9e, 0xa3, 0xa9, 0xad, 0x7a, 0x78, 0x9e, 0x9e, 0xa0, 0x77, 0x96, 0x76, 0x96, 0x96, 0x74, 0x96, 0x74, 0x74, 0x93, 0x74, 0x74, 0x93, 0x93, 0x93, 0x74, 0x74, 0x74, 0x74, 0x96, 0x77, 0xa9, 
  0x9f, 0xba, 0xcc, 0x9f, 0xcb, 0xce, 0xcd, 0xcd, 0xf7, 0xfa, 0xfa, 0xfb, 0xcd, 0xf7, 0xce, 0x49, 0xb0, 0xac, 0xa6, 0x9f, 0xcb, 0xcd, 0xcb, 0xcd, 0xc7, 0xc7, 0xf2, 0xca, 0xca, 0xcd, 0xce, 0x9f, 0xab, 0xac, 0xad, 0xad, 0xa5, 0xa4, 0xa0, 0x99, 0x96, 0x96, 0x8b, 0x8f, 0x8b, 0x8a, 0x88, 0x8d, 0x8b, 0x88, 0x88, 0x8b, 0x8b, 0x71, 0x93, 0x71, 0x6b, 0x6b, 0x6e, 0x6c, 0x6e, 0x93, 0x71, 0x6c, 0x6a, 0x6c, 0x69, 0x6c, 0x71, 0x6a, 0x6a, 0x6a, 0x6a, 0x6a, 0x6c, 0x6c, 0x67, 0x67, 0x6a, 0x6a, 0x6c, 0x67, 0x67, 0x6a, 0x6a, 0x6c, 0x67, 0x67, 0x6a, 0x6a, 0x6c, 0x6c, 0x67, 0x67, 0x6c, 0x6c, 0x6f, 0x96, 0x6f, 0x6f, 0xab, 0x7c, 0xae, 0x7c, 0x79, 0xa0, 0x76, 0x74, 0x73, 0x75, 0x77, 0x88, 0x6b, 0x6f, 0x6e, 0x6f, 0x99, 0xa2, 0x96, 0x93, 0x96, 0x96, 0x74, 0x96, 0x96, 0x9e, 0xae, 0xaf, 0xae, 0xae, 0xad, 0xab, 0xa5, 0xa4, 0x9e, 0x9c, 0xa9, 0xab, 0xad, 0x9a, 0x96, 0x99, 0xa4, 0x8b, 0x8c, 0x9c, 0x9c, 0x99, 0x99, 0x99, 0x99, 0x9a, 0x7c, 0xb0, 0x7c, 0x7b, 0x7b, 0x7a, 0xaa, 0x7c, 0xb0, 0xb0, 0xaf, 0xaf, 0x90, 0xb7, 0xb9, 0xc0, 0xbd, 0xf8, 0xf3, 0xda, 0xde, 0xf8, 0xd6, 0xd5, 0xf2, 0xbb, 0x9f, 0xb6, 0xb3, 0xb3, 0xb6, 0xbb, 0xbb, 0xae, 0xae, 0xaf, 0xb0, 0x7c, 0xae, 0x9d, 0x96, 0x96, 0x93, 0x74, 0x93, 0x91, 0x8f, 0xa4, 0x9e, 0x93, 0x96, 0x93, 0x71, 0x93, 0x96, 0x96, 0x96, 0x73, 0x77, 0x7c, 0xae, 0x7c, 0xa1, 0x7a, 0xab, 0x79, 0xac, 0xa8, 0xaf, 0xa5, 0x96, 0x74, 0x71, 0x6f, 0xa0, 0x9c, 0x88, 0x69, 0x93, 0x6b, 0x69, 0x6e, 0x6f, 0x8a, 0xb8, 0xfa, 0xf7, 0xf8, 0xca, 0xca, 0xf7, 0xcd, 0x4c, 0xd0, 0xd0, 0xff, 0xae, 0xaf, 0x94, 0x8c, 0x85, 0xb6, 0x85, 0xb4, 0xb6, 0x8e, 0xa9, 0x87, 0x8c, 0x85, 0x84, 0xad, 0xa2, 0xa0, 0x9e, 0xa0, 0xa2, 0xa3, 0x79, 0xab, 0xae, 0xae, 0xaf, 0xaf, 0xb0, 0xb0, 0x7c, 0xab, 0x75, 0x96, 0x96, 0x96, 0x9c, 0xa0, 0xa2, 0x78, 0xa3, 0xa9, 0xa7, 0x7a, 0xaf, 0xaf, 0x7c, 0xb0, 0x7c, 0xa2, 0x75, 0x76, 0x76, 0x96, 0x96, 0x74, 0x96, 0x74, 0x74, 0x74, 0x93, 0x74, 0x74, 0x74, 0x74, 0x74, 0x93, 0x74, 0x77, 0x94, 0x9e, 0xa7, 
  0xa1, 0x9f, 0xba, 0xf9, 0xce, 0xce, 0xcd, 0xf7, 0xfa, 0xfb, 0xfa, 0xfa, 0xf7, 0xcd, 0x49, 0xaf, 0xaf, 0xfc, 0xa1, 0xf9, 0xce, 0xcd, 0xcb, 0xc6, 0xc7, 0xf2, 0xf4, 0xc8, 0xf4, 0xce, 0xba, 0xad, 0xa7, 0xa5, 0xa1, 0x9e, 0x98, 0x94, 0x94, 0x94, 0x8f, 0x93, 0x96, 0x96, 0x96, 0x99, 0x96, 0x8f, 0x71, 0x93, 0x93, 0x71, 0x93, 0x93, 0x6e, 0x6e, 0x6e, 0x6e, 0x6e, 0x93, 0x93, 0x6e, 0x6b, 0x6c, 0x6d, 0x6c, 0x71, 0x71, 0x6a, 0x6a, 0x6c, 0x6a, 0x6c, 0x6e, 0x6c, 0x67, 0x6a, 0x6a, 0x6a, 0x6c, 0x6a, 0x67, 0x6a, 0x6a, 0x6c, 0x6a, 0x6a, 0x6a, 0x6c, 0x71, 0x6c, 0x67, 0x67, 0x6a, 0x6c, 0x8b, 0xa5, 0xac, 0xa3, 0x7c, 0x7c, 0xae, 0xab, 0x98, 0x76, 0x75, 0x74, 0x72, 0x96, 0x75, 0x6b, 0x86, 0x6d, 0x6c, 0x70, 0x71, 0xa9, 0x9c, 0x73, 0x74, 0x96, 0x96, 0x74, 0x74, 0x75, 0xa0, 0xae, 0xaa, 0xae, 0xae, 0xab, 0xa4, 0xa0, 0x9a, 0x9c, 0xa4, 0xad, 0xa9, 0xa4, 0x9c, 0x99, 0x99, 0x96, 0x99, 0x8f, 0x8f, 0xa4, 0x99, 0x99, 0xa4, 0xa0, 0x9d, 0xaf, 0x7c, 0x7c, 0x7b, 0x79, 0x7a, 0xaf, 0x7c, 0x7c, 0xaf, 0x7c, 0xb0, 0x95, 0xb5, 0xc6, 0xc0, 0xbd, 0xf3, 0xca, 0xdc, 0xdc, 0xf8, 0xde, 0xd5, 0xda, 0xfd, 0xbb, 0xbb, 0x95, 0xb4, 0xb3, 0xb3, 0xb7, 0xba, 0x9b, 0xae, 0xb0, 0xaf, 0xaf, 0xad, 0x9e, 0x96, 0x93, 0x96, 0x71, 0x93, 0x8f, 0x96, 0x9c, 0x99, 0x96, 0x96, 0x93, 0x71, 0x96, 0x96, 0x93, 0x74, 0x94, 0x79, 0xaf, 0xb0, 0xa8, 0xa8, 0x7c, 0xab, 0xae, 0xae, 0xae, 0xa5, 0x74, 0x71, 0x74, 0x71, 0x91, 0xa3, 0x8b, 0x6b, 0x93, 0x69, 0x6b, 0x93, 0x6c, 0x88, 0x95, 0xfd, 0xfa, 0xfa, 0x4b, 0xd0, 0xb0, 0xac, 0xaa, 0xaa, 0x7c, 0xaf, 0xaa, 0x8c, 0x8a, 0x87, 0x87, 0x85, 0xb6, 0x8c, 0x8c, 0x8d, 0x92, 0x85, 0x84, 0xae, 0x92, 0x87, 0xa2, 0x9e, 0x76, 0x76, 0x76, 0x77, 0xa0, 0xa2, 0xa5, 0xa1, 0xab, 0x7c, 0xaf, 0xaf, 0xae, 0xab, 0x75, 0x74, 0x99, 0x99, 0x99, 0x9c, 0xa2, 0xa9, 0xab, 0xab, 0xac, 0xaf, 0xaf, 0xb0, 0xaf, 0xaf, 0x7c, 0x9e, 0x76, 0x75, 0x74, 0x96, 0x96, 0x74, 0x74, 0x96, 0x96, 0x74, 0x74, 0x93, 0x74, 0x96, 0x74, 0x74, 0x74, 0x9e, 0xab, 0x9e, 0xa2, 0xa9, 
  0xba, 0xcf, 0xab, 0xcf, 0xcf, 0xf7, 0xf7, 0xfa, 0xfb, 0xfa, 0xfa, 0xfa, 0xcb, 0xf9, 0xaf, 0x7c, 0xaf, 0xaa, 0xcf, 0xce, 0xcd, 0xca, 0xf4, 0xc7, 0xc8, 0xc9, 0xc8, 0xcb, 0xba, 0xab, 0xa9, 0xa0, 0x9d, 0x9d, 0x9d, 0x9d, 0x9d, 0xa2, 0xa4, 0xa5, 0xa0, 0xa5, 0xa0, 0xa4, 0x9c, 0x96, 0x91, 0x96, 0x96, 0x96, 0x93, 0x96, 0x93, 0x6e, 0x71, 0x71, 0x71, 0x6e, 0x96, 0x93, 0x6e, 0x6c, 0x6c, 0x6e, 0x6e, 0x93, 0x71, 0x69, 0x6c, 0x6e, 0x6c, 0x6e, 0x6e, 0x6a, 0x6a, 0x6c, 0x6a, 0x6c, 0x6a, 0x6a, 0x6a, 0x6c, 0x6c, 0x6c, 0x6a, 0x6a, 0x6c, 0x6e, 0x71, 0x6c, 0x6a, 0x6a, 0x6a, 0x6b, 0x6f, 0x7c, 0x7c, 0xb0, 0x7c, 0xaf, 0x7b, 0x75, 0x73, 0x72, 0x71, 0x70, 0x6f, 0x93, 0x96, 0x88, 0x69, 0x6d, 0x6a, 0x6d, 0x6e, 0x74, 0xab, 0x91, 0x74, 0x75, 0x96, 0x74, 0x75, 0x74, 0x76, 0x9e, 0xae, 0xae, 0xad, 0xa5, 0xa4, 0xa0, 0x9a, 0x9c, 0xa4, 0xbb, 0xa4, 0xa5, 0xa4, 0x91, 0x99, 0x99, 0x96, 0x9e, 0x99, 0x96, 0x99, 0x9c, 0x99, 0xa3, 0xad, 0x7b, 0xb0, 0x7c, 0x7b, 0x7a, 0x7a, 0x7b, 0x7b, 0x7c, 0x7c, 0xb0, 0xb0, 0xaf, 0xff, 0xb3, 0xb5, 0xc0, 0xb3, 0xc6, 0xbb, 0xc1, 0xda, 0xf8, 0xe6, 0xda, 0xda, 0xc0, 0xfd, 0xbb, 0xbb, 0x9f, 0xb6, 0xb4, 0xb3, 0xb4, 0xb8, 0xb8, 0xaf, 0xb0, 0xb0, 0xaf, 0xae, 0x77, 0x75, 0x93, 0x96, 0x8f, 0x71, 0x8f, 0x93, 0x9c, 0x99, 0x74, 0x93, 0x93, 0x93, 0x99, 0x71, 0x93, 0x96, 0x9e, 0xaf, 0xb0, 0xb0, 0xaa, 0xa6, 0xf9, 0xc9, 0xf9, 0xd0, 0xa8, 0x75, 0x93, 0x74, 0x93, 0x93, 0x9e, 0x8b, 0x71, 0x6e, 0x68, 0x6e, 0x71, 0x6b, 0x6e, 0x98, 0xae, 0xff, 0xff, 0xff, 0x7c, 0x7a, 0xaa, 0x79, 0x7a, 0x7c, 0x7c, 0xae, 0x78, 0x87, 0x87, 0x87, 0x8c, 0x8e, 0x8c, 0x8a, 0x9a, 0x8d, 0x85, 0x85, 0x9e, 0xad, 0x84, 0x85, 0xab, 0x74, 0x76, 0x75, 0x75, 0x76, 0x9e, 0xa0, 0xa2, 0xa5, 0xa3, 0xa5, 0xa3, 0xa2, 0x77, 0x99, 0x75, 0x99, 0x99, 0x75, 0x75, 0x77, 0xa3, 0xab, 0xab, 0xa9, 0xac, 0xad, 0xab, 0xac, 0x7c, 0x77, 0x76, 0x75, 0x75, 0x75, 0x75, 0x75, 0x96, 0x74, 0x74, 0x75, 0x96, 0x96, 0x74, 0x96, 0x74, 0x74, 0x74, 0x9c, 0xa9, 0xad, 0xac, 0xa7, 0xa7, 
  0xba, 0xba, 0xfc, 0xce, 0xcb, 0xf7, 0xfa, 0xfa, 0xfa, 0xfa, 0xf7, 0xcd, 0xf9, 0xd0, 0x7c, 0xaf, 0x7a, 0xab, 0xce, 0xcb, 0xcb, 0xf1, 0xc8, 0xcb, 0xc9, 0xcb, 0xcf, 0xae, 0xab, 0x9f, 0xa5, 0xa5, 0xab, 0xad, 0xae, 0xae, 0xae, 0xae, 0xae, 0xab, 0xa9, 0xa4, 0xa3, 0x9c, 0x96, 0x99, 0x99, 0x99, 0x96, 0x96, 0x99, 0x93, 0x71, 0x93, 0x93, 0x71, 0x93, 0x75, 0x93, 0x6c, 0x6e, 0x71, 0x71, 0x71, 0x96, 0x6e, 0x69, 0x71, 0x71, 0x6e, 0x71, 0x6e, 0x6a, 0x6c, 0x6c, 0x6c, 0x6c, 0x6c, 0x6a, 0x6a, 0x6c, 0x6c, 0x6c, 0x6a, 0x6a, 0x6c, 0x70, 0x70, 0x6f, 0x74, 0x70, 0x69, 0x6b, 0x72, 0x7c, 0xaf, 0xb0, 0x7c, 0xb0, 0x7c, 0x77, 0x74, 0x70, 0x70, 0x70, 0x6f, 0x96, 0x9e, 0x8b, 0x68, 0x6a, 0x6a, 0x6c, 0x6d, 0x71, 0x76, 0x99, 0x96, 0x75, 0x75, 0x96, 0x96, 0x75, 0x99, 0x9e, 0xa5, 0xae, 0xad, 0xa4, 0x99, 0x9a, 0xa4, 0x9c, 0xa4, 0xab, 0xa4, 0xa5, 0xbb, 0x9c, 0x99, 0x99, 0x99, 0x9c, 0x99, 0x99, 0x99, 0x99, 0x9c, 0x9c, 0x9d, 0xaf, 0x7c, 0x7b, 0xaa, 0x7a, 0x7a, 0x7b, 0xac, 0x7b, 0x7b, 0x7b, 0x7c, 0xb0, 0xb0, 0xaf, 0xb5, 0xbf, 0xb8, 0xce, 0xb5, 0xba, 0xc3, 0xbd, 0xf8, 0xed, 0xc0, 0xda, 0xe5, 0xbe, 0xb9, 0xae, 0x9f, 0xbb, 0x95, 0xb4, 0xb4, 0xb4, 0xb7, 0x90, 0xaf, 0xb0, 0xb0, 0xae, 0x79, 0x96, 0x96, 0x74, 0x93, 0x93, 0x71, 0x93, 0x74, 0x99, 0x96, 0x96, 0x96, 0x71, 0x96, 0x71, 0x93, 0x74, 0x76, 0x7c, 0xae, 0x79, 0xaf, 0xfc, 0xf9, 0xf9, 0xcb, 0xcf, 0xad, 0x9c, 0x73, 0x93, 0x74, 0x93, 0x74, 0x96, 0x71, 0x6e, 0x69, 0x6e, 0x6e, 0x6a, 0x6e, 0x91, 0xad, 0xb0, 0x7c, 0x7c, 0x7a, 0x7a, 0x7a, 0x79, 0x7b, 0x7c, 0xb0, 0x7c, 0x9f, 0x8c, 0x8c, 0x8c, 0x8c, 0x87, 0x87, 0x94, 0x99, 0x8c, 0x85, 0x85, 0x94, 0x9e, 0xa9, 0x87, 0x94, 0x96, 0x73, 0x76, 0x75, 0x75, 0x74, 0x99, 0x9c, 0x9e, 0x9e, 0x9e, 0x9e, 0x99, 0x76, 0x75, 0x99, 0x9c, 0x99, 0x75, 0x99, 0xa0, 0xa3, 0xa7, 0xa7, 0xa9, 0xa9, 0x78, 0xab, 0xab, 0x77, 0x94, 0x75, 0x75, 0x74, 0x96, 0x96, 0x96, 0x96, 0x75, 0x75, 0x75, 0x75, 0x96, 0x96, 0x74, 0x74, 0x73, 0x75, 0xa3, 0xad, 0xac, 0xa9, 0xa9, 0xa7, 
  0x9b, 0xba, 0xcd, 0xcd, 0xf7, 0xcd, 0xfa, 0xfb, 0xfa, 0xfa, 0xcd, 0xcb, 0x49, 0xaf, 0x7c, 0x7b, 0xab, 0xa8, 0xcb, 0xcb, 0xca, 0xcb, 0xcb, 0xcf, 0xbb, 0xae, 0xae, 0xad, 0xad, 0xad, 0xae, 0xad, 0xad, 0xab, 0xcf, 0xcf, 0xad, 0xba, 0xad, 0xae, 0xa9, 0xa2, 0x94, 0x75, 0x9c, 0x9c, 0xa0, 0x9c, 0x99, 0x96, 0x8b, 0x93, 0x99, 0x96, 0x93, 0x99, 0x96, 0x71, 0x71, 0x71, 0x93, 0x93, 0x96, 0x93, 0x6e, 0x6b, 0x93, 0x71, 0x6e, 0x71, 0x6c, 0x6c, 0x6c, 0x6e, 0x6e, 0x70, 0x6c, 0x6a, 0x6c, 0x6c, 0x6d, 0x6e, 0x70, 0x71, 0x6d, 0x6e, 0x6f, 0x8f, 0xab, 0x7c, 0x94, 0x8a, 0x7b, 0xaf, 0xaf, 0xb0, 0xaf, 0xaf, 0xae, 0x88, 0x7f, 0xa0, 0x72, 0x71, 0x70, 0x93, 0xa0, 0x88, 0x69, 0x6d, 0x6a, 0x6c, 0x6d, 0x6e, 0x73, 0xa0, 0x75, 0x74, 0x75, 0x96, 0x75, 0x96, 0x75, 0xa5, 0xab, 0xae, 0xad, 0xa4, 0x9a, 0x99, 0xa0, 0xa0, 0xa4, 0xa4, 0xa4, 0xa0, 0xa4, 0xa5, 0xa4, 0xa0, 0x96, 0x99, 0xa4, 0x96, 0x99, 0x9c, 0x99, 0x9c, 0x9d, 0xa1, 0x7c, 0x7c, 0xaa, 0x7b, 0x7b, 0xac, 0x7c, 0xac, 0x7a, 0x7a, 0x7a, 0x7a, 0xaf, 0x49, 0xb0, 0xff, 0x89, 0xae, 0xae, 0xb6, 0x9a, 0xb9, 0xbd, 0xed, 0xca, 0xc1, 0xdc, 0xef, 0xe2, 0xbd, 0xbb, 0xba, 0x8e, 0x9a, 0xbb, 0xb7, 0x83, 0x84, 0xb4, 0x90, 0xb0, 0x7c, 0xaf, 0x9d, 0x74, 0x71, 0x93, 0x96, 0x93, 0x93, 0x71, 0x71, 0x96, 0x99, 0x96, 0x93, 0x71, 0x96, 0x71, 0x71, 0x96, 0x96, 0xac, 0x94, 0x73, 0x79, 0xaf, 0x49, 0xb0, 0xff, 0xae, 0xae, 0xa7, 0x75, 0x93, 0x93, 0x74, 0x74, 0x96, 0x70, 0x6c, 0x6a, 0x93, 0x6e, 0x6a, 0x71, 0x75, 0xae, 0x7c, 0xb0, 0x7c, 0x7a, 0x7a, 0x7a, 0x7b, 0x7c, 0xb0, 0xb0, 0xa9, 0x89, 0x8c, 0x8e, 0x87, 0x87, 0x87, 0x8f, 0xa4, 0x8c, 0x85, 0x87, 0x87, 0x91, 0x96, 0xa4, 0xad, 0x92, 0x96, 0x74, 0x8b, 0x99, 0x75, 0x99, 0x74, 0x96, 0x99, 0x99, 0x9c, 0x99, 0x96, 0x96, 0x75, 0x9c, 0x9c, 0x9c, 0x9c, 0xa0, 0xa2, 0xa5, 0xa3, 0xa7, 0xa5, 0xa3, 0xa9, 0xa9, 0x77, 0x76, 0x76, 0x77, 0x75, 0x75, 0x74, 0x74, 0x75, 0x75, 0x76, 0x76, 0x75, 0x96, 0x96, 0x74, 0x96, 0x96, 0x75, 0x77, 0xa9, 0xab, 0xab, 0xa9, 0xab, 0xa9, 
  0xcf, 0xce, 0xcd, 0xf7, 0xfa, 0xfa, 0xfa, 0xfa, 0xf7, 0xcd, 0xf9, 0x49, 0xae, 0x7c, 0xae, 0x79, 0xa1, 0xa1, 0xc9, 0xcb, 0xce, 0xcb, 0xce, 0xce, 0xcf, 0xba, 0xcb, 0xf9, 0xce, 0xce, 0xf9, 0xce, 0xae, 0xce, 0xc7, 0xc7, 0xc4, 0xb5, 0xcb, 0xae, 0x9f, 0x77, 0xa0, 0x9e, 0xa0, 0xa4, 0xa0, 0x9c, 0x91, 0x96, 0x99, 0x9c, 0x9e, 0xa4, 0x9c, 0x93, 0x8b, 0x71, 0x93, 0x93, 0x96, 0x96, 0x71, 0x88, 0x6e, 0x93, 0x71, 0x93, 0x93, 0x6e, 0x6c, 0x6e, 0x6e, 0x6e, 0x71, 0x6d, 0x71, 0x93, 0x6c, 0x6d, 0x6f, 0x72, 0xab, 0x72, 0x6f, 0x6f, 0x96, 0x7b, 0xae, 0xaf, 0xaf, 0xb0, 0xb0, 0xff, 0xff, 0xb0, 0xae, 0x98, 0x75, 0x73, 0x68, 0x6f, 0x70, 0x6d, 0x72, 0x75, 0x88, 0x69, 0x70, 0x6a, 0x6a, 0x6d, 0x70, 0x72, 0xa0, 0xa7, 0x75, 0x96, 0x96, 0x96, 0x74, 0x96, 0x99, 0xa5, 0xae, 0xac, 0xa5, 0x9d, 0x9c, 0xa0, 0xa4, 0xa0, 0xa4, 0xa4, 0x9a, 0xa7, 0xa7, 0xa0, 0xa5, 0xa4, 0x99, 0x99, 0x9c, 0x99, 0x9c, 0x9c, 0x9e, 0x98, 0x9a, 0x7a, 0xaf, 0x7a, 0x7c, 0x7c, 0x7b, 0x7b, 0xab, 0x7a, 0xab, 0xa8, 0xa8, 0x7b, 0x7b, 0x7c, 0xb0, 0xb0, 0xaf, 0xaf, 0xab, 0x89, 0xb8, 0xba, 0xc0, 0xe6, 0xbb, 0xb7, 0xc0, 0xe2, 0xf8, 0xbd, 0xbd, 0xae, 0xba, 0xb6, 0xb6, 0x95, 0xbb, 0x8e, 0xb6, 0x89, 0xae, 0xb0, 0xb0, 0x7c, 0x75, 0x93, 0x6f, 0x93, 0x93, 0x93, 0x71, 0x71, 0x71, 0x96, 0x9c, 0x96, 0x93, 0x93, 0x93, 0x6e, 0x93, 0x99, 0x93, 0x73, 0x73, 0x77, 0xaf, 0xb0, 0xaf, 0xb0, 0xb0, 0xaf, 0xac, 0x9c, 0x74, 0x93, 0x96, 0x96, 0x74, 0x70, 0x6b, 0x6c, 0x93, 0x69, 0x6b, 0x71, 0x75, 0xad, 0x7c, 0xb0, 0x7b, 0x7b, 0x7a, 0xa8, 0x7a, 0xb0, 0xb0, 0xaf, 0x8c, 0x89, 0x8a, 0x87, 0x85, 0x8a, 0x91, 0x9c, 0xa4, 0x85, 0x8c, 0x8a, 0x87, 0x96, 0x9c, 0x96, 0xae, 0x92, 0x8d, 0x96, 0x8a, 0x93, 0x96, 0x96, 0x96, 0x74, 0x74, 0x96, 0x75, 0x99, 0x75, 0x96, 0x75, 0x9c, 0x9c, 0x9c, 0x9e, 0x9e, 0xa0, 0xa4, 0xa3, 0xa0, 0xa2, 0xa7, 0x78, 0x9e, 0x76, 0x77, 0x75, 0x76, 0x75, 0x74, 0x74, 0x96, 0x96, 0x75, 0x96, 0x96, 0x96, 0x96, 0x96, 0x96, 0x75, 0x75, 0x76, 0xa5, 0xab, 0xab, 0xab, 0xa9, 0x79, 0xa9, 
  0xcf, 0xce, 0xf7, 0xfd, 0xfa, 0xfb, 0xfb, 0xfa, 0xf7, 0xf9, 0xcf, 0xaf, 0xaf, 0xac, 0x79, 0xa6, 0x9f, 0xcb, 0xce, 0xcd, 0xcd, 0xf7, 0xc7, 0xc7, 0xc7, 0xf4, 0xca, 0xca, 0xfd, 0xcd, 0xcd, 0xcf, 0xd0, 0xce, 0xc6, 0xf2, 0xe9, 0xec, 0xca, 0xc8, 0xb7, 0x9f, 0xa5, 0xa2, 0xa7, 0xa5, 0xad, 0xab, 0x9e, 0x9c, 0x9c, 0x9c, 0x99, 0x94, 0x75, 0x94, 0x71, 0x93, 0x96, 0x96, 0x74, 0x8b, 0x73, 0x91, 0x71, 0x96, 0x96, 0x93, 0x6f, 0x93, 0x9e, 0x6e, 0x6e, 0x71, 0x6e, 0x73, 0xac, 0xa2, 0x88, 0x6b, 0x73, 0x7c, 0x7c, 0x8d, 0x92, 0x7b, 0xaf, 0x7c, 0xaf, 0xb0, 0x7c, 0xb0, 0x7c, 0x7c, 0xae, 0x79, 0x73, 0x70, 0x6f, 0x6e, 0x6e, 0x6f, 0x6f, 0x73, 0x7a, 0x6f, 0x68, 0x6a, 0x6a, 0x6a, 0x6a, 0x6d, 0x74, 0xac, 0xad, 0xa3, 0x96, 0x74, 0x96, 0x96, 0x96, 0x96, 0x99, 0xa0, 0x7c, 0xa8, 0xa5, 0x9c, 0x9c, 0xa0, 0xa5, 0xa4, 0x98, 0x9c, 0xa7, 0xac, 0xab, 0x9d, 0xa9, 0xa9, 0x9a, 0x9e, 0x9c, 0x99, 0x99, 0x9e, 0xab, 0xa8, 0xa1, 0xb0, 0x7c, 0x7b, 0x7c, 0x7b, 0x7b, 0x7a, 0xab, 0x7a, 0xab, 0xac, 0xad, 0xac, 0xae, 0xaf, 0xb0, 0x7b, 0xb0, 0xb0, 0xae, 0x89, 0xb5, 0xb8, 0xbd, 0xc1, 0xbb, 0x95, 0xc0, 0xc0, 0xfa, 0xe3, 0xd5, 0xc0, 0xbb, 0xba, 0xb6, 0xb4, 0xb3, 0xcf, 0xbb, 0xae, 0xb0, 0xb0, 0xaf, 0xaf, 0xa9, 0x94, 0x93, 0x6e, 0x6e, 0x71, 0x93, 0x93, 0x71, 0x71, 0x9c, 0xa0, 0x96, 0x93, 0x93, 0x6e, 0x93, 0x96, 0x93, 0x93, 0x93, 0x75, 0x7c, 0xb0, 0x7c, 0x7c, 0xb0, 0xaf, 0x78, 0x76, 0x75, 0x96, 0x96, 0x75, 0x75, 0x71, 0x6c, 0x71, 0x71, 0x6a, 0x6e, 0x71, 0x71, 0x73, 0x94, 0x7c, 0x7c, 0x7c, 0x7a, 0x7a, 0x7c, 0xaf, 0xb0, 0xb0, 0xa1, 0x8c, 0x8a, 0x87, 0x8f, 0x9c, 0x99, 0x9c, 0x8d, 0x85, 0x8c, 0x8a, 0x88, 0x96, 0x75, 0x99, 0xa0, 0xae, 0xa3, 0x88, 0x93, 0x91, 0x8f, 0x75, 0x99, 0x99, 0x96, 0x96, 0x74, 0x96, 0x96, 0x9c, 0x99, 0x9c, 0x9c, 0x9c, 0x9c, 0x99, 0x9c, 0x9c, 0x9e, 0xa0, 0xa2, 0xa2, 0x76, 0x75, 0x77, 0x76, 0x75, 0x75, 0x96, 0x75, 0x75, 0x75, 0x75, 0x75, 0x99, 0x75, 0x75, 0x75, 0x75, 0x75, 0x75, 0x76, 0xa3, 0xab, 0xad, 0xab, 0x7a, 0xa9, 0xa9, 0xab, 
  0xcd, 0xcd, 0xcd, 0xfb, 0xfb, 0xfb, 0xfa, 0xfa, 0xcb, 0x45, 0x7c, 0x7c, 0x7c, 0x7a, 0xba, 0xa1, 0xcc, 0xce, 0xcd, 0xcd, 0xca, 0xf4, 0xc7, 0xf2, 0xca, 0xf7, 0xfa, 0xfb, 0xfa, 0xfd, 0xfd, 0xcd, 0xd0, 0xcd, 0xf2, 0xed, 0xea, 0xf0, 0xfa, 0xf2, 0xb9, 0xae, 0xad, 0xba, 0xa6, 0xba, 0xad, 0x9f, 0x9e, 0x9e, 0x9c, 0x9e, 0x89, 0x8a, 0xad, 0xa4, 0x96, 0x91, 0x99, 0x93, 0x96, 0x76, 0xac, 0xa0, 0x93, 0x96, 0x93, 0x91, 0x76, 0xac, 0xa5, 0x8b, 0x8b, 0x6e, 0x75, 0x7b, 0xae, 0x78, 0x6f, 0x77, 0x7c, 0x7c, 0xb0, 0x7c, 0xb0, 0xb0, 0x7c, 0xb0, 0x7c, 0xaa, 0x7c, 0x49, 0xb0, 0xb0, 0xaf, 0x94, 0x6f, 0x6e, 0x6e, 0x6e, 0x70, 0x93, 0x75, 0x79, 0x88, 0x68, 0x6d, 0x6a, 0x6a, 0x6a, 0x6a, 0x70, 0x76, 0xac, 0xac, 0x76, 0x96, 0x93, 0x75, 0x96, 0x74, 0x74, 0x99, 0x9e, 0x7c, 0x79, 0x78, 0x98, 0x9d, 0xa4, 0xae, 0xa7, 0x98, 0xa3, 0xaa, 0xaf, 0x7a, 0x79, 0xae, 0xaf, 0xa4, 0x9e, 0x99, 0x75, 0x9c, 0x9d, 0xae, 0xaf, 0x7c, 0xaf, 0x7b, 0x7b, 0x7b, 0x7b, 0x7b, 0xac, 0x7b, 0xac, 0xac, 0xac, 0xac, 0xae, 0xaf, 0x7b, 0x79, 0x7c, 0x7c, 0x7c, 0xaf, 0xba, 0xb4, 0xb3, 0xc1, 0xb4, 0x9a, 0x9a, 0xc2, 0xbd, 0xed, 0xf2, 0xe2, 0xd3, 0xc1, 0xbb, 0xbb, 0xb8, 0x83, 0xb3, 0xb5, 0xcb, 0xaf, 0xff, 0xb0, 0xaf, 0xae, 0xad, 0x96, 0x71, 0x6d, 0x6e, 0x71, 0x71, 0x74, 0x71, 0x74, 0x9c, 0x9c, 0x96, 0x74, 0x93, 0x71, 0x96, 0x96, 0x93, 0x93, 0x96, 0xa3, 0xaf, 0x7c, 0x7c, 0x7c, 0xaf, 0x78, 0x9e, 0x96, 0x96, 0x96, 0x75, 0x9c, 0x72, 0x8b, 0x71, 0x6c, 0x69, 0x71, 0x71, 0x6d, 0x8b, 0x75, 0x7c, 0x7c, 0xaa, 0xaa, 0x7b, 0x7c, 0xaf, 0xb0, 0xaf, 0xae, 0x98, 0x8d, 0x94, 0x75, 0x91, 0x8b, 0x94, 0x87, 0x8a, 0x8d, 0x8d, 0x88, 0x99, 0x96, 0x96, 0xa0, 0xab, 0xad, 0x9e, 0x8f, 0x8f, 0x93, 0x91, 0x75, 0x75, 0x99, 0x96, 0x93, 0x96, 0x96, 0x9e, 0x9e, 0x9e, 0x99, 0x99, 0x99, 0x99, 0x99, 0x9c, 0x9e, 0xa2, 0x77, 0x75, 0x76, 0x76, 0x76, 0x76, 0x75, 0x74, 0x96, 0x75, 0x76, 0x76, 0x9c, 0x76, 0x99, 0x76, 0x75, 0x75, 0x75, 0x75, 0x75, 0x77, 0xab, 0xab, 0xac, 0xab, 0xab, 0xab, 0x7a, 0xab, 
  0xcd, 0xfd, 0xfa, 0xcd, 0xfb, 0xfb, 0xf7, 0xf7, 0xf9, 0xaa, 0x7c, 0x7c, 0x7c, 0xac, 0xa1, 0xba, 0xce, 0xce, 0xcd, 0xf7, 0xc7, 0xca, 0xf7, 0xf7, 0xfa, 0xf2, 0xf6, 0xfb, 0x48, 0xfa, 0xfd, 0xfd, 0x4c, 0xcb, 0xed, 0xed, 0xc6, 0xf8, 0xfa, 0xf0, 0xe9, 0xf2, 0xfd, 0xf7, 0xec, 0xf1, 0xcf, 0x9f, 0xa4, 0xa0, 0xa4, 0xab, 0xba, 0xcf, 0xbb, 0xa9, 0x98, 0x96, 0x96, 0x9d, 0xad, 0xad, 0x7c, 0x76, 0x91, 0x74, 0x98, 0x7a, 0xaf, 0xad, 0x98, 0x8b, 0x94, 0xa3, 0x7c, 0xae, 0x7c, 0x7c, 0xaf, 0x7c, 0xaf, 0xb0, 0xb0, 0x7c, 0xb0, 0x7c, 0xb0, 0x7c, 0x7b, 0x7c, 0xaa, 0xb0, 0xaf, 0x7c, 0xad, 0xac, 0x76, 0x74, 0x70, 0x70, 0x70, 0x71, 0x9e, 0x88, 0x68, 0x6a, 0x67, 0x6a, 0x6a, 0x6c, 0x6c, 0x6f, 0xac, 0xaf, 0x9e, 0x75, 0x93, 0x74, 0x74, 0x96, 0x96, 0x96, 0x75, 0xa3, 0x7c, 0xaf, 0xa9, 0x9d, 0xa8, 0xaf, 0xaf, 0x7b, 0x7b, 0x7c, 0xb0, 0xb0, 0x7c, 0xaf, 0xb0, 0xae, 0xa4, 0x9e, 0x99, 0x99, 0xa2, 0x79, 0x7c, 0x7b, 0x7b, 0x7c, 0x7c, 0x7c, 0xab, 0xab, 0xa9, 0x7a, 0x79, 0xab, 0xab, 0xac, 0x7b, 0x7c, 0x7b, 0xa8, 0x7a, 0x79, 0xab, 0xae, 0xae, 0xaf, 0xb7, 0xb3, 0x9f, 0xba, 0x87, 0xbb, 0xc4, 0xb2, 0xe2, 0xfa, 0xe3, 0xe2, 0xbd, 0xe6, 0xbb, 0xba, 0x9a, 0xb4, 0xb3, 0xb3, 0xce, 0xaf, 0xaa, 0xae, 0xaf, 0x7c, 0xac, 0x77, 0x71, 0x71, 0x6c, 0x6e, 0x6c, 0x71, 0x74, 0x96, 0xa4, 0x9e, 0x75, 0x93, 0x93, 0x96, 0x99, 0x93, 0x96, 0x96, 0xa2, 0x7c, 0xaa, 0xb0, 0xff, 0xb0, 0x78, 0x98, 0x74, 0x96, 0x96, 0x75, 0x75, 0x72, 0x93, 0x71, 0x6c, 0x6c, 0x71, 0x6e, 0x6e, 0x72, 0x77, 0x7c, 0xb0, 0x7b, 0xaa, 0x7b, 0x7c, 0xb0, 0xb0, 0xaf, 0x9d, 0x8a, 0x94, 0x8f, 0x8a, 0x88, 0x8d, 0x91, 0x8d, 0x8d, 0x8d, 0x8f, 0x88, 0x99, 0x99, 0x96, 0x76, 0xa4, 0xa9, 0xad, 0x8e, 0x91, 0x91, 0x96, 0x91, 0x91, 0x96, 0x96, 0x96, 0x75, 0x99, 0x9c, 0xa4, 0xa0, 0x99, 0x76, 0x99, 0x9c, 0x9c, 0x9e, 0xa3, 0x77, 0x99, 0x77, 0x76, 0x9e, 0x76, 0x75, 0x76, 0x76, 0x76, 0x77, 0x9c, 0x76, 0x76, 0x76, 0x75, 0x75, 0x99, 0x76, 0x9c, 0x77, 0x9e, 0xa3, 0xac, 0xab, 0xab, 0xac, 0xac, 0xac, 0xab, 0x78, 
  0xfd, 0xcd, 0xcd, 0xfa, 0xfa, 0xfa, 0xfd, 0xcb, 0xfc, 0xae, 0xaf, 0x7c, 0x7c, 0xad, 0xaa, 0xba, 0xce, 0xf7, 0xcb, 0xca, 0xca, 0xf7, 0xcd, 0xca, 0xca, 0xf3, 0xf7, 0xfb, 0xfa, 0xfa, 0xfd, 0xfd, 0xfe, 0xcd, 0xec, 0xed, 0xca, 0xfb, 0xfa, 0xef, 0xed, 0xf2, 0xfa, 0xf2, 0xed, 0xca, 0xcd, 0xcf, 0xa5, 0xa5, 0x9f, 0xba, 0xcf, 0xd0, 0xad, 0xa1, 0x9c, 0xa0, 0xa7, 0xad, 0xac, 0xae, 0x7c, 0x9d, 0x77, 0x9d, 0x7c, 0xaf, 0x7c, 0xaf, 0x78, 0xa2, 0x7c, 0xac, 0xab, 0xaa, 0xab, 0xaa, 0xb0, 0xb0, 0xb0, 0x7c, 0x7b, 0x7c, 0x7c, 0x49, 0xb0, 0x7c, 0xaa, 0x7b, 0x7c, 0xb0, 0xac, 0x77, 0x91, 0x73, 0x6e, 0x6d, 0x6d, 0x6d, 0x71, 0x9e, 0x8b, 0x86, 0x6c, 0x67, 0x6a, 0x6c, 0x6c, 0x6a, 0x6e, 0x73, 0xae, 0x78, 0x77, 0x74, 0x74, 0x93, 0x74, 0x75, 0x96, 0x99, 0x99, 0x78, 0x7b, 0x7c, 0x7a, 0xaf, 0xb0, 0x7c, 0x7c, 0xb0, 0x7c, 0x7c, 0x7c, 0x7c, 0x7c, 0xb0, 0xb0, 0xae, 0xa0, 0x99, 0x99, 0x9c, 0xa3, 0xae, 0xaf, 0x7b, 0x7c, 0x7b, 0xac, 0xab, 0xac, 0xab, 0x7a, 0x7a, 0x7b, 0x7a, 0xac, 0xac, 0x7c, 0x7a, 0xa6, 0x7a, 0xa9, 0xa7, 0xa7, 0xad, 0xad, 0xae, 0xae, 0xa1, 0xaf, 0xae, 0x87, 0x92, 0xba, 0xc1, 0xbd, 0xca, 0xf2, 0xc1, 0xda, 0xbd, 0xc3, 0xae, 0x9f, 0xa4, 0xb5, 0xb2, 0x01, 0xae, 0xfc, 0x7c, 0xaf, 0xaf, 0xa2, 0x6f, 0x71, 0x71, 0x71, 0x6c, 0x6e, 0x6d, 0x71, 0x93, 0x96, 0xa4, 0x99, 0x96, 0x93, 0x93, 0x96, 0x93, 0x96, 0x96, 0xa4, 0xab, 0xa1, 0x7b, 0x7c, 0xb0, 0xac, 0x9e, 0x74, 0x75, 0x74, 0x99, 0x74, 0x96, 0x74, 0x6c, 0x6b, 0x6e, 0x93, 0x6e, 0x6d, 0x71, 0x9e, 0xae, 0x7c, 0x7c, 0x7c, 0xaa, 0x7c, 0xb0, 0xb0, 0xaf, 0x92, 0x73, 0x8d, 0x88, 0x87, 0x8a, 0x9c, 0x8d, 0x8d, 0x8d, 0x8b, 0x8f, 0x91, 0x98, 0x75, 0x74, 0x75, 0xa0, 0xa5, 0xad, 0x98, 0x8d, 0x98, 0x91, 0x91, 0x91, 0x99, 0x9c, 0x99, 0x99, 0x9c, 0x9e, 0xa4, 0x9c, 0x99, 0x99, 0x9c, 0x9e, 0xa0, 0xa4, 0xa0, 0x9c, 0x9e, 0x77, 0x76, 0x77, 0x96, 0x75, 0x75, 0x75, 0x76, 0x75, 0x75, 0x76, 0x75, 0x76, 0x76, 0x77, 0x9e, 0x77, 0x77, 0x9e, 0xa2, 0xac, 0xab, 0xad, 0xac, 0xab, 0xa9, 0xa7, 0xa2, 0xa1, 
  0xfd, 0xcd, 0xfa, 0xcd, 0xfa, 0xcd, 0xf9, 0xf9, 0x7c, 0x7c, 0x7c, 0xaf, 0xad, 0xaa, 0xba, 0xf9, 0xcd, 0xcb, 0xca, 0xf7, 0xcd, 0xfa, 0xf7, 0xf2, 0xf6, 0xca, 0xf6, 0xfb, 0xfd, 0xf7, 0xfd, 0xfd, 0xcf, 0xf9, 0xc9, 0xcd, 0xfa, 0xfa, 0xca, 0xed, 0xf0, 0xfa, 0xfa, 0xf0, 0xed, 0xca, 0xfa, 0xcf, 0xcf, 0xba, 0x9f, 0xcb, 0xcd, 0xcb, 0xce, 0xba, 0xad, 0xad, 0xad, 0xa8, 0xac, 0x7c, 0xaf, 0xaf, 0xaf, 0x7c, 0xb0, 0x7c, 0x7c, 0x7b, 0x7b, 0xac, 0xa7, 0xa7, 0xa8, 0xa7, 0xa8, 0x7a, 0x7b, 0x7c, 0x7a, 0x7b, 0x49, 0xac, 0x49, 0xaa, 0x7c, 0x7c, 0x7b, 0xb0, 0x7c, 0x9e, 0x72, 0x6f, 0x6e, 0x6d, 0x6b, 0x6d, 0x6e, 0x73, 0xa9, 0x8a, 0x68, 0x6e, 0x6a, 0x67, 0x6c, 0x6a, 0x6c, 0x6e, 0x6f, 0x9c, 0xae, 0xaa, 0x9c, 0x96, 0x93, 0x74, 0x96, 0x74, 0x96, 0x9c, 0xa9, 0xac, 0xaf, 0x7b, 0x7c, 0x7b, 0x7c, 0xaf, 0x7c, 0x7c, 0x7c, 0x7c, 0x7c, 0x7c, 0xff, 0x7c, 0xb0, 0xab, 0x9e, 0x9e, 0x9c, 0xa0, 0xae, 0xaf, 0xaf, 0x7c, 0x7c, 0x7c, 0xac, 0xad, 0xab, 0xab, 0xab, 0x79, 0xa9, 0x7a, 0xa9, 0x7c, 0xaa, 0xa1, 0x7a, 0xab, 0xa7, 0xa4, 0xa7, 0xab, 0xa9, 0xa5, 0xad, 0xae, 0xaf, 0xaf, 0x97, 0x87, 0x9f, 0xb4, 0xbd, 0xc1, 0xfd, 0xe9, 0xc1, 0xdc, 0xbd, 0xe9, 0xbb, 0xb8, 0xb9, 0xb8, 0xb5, 0xaf, 0xb0, 0xaa, 0xb0, 0xaf, 0xa2, 0x73, 0x6f, 0x71, 0x6e, 0x71, 0x70, 0x6e, 0x6d, 0x6e, 0x71, 0x96, 0x9e, 0x99, 0x93, 0x74, 0x75, 0x96, 0x93, 0x99, 0x9e, 0xa0, 0x9d, 0xa7, 0xaa, 0xaf, 0x7c, 0x78, 0x74, 0x74, 0x96, 0x76, 0x96, 0x74, 0x6e, 0x6e, 0x6c, 0x93, 0x6e, 0x6e, 0x6e, 0x96, 0xab, 0xae, 0xb0, 0x7c, 0x7c, 0x7c, 0xb0, 0xb0, 0xb0, 0xaf, 0x73, 0x8d, 0x8a, 0x88, 0x88, 0x99, 0x94, 0x8f, 0x8f, 0x8f, 0x8b, 0x73, 0x8e, 0xad, 0xab, 0x94, 0x99, 0xa0, 0xa5, 0xa4, 0xa3, 0x94, 0x8f, 0x91, 0x91, 0x75, 0x9c, 0x99, 0x99, 0x9c, 0xa4, 0x9e, 0xa0, 0x9e, 0x77, 0x9c, 0xa0, 0xa0, 0xa4, 0xa0, 0x9e, 0x9c, 0x9e, 0x9c, 0x76, 0x96, 0x75, 0x76, 0x75, 0x75, 0x76, 0x9e, 0x9e, 0x9e, 0x9e, 0x9e, 0xa2, 0x9e, 0x77, 0x9e, 0xa0, 0xa3, 0xad, 0xab, 0xad, 0xad, 0xab, 0xa7, 0xa3, 0xa3, 0xa3, 0xa5, 
  0xcd, 0xfa, 0xfd, 0xcd, 0xcd, 0xcd, 0xfc, 0xae, 0x7c, 0x7c, 0x7c, 0xac, 0xaa, 0xa6, 0xba, 0xf9, 0xcb, 0xf7, 0xcb, 0xfd, 0xcd, 0xca, 0xf2, 0xca, 0xfa, 0xf6, 0xfa, 0xfa, 0xfb, 0xfd, 0xf7, 0xfe, 0xce, 0xd0, 0xd0, 0xd0, 0xf7, 0xca, 0xf0, 0xed, 0xca, 0xfa, 0xfa, 0xed, 0xf2, 0xf7, 0xfa, 0xcd, 0xba, 0xba, 0xcf, 0xce, 0xf9, 0xcb, 0xf9, 0xba, 0xba, 0xcf, 0xba, 0xcf, 0xac, 0xac, 0xaf, 0x7c, 0x7c, 0x7c, 0x7c, 0x7b, 0x7b, 0x7a, 0x79, 0x7a, 0x78, 0xa7, 0xa5, 0xa7, 0x79, 0xa9, 0x7b, 0x7a, 0x7b, 0x7a, 0x7a, 0xac, 0x7b, 0x7c, 0xaa, 0x7c, 0xb0, 0xaf, 0x9d, 0x73, 0x6f, 0x6c, 0x6e, 0x6c, 0x71, 0x72, 0x74, 0xab, 0x8b, 0x86, 0x6c, 0x6a, 0x6a, 0x6a, 0x6c, 0x6d, 0x70, 0x6f, 0x73, 0xac, 0x7c, 0xa9, 0x99, 0x71, 0x93, 0x74, 0x74, 0x74, 0x96, 0x9c, 0xac, 0xae, 0x7c, 0x7c, 0x7c, 0x7b, 0x7b, 0x49, 0x7b, 0x7c, 0x7b, 0x7b, 0x7b, 0x7c, 0x49, 0x7c, 0xaf, 0x78, 0x9e, 0x9c, 0x9e, 0xab, 0xae, 0xae, 0x7c, 0x7a, 0x7a, 0x7a, 0xab, 0xab, 0xa9, 0xa5, 0x79, 0x79, 0xa8, 0x7b, 0x7c, 0xac, 0xa8, 0x78, 0xac, 0xa9, 0xa4, 0xa4, 0xa9, 0xab, 0xa4, 0xa4, 0xa7, 0xa8, 0xaf, 0xaf, 0xaf, 0x90, 0x8e, 0xb4, 0xb3, 0xfd, 0xc4, 0xb8, 0xe6, 0xbe, 0xe6, 0xbd, 0xc2, 0xbb, 0xb5, 0xb4, 0xd0, 0xaf, 0xb0, 0xb0, 0xaf, 0xaf, 0x7c, 0x76, 0x73, 0x71, 0x70, 0x6e, 0x71, 0x6e, 0x6e, 0x6e, 0x6c, 0x6f, 0x9c, 0xa0, 0x75, 0x74, 0x96, 0x93, 0x96, 0x96, 0x99, 0x9e, 0x9e, 0x78, 0x79, 0x7c, 0xaf, 0xa9, 0x76, 0x74, 0x75, 0x99, 0x74, 0x71, 0x72, 0x6e, 0x71, 0x93, 0x6e, 0x6d, 0x71, 0x74, 0xa2, 0xa7, 0xaf, 0x7c, 0x7c, 0xb0, 0xaf, 0xb0, 0xb0, 0xa8, 0x8c, 0x8a, 0x88, 0x8a, 0x96, 0xa0, 0x91, 0x8f, 0x73, 0x8b, 0x73, 0x73, 0x9d, 0x7c, 0xae, 0x9d, 0x9e, 0xa4, 0xa2, 0xa0, 0xa5, 0xa7, 0x92, 0x8d, 0x75, 0x99, 0x99, 0x75, 0x75, 0x9c, 0xa4, 0xa0, 0xa0, 0xa0, 0x9e, 0xa0, 0xa2, 0xa4, 0x9c, 0x9c, 0x9c, 0x77, 0x9c, 0x77, 0x76, 0x77, 0x77, 0x9e, 0x77, 0x9e, 0xa0, 0xa0, 0x9e, 0x77, 0x77, 0x77, 0x77, 0xa0, 0x9e, 0x77, 0x9d, 0xa7, 0xad, 0xad, 0xad, 0xa9, 0xa4, 0xa0, 0xa2, 0xa5, 0xa3, 0xa0, 
  0xfd, 0xcd, 0xfa, 0xcd, 0xf9, 0xfc, 0xaf, 0x7c, 0x7b, 0x7c, 0x7c, 0xac, 0xa6, 0xba, 0xcc, 0xcb, 0xcd, 0xce, 0xcd, 0xcb, 0xf4, 0xc7, 0xca, 0xf7, 0xfa, 0xfa, 0xfa, 0xf7, 0xcd, 0xfd, 0xcd, 0xfd, 0xfd, 0xcf, 0xff, 0xfd, 0xf2, 0xca, 0xc6, 0xf2, 0xf7, 0xfa, 0xca, 0xed, 0xca, 0xfa, 0xf7, 0xf7, 0xcd, 0xcf, 0xcf, 0xce, 0xce, 0xce, 0xcb, 0xce, 0xcb, 0xce, 0xcf, 0xba, 0xaa, 0xac, 0x7b, 0x7c, 0x7c, 0x7b, 0x7b, 0x7a, 0x7a, 0x79, 0x79, 0x78, 0xa7, 0x78, 0xa7, 0x78, 0x79, 0x7a, 0x7a, 0x7b, 0x7b, 0x79, 0x7a, 0xaa, 0xaa, 0x7b, 0xaf, 0xb0, 0xaf, 0xaf, 0x78, 0x94, 0x93, 0x74, 0x72, 0x93, 0x70, 0x72, 0xa0, 0x88, 0x68, 0x6c, 0x6a, 0x6a, 0x6a, 0x6a, 0x6d, 0x6d, 0x74, 0x73, 0x92, 0xae, 0x7c, 0xa2, 0x91, 0x93, 0x74, 0x72, 0x93, 0x96, 0x75, 0x77, 0xae, 0xb0, 0xb0, 0x7c, 0x7c, 0xaa, 0x7b, 0x7a, 0x7b, 0x7b, 0x7b, 0x7b, 0x7c, 0x7c, 0x7c, 0xb0, 0x7c, 0xa3, 0x98, 0x9e, 0xa5, 0xae, 0xad, 0xaa, 0x7a, 0xa8, 0x79, 0xa9, 0xa8, 0xa7, 0xa9, 0xa9, 0xab, 0x7a, 0xac, 0x7c, 0xab, 0x7a, 0xa9, 0xa7, 0xab, 0xa4, 0x9e, 0xa2, 0xa7, 0xa9, 0x9e, 0xa0, 0xa5, 0xab, 0x7c, 0x7b, 0xb0, 0xaf, 0xa8, 0x90, 0xc2, 0xae, 0xd0, 0xb7, 0xc4, 0xb3, 0xb5, 0xb5, 0xd3, 0xc3, 0xbb, 0xb3, 0xbf, 0xd0, 0xaf, 0xaf, 0x7c, 0xac, 0xae, 0xae, 0x77, 0x93, 0x71, 0x6e, 0x6c, 0x70, 0x71, 0x71, 0x6e, 0x6e, 0x96, 0xa4, 0x9c, 0x96, 0x99, 0x74, 0x96, 0x96, 0x75, 0x9e, 0xa0, 0xa3, 0xa9, 0x7c, 0xaf, 0xae, 0x9e, 0x75, 0x75, 0x9c, 0x75, 0x74, 0x71, 0x71, 0x74, 0x93, 0x6e, 0x6e, 0x93, 0x71, 0x73, 0x9e, 0xaf, 0xff, 0xb0, 0xb0, 0x7c, 0xb0, 0xb0, 0xaf, 0x92, 0x8d, 0x91, 0x96, 0xa2, 0x99, 0x8d, 0x74, 0x74, 0x8b, 0x74, 0x78, 0x7a, 0xaf, 0xae, 0xab, 0xa4, 0xab, 0xa0, 0x9e, 0xa3, 0xa5, 0x9e, 0x94, 0x9c, 0x9e, 0x9c, 0x9e, 0x99, 0xa0, 0xa2, 0xa4, 0xa2, 0xa3, 0xa3, 0xa0, 0xa0, 0x9e, 0x9e, 0x77, 0x9c, 0x9e, 0x76, 0xa0, 0xa0, 0xa2, 0xa0, 0x76, 0x77, 0x76, 0x76, 0x96, 0x76, 0x76, 0x77, 0x9e, 0xa2, 0x78, 0x78, 0xa5, 0xab, 0xad, 0xae, 0xab, 0xa3, 0xa2, 0xa0, 0x9e, 0x9e, 0x9e, 0x9e, 0xa0, 
  0xfd, 0xfd, 0xfd, 0xcd, 0xce, 0xac, 0xb0, 0x7b, 0x7b, 0x7b, 0x7a, 0xa8, 0xa1, 0xf9, 0xba, 0xcb, 0xce, 0xcd, 0xcb, 0xf1, 0xf4, 0xcb, 0xcd, 0xf7, 0xfa, 0xf6, 0xfd, 0xfa, 0xca, 0xfd, 0xcd, 0xfd, 0xcf, 0xfd, 0xd0, 0xcd, 0xf4, 0xca, 0xc6, 0xf2, 0xfa, 0xfa, 0xf2, 0xf2, 0xf7, 0xfa, 0xf7, 0xf2, 0xcd, 0xce, 0xce, 0xcb, 0xba, 0xcf, 0xcf, 0xce, 0xce, 0xce, 0xce, 0xba, 0xa6, 0xab, 0x7b, 0x7b, 0x7b, 0x7b, 0x7a, 0xab, 0x7a, 0x7a, 0x78, 0x78, 0x78, 0xa5, 0x79, 0xa9, 0x79, 0x7a, 0x7b, 0x7b, 0x7a, 0x7a, 0x79, 0x7a, 0x7c, 0x7b, 0xb0, 0xaf, 0xaf, 0xac, 0xa2, 0x9c, 0x74, 0x70, 0x71, 0x6d, 0x6f, 0x9c, 0x8b, 0x86, 0x6a, 0x6a, 0x6a, 0x6c, 0x6a, 0x6c, 0x6e, 0x70, 0xab, 0x78, 0xa1, 0x7c, 0x7c, 0x98, 0x93, 0x93, 0x72, 0x74, 0x93, 0x93, 0x96, 0x9d, 0x7c, 0xb0, 0xb0, 0xaa, 0x7c, 0x7c, 0x7a, 0x7a, 0x7a, 0x7b, 0x7b, 0x7b, 0x7c, 0x7c, 0xaf, 0xaf, 0xab, 0x9d, 0x76, 0xa3, 0xad, 0xac, 0xaa, 0xab, 0xa8, 0x79, 0xa9, 0xa9, 0xab, 0xa9, 0xab, 0xab, 0xac, 0xac, 0xae, 0x7a, 0xa8, 0xa9, 0xa9, 0xa9, 0xa5, 0xa2, 0x9e, 0xa0, 0xa9, 0xa9, 0xa0, 0xa0, 0xa5, 0xab, 0x7a, 0x7b, 0x7c, 0xb0, 0xaf, 0xae, 0xaf, 0xaf, 0xb0, 0xaf, 0xba, 0xb6, 0xb5, 0xcf, 0xc1, 0xb1, 0xc4, 0xbb, 0xbe, 0xc8, 0xaf, 0xa8, 0x7c, 0xae, 0xac, 0xaf, 0xac, 0x77, 0x93, 0x71, 0x6e, 0x6e, 0x6e, 0x71, 0x71, 0x71, 0x71, 0x9c, 0xa5, 0x9c, 0x99, 0x96, 0x93, 0x99, 0x99, 0x9e, 0x9e, 0xa3, 0x7a, 0x7c, 0xaf, 0xac, 0xa5, 0x75, 0x75, 0x76, 0x9c, 0x75, 0x93, 0x72, 0x74, 0x71, 0x71, 0x93, 0x93, 0x71, 0x73, 0x76, 0xb0, 0xb0, 0xb0, 0x7c, 0xb0, 0xb0, 0xb0, 0xaf, 0xae, 0x94, 0x91, 0x8d, 0x91, 0x91, 0x73, 0x74, 0x91, 0x73, 0x77, 0x7c, 0xb0, 0xaf, 0xaf, 0xab, 0xa1, 0xa4, 0xa3, 0x9e, 0xa0, 0x9e, 0x9e, 0x9e, 0xa2, 0xa2, 0x9c, 0xa0, 0x9c, 0x9e, 0xa5, 0xa2, 0xa0, 0xa2, 0xa0, 0x9e, 0x9e, 0x9e, 0xa2, 0xa2, 0x9e, 0x9e, 0x77, 0x9e, 0x76, 0x98, 0x75, 0x76, 0x76, 0x77, 0x9e, 0x9e, 0xa0, 0xa0, 0xa2, 0x78, 0x78, 0xa9, 0xac, 0xad, 0xae, 0xac, 0xa7, 0xa2, 0xa0, 0xa0, 0xa0, 0xa0, 0x9c, 0x9c, 0x9c, 0x9c, 
  0xcd, 0xcd, 0xcd, 0xf9, 0xfc, 0x7c, 0x7c, 0x7a, 0x7b, 0x7a, 0xaa, 0xa1, 0xf9, 0xba, 0xce, 0xcf, 0xcd, 0xca, 0xf4, 0xca, 0xcd, 0xfa, 0xf7, 0xca, 0xca, 0xf6, 0xfd, 0xfa, 0xf7, 0xfb, 0xfd, 0xcd, 0xfd, 0xd0, 0xcf, 0xcd, 0xc7, 0xc6, 0xc7, 0xf7, 0xfa, 0xca, 0xf2, 0xca, 0xf7, 0xfa, 0xf2, 0xf6, 0xcd, 0xfd, 0xce, 0xba, 0xcb, 0xce, 0xce, 0xcf, 0xce, 0xcf, 0xba, 0xba, 0xba, 0xa6, 0xa8, 0xac, 0x7a, 0xab, 0x7a, 0xab, 0xac, 0xa9, 0xa7, 0xa3, 0xa3, 0x78, 0x79, 0x79, 0x7a, 0x7a, 0x7a, 0x7a, 0x7a, 0x7b, 0x7a, 0x7b, 0x7b, 0xb0, 0xaf, 0x7c, 0x76, 0x91, 0x70, 0x6f, 0x6e, 0x71, 0x6b, 0x93, 0xab, 0x8a, 0x86, 0x6e, 0x6a, 0x6a, 0x6e, 0x6c, 0x6c, 0x6e, 0x6d, 0x73, 0xae, 0xb0, 0x7c, 0xb0, 0x7b, 0x98, 0x91, 0x74, 0x72, 0x93, 0x74, 0x74, 0x94, 0xa2, 0xb0, 0x7c, 0x7b, 0x7a, 0x7a, 0x7a, 0x7b, 0x7a, 0x7b, 0xaa, 0x7b, 0x7b, 0x7c, 0x7b, 0xb0, 0x7b, 0x78, 0x98, 0x9d, 0xac, 0xaf, 0xac, 0xac, 0x7a, 0xac, 0xab, 0xab, 0xab, 0xac, 0xab, 0x7a, 0xa9, 0xac, 0x7c, 0xa8, 0xa7, 0xa9, 0xa9, 0xa5, 0xa5, 0xa4, 0xa0, 0xa4, 0xa5, 0xa9, 0xac, 0xa4, 0x9d, 0xa4, 0xab, 0x7a, 0xaa, 0x7b, 0xaa, 0x7a, 0xb0, 0x7c, 0xb0, 0xaf, 0xae, 0xae, 0xaf, 0xae, 0xcf, 0xcf, 0xc1, 0xbd, 0xed, 0xe9, 0xbf, 0xff, 0xb0, 0xad, 0xae, 0xaa, 0xaf, 0xae, 0xae, 0xa0, 0x93, 0x71, 0x6e, 0x6e, 0x6e, 0x6e, 0x71, 0x93, 0x96, 0xa5, 0xa4, 0x9e, 0x99, 0x96, 0x99, 0x9c, 0x9e, 0x9e, 0xa2, 0xab, 0xae, 0x7c, 0xa9, 0xa2, 0x75, 0x96, 0x75, 0x99, 0x99, 0x74, 0x96, 0x72, 0x71, 0x93, 0x93, 0x93, 0x93, 0x74, 0x77, 0xaf, 0xff, 0xff, 0xb0, 0xb0, 0xb0, 0xb0, 0xae, 0xa5, 0x8d, 0x8a, 0x8f, 0x94, 0x74, 0x91, 0x74, 0x73, 0x94, 0x78, 0xaf, 0xb0, 0xb0, 0xac, 0xa7, 0xa3, 0xa2, 0xa2, 0xa4, 0xa9, 0xa2, 0xa0, 0xa0, 0xa2, 0xa0, 0x76, 0x9c, 0xa0, 0x9e, 0xa5, 0xa2, 0x9e, 0x9c, 0x9e, 0x9c, 0xa0, 0xa2, 0xa5, 0xa3, 0x9c, 0x77, 0x9e, 0x9e, 0x77, 0x77, 0x9e, 0xa2, 0xa0, 0xa2, 0xa3, 0xa2, 0xa2, 0xa2, 0x78, 0x79, 0xab, 0xac, 0xad, 0xab, 0xa7, 0xa4, 0xa2, 0xa3, 0xa2, 0x9e, 0x9e, 0x77, 0x9c, 0x9c, 0x9c, 0x99, 
  0xcd, 0xce, 0xf9, 0xce, 0xaf, 0x7c, 0x7b, 0x7b, 0x7b, 0x7b, 0x7a, 0xaa, 0xba, 0xce, 0xce, 0xcb, 0xcb, 0xca, 0xcd, 0xcd, 0xcd, 0xca, 0xf2, 0xca, 0xf3, 0xfa, 0xfd, 0xfd, 0xf7, 0xfa, 0xfd, 0xfa, 0xfd, 0xfd, 0xcf, 0xcb, 0xc8, 0xb9, 0xca, 0xcd, 0xfa, 0xf2, 0xca, 0xf7, 0xcd, 0xca, 0xf2, 0xf7, 0xfa, 0xfd, 0xa6, 0xce, 0x9f, 0xcb, 0xce, 0xce, 0xce, 0xcf, 0xcf, 0xa6, 0xba, 0xa1, 0xa8, 0xab, 0xa9, 0x7a, 0x7a, 0x7a, 0xac, 0xa9, 0x78, 0xa3, 0xa2, 0x79, 0x79, 0x7b, 0x7a, 0x7a, 0x7a, 0x7b, 0x7b, 0xaa, 0x79, 0x7c, 0xb0, 0x7c, 0x7c, 0x91, 0x6f, 0x6e, 0x6e, 0x6e, 0x6f, 0x6f, 0x93, 0xa0, 0x8b, 0x82, 0x71, 0x6c, 0x6c, 0x6a, 0x6d, 0x6e, 0x6e, 0x70, 0x6f, 0x77, 0xaf, 0x7c, 0xff, 0xaf, 0x7c, 0x9e, 0x74, 0x93, 0x74, 0x93, 0x93, 0x75, 0xa2, 0x7b, 0x7c, 0x7c, 0x7a, 0x7b, 0x79, 0x7b, 0x7a, 0x7b, 0x7b, 0x7c, 0x7c, 0x7c, 0x7c, 0x7c, 0xaf, 0x7a, 0x9d, 0x9e, 0xab, 0x7c, 0xad, 0x7c, 0xab, 0xac, 0xab, 0xab, 0xa9, 0xa9, 0xa9, 0xab, 0x7a, 0x7b, 0xac, 0xab, 0xa7, 0xa7, 0xa7, 0xa3, 0xa0, 0xa7, 0xa4, 0xa0, 0x9e, 0xa5, 0xab, 0xab, 0xa4, 0xa4, 0xa5, 0xa9, 0x7a, 0x7b, 0x79, 0x79, 0x79, 0x7c, 0x7b, 0x7b, 0xae, 0xab, 0xa8, 0xad, 0xaf, 0xaf, 0xaf, 0xd0, 0xc2, 0xbd, 0xc6, 0xc1, 0xc4, 0xaf, 0xcf, 0xaf, 0xad, 0xac, 0x7c, 0xae, 0xa4, 0x75, 0x71, 0x71, 0x6e, 0x6e, 0x6e, 0x6e, 0x71, 0x71, 0x99, 0x9e, 0xa0, 0x9c, 0x9c, 0x99, 0x99, 0x9e, 0xa0, 0xa3, 0xa9, 0xac, 0xac, 0xa7, 0x9e, 0x96, 0x96, 0x76, 0x9c, 0x76, 0x75, 0x74, 0x71, 0x72, 0x96, 0x93, 0x93, 0x93, 0x96, 0x79, 0xaf, 0xb0, 0xb0, 0xb0, 0x7c, 0xb0, 0xb0, 0xaf, 0xa5, 0x8d, 0x8a, 0x94, 0x75, 0x8a, 0x93, 0x75, 0x91, 0x9d, 0x7c, 0xaf, 0xb0, 0xa6, 0x78, 0xa2, 0xa2, 0xa3, 0x77, 0xa4, 0xa3, 0xa0, 0xa4, 0xa0, 0x9c, 0x9c, 0x99, 0x9c, 0xa3, 0xa0, 0xa5, 0xa0, 0x9e, 0x77, 0x9e, 0x9e, 0xa2, 0xa4, 0xa3, 0xa5, 0x77, 0x77, 0xa0, 0xa0, 0xa2, 0xa2, 0xa2, 0xa0, 0xa2, 0xa2, 0x9d, 0x9d, 0xa2, 0x79, 0x7c, 0xad, 0xaf, 0xab, 0x78, 0xa2, 0xa0, 0xa0, 0x9e, 0xa0, 0x9e, 0x9e, 0x9e, 0x9c, 0x9c, 0x99, 0x9c, 0x9c, 
  0xce, 0xce, 0xce, 0xaa, 0xaf, 0x7c, 0x7a, 0x7b, 0x7a, 0x7c, 0xac, 0xaa, 0xa6, 0xba, 0xcb, 0xcb, 0xcb, 0xcd, 0xfd, 0xcd, 0xca, 0xf1, 0xca, 0xf7, 0xf7, 0xfa, 0xfd, 0xfd, 0xf7, 0xf7, 0xfd, 0xfd, 0xcd, 0xcf, 0xcf, 0xcc, 0xc8, 0xc9, 0xcd, 0xfa, 0xca, 0xca, 0xca, 0xfa, 0xcd, 0xf2, 0xca, 0xfa, 0xfa, 0xcd, 0xce, 0xcf, 0xba, 0xce, 0x9f, 0xcb, 0xf9, 0xba, 0xba, 0xa6, 0xa8, 0xba, 0xa8, 0xa8, 0xaa, 0x7b, 0x7a, 0x7a, 0x7b, 0x79, 0xa5, 0xa2, 0xa5, 0x79, 0x7b, 0x7b, 0x7a, 0x7a, 0x7a, 0x7b, 0xa8, 0xaf, 0x7c, 0x7c, 0x7c, 0xaf, 0x73, 0x8f, 0x71, 0x71, 0x72, 0x93, 0x74, 0x74, 0xad, 0x88, 0x82, 0x71, 0x6d, 0x6c, 0x6c, 0x6e, 0x6e, 0x6e, 0x70, 0x6e, 0x73, 0x79, 0xaf, 0xff, 0xb0, 0x7c, 0x7c, 0xa2, 0x96, 0x71, 0x93, 0x74, 0x72, 0x75, 0x7c, 0xb0, 0x7c, 0x7c, 0x7b, 0x7b, 0x7a, 0x7a, 0x7b, 0x7b, 0x7c, 0x7c, 0x7c, 0xaf, 0x7c, 0x7c, 0xac, 0xa3, 0x9d, 0xa5, 0xab, 0xab, 0xa9, 0xab, 0x79, 0xa9, 0xa7, 0xa7, 0xa5, 0xa5, 0xa8, 0x79, 0xaa, 0x7c, 0x7a, 0xa9, 0xa9, 0xa5, 0xa5, 0xa2, 0xa4, 0xa9, 0xa4, 0x9e, 0x9c, 0xa4, 0xa9, 0xa9, 0xa9, 0xa4, 0xa3, 0x7a, 0x7c, 0x7a, 0x7a, 0x79, 0x7a, 0x7a, 0x7a, 0x7c, 0xa9, 0xa1, 0xa2, 0xa3, 0xae, 0xae, 0xb0, 0xaf, 0xff, 0xc1, 0xbe, 0xc3, 0xc1, 0xd0, 0xb0, 0xa8, 0xaa, 0x7c, 0xaf, 0xab, 0xa0, 0x96, 0x93, 0x71, 0x70, 0x71, 0x71, 0x93, 0x6e, 0x71, 0x8b, 0x75, 0xa5, 0x9e, 0x9c, 0x99, 0x9c, 0x9c, 0xa0, 0xa2, 0xa7, 0xac, 0xac, 0xa7, 0x9c, 0x76, 0x96, 0x75, 0x9c, 0x99, 0x75, 0x93, 0x93, 0x74, 0x74, 0x93, 0x93, 0x96, 0x77, 0xad, 0xb0, 0xb0, 0xb0, 0x7c, 0xb0, 0xb0, 0xb0, 0xae, 0x9d, 0x8d, 0x94, 0x9c, 0x91, 0x8f, 0x74, 0x94, 0x98, 0x7c, 0xb0, 0xaf, 0xaf, 0x79, 0xa7, 0xa5, 0xa2, 0xa0, 0xa7, 0xa5, 0xa0, 0xa7, 0xa2, 0xa4, 0xa0, 0xa2, 0x9c, 0x9e, 0xa3, 0xa4, 0xa3, 0xa3, 0xa0, 0xa0, 0x9e, 0xa2, 0xa4, 0xa5, 0xa5, 0xa3, 0xa7, 0xa7, 0xa3, 0xa0, 0x77, 0x9e, 0x9e, 0xa0, 0xa2, 0x78, 0xa9, 0xab, 0x7c, 0xae, 0x7c, 0x7a, 0x78, 0x77, 0x9d, 0xa0, 0x9e, 0xa0, 0x98, 0x9c, 0x77, 0x9c, 0x77, 0x9c, 0x76, 0x9c, 0x99, 0x9c, 
  0xf9, 0xcf, 0x7b, 0xae, 0x7b, 0x7b, 0x7b, 0x7b, 0x7c, 0xac, 0xaa, 0xa6, 0xba, 0xf9, 0xcb, 0xcd, 0xfd, 0xce, 0xf7, 0xca, 0xf1, 0xca, 0xf7, 0xf7, 0xf7, 0xf7, 0xfa, 0xfd, 0xfd, 0xca, 0xcd, 0xfd, 0xcd, 0xfe, 0xad, 0xae, 0xd0, 0xd0, 0xcf, 0xf7, 0xca, 0xca, 0xf7, 0xcd, 0xf7, 0xf4, 0xca, 0xfd, 0xf7, 0xf7, 0xcb, 0xcf, 0xba, 0xa8, 0xcf, 0xba, 0xba, 0xce, 0xba, 0xba, 0xa8, 0xab, 0xa8, 0xa9, 0x7b, 0x7b, 0x7b, 0x7a, 0x7a, 0x79, 0xa3, 0xa3, 0xa5, 0x79, 0x7b, 0x7b, 0x7b, 0x7a, 0x7a, 0xac, 0xac, 0xaa, 0xb0, 0xaf, 0xb0, 0x7c, 0xa0, 0x75, 0x96, 0x96, 0x74, 0x93, 0x72, 0xa0, 0x88, 0x86, 0x6e, 0x6c, 0x6d, 0x6d, 0x6d, 0x6d, 0x71, 0x6e, 0x71, 0x6f, 0x76, 0x7c, 0xb0, 0xb0, 0xaa, 0x7c, 0xaf, 0x77, 0x74, 0x72, 0x93, 0x96, 0x93, 0x75, 0xaf, 0xff, 0x7c, 0xb0, 0x7b, 0xaa, 0x7a, 0xac, 0x7b, 0x7b, 0x7c, 0x7c, 0x7c, 0x7b, 0x7b, 0xab, 0xa7, 0x9d, 0xa3, 0xab, 0xab, 0xa7, 0xa9, 0xa7, 0x79, 0xa7, 0xa7, 0xa9, 0xa9, 0xab, 0xab, 0x7c, 0xaf, 0xaa, 0xa1, 0xa9, 0xa9, 0xa5, 0xa9, 0xa4, 0xa5, 0xa9, 0xa4, 0x9e, 0xa4, 0xa2, 0xa7, 0xab, 0xa5, 0xa1, 0xa5, 0x7c, 0x7b, 0x79, 0x7a, 0xa9, 0x7a, 0x7a, 0xab, 0xab, 0xa9, 0xa2, 0xa0, 0xa5, 0xab, 0xae, 0xaf, 0xaf, 0xaf, 0xaf, 0xc1, 0xbf, 0xc2, 0xc3, 0xaf, 0xaf, 0x7b, 0xaa, 0xac, 0xaf, 0x77, 0x96, 0x72, 0x93, 0x71, 0x71, 0x71, 0x93, 0x71, 0x93, 0x71, 0x96, 0xa3, 0xa3, 0x9e, 0x9e, 0x99, 0x76, 0x9e, 0x9e, 0xa1, 0xab, 0xad, 0xa5, 0x77, 0x9c, 0x75, 0x76, 0x99, 0x75, 0x96, 0x74, 0x96, 0x74, 0x93, 0x74, 0x93, 0x99, 0xa5, 0xae, 0xaf, 0xb0, 0x7c, 0xb0, 0xb0, 0xb0, 0xb0, 0xaf, 0x98, 0x8c, 0x91, 0x99, 0x8f, 0x73, 0x75, 0xa3, 0x7c, 0xb0, 0xaf, 0xb0, 0xae, 0x78, 0xa3, 0x78, 0xa2, 0xa2, 0xa9, 0xa2, 0xa3, 0xa4, 0xa9, 0xa4, 0xa3, 0xa5, 0xa0, 0xa0, 0xa5, 0xa3, 0xa3, 0xa5, 0xa2, 0xa0, 0xa4, 0xa5, 0xa4, 0xa3, 0xa3, 0xa5, 0xa3, 0xa5, 0x9e, 0xa2, 0xa0, 0xa2, 0x78, 0x78, 0xab, 0xac, 0xae, 0xae, 0xae, 0xab, 0x78, 0xa0, 0x77, 0xa0, 0xa7, 0xa9, 0xa3, 0xa5, 0xa3, 0xa3, 0xa0, 0xa2, 0xa0, 0x9e, 0x9e, 0x9e, 0x9e, 0x9e, 
  0xba, 0x7b, 0xae, 0x7b, 0x7b, 0x7b, 0x7b, 0xac, 0x7b, 0xab, 0xa6, 0xba, 0xf9, 0xce, 0xce, 0xce, 0xcf, 0xf7, 0xf1, 0xcb, 0xca, 0xcd, 0xfa, 0xf7, 0xfa, 0xfd, 0xf4, 0xfd, 0xfd, 0xf7, 0xf7, 0xfd, 0xce, 0xf9, 0xcf, 0xae, 0xaf, 0xaf, 0xf9, 0xcb, 0xca, 0xca, 0xf7, 0xfa, 0xca, 0xca, 0xcd, 0xfa, 0xf7, 0xca, 0xcd, 0xce, 0xcf, 0xba, 0xcf, 0xa6, 0xcf, 0xce, 0xba, 0xf9, 0xba, 0xa6, 0xab, 0xac, 0x7a, 0x7b, 0x7a, 0x7b, 0x79, 0xa7, 0xa3, 0xa3, 0x79, 0x7a, 0x7b, 0x7a, 0x7b, 0x7b, 0x7b, 0x7b, 0x7b, 0xaf, 0xaf, 0xaf, 0x7c, 0x76, 0x74, 0x93, 0x71, 0x71, 0x6f, 0x6f, 0x99, 0x72, 0x86, 0x6e, 0x6e, 0x6c, 0x70, 0x6d, 0x6e, 0x70, 0x71, 0x93, 0x6e, 0x73, 0x7c, 0xb0, 0x7c, 0x7a, 0x7c, 0x7c, 0x7c, 0x9d, 0x74, 0x72, 0x93, 0x74, 0x74, 0x76, 0x7c, 0xb0, 0xff, 0x7c, 0x7c, 0x7a, 0x7a, 0x7b, 0x7b, 0x7c, 0x7c, 0x7c, 0xaa, 0xa9, 0xa8, 0x79, 0xa7, 0xa7, 0xa9, 0xa9, 0xa9, 0xa9, 0xa9, 0xa9, 0xa9, 0xab, 0xab, 0xab, 0xab, 0xa9, 0xab, 0xa9, 0xab, 0x78, 0xa7, 0xa7, 0xa4, 0xa4, 0xa9, 0xa4, 0xa5, 0xab, 0xa4, 0x9e, 0x9e, 0xa4, 0xa5, 0xa9, 0xa7, 0xa1, 0x7a, 0x7c, 0x7a, 0x7a, 0x7a, 0x79, 0x7a, 0x7a, 0xab, 0xab, 0xa5, 0xa0, 0xa0, 0xa5, 0xab, 0xad, 0xac, 0xac, 0xaf, 0xaf, 0xb0, 0xbf, 0xbf, 0xc1, 0xce, 0xaf, 0xa8, 0x7b, 0xaa, 0xae, 0xac, 0x94, 0x74, 0x71, 0x70, 0x71, 0x71, 0x71, 0x93, 0x93, 0x93, 0x74, 0x9c, 0xa5, 0xa4, 0x9e, 0x77, 0x9c, 0x9c, 0xa0, 0xa5, 0xac, 0xae, 0xa9, 0x9e, 0x76, 0x9c, 0x9c, 0x76, 0x9c, 0x75, 0x75, 0x96, 0x74, 0x74, 0x93, 0x96, 0x74, 0x75, 0x98, 0x78, 0xb0, 0x7c, 0xb0, 0xff, 0xb0, 0xb0, 0xae, 0x92, 0x8d, 0x99, 0x91, 0x91, 0x91, 0x78, 0x7c, 0xb0, 0xb0, 0xaf, 0xaf, 0xac, 0xa7, 0xa3, 0xa7, 0xa3, 0xa5, 0xa5, 0xa5, 0xa5, 0xa3, 0xa4, 0xa3, 0xa5, 0xa5, 0xa4, 0xa3, 0xa5, 0xa5, 0xa5, 0xa5, 0xa3, 0xa5, 0xa5, 0xa3, 0xa3, 0xa3, 0xa5, 0xa9, 0xa9, 0xa5, 0x78, 0x78, 0x78, 0x79, 0xac, 0xaf, 0xae, 0xae, 0xa9, 0xa3, 0xa2, 0x9e, 0x77, 0xa0, 0xa3, 0x78, 0xa9, 0xa7, 0xa7, 0xab, 0xab, 0xac, 0xab, 0xac, 0xac, 0xac, 0xae, 0x7c, 0xae, 0x7c, 
  0xa8, 0x7c, 0x7c, 0x7b, 0x7b, 0x7a, 0x7a, 0x7b, 0xab, 0xa6, 0xa1, 0xba, 0xce, 0xce, 0xce, 0xfd, 0xca, 0xcb, 0xf4, 0xcb, 0xcd, 0xcd, 0xfa, 0xca, 0xf7, 0xfd, 0xf7, 0xf7, 0xfd, 0xfd, 0xca, 0xfd, 0xfe, 0xce, 0xfc, 0xad, 0xb0, 0xff, 0xc9, 0xcb, 0xc9, 0xcb, 0xcd, 0xcd, 0xf7, 0xca, 0xcd, 0xcd, 0xf7, 0xf7, 0xcd, 0xcd, 0xce, 0xf9, 0xa1, 0xba, 0xba, 0xcf, 0xcf, 0xba, 0xba, 0xba, 0xa8, 0xab, 0x7a, 0x7a, 0x7b, 0x7b, 0xa9, 0x79, 0xa3, 0x78, 0xa9, 0x7b, 0x7a, 0x7a, 0x7a, 0xac, 0x7a, 0x7b, 0xb0, 0xaf, 0xaf, 0x7c, 0x73, 0x72, 0x8b, 0x71, 0x71, 0x6e, 0x72, 0x9c, 0x74, 0x88, 0x6e, 0x6c, 0x6e, 0x6e, 0x6e, 0x70, 0x70, 0x70, 0x74, 0xac, 0x73, 0x94, 0xae, 0xaf, 0x7c, 0x7a, 0x7b, 0x7c, 0xaf, 0xa3, 0x73, 0x72, 0x93, 0x93, 0x93, 0x9e, 0xaf, 0xb0, 0x7c, 0x7c, 0x7c, 0x7a, 0x7a, 0x7a, 0x7b, 0x7b, 0x7b, 0x7a, 0xa8, 0xa7, 0xa8, 0xa9, 0xa9, 0xa9, 0xab, 0xab, 0xab, 0xab, 0xab, 0xab, 0xab, 0xab, 0xa9, 0xa9, 0x79, 0xab, 0xa9, 0xa7, 0xa9, 0xa7, 0xa5, 0xa5, 0xa0, 0xa0, 0xa4, 0xa2, 0xa5, 0xab, 0xa4, 0xa0, 0xa0, 0xa3, 0xa5, 0xa9, 0xac, 0xaa, 0x7c, 0x7c, 0x7b, 0x7a, 0x7a, 0x79, 0x7a, 0x7a, 0xab, 0xab, 0xa5, 0x9e, 0x9d, 0xa5, 0xab, 0xad, 0xa9, 0xab, 0xae, 0xb0, 0xae, 0xff, 0xc1, 0xbf, 0xc3, 0xae, 0xaf, 0x7a, 0x7c, 0x7c, 0xae, 0xa9, 0x96, 0x74, 0x72, 0x72, 0x6e, 0x71, 0x71, 0x74, 0x74, 0x74, 0x99, 0xa2, 0xa3, 0x9e, 0x9c, 0x9e, 0x9e, 0xa2, 0xa5, 0xab, 0xad, 0x79, 0x9e, 0x76, 0x9c, 0xa0, 0x9c, 0x94, 0x9e, 0x75, 0x74, 0x74, 0x96, 0x96, 0x96, 0x96, 0x96, 0x75, 0x78, 0xb0, 0xb0, 0xb0, 0xb0, 0xb0, 0xb0, 0x7c, 0x91, 0x8f, 0x99, 0x8f, 0x8f, 0x77, 0x7a, 0xaf, 0xb0, 0xaf, 0x7c, 0x7a, 0xa9, 0xa3, 0xa2, 0xa5, 0xa2, 0xa7, 0xa7, 0xa9, 0xa9, 0xa3, 0xa2, 0x9e, 0xa7, 0xa9, 0xa7, 0xa5, 0xa7, 0xa9, 0xa3, 0xa5, 0xa5, 0xa7, 0xa9, 0xa7, 0xa9, 0xa9, 0xa9, 0xa7, 0xa2, 0xa2, 0xa3, 0xa7, 0x7c, 0xae, 0xaf, 0x7c, 0x79, 0xa3, 0xa0, 0x77, 0x77, 0x9e, 0x9e, 0xa0, 0xa0, 0xa2, 0xa2, 0xa2, 0xa2, 0xa2, 0x78, 0xa3, 0x78, 0xa5, 0x78, 0xa7, 0xa7, 0xa7, 0x78, 0x78, 
  0x7b, 0xac, 0x7c, 0x7a, 0x7b, 0x7a, 0x7b, 0xac, 0xaa, 0xa8, 0xcc, 0xba, 0xce, 0xce, 0xce, 0xcb, 0xcb, 0xcb, 0xcd, 0xfd, 0xcd, 0xca, 0xca, 0xca, 0xfa, 0xfd, 0xcd, 0xf4, 0xfd, 0xfd, 0xf7, 0xcd, 0xfd, 0xce, 0x9f, 0xcf, 0xaf, 0x7c, 0xc9, 0xc9, 0xcb, 0xcd, 0xcd, 0xcd, 0xca, 0xcd, 0xcd, 0xcd, 0xf7, 0xf7, 0xcd, 0xfd, 0xce, 0xba, 0xcc, 0xba, 0xce, 0xa6, 0xcf, 0xcf, 0xa6, 0xa8, 0xa8, 0xa8, 0xab, 0x7a, 0x7b, 0x7b, 0x79, 0x78, 0x78, 0xa7, 0x7a, 0x7b, 0x7a, 0x7a, 0xaa, 0x7b, 0xaa, 0x7b, 0x7c, 0xb0, 0xa2, 0x73, 0x71, 0x6f, 0x93, 0x71, 0x93, 0x74, 0xa0, 0x96, 0x6b, 0x70, 0x6e, 0x6c, 0x6e, 0x6e, 0x70, 0x6e, 0x70, 0x72, 0x76, 0xae, 0xab, 0x7a, 0xaf, 0x7c, 0x7c, 0x79, 0xb0, 0x7c, 0x7b, 0x79, 0x77, 0x74, 0x71, 0x96, 0x74, 0x9e, 0x7c, 0xb0, 0xaf, 0x7c, 0x7c, 0x7a, 0x7a, 0x7a, 0x7c, 0x7c, 0x7b, 0x7a, 0x7a, 0x79, 0xab, 0xab, 0xab, 0xab, 0xab, 0xab, 0xa9, 0xab, 0xa9, 0xa9, 0x78, 0xa7, 0xa8, 0x79, 0xab, 0xab, 0xab, 0xa7, 0xa7, 0xa7, 0xa9, 0xa5, 0xa0, 0xa0, 0xa4, 0xa4, 0xa7, 0xab, 0xa5, 0xa0, 0xa4, 0xa5, 0xa9, 0xab, 0xae, 0xae, 0x7c, 0x7c, 0x7b, 0x7a, 0x7a, 0x7a, 0x7a, 0x7a, 0xab, 0xa9, 0xa5, 0xa0, 0xa2, 0xa7, 0xad, 0xa9, 0xab, 0xa1, 0x7c, 0xaf, 0x7c, 0xae, 0xf9, 0xbf, 0xbf, 0xce, 0xaf, 0x7c, 0x7a, 0xa8, 0xae, 0xae, 0xa5, 0x75, 0x93, 0x71, 0x71, 0x71, 0x71, 0x93, 0x93, 0x74, 0x99, 0x9e, 0xa4, 0x9e, 0x9e, 0x9e, 0x9e, 0xa2, 0xa4, 0xa9, 0xad, 0xab, 0xa0, 0x76, 0x9c, 0x9e, 0x77, 0x94, 0x9c, 0x75, 0x75, 0x96, 0x75, 0x99, 0x75, 0x75, 0x76, 0x98, 0x7a, 0xb0, 0x7c, 0xb0, 0xb0, 0xaf, 0xae, 0xa2, 0x8f, 0x99, 0x73, 0x91, 0x76, 0xa5, 0x9d, 0xaf, 0xb0, 0xb0, 0x7c, 0xa8, 0xab, 0xa7, 0xa2, 0xa5, 0x78, 0xa7, 0xa7, 0xa9, 0xa5, 0xa0, 0xa4, 0xa0, 0xa5, 0xa9, 0xa9, 0xa7, 0xa5, 0xa9, 0xa7, 0xa9, 0xa9, 0xab, 0xa9, 0xa5, 0xa3, 0xa0, 0x9e, 0x9c, 0x76, 0x76, 0x78, 0xae, 0xae, 0x7b, 0x79, 0xa3, 0x9d, 0x9e, 0xa2, 0x9e, 0x77, 0x9e, 0x77, 0x77, 0x9e, 0x77, 0x77, 0x9e, 0x9e, 0x9e, 0x9e, 0x9e, 0xa0, 0xa2, 0xa2, 0xa2, 0xa2, 0xa2, 0xa2, 0xa2, 
  0xac, 0x7c, 0x7b, 0x7a, 0x7b, 0x7a, 0x7b, 0xac, 0xac, 0xa8, 0xa8, 0xba, 0xba, 0xce, 0xcb, 0xcb, 0xcd, 0xfd, 0xce, 0xf7, 0xf4, 0xca, 0xca, 0xf7, 0xfd, 0xfd, 0xfd, 0xca, 0xcd, 0xfd, 0xcd, 0xf7, 0xcf, 0xfe, 0xba, 0xba, 0xb0, 0xaf, 0xc9, 0xcc, 0xcb, 0xce, 0xcd, 0xf7, 0xcb, 0xcd, 0xcd, 0xf7, 0xcd, 0xcd, 0xcd, 0xfd, 0xce, 0xce, 0xba, 0xba, 0xba, 0xce, 0xba, 0xcf, 0xab, 0xa6, 0xab, 0xa8, 0x79, 0xab, 0x7a, 0x7a, 0x79, 0x78, 0xa7, 0xa9, 0x7b, 0x7b, 0x7a, 0x7a, 0xac, 0xaa, 0x7b, 0xaa, 0xb0, 0x7c, 0x77, 0x73, 0x72, 0x93, 0x96, 0x74, 0x74, 0x99, 0x71, 0x88, 0x6e, 0x71, 0x6e, 0x6e, 0x71, 0x71, 0x71, 0x93, 0x71, 0x73, 0x7b, 0xaf, 0xaf, 0xaf, 0xaa, 0x7c, 0xa8, 0xa8, 0x7b, 0xaf, 0x79, 0x78, 0xac, 0x98, 0x72, 0x74, 0x74, 0x77, 0xaf, 0xb0, 0x7c, 0x7b, 0x7c, 0x7b, 0x7b, 0x7b, 0x7b, 0x7b, 0x7b, 0x7a, 0xab, 0xab, 0xab, 0xa9, 0xab, 0xab, 0xa9, 0xa9, 0xa7, 0x78, 0x78, 0xa1, 0xa9, 0xa8, 0xab, 0xab, 0xac, 0xab, 0xa5, 0xa7, 0xa9, 0xa7, 0xa9, 0xa7, 0xa4, 0xa0, 0xa4, 0xa2, 0xa9, 0xab, 0xa9, 0xa4, 0xa2, 0xa5, 0xab, 0xad, 0x7c, 0xaf, 0x7c, 0x7b, 0x7b, 0xaa, 0x7a, 0x7b, 0x7a, 0xa9, 0xa9, 0xa9, 0xa3, 0xa2, 0xa4, 0xab, 0xa9, 0xab, 0xa4, 0xa7, 0xad, 0x7c, 0xaf, 0xad, 0xae, 0xc5, 0xbf, 0xc5, 0xae, 0xac, 0xa9, 0x7c, 0xad, 0xac, 0xad, 0xa3, 0x76, 0x93, 0x71, 0x70, 0x71, 0x71, 0x72, 0x93, 0x75, 0x99, 0x9e, 0xa0, 0x9e, 0x9e, 0x9e, 0xa0, 0xa3, 0xa7, 0xad, 0x7c, 0xa5, 0x9e, 0x9c, 0xa0, 0xa0, 0x75, 0x9c, 0x9c, 0x76, 0x99, 0x99, 0x99, 0x99, 0x99, 0x76, 0xa2, 0xaf, 0xb0, 0xb0, 0xaf, 0xad, 0xa7, 0xab, 0x98, 0x73, 0x75, 0x91, 0x98, 0xad, 0x98, 0x79, 0xaf, 0xb0, 0xaf, 0x7a, 0x78, 0xab, 0xa9, 0xa5, 0x78, 0xa5, 0xa7, 0xa9, 0xab, 0xa5, 0xa3, 0xa3, 0xa0, 0xa3, 0xa9, 0xab, 0xa7, 0xa7, 0xa9, 0xa9, 0xa9, 0xa5, 0xa5, 0xa4, 0xa0, 0xa0, 0x9c, 0x76, 0x76, 0x76, 0x98, 0xa3, 0xa9, 0x78, 0xa2, 0xa0, 0x76, 0x76, 0x77, 0x77, 0x9e, 0x9e, 0x9e, 0x77, 0x77, 0x9e, 0x9e, 0x9e, 0xa0, 0x9e, 0x9e, 0x77, 0x9e, 0x77, 0xa0, 0x9e, 0x9e, 0xa0, 0x9e, 0xa2, 0xa2, 
  0x7b, 0xac, 0x7b, 0x7b, 0x7b, 0x7b, 0x7b, 0x7c, 0xac, 0xac, 0xad, 0xba, 0xf9, 0xcb, 0xce, 0xce, 0xce, 0xce, 0xcd, 0xc8, 0xf4, 0xcb, 0xfa, 0xf7, 0xfa, 0xfd, 0xfd, 0xcd, 0xf7, 0xfd, 0xfd, 0xcb, 0xcd, 0xcf, 0xcc, 0xba, 0x7c, 0xb0, 0xfc, 0xcf, 0xcf, 0xce, 0xcd, 0xcb, 0xcd, 0xfd, 0xcd, 0xcb, 0xf7, 0xfd, 0xcd, 0xcd, 0xce, 0xce, 0xba, 0xba, 0xba, 0xba, 0xba, 0xba, 0xa6, 0xab, 0xaa, 0xab, 0xa8, 0x7a, 0xac, 0x7b, 0xa7, 0x78, 0xa7, 0xab, 0x7a, 0x7a, 0x7a, 0x7a, 0xaa, 0x7b, 0x7c, 0x7c, 0xaf, 0xaf, 0xac, 0xa0, 0x96, 0x96, 0x71, 0x93, 0x74, 0x75, 0x71, 0x6e, 0x6e, 0x71, 0x6e, 0x70, 0x6e, 0x71, 0x72, 0x71, 0x72, 0x76, 0xaf, 0xaf, 0xb0, 0x7c, 0x7a, 0x7a, 0xab, 0x7a, 0x7b, 0x7c, 0x79, 0x78, 0xaf, 0x78, 0x73, 0x93, 0x96, 0x76, 0xaf, 0xb0, 0xaf, 0x7c, 0x7c, 0x7c, 0x7b, 0x7b, 0x7b, 0xac, 0x7a, 0xab, 0xa9, 0xa9, 0xa7, 0xa9, 0xa5, 0xa7, 0xa5, 0x78, 0xa5, 0xa8, 0xa7, 0xa9, 0xab, 0xab, 0xac, 0xac, 0xab, 0xa7, 0x78, 0xa5, 0xa9, 0xa5, 0xa7, 0xa5, 0xa0, 0xa0, 0xa0, 0xa4, 0xa9, 0xab, 0xa9, 0xa4, 0x9e, 0xa4, 0xab, 0xac, 0xac, 0xae, 0x7c, 0x7b, 0x7b, 0x7a, 0x7b, 0x7b, 0x7a, 0x7a, 0x79, 0xa7, 0xa4, 0xa0, 0xa3, 0xab, 0xa9, 0xa7, 0xa4, 0xab, 0x7a, 0xae, 0xac, 0xaa, 0xaf, 0xae, 0x01, 0xc1, 0xae, 0xae, 0x7a, 0xab, 0x7c, 0xad, 0xaf, 0xad, 0xac, 0x99, 0x72, 0x71, 0x71, 0x71, 0x93, 0x74, 0x96, 0x96, 0x96, 0x9c, 0x77, 0x9e, 0x9e, 0xa0, 0xa0, 0xa5, 0xab, 0xad, 0xa7, 0x9e, 0x9c, 0xa0, 0xa0, 0x98, 0x9e, 0x9e, 0x75, 0x9c, 0x76, 0x99, 0x9c, 0x9c, 0x77, 0x78, 0xaf, 0xb0, 0xb0, 0xae, 0x78, 0x9e, 0xa3, 0x73, 0x96, 0x94, 0x98, 0xae, 0xa9, 0x98, 0xa7, 0xaf, 0xaf, 0x7c, 0x7a, 0x79, 0xa9, 0xa9, 0xa7, 0xa7, 0xa3, 0xa9, 0xac, 0xac, 0xa7, 0xa5, 0xa4, 0xa2, 0xa3, 0xa9, 0xab, 0xa9, 0xa7, 0xa9, 0xa5, 0xa4, 0xa2, 0xa0, 0x9e, 0x9e, 0x9e, 0x9e, 0x9c, 0x9e, 0x76, 0xa2, 0x9e, 0x9e, 0xa7, 0xa2, 0x76, 0x98, 0x96, 0x96, 0x96, 0x96, 0x75, 0x76, 0x76, 0x77, 0x9e, 0x9e, 0x9e, 0x77, 0x9e, 0x9e, 0x9e, 0xa0, 0x9e, 0xa0, 0xa0, 0x9e, 0x9e, 0x9e, 0x77, 0x77, 
  0x7b, 0x7b, 0x7b, 0x7b, 0x7b, 0x7b, 0x7a, 0xac, 0xac, 0xaa, 0xba, 0xba, 0xcc, 0xce, 0xce, 0xcf, 0xfd, 0xcb, 0xca, 0xcb, 0xcd, 0xcd, 0xcd, 0xf7, 0xf7, 0xfd, 0xfd, 0xce, 0xf7, 0xcd, 0xfe, 0xcd, 0xf9, 0xce, 0xcf, 0xa1, 0x7c, 0xb0, 0xaf, 0xaf, 0xcf, 0xce, 0xcb, 0xcd, 0xcd, 0xce, 0xcd, 0xcd, 0xcd, 0xce, 0xcd, 0xcb, 0xf9, 0xce, 0xa6, 0xba, 0xfc, 0xba, 0xa6, 0xba, 0xa6, 0xa8, 0xab, 0xac, 0x7a, 0xab, 0xac, 0x7a, 0xa9, 0x78, 0xab, 0xab, 0x7a, 0x7a, 0x7a, 0xac, 0x7a, 0xac, 0x7c, 0xaf, 0xaf, 0x7c, 0x76, 0x91, 0x93, 0x93, 0x72, 0x75, 0x9c, 0x93, 0x8b, 0x71, 0x71, 0x71, 0x6e, 0x93, 0x71, 0x74, 0x71, 0x73, 0x94, 0x7c, 0xaf, 0xb0, 0x7c, 0x7b, 0x7a, 0x78, 0x7a, 0xa9, 0xaf, 0xab, 0xa2, 0x79, 0x7c, 0xaf, 0x73, 0x93, 0x96, 0x76, 0xaf, 0xb0, 0x7c, 0x7c, 0x7c, 0x7c, 0x7b, 0x7b, 0xab, 0xab, 0xa9, 0xa9, 0xa9, 0xa7, 0xa7, 0xa5, 0xa5, 0xa5, 0xa7, 0xa9, 0xa9, 0xa9, 0xab, 0xab, 0xab, 0xac, 0xac, 0xa9, 0xa7, 0xa8, 0xa4, 0xa7, 0xa9, 0xa7, 0xa9, 0xa5, 0xa0, 0x9e, 0xa4, 0xa4, 0xa9, 0xa4, 0xa5, 0xa4, 0xa0, 0xa0, 0xa9, 0xab, 0xac, 0x7c, 0x7c, 0x7c, 0x7c, 0x7b, 0x7b, 0x7b, 0x7a, 0x79, 0x79, 0x78, 0xa2, 0xa4, 0xa7, 0xab, 0xab, 0xa5, 0xa4, 0xa7, 0xac, 0xa9, 0xa8, 0xac, 0xa8, 0xae, 0xce, 0x01, 0xad, 0xae, 0xac, 0xa9, 0xaa, 0xae, 0x7c, 0xae, 0xa9, 0x76, 0x93, 0x74, 0x71, 0x72, 0x93, 0x93, 0x96, 0x75, 0x96, 0x77, 0x9c, 0xa0, 0x9e, 0xa0, 0xa0, 0xa3, 0xa9, 0xa9, 0xa2, 0xa0, 0x77, 0x9e, 0xa0, 0x76, 0x9e, 0x9e, 0x99, 0x9e, 0x9c, 0x9c, 0x9e, 0x77, 0x9d, 0xab, 0xb0, 0xb0, 0xaf, 0xa7, 0x9e, 0xa0, 0x9c, 0x74, 0x76, 0x76, 0xae, 0xae, 0xa2, 0x98, 0x78, 0x7c, 0xaf, 0x7c, 0x7a, 0x79, 0xa9, 0xa9, 0xa7, 0x78, 0xa7, 0xab, 0xad, 0xac, 0xa7, 0xa5, 0x78, 0xa7, 0xa3, 0xa5, 0xa9, 0xa7, 0xa5, 0xa3, 0xa3, 0xa0, 0xa2, 0xa0, 0xa0, 0xa4, 0xa0, 0xa0, 0x9e, 0x9e, 0xa2, 0xa3, 0xa3, 0x78, 0x79, 0x78, 0x77, 0x76, 0x76, 0x76, 0x76, 0x76, 0x96, 0x96, 0x74, 0x76, 0x75, 0x75, 0x76, 0x9c, 0x9e, 0xa2, 0xa2, 0x9e, 0xa0, 0x9e, 0xa0, 0x9e, 0xa0, 0x9e, 0xa0, 0x9e, 
  0x7b, 0xac, 0x7b, 0x7b, 0x7b, 0x7b, 0x7b, 0x7b, 0xac, 0xa8, 0xa1, 0xba, 0xce, 0xcf, 0xcf, 0xce, 0xcb, 0xcb, 0xcd, 0xcb, 0xce, 0xce, 0xcd, 0xfa, 0xf7, 0xcd, 0xfd, 0xcf, 0xcd, 0xcd, 0xfd, 0xfd, 0xce, 0xce, 0xad, 0xae, 0x7c, 0x7c, 0xaf, 0xaf, 0xa6, 0xce, 0xcc, 0xcb, 0xce, 0xce, 0xcd, 0xcb, 0xce, 0xcd, 0xce, 0xcd, 0xce, 0xce, 0xba, 0xcf, 0xa8, 0xcf, 0xab, 0xa6, 0xa8, 0xa6, 0xa8, 0xac, 0xab, 0x7b, 0xac, 0xab, 0xa7, 0xa9, 0xab, 0xab, 0xac, 0xaa, 0x7a, 0xac, 0xaa, 0xac, 0xaf, 0xaf, 0xa7, 0x75, 0x73, 0x73, 0x93, 0x96, 0x96, 0x9c, 0x71, 0x71, 0x71, 0x71, 0x71, 0x71, 0x72, 0x72, 0x93, 0x75, 0x77, 0x94, 0xa2, 0xae, 0xaa, 0x7c, 0x7b, 0x7a, 0x7a, 0x7a, 0x7a, 0xac, 0x7a, 0x7a, 0x78, 0x78, 0xb0, 0xaf, 0xa7, 0x91, 0x96, 0x99, 0x7c, 0xb0, 0x7c, 0x7c, 0x7c, 0x7c, 0x7b, 0x7a, 0xa7, 0x79, 0xa7, 0xa7, 0xa7, 0xa9, 0xa7, 0xa7, 0xa9, 0xab, 0xab, 0xa9, 0xab, 0xa9, 0xa9, 0xa9, 0xa9, 0xa9, 0xa9, 0xa8, 0xa7, 0xa5, 0xa5, 0xa7, 0xa9, 0xa9, 0xa9, 0xa5, 0xa4, 0xa4, 0xa5, 0xa5, 0xa9, 0xa4, 0xa0, 0xa5, 0xa0, 0xa3, 0xa9, 0x7a, 0xac, 0x7b, 0x7c, 0x7c, 0x7c, 0x7b, 0x7c, 0x7b, 0x7a, 0x79, 0x79, 0x78, 0xa3, 0xa5, 0xab, 0xab, 0xa5, 0x9d, 0xa4, 0xa7, 0xab, 0xab, 0x78, 0xa7, 0x7a, 0xa8, 0xaf, 0xbb, 0xa8, 0xac, 0xab, 0x7b, 0xab, 0xaa, 0xac, 0x7c, 0xa1, 0x77, 0x77, 0x93, 0x93, 0x93, 0x93, 0x74, 0x96, 0x75, 0x9c, 0x77, 0xa0, 0xa3, 0xa0, 0x9e, 0xa2, 0xa3, 0xa9, 0xa9, 0xa3, 0xa0, 0xa0, 0x9e, 0xa2, 0x77, 0xa0, 0x9e, 0x9e, 0x9c, 0x9e, 0x9e, 0x9e, 0xa0, 0xa9, 0x7c, 0xaf, 0xb0, 0xa9, 0xa3, 0x9e, 0xa3, 0x96, 0x98, 0x77, 0xab, 0xad, 0xa1, 0x77, 0x94, 0x7b, 0xb0, 0xac, 0x7b, 0x79, 0x78, 0x79, 0x79, 0xa7, 0x78, 0xa7, 0x7a, 0xac, 0xac, 0xa7, 0xa2, 0xa3, 0xa7, 0xa3, 0x78, 0xa7, 0xa5, 0xa3, 0xa3, 0xa3, 0xa2, 0xa4, 0xa3, 0xa4, 0xa2, 0xa2, 0xa2, 0xa4, 0xa9, 0xa3, 0x78, 0x7c, 0xad, 0xa7, 0xa3, 0xa3, 0x77, 0x75, 0x75, 0x9c, 0x9e, 0x9c, 0x76, 0x76, 0x76, 0x77, 0x76, 0x75, 0x75, 0x76, 0x76, 0x76, 0x9c, 0x76, 0x9c, 0x77, 0x9e, 0x9e, 0xa0, 0x9e, 0xa0, 
  0xac, 0x7b, 0x7b, 0x7b, 0x7c, 0x7b, 0xac, 0x7c, 0xa8, 0xa6, 0xba, 0xa6, 0xcf, 0xcf, 0xce, 0xcd, 0xcd, 0xcd, 0xce, 0xce, 0xce, 0xcb, 0xca, 0xfd, 0xfd, 0xca, 0xf9, 0xd0, 0xcd, 0xf7, 0xfd, 0xcf, 0xcd, 0xce, 0xd0, 0xae, 0x7c, 0x7c, 0xb0, 0x7c, 0xba, 0xcc, 0xce, 0xf9, 0xce, 0xce, 0xce, 0xcd, 0xce, 0xce, 0xcd, 0xf9, 0xce, 0xce, 0xf9, 0xba, 0xba, 0xa8, 0xaa, 0xab, 0xa6, 0xa8, 0xa6, 0xa8, 0xaa, 0xab, 0xac, 0xa9, 0x79, 0xa7, 0x7a, 0xab, 0x7b, 0xab, 0x7a, 0xac, 0xac, 0x7c, 0xae, 0x7c, 0x94, 0x73, 0x74, 0x75, 0x96, 0x99, 0x75, 0x93, 0x71, 0x71, 0x71, 0x93, 0x93, 0x71, 0x72, 0x93, 0x73, 0xab, 0xad, 0x78, 0xaf, 0x7c, 0xae, 0x7b, 0x7a, 0x79, 0x7a, 0x79, 0x7a, 0x7b, 0x7c, 0x78, 0x78, 0x7a, 0x7c, 0xb0, 0x7c, 0x94, 0x96, 0x75, 0xae, 0xb0, 0x7c, 0x7c, 0x7b, 0x7c, 0x7b, 0x7a, 0xab, 0xa9, 0xab, 0xa9, 0xab, 0xa9, 0xab, 0xab, 0xa9, 0xa9, 0xa9, 0xa9, 0xa9, 0xa9, 0xa9, 0xab, 0xab, 0xa7, 0xa5, 0xa5, 0xa9, 0xa9, 0xa4, 0xa7, 0xab, 0xa5, 0xa9, 0xa9, 0xa5, 0xa5, 0xa5, 0xa7, 0xab, 0xa7, 0x9d, 0xa3, 0xa0, 0xa5, 0x79, 0xab, 0x7b, 0x7a, 0xaa, 0x7c, 0x7b, 0x7c, 0x7c, 0xac, 0x7a, 0x79, 0x79, 0x78, 0xa5, 0xa9, 0xab, 0xab, 0xa5, 0x9e, 0xa5, 0xab, 0xa9, 0xa7, 0xa7, 0xa5, 0x79, 0xa9, 0xab, 0xab, 0xad, 0xab, 0xab, 0xa9, 0x7a, 0xa8, 0xa8, 0x7c, 0xac, 0x9d, 0x96, 0x74, 0x74, 0x93, 0x74, 0x96, 0x96, 0x96, 0x76, 0x9c, 0xa2, 0xa3, 0xa0, 0x9e, 0xa0, 0xa5, 0xab, 0xab, 0xa7, 0x9e, 0xa0, 0x9e, 0xa0, 0xa2, 0xa0, 0x9c, 0x9e, 0x9e, 0x9e, 0xa2, 0x9e, 0xa3, 0xac, 0xae, 0x7b, 0x7a, 0x9d, 0x9e, 0xa4, 0xa0, 0x91, 0x77, 0xac, 0xad, 0x98, 0x98, 0x9e, 0x76, 0xa8, 0xb0, 0x7a, 0xac, 0x79, 0xa3, 0x78, 0xa7, 0x78, 0x79, 0xa9, 0x7a, 0xab, 0xa9, 0x78, 0x9d, 0xa3, 0xa9, 0xa9, 0xa7, 0xa7, 0xa9, 0xa7, 0xa7, 0xa3, 0xa3, 0xa3, 0xa0, 0x9e, 0x9e, 0x9e, 0x9d, 0xa9, 0xac, 0xa7, 0x79, 0xae, 0xae, 0xa7, 0xa2, 0xa2, 0x9e, 0x77, 0x75, 0x9c, 0x9e, 0x9c, 0x76, 0x76, 0x77, 0x9e, 0x9c, 0x76, 0x77, 0x76, 0x75, 0x76, 0x76, 0x76, 0x76, 0x76, 0x99, 0x77, 0x9e, 0x9e, 0x9e, 
  0x7b, 0x7b, 0x7b, 0x7b, 0x7b, 0x7b, 0x7b, 0x7a, 0xa6, 0xa8, 0xa8, 0xcf, 0xa6, 0xba, 0xcb, 0xf9, 0xce, 0xce, 0xcf, 0xcd, 0xcb, 0xf4, 0xca, 0xfd, 0xfd, 0xcd, 0xcb, 0xfd, 0xfd, 0xcb, 0xcd, 0xfd, 0xcf, 0xf9, 0xba, 0xaf, 0x7c, 0x7c, 0x7c, 0x7c, 0xa8, 0xcc, 0xba, 0xce, 0xce, 0xce, 0xce, 0xce, 0xce, 0xce, 0xf9, 0xfd, 0xce, 0xce, 0xce, 0xba, 0xba, 0xba, 0xa8, 0xaa, 0xab, 0xac, 0xab, 0xaa, 0xab, 0x7a, 0xa9, 0xa9, 0xa7, 0xab, 0xab, 0x7a, 0xac, 0xaa, 0xab, 0xac, 0x7c, 0xac, 0xaf, 0x9d, 0x96, 0x75, 0x75, 0x75, 0x99, 0x75, 0x93, 0x93, 0x74, 0x71, 0x93, 0x93, 0x71, 0x93, 0x72, 0x74, 0xa0, 0xae, 0xaf, 0xae, 0x7c, 0xac, 0xac, 0xab, 0xa9, 0x7a, 0x79, 0x7a, 0x7c, 0x7c, 0x7a, 0x78, 0x78, 0x7a, 0xb0, 0xb0, 0xae, 0xa7, 0x73, 0x94, 0xa9, 0xb0, 0x7c, 0xb0, 0x7c, 0x7b, 0x7b, 0x7b, 0xab, 0x7a, 0xa9, 0xab, 0xa9, 0xa9, 0xa9, 0xa7, 0xa9, 0xa9, 0xa9, 0xa9, 0xa9, 0xab, 0xac, 0xac, 0xa7, 0xa5, 0xa5, 0xa7, 0xa7, 0xa7, 0xa4, 0xa9, 0xa9, 0xa7, 0xa9, 0xa7, 0xa5, 0xa5, 0xa4, 0xa9, 0xa9, 0xa9, 0xa0, 0xa0, 0xa3, 0xa2, 0x79, 0xa9, 0x7a, 0x7a, 0x7a, 0x7a, 0x7b, 0x7c, 0xae, 0xac, 0x7a, 0x79, 0x78, 0x78, 0xa7, 0xab, 0xad, 0xab, 0xa4, 0xa0, 0xa5, 0xab, 0xa9, 0xa7, 0xa9, 0x78, 0xa5, 0x79, 0xa7, 0x78, 0xa7, 0xa9, 0xab, 0x7a, 0xab, 0x79, 0xa8, 0xa9, 0xad, 0x7b, 0xa2, 0x94, 0x74, 0x93, 0x74, 0x96, 0x96, 0x96, 0x75, 0x77, 0x77, 0xa3, 0xa2, 0xa0, 0xa2, 0xa3, 0xab, 0xa9, 0xa3, 0x9d, 0x9e, 0xa2, 0xa2, 0xa0, 0xa2, 0x9e, 0x9e, 0x9e, 0xa0, 0x77, 0xa0, 0xa9, 0xac, 0xaf, 0xab, 0xa2, 0x9e, 0x9e, 0xa4, 0xa4, 0xa9, 0xad, 0xae, 0x98, 0x92, 0xa7, 0x77, 0x94, 0x7a, 0xaf, 0x7a, 0xa9, 0x7a, 0x7a, 0x79, 0x78, 0x79, 0xa9, 0x79, 0xab, 0xab, 0xab, 0xa7, 0xa2, 0x9d, 0xa9, 0xa9, 0xa9, 0xa7, 0xa3, 0xa3, 0xa2, 0xa2, 0xa2, 0xa3, 0xa5, 0xa5, 0xa1, 0xa2, 0x78, 0xa7, 0xab, 0x7c, 0xac, 0xa9, 0xa9, 0xab, 0x78, 0x9e, 0x9e, 0xa0, 0x76, 0x75, 0x9c, 0x77, 0x76, 0x77, 0x75, 0x76, 0x9e, 0x9e, 0x9c, 0x9e, 0x9e, 0x9e, 0xa3, 0xa0, 0xa0, 0x9e, 0x9e, 0x9e, 0x9e, 0x9e, 0xa2, 
  0xac, 0x7b, 0x7b, 0xac, 0x7b, 0x7c, 0x7b, 0xac, 0xab, 0xaa, 0xba, 0xa6, 0xba, 0xce, 0xce, 0xce, 0xcf, 0xce, 0xcb, 0xcb, 0xca, 0xcd, 0xcd, 0xfd, 0xce, 0xfd, 0xcb, 0xcd, 0xd0, 0xcd, 0xcd, 0xcf, 0xfd, 0xba, 0xce, 0xae, 0x7c, 0x7c, 0x7c, 0x7c, 0xa1, 0x9b, 0xba, 0xba, 0xce, 0xce, 0xce, 0xce, 0xcf, 0xce, 0xce, 0xce, 0xcf, 0xce, 0xce, 0xba, 0xa6, 0xa8, 0xa8, 0xa8, 0xaa, 0xab, 0xac, 0xab, 0xab, 0x7a, 0xab, 0xa9, 0xa9, 0xab, 0x7a, 0xac, 0xab, 0x7a, 0x7a, 0xac, 0xac, 0xac, 0xaf, 0xa7, 0x9e, 0x96, 0x96, 0x75, 0x96, 0x8f, 0x93, 0x74, 0x93, 0x93, 0x93, 0x72, 0x74, 0x75, 0x74, 0x94, 0x7a, 0xae, 0x7c, 0xac, 0x7c, 0x7a, 0xab, 0xab, 0xa9, 0xab, 0x7a, 0x7b, 0x7c, 0x7b, 0x79, 0x78, 0x79, 0x7b, 0xb0, 0x7c, 0xb0, 0xae, 0x99, 0x91, 0x79, 0xb0, 0x7c, 0x7c, 0x7c, 0xac, 0x7a, 0x7a, 0xab, 0xa9, 0xa9, 0xa9, 0xa9, 0xa9, 0x79, 0xa7, 0xa9, 0xa9, 0xa9, 0xab, 0xab, 0xab, 0xab, 0xa9, 0xa7, 0xa4, 0xa7, 0xa7, 0xa9, 0xa7, 0xa4, 0xa9, 0xab, 0xa5, 0xab, 0xa7, 0xa5, 0xa5, 0xa3, 0xa9, 0xa9, 0xa7, 0xa3, 0xa3, 0x9e, 0x9e, 0x78, 0x79, 0x79, 0x7a, 0x79, 0x79, 0x7a, 0x7a, 0x7c, 0x7c, 0x7a, 0x79, 0x79, 0x78, 0xa9, 0xac, 0xac, 0xa9, 0xa0, 0xa4, 0xa7, 0xa9, 0xab, 0xa9, 0xa9, 0xa5, 0xa5, 0xa7, 0x78, 0xa7, 0xa7, 0xa9, 0xa9, 0xab, 0xa9, 0x7a, 0xa7, 0x7a, 0xad, 0xae, 0x7a, 0x78, 0x76, 0x74, 0x74, 0x93, 0x74, 0x96, 0x75, 0x77, 0x91, 0x77, 0xa3, 0xa3, 0xa2, 0xa3, 0xa9, 0xab, 0xa9, 0xa2, 0xa0, 0xa2, 0xa2, 0xa2, 0xa2, 0x9e, 0xa0, 0x9e, 0x9e, 0xa0, 0xa2, 0x78, 0xab, 0x7c, 0xa5, 0xa2, 0x77, 0xa0, 0xa5, 0xa7, 0xad, 0x78, 0x92, 0x92, 0x78, 0x7b, 0x9c, 0x73, 0x78, 0xb0, 0x7a, 0xab, 0xa9, 0xab, 0x79, 0x79, 0x78, 0x79, 0x79, 0xa9, 0xa9, 0xa9, 0xa9, 0x78, 0x9d, 0xa3, 0xa9, 0xa9, 0xa9, 0xa5, 0xa3, 0xa5, 0xa7, 0xa7, 0xa9, 0xa9, 0xab, 0xa9, 0xa9, 0xab, 0xab, 0xac, 0xad, 0xac, 0x79, 0x78, 0x79, 0xa7, 0xa2, 0x9e, 0xa2, 0x77, 0x76, 0x76, 0x77, 0x9c, 0x9e, 0x76, 0x77, 0x9e, 0xa2, 0x9e, 0xa2, 0xa0, 0x9e, 0x9e, 0xa3, 0xa4, 0xa2, 0xa4, 0xa3, 0xa3, 0xa3, 0xa2, 
  0x7b, 0x7b, 0x7c, 0x7b, 0x7c, 0x7b, 0xac, 0x7c, 0xae, 0xad, 0xa6, 0xba, 0xce, 0xba, 0xce, 0xcf, 0xcf, 0xcb, 0xcb, 0xf9, 0xce, 0xcd, 0xcd, 0xfd, 0xfd, 0xfe, 0xcb, 0xcd, 0xcf, 0xcf, 0xcd, 0xcd, 0xcf, 0xce, 0xba, 0x7c, 0x7c, 0x7c, 0x7c, 0x7c, 0xa1, 0xa1, 0xa6, 0xa6, 0xba, 0xce, 0xce, 0xce, 0xce, 0xce, 0xce, 0xce, 0xcf, 0xce, 0xce, 0xba, 0xa8, 0xa8, 0xa8, 0xa8, 0xba, 0xaa, 0xab, 0xac, 0x7a, 0xab, 0xab, 0xa9, 0xa9, 0x7a, 0xab, 0x7a, 0xab, 0x7a, 0xab, 0xac, 0x7b, 0xae, 0xac, 0xa3, 0x96, 0x96, 0x96, 0x9c, 0x96, 0x93, 0x96, 0x96, 0x93, 0x74, 0x76, 0x96, 0x9e, 0xae, 0xa7, 0xa5, 0xaf, 0xaf, 0xaa, 0xaa, 0x7b, 0xab, 0x7a, 0xab, 0x79, 0x7a, 0x7b, 0x7c, 0x7b, 0x7a, 0x78, 0x78, 0x79, 0x7c, 0xb0, 0xb0, 0xb0, 0xae, 0xa4, 0x75, 0xa1, 0xb0, 0x7c, 0xb0, 0xac, 0xab, 0x7a, 0x7a, 0xa9, 0xa9, 0xa9, 0xa9, 0xa7, 0xa9, 0xa9, 0xa9, 0xab, 0xab, 0xab, 0xab, 0xab, 0xab, 0xa9, 0xa5, 0xa5, 0xa4, 0xa5, 0xa9, 0xa9, 0xa7, 0xa4, 0xa9, 0xa9, 0xa7, 0xab, 0xa9, 0xa5, 0xa3, 0xa4, 0xa7, 0xa9, 0xa2, 0xa2, 0xa2, 0x77, 0x77, 0xa2, 0x77, 0x78, 0x78, 0x79, 0x78, 0x79, 0xa9, 0x7b, 0xad, 0x7b, 0x7a, 0x78, 0x78, 0xab, 0xad, 0xac, 0xa8, 0xa2, 0xa4, 0xa5, 0xa9, 0xac, 0x7a, 0xa7, 0xa5, 0xa3, 0xa7, 0x78, 0xa7, 0x79, 0x79, 0xa8, 0xa9, 0xab, 0xab, 0xa9, 0xa9, 0xac, 0xae, 0xae, 0xae, 0xab, 0x94, 0x93, 0x74, 0x75, 0x75, 0x99, 0x77, 0x94, 0x77, 0xa7, 0xa3, 0xa2, 0x78, 0xa5, 0xab, 0xac, 0x78, 0xa0, 0xa2, 0xa2, 0xa2, 0xa2, 0x9e, 0xa2, 0x9e, 0x9e, 0xa2, 0xa2, 0x78, 0x7a, 0x7c, 0xa2, 0x9c, 0xa2, 0xa4, 0xa9, 0xa9, 0x9d, 0x94, 0x94, 0xa1, 0x7c, 0xae, 0x76, 0x74, 0x9d, 0x7c, 0x7a, 0xa7, 0x78, 0x79, 0x79, 0x79, 0x7a, 0xa9, 0x7a, 0xac, 0x7a, 0xac, 0xac, 0xab, 0xa7, 0xa5, 0xa7, 0xa7, 0xa7, 0xa7, 0xa5, 0xa5, 0xa5, 0xa7, 0xa9, 0xab, 0xab, 0xab, 0xab, 0x7a, 0x7b, 0x7b, 0xa8, 0x7b, 0xab, 0xa1, 0xa2, 0xa7, 0x78, 0xa2, 0x9e, 0xa0, 0x77, 0x76, 0x77, 0x9e, 0xa0, 0x9e, 0x77, 0x9e, 0xa2, 0xa2, 0xa5, 0xa3, 0xa0, 0xa0, 0xa0, 0xa2, 0xa3, 0xa5, 0xa7, 0xa9, 0xa9, 0xa9, 
  0xac, 0x7c, 0xac, 0x7c, 0x7b, 0x7c, 0x7c, 0x7c, 0xae, 0xad, 0xa6, 0xba, 0xba, 0xfc, 0xcf, 0xcf, 0xcd, 0xcb, 0xce, 0xce, 0xce, 0xcd, 0xcd, 0xcd, 0xfd, 0xcf, 0xcd, 0xcb, 0xcf, 0xcf, 0xcd, 0xcd, 0xcf, 0xce, 0xa6, 0xae, 0x7c, 0x7c, 0x7c, 0x7c, 0x7b, 0xa8, 0xae, 0xad, 0xfc, 0xce, 0xce, 0xcf, 0xce, 0xce, 0xce, 0xcf, 0xce, 0xcf, 0xce, 0xa6, 0xa6, 0xab, 0xab, 0xa8, 0xa8, 0xa8, 0xab, 0xaa, 0xab, 0x7b, 0xab, 0xa9, 0xab, 0xab, 0x7b, 0xab, 0xac, 0xac, 0xa9, 0x7a, 0xac, 0xaf, 0xa1, 0x94, 0x99, 0x99, 0x9c, 0x96, 0x93, 0x93, 0x75, 0x96, 0x93, 0x74, 0x75, 0x76, 0xa9, 0xae, 0xad, 0xae, 0xaf, 0x7b, 0x7a, 0x7a, 0x7a, 0x7a, 0xab, 0xa8, 0x7a, 0x7a, 0xac, 0xac, 0x7c, 0x79, 0xa2, 0x78, 0x7a, 0xaf, 0x7c, 0xb0, 0xb0, 0xae, 0xab, 0x98, 0xa2, 0xb0, 0x7c, 0xb0, 0xaa, 0xac, 0x79, 0xa9, 0xa9, 0xa9, 0xa9, 0xab, 0xa9, 0xab, 0xab, 0xab, 0xab, 0xab, 0xac, 0xab, 0xab, 0xa9, 0xa5, 0xa5, 0xa7, 0xa4, 0xa5, 0xa9, 0xa9, 0xa5, 0xa4, 0xa9, 0xa9, 0xa7, 0xab, 0xa9, 0xa5, 0xa4, 0xa3, 0xa9, 0xa9, 0xa0, 0x77, 0x77, 0x76, 0x76, 0x77, 0x98, 0x77, 0x79, 0x78, 0x79, 0x78, 0x79, 0xa9, 0x7b, 0x7b, 0x7a, 0x78, 0x79, 0x7a, 0xae, 0xac, 0xa5, 0x9d, 0xa5, 0xa7, 0xa5, 0xad, 0x7b, 0xa7, 0xa7, 0xa5, 0xa5, 0xa5, 0x78, 0x79, 0x79, 0xa7, 0xa9, 0xa9, 0xab, 0xa9, 0xa8, 0xa9, 0xac, 0x7c, 0xaf, 0xab, 0x9e, 0x75, 0x74, 0x74, 0x96, 0x77, 0x77, 0xa2, 0xa3, 0xa5, 0xa3, 0xa3, 0xa7, 0xa7, 0xab, 0xad, 0xa5, 0x9e, 0xa2, 0xa3, 0xa2, 0xa3, 0x9e, 0x9e, 0xa0, 0xa0, 0xa0, 0xa2, 0x79, 0xaf, 0x7c, 0xa0, 0xa3, 0xa5, 0xa5, 0xa4, 0x94, 0x94, 0x77, 0x79, 0x7c, 0xaf, 0xae, 0x75, 0x96, 0x9d, 0x7c, 0x7a, 0x78, 0x78, 0xa7, 0x79, 0x7a, 0xa9, 0x79, 0x79, 0xa8, 0xa9, 0xa9, 0xab, 0xab, 0xab, 0xa7, 0xa5, 0xa7, 0xab, 0xab, 0xa9, 0xa9, 0xa9, 0xa9, 0xa9, 0xab, 0xab, 0xab, 0x7a, 0x7a, 0x7b, 0x7b, 0x78, 0xab, 0x7b, 0x79, 0x78, 0x78, 0xa7, 0x78, 0x9d, 0xa0, 0x9e, 0x77, 0x76, 0x77, 0xa3, 0xa0, 0x9e, 0x9e, 0xa0, 0xa0, 0xa3, 0xa5, 0xa3, 0xa3, 0xa2, 0xa3, 0xa0, 0xa3, 0xa5, 0xa7, 0xa9, 0xa9, 
};

const lv_img_dsc_t bild_1 = {
  .header.cf = LV_IMG_CF_INDEXED_8BIT,
  .header.always_zero = 0,
  .header.reserved = 0,
  .header.w = 320,
  .header.h = 172,
  .data_size = 56064,
  .data = bild_1_map,
};
