#ifdef __has_include
    #if __has_include("lvgl.h")
        #ifndef LV_LVGL_H_INCLUDE_SIMPLE
            #define LV_LVGL_H_INCLUDE_SIMPLE
        #endif
    #endif
#endif

#if defined(LV_LVGL_H_INCLUDE_SIMPLE)
    #include "lvgl.h"
#else
    #include "lvgl/lvgl.h"
#endif


#ifndef LV_ATTRIBUTE_MEM_ALIGN
#define LV_ATTRIBUTE_MEM_ALIGN
#endif

#ifndef LV_ATTRIBUTE_IMG_BILD_3
#define LV_ATTRIBUTE_IMG_BILD_3
#endif

const LV_ATTRIBUTE_MEM_ALIGN LV_ATTRIBUTE_LARGE_CONST LV_ATTRIBUTE_IMG_BILD_3 uint8_t bild_3_map[] = {
  0x92, 0x93, 0x9f, 0xff, 	/*Color of index 0*/
  0x7a, 0x83, 0xa5, 0xff, 	/*Color of index 1*/
  0x7e, 0x80, 0x8a, 0xff, 	/*Color of index 2*/
  0x5d, 0x66, 0x8d, 0xff, 	/*Color of index 3*/
  0x3f, 0x53, 0x83, 0xff, 	/*Color of index 4*/
  0x44, 0x47, 0x6e, 0xff, 	/*Color of index 5*/
  0x01, 0x04, 0x25, 0xff, 	/*Color of index 6*/
  0x00, 0x01, 0x0f, 0xff, 	/*Color of index 7*/
  0xec, 0xef, 0xf1, 0xff, 	/*Color of index 8*/
  0xd8, 0xef, 0xf2, 0xff, 	/*Color of index 9*/
  0xbe, 0xee, 0xf5, 0xff, 	/*Color of index 10*/
  0xa7, 0xe6, 0xf2, 0xff, 	/*Color of index 11*/
  0x8e, 0xde, 0xef, 0xff, 	/*Color of index 12*/
  0x66, 0xe1, 0xf2, 0xff, 	/*Color of index 13*/
  0x50, 0xd6, 0xf2, 0xff, 	/*Color of index 14*/
  0x41, 0xcc, 0xf1, 0xff, 	/*Color of index 15*/
  0x8d, 0xc8, 0xdf, 0xff, 	/*Color of index 16*/
  0x68, 0xc9, 0xe5, 0xff, 	/*Color of index 17*/
  0x29, 0xc9, 0xf0, 0xff, 	/*Color of index 18*/
  0x51, 0xca, 0xd9, 0xff, 	/*Color of index 19*/
  0x09, 0xc5, 0xf0, 0xff, 	/*Color of index 20*/
  0x55, 0xb7, 0xef, 0xff, 	/*Color of index 21*/
  0x72, 0xb3, 0xe5, 0xff, 	/*Color of index 22*/
  0x8b, 0xb0, 0xe0, 0xff, 	/*Color of index 23*/
  0x1e, 0xb8, 0xe8, 0xff, 	/*Color of index 24*/
  0x56, 0xb8, 0xd4, 0xff, 	/*Color of index 25*/
  0x90, 0xb5, 0xc4, 0xff, 	/*Color of index 26*/
  0x03, 0xb6, 0xee, 0xff, 	/*Color of index 27*/
  0x42, 0xae, 0xe6, 0xff, 	/*Color of index 28*/
  0x2c, 0xab, 0xed, 0xff, 	/*Color of index 29*/
  0x01, 0xa8, 0xec, 0xff, 	/*Color of index 30*/
  0x57, 0xab, 0xc4, 0xff, 	/*Color of index 31*/
  0x14, 0xa6, 0xeb, 0xff, 	/*Color of index 32*/
  0x3e, 0xaf, 0xbd, 0xff, 	/*Color of index 33*/
  0x4f, 0x9f, 0xe3, 0xff, 	/*Color of index 34*/
  0x73, 0x9f, 0xd5, 0xff, 	/*Color of index 35*/
  0x06, 0xa4, 0xd7, 0xff, 	/*Color of index 36*/
  0x36, 0x97, 0xea, 0xff, 	/*Color of index 37*/
  0x03, 0x9b, 0xe9, 0xff, 	/*Color of index 38*/
  0x07, 0xa5, 0xc0, 0xff, 	/*Color of index 39*/
  0x55, 0x94, 0xd5, 0xff, 	/*Color of index 40*/
  0x81, 0x95, 0xbb, 0xff, 	/*Color of index 41*/
  0x05, 0x95, 0xd8, 0xff, 	/*Color of index 42*/
  0x35, 0x98, 0xb4, 0xff, 	/*Color of index 43*/
  0x03, 0x8e, 0xe5, 0xff, 	/*Color of index 44*/
  0x3c, 0x8a, 0xd7, 0xff, 	/*Color of index 45*/
  0x04, 0x92, 0xc7, 0xff, 	/*Color of index 46*/
  0x67, 0x8a, 0xc0, 0xff, 	/*Color of index 47*/
  0x04, 0x96, 0xb3, 0xff, 	/*Color of index 48*/
  0x55, 0x85, 0xbe, 0xff, 	/*Color of index 49*/
  0x03, 0x82, 0xdc, 0xff, 	/*Color of index 50*/
  0x23, 0x82, 0xbf, 0xff, 	/*Color of index 51*/
  0x0a, 0x8e, 0x9f, 0xff, 	/*Color of index 52*/
  0x3e, 0x7f, 0xb7, 0xff, 	/*Color of index 53*/
  0x04, 0x84, 0xb2, 0xff, 	/*Color of index 54*/
  0x04, 0x7c, 0xc6, 0xff, 	/*Color of index 55*/
  0x63, 0x7a, 0xa5, 0xff, 	/*Color of index 56*/
  0x03, 0x71, 0xd2, 0xff, 	/*Color of index 57*/
  0x4f, 0x75, 0xa4, 0xff, 	/*Color of index 58*/
  0x2f, 0x73, 0xb5, 0xff, 	/*Color of index 59*/
  0x6d, 0x78, 0x8b, 0xff, 	/*Color of index 60*/
  0x05, 0x7c, 0x98, 0xff, 	/*Color of index 61*/
  0x02, 0x6b, 0xc3, 0xff, 	/*Color of index 62*/
  0x1f, 0x77, 0x90, 0xff, 	/*Color of index 63*/
  0x40, 0x6d, 0x9c, 0xff, 	/*Color of index 64*/
  0x05, 0x6c, 0xae, 0xff, 	/*Color of index 65*/
  0x06, 0x63, 0xa1, 0xff, 	/*Color of index 66*/
  0x04, 0x68, 0x88, 0xff, 	/*Color of index 67*/
  0x00, 0x55, 0xb2, 0xff, 	/*Color of index 68*/
  0x02, 0x58, 0x98, 0xff, 	/*Color of index 69*/
  0x03, 0x57, 0x79, 0xff, 	/*Color of index 70*/
  0x20, 0x57, 0x6c, 0xff, 	/*Color of index 71*/
  0x03, 0x58, 0x64, 0xff, 	/*Color of index 72*/
  0x01, 0x4d, 0x86, 0xff, 	/*Color of index 73*/
  0x00, 0x45, 0x98, 0xff, 	/*Color of index 74*/
  0x01, 0x46, 0x75, 0xff, 	/*Color of index 75*/
  0x02, 0x42, 0x64, 0xff, 	/*Color of index 76*/
  0x04, 0x3f, 0x52, 0xff, 	/*Color of index 77*/
  0x02, 0x30, 0x54, 0xff, 	/*Color of index 78*/
  0x04, 0x2a, 0x41, 0xff, 	/*Color of index 79*/
  0x04, 0x1a, 0x25, 0xff, 	/*Color of index 80*/
  0x01, 0x13, 0x3a, 0xff, 	/*Color of index 81*/
  0x10, 0xe1, 0xde, 0xff, 	/*Color of index 82*/
  0x0a, 0xda, 0xee, 0xff, 	/*Color of index 83*/
  0x2f, 0xd7, 0xd7, 0xff, 	/*Color of index 84*/
  0x10, 0xd9, 0xbf, 0xff, 	/*Color of index 85*/
  0x09, 0xcd, 0xd9, 0xff, 	/*Color of index 86*/
  0x2c, 0xce, 0xc7, 0xff, 	/*Color of index 87*/
  0x5a, 0xc2, 0xc4, 0xff, 	/*Color of index 88*/
  0x0b, 0xd0, 0xad, 0xff, 	/*Color of index 89*/
  0x60, 0xc9, 0xa6, 0xff, 	/*Color of index 90*/
  0x30, 0xc8, 0xb1, 0xff, 	/*Color of index 91*/
  0x0a, 0xc5, 0xc3, 0xff, 	/*Color of index 92*/
  0x0d, 0xcb, 0x9f, 0xff, 	/*Color of index 93*/
  0x0e, 0xcc, 0x8b, 0xff, 	/*Color of index 94*/
  0x2f, 0xb8, 0xbc, 0xff, 	/*Color of index 95*/
  0x09, 0xb8, 0xc3, 0xff, 	/*Color of index 96*/
  0x46, 0xbe, 0x93, 0xff, 	/*Color of index 97*/
  0x68, 0xb6, 0xa1, 0xff, 	/*Color of index 98*/
  0x8a, 0xae, 0xa9, 0xff, 	/*Color of index 99*/
  0x27, 0xbb, 0x9a, 0xff, 	/*Color of index 100*/
  0x0b, 0xb8, 0xab, 0xff, 	/*Color of index 101*/
  0x0e, 0xc3, 0x79, 0xff, 	/*Color of index 102*/
  0x4c, 0xad, 0xa4, 0xff, 	/*Color of index 103*/
  0x1d, 0xb1, 0x98, 0xff, 	/*Color of index 104*/
  0x2e, 0xa7, 0xb3, 0xff, 	/*Color of index 105*/
  0x04, 0xb0, 0x98, 0xff, 	/*Color of index 106*/
  0x4c, 0xab, 0x8a, 0xff, 	/*Color of index 107*/
  0x2b, 0xb0, 0x83, 0xff, 	/*Color of index 108*/
  0x0d, 0xa6, 0xac, 0xff, 	/*Color of index 109*/
  0x09, 0xb9, 0x67, 0xff, 	/*Color of index 110*/
  0x40, 0x9e, 0x97, 0xff, 	/*Color of index 111*/
  0x0f, 0xab, 0x79, 0xff, 	/*Color of index 112*/
  0x24, 0x9f, 0x92, 0xff, 	/*Color of index 113*/
  0x0a, 0x9d, 0xa0, 0xff, 	/*Color of index 114*/
  0x0a, 0xa0, 0x8c, 0xff, 	/*Color of index 115*/
  0x26, 0x9d, 0x79, 0xff, 	/*Color of index 116*/
  0x5f, 0x91, 0x8c, 0xff, 	/*Color of index 117*/
  0x38, 0x93, 0x82, 0xff, 	/*Color of index 118*/
  0x15, 0x99, 0x77, 0xff, 	/*Color of index 119*/
  0x25, 0x99, 0x68, 0xff, 	/*Color of index 120*/
  0x04, 0x92, 0x7a, 0xff, 	/*Color of index 121*/
  0x09, 0x8c, 0x8c, 0xff, 	/*Color of index 122*/
  0x4f, 0x8d, 0x6f, 0xff, 	/*Color of index 123*/
  0x16, 0x94, 0x67, 0xff, 	/*Color of index 124*/
  0x05, 0x93, 0x67, 0xff, 	/*Color of index 125*/
  0x1e, 0x84, 0x70, 0xff, 	/*Color of index 126*/
  0x04, 0x7d, 0x86, 0xff, 	/*Color of index 127*/
  0x09, 0x8b, 0x55, 0xff, 	/*Color of index 128*/
  0x36, 0x79, 0x72, 0xff, 	/*Color of index 129*/
  0x04, 0x78, 0x77, 0xff, 	/*Color of index 130*/
  0x23, 0x7f, 0x53, 0xff, 	/*Color of index 131*/
  0x50, 0x72, 0x6e, 0xff, 	/*Color of index 132*/
  0x06, 0x79, 0x65, 0xff, 	/*Color of index 133*/
  0x07, 0x7e, 0x52, 0xff, 	/*Color of index 134*/
  0x25, 0x6b, 0x6a, 0xff, 	/*Color of index 135*/
  0x04, 0x67, 0x6f, 0xff, 	/*Color of index 136*/
  0x2a, 0x6b, 0x4e, 0xff, 	/*Color of index 137*/
  0x05, 0x6a, 0x58, 0xff, 	/*Color of index 138*/
  0x06, 0x6a, 0x46, 0xff, 	/*Color of index 139*/
  0x27, 0x53, 0x4d, 0xff, 	/*Color of index 140*/
  0x03, 0x51, 0x57, 0xff, 	/*Color of index 141*/
  0x04, 0x54, 0x46, 0xff, 	/*Color of index 142*/
  0x03, 0x55, 0x31, 0xff, 	/*Color of index 143*/
  0x03, 0x3e, 0x40, 0xff, 	/*Color of index 144*/
  0x26, 0x3b, 0x3a, 0xff, 	/*Color of index 145*/
  0x06, 0x41, 0x2d, 0xff, 	/*Color of index 146*/
  0x06, 0x2a, 0x2e, 0xff, 	/*Color of index 147*/
  0x01, 0x2b, 0x19, 0xff, 	/*Color of index 148*/
  0xa5, 0xeb, 0xc0, 0xff, 	/*Color of index 149*/
  0x61, 0xe7, 0xa4, 0xff, 	/*Color of index 150*/
  0x85, 0xde, 0xa7, 0xff, 	/*Color of index 151*/
  0xa6, 0xd9, 0xa4, 0xff, 	/*Color of index 152*/
  0x95, 0xcd, 0x8f, 0xff, 	/*Color of index 153*/
  0x59, 0xcb, 0x8c, 0xff, 	/*Color of index 154*/
  0x58, 0xd1, 0x69, 0xff, 	/*Color of index 155*/
  0x83, 0xb8, 0x8b, 0xff, 	/*Color of index 156*/
  0x47, 0xb9, 0x73, 0xff, 	/*Color of index 157*/
  0x6c, 0xac, 0x8c, 0xff, 	/*Color of index 158*/
  0x4b, 0xab, 0x6e, 0xff, 	/*Color of index 159*/
  0x6c, 0xa6, 0x71, 0xff, 	/*Color of index 160*/
  0x2b, 0xaf, 0x68, 0xff, 	/*Color of index 161*/
  0x28, 0xb1, 0x52, 0xff, 	/*Color of index 162*/
  0x3e, 0xaf, 0x4a, 0xff, 	/*Color of index 163*/
  0x08, 0xb0, 0x54, 0xff, 	/*Color of index 164*/
  0x67, 0x99, 0x72, 0xff, 	/*Color of index 165*/
  0x3e, 0x9c, 0x6d, 0xff, 	/*Color of index 166*/
  0x2c, 0x9e, 0x53, 0xff, 	/*Color of index 167*/
  0x2c, 0xa6, 0x36, 0xff, 	/*Color of index 168*/
  0x08, 0xa0, 0x54, 0xff, 	/*Color of index 169*/
  0x08, 0xa1, 0x36, 0xff, 	/*Color of index 170*/
  0x41, 0x90, 0x54, 0xff, 	/*Color of index 171*/
  0x23, 0x8f, 0x54, 0xff, 	/*Color of index 172*/
  0x26, 0x90, 0x39, 0xff, 	/*Color of index 173*/
  0x1a, 0x93, 0x23, 0xff, 	/*Color of index 174*/
  0x07, 0x8f, 0x36, 0xff, 	/*Color of index 175*/
  0x48, 0x7a, 0x52, 0xff, 	/*Color of index 176*/
  0x04, 0x8f, 0x1b, 0xff, 	/*Color of index 177*/
  0x24, 0x7d, 0x37, 0xff, 	/*Color of index 178*/
  0x07, 0x7e, 0x39, 0xff, 	/*Color of index 179*/
  0x05, 0x8c, 0x05, 0xff, 	/*Color of index 180*/
  0x1e, 0x79, 0x1b, 0xff, 	/*Color of index 181*/
  0x04, 0x7a, 0x1d, 0xff, 	/*Color of index 182*/
  0x04, 0x7f, 0x04, 0xff, 	/*Color of index 183*/
  0x1f, 0x6a, 0x32, 0xff, 	/*Color of index 184*/
  0x04, 0x68, 0x32, 0xff, 	/*Color of index 185*/
  0x3f, 0x5c, 0x3d, 0xff, 	/*Color of index 186*/
  0x05, 0x72, 0x04, 0xff, 	/*Color of index 187*/
  0x1b, 0x62, 0x18, 0xff, 	/*Color of index 188*/
  0x05, 0x67, 0x0c, 0xff, 	/*Color of index 189*/
  0x04, 0x5f, 0x1c, 0xff, 	/*Color of index 190*/
  0x02, 0x67, 0x01, 0xff, 	/*Color of index 191*/
  0x22, 0x52, 0x33, 0xff, 	/*Color of index 192*/
  0x03, 0x5a, 0x04, 0xff, 	/*Color of index 193*/
  0x1a, 0x4f, 0x19, 0xff, 	/*Color of index 194*/
  0x02, 0x4f, 0x19, 0xff, 	/*Color of index 195*/
  0x01, 0x4d, 0x02, 0xff, 	/*Color of index 196*/
  0x1b, 0x3f, 0x19, 0xff, 	/*Color of index 197*/
  0x02, 0x3e, 0x16, 0xff, 	/*Color of index 198*/
  0x01, 0x44, 0x02, 0xff, 	/*Color of index 199*/
  0x02, 0x39, 0x02, 0xff, 	/*Color of index 200*/
  0x14, 0x2e, 0x17, 0xff, 	/*Color of index 201*/
  0x01, 0x2f, 0x02, 0xff, 	/*Color of index 202*/
  0x02, 0x22, 0x02, 0xff, 	/*Color of index 203*/
  0x05, 0x19, 0x0d, 0xff, 	/*Color of index 204*/
  0x01, 0x15, 0x00, 0xff, 	/*Color of index 205*/
  0x00, 0x0a, 0x00, 0xff, 	/*Color of index 206*/
  0x00, 0x01, 0x00, 0xff, 	/*Color of index 207*/
  0x90, 0xc7, 0x72, 0xff, 	/*Color of index 208*/
  0x80, 0xb6, 0x6e, 0xff, 	/*Color of index 209*/
  0x7d, 0xb5, 0x55, 0xff, 	/*Color of index 210*/
  0x60, 0xa9, 0x4d, 0xff, 	/*Color of index 211*/
  0x71, 0x9e, 0x52, 0xff, 	/*Color of index 212*/
  0x62, 0xac, 0x0f, 0xff, 	/*Color of index 213*/
  0x76, 0x99, 0x36, 0xff, 	/*Color of index 214*/
  0x5c, 0x90, 0x53, 0xff, 	/*Color of index 215*/
  0x4a, 0xa1, 0x0e, 0xff, 	/*Color of index 216*/
  0x4f, 0x92, 0x33, 0xff, 	/*Color of index 217*/
  0x29, 0x9e, 0x0f, 0xff, 	/*Color of index 218*/
  0x58, 0x80, 0x39, 0xff, 	/*Color of index 219*/
  0x1d, 0x93, 0x07, 0xff, 	/*Color of index 220*/
  0x2c, 0x83, 0x0d, 0xff, 	/*Color of index 221*/
  0x43, 0x74, 0x36, 0xff, 	/*Color of index 222*/
  0x48, 0x80, 0x0a, 0xff, 	/*Color of index 223*/
  0x1e, 0x79, 0x05, 0xff, 	/*Color of index 224*/
  0x4e, 0x6e, 0x0c, 0xff, 	/*Color of index 225*/
  0x2d, 0x6c, 0x0a, 0xff, 	/*Color of index 226*/
  0x1d, 0x63, 0x03, 0xff, 	/*Color of index 227*/
  0x31, 0x55, 0x0c, 0xff, 	/*Color of index 228*/
  0x10, 0x4f, 0x07, 0xff, 	/*Color of index 229*/
  0x11, 0x3f, 0x07, 0xff, 	/*Color of index 230*/
  0x0e, 0x2a, 0x07, 0xff, 	/*Color of index 231*/
  0x66, 0x80, 0x11, 0xff, 	/*Color of index 232*/
  0x4c, 0x4f, 0x08, 0xff, 	/*Color of index 233*/
  0x5a, 0x41, 0x04, 0xff, 	/*Color of index 234*/
  0x30, 0x37, 0x05, 0xff, 	/*Color of index 235*/
  0x98, 0x8b, 0x84, 0xff, 	/*Color of index 236*/
  0x9a, 0x82, 0x69, 0xff, 	/*Color of index 237*/
  0x82, 0x7e, 0x77, 0xff, 	/*Color of index 238*/
  0x95, 0x77, 0x53, 0xff, 	/*Color of index 239*/
  0x95, 0x6f, 0x38, 0xff, 	/*Color of index 240*/
  0x99, 0x71, 0x1f, 0xff, 	/*Color of index 241*/
  0x71, 0x61, 0x41, 0xff, 	/*Color of index 242*/
  0x8a, 0x60, 0x0f, 0xff, 	/*Color of index 243*/
  0x5c, 0x52, 0x3f, 0xff, 	/*Color of index 244*/
  0x76, 0x4f, 0x04, 0xff, 	/*Color of index 245*/
  0x4d, 0x2b, 0x0b, 0xff, 	/*Color of index 246*/
  0x2b, 0x18, 0x05, 0xff, 	/*Color of index 247*/
  0x50, 0x34, 0x31, 0xff, 	/*Color of index 248*/
  0x33, 0x02, 0x04, 0xff, 	/*Color of index 249*/
  0x0b, 0x01, 0x01, 0xff, 	/*Color of index 250*/
  0x21, 0x12, 0x20, 0xff, 	/*Color of index 251*/
  0x6f, 0x66, 0x72, 0xff, 	/*Color of index 252*/
  0x62, 0x58, 0x6d, 0xff, 	/*Color of index 253*/
  0x48, 0x3b, 0x51, 0xff, 	/*Color of index 254*/
  0x39, 0x1c, 0x3e, 0xff, 	/*Color of index 255*/

  0xf5, 0xf5, 0xf5, 0xf5, 0xf5, 0xf5, 0xf5, 0xf5, 0xf5, 0xf5, 0xf5, 0xf5, 0xf5, 0xf3, 0xf5, 0xf0, 0xf2, 0xef, 0xef, 0xed, 0xee, 0xed, 0xee, 0xec, 0xec, 0xec, 0xec, 0xec, 0xec, 0x00, 0xec, 0x00, 0x00, 0x00, 0x63, 0x1a, 0x1a, 0x1a, 0x10, 0x10, 0x10, 0x10, 0x10, 0x10, 0x10, 0x10, 0x10, 0x10, 0x10, 0x10, 0x10, 0x10, 0x10, 0x10, 0x10, 0x10, 0x10, 0x10, 0x0c, 0x10, 0x0c, 0x0c, 0x0c, 0x0c, 0x0c, 0x0c, 0x0c, 0x0b, 0x0c, 0x0b, 0x0b, 0x0b, 0x0b, 0x0b, 0x0b, 0x0a, 0x0a, 0x0a, 0x0a, 0x0a, 0x0a, 0x0a, 0x0a, 0x0b, 0x0b, 0x0c, 0x0c, 0x11, 0x10, 0x19, 0x1f, 0x29, 0x1f, 0x23, 0x1f, 0x1f, 0x19, 0x19, 0x15, 0x11, 0x11, 0x11, 0x11, 0x11, 0x11, 0x0c, 0x11, 0x0c, 0x11, 0x0d, 0x11, 0x0e, 0x11, 0x0f, 0x11, 0x0f, 0x15, 0x18, 0x1c, 0x18, 0x21, 0x12, 0x11, 0x0d, 0x0b, 0x0a, 0x09, 0x09, 0x09, 0x09, 0x09, 0x09, 0x08, 0x08, 0x08, 0x08, 0x08, 0x08, 0x08, 0x08, 0x08, 0x08, 0x08, 0x08, 0x08, 0x08, 0x08, 0x08, 0x08, 0x08, 0x08, 0x08, 0x08, 0x08, 0x08, 0x08, 0x08, 0x08, 0x08, 0x08, 0x08, 0x08, 0x08, 0x08, 0x08, 0x08, 0x09, 0x08, 0x09, 0x09, 0x09, 0x09, 0x09, 0x08, 0x08, 0x08, 0x08, 0x08, 0x08, 0x09, 0x08, 0x0a, 0x0b, 0x0d, 0x0e, 0x56, 0x18, 0x1b, 0x1b, 0x1e, 0x1b, 0x1e, 0x1b, 0x1b, 0x1b, 0x1b, 0x1e, 0x24, 0x2a, 0x2a, 0x36, 0x37, 0x41, 0x41, 0x42, 0x42, 0x42, 0x45, 0x42, 0x45, 0x45, 0x45, 0x42, 0x45, 0x42, 0x42, 0x40, 0x42, 0x40, 0x40, 0x40, 0x40, 0x40, 0x40, 0x40, 0x03, 0x40, 0x03, 0x03, 0x03, 0x03, 0x03, 0x03, 0x03, 0x03, 0x03, 0x03, 0x03, 0x03, 0x03, 0x03, 0x03, 0x03, 0xfd, 0x03, 0xfd, 0x03, 0xfd, 0xfd, 0xfd, 0xfd, 0xfd, 0xfd, 0xfd, 0xfd, 0xfd, 0xfd, 0xfd, 0xfd, 0xfd, 0xfd, 0xfd, 0xfd, 0xfd, 0xfd, 0xfd, 0xfd, 0xfd, 0xfd, 0xfd, 0xfd, 0xfd, 0xfc, 0xfc, 0xfc, 0xfc, 0xfc, 0xee, 0xfc, 0xee, 0xfc, 0xfc, 0xfc, 0xf2, 0xfd, 0xf4, 0xfe, 0xf4, 0xf8, 0xfe, 0xf8, 0xf8, 0xf8, 0xf8, 0xf8, 0xf8, 0xf8, 0xf8, 0xf6, 0xf8, 0xf6, 0xf6, 0xf6, 0xf7, 0xf6, 0xf7, 0xf7, 0xf7, 0xf7, 0xf9, 0xf9, 0xf9, 0xf9, 0xf9, 0xf9, 0xf9, 0xf9, 0xf9, 0xf9, 0xf9, 
  0xf5, 0xf3, 0xf5, 0xf3, 0xf3, 0xf3, 0xf1, 0xf3, 0xf0, 0xf1, 0xf0, 0xf0, 0xf0, 0xf2, 0xf0, 0xf0, 0xef, 0xef, 0xed, 0xed, 0xec, 0xec, 0xec, 0xec, 0xec, 0xec, 0xec, 0x00, 0xec, 0x00, 0x00, 0x00, 0x00, 0x63, 0x63, 0x1a, 0x1a, 0x10, 0x1a, 0x10, 0x10, 0x10, 0x10, 0x10, 0x10, 0x10, 0x1a, 0x10, 0x10, 0x10, 0x10, 0x10, 0x10, 0x10, 0x10, 0x10, 0x10, 0x10, 0x10, 0x0c, 0x10, 0x0c, 0x0c, 0x0c, 0x0c, 0x0b, 0x0c, 0x0b, 0x0c, 0x0b, 0x0c, 0x0b, 0x0b, 0x0b, 0x0b, 0x0b, 0x0b, 0x0b, 0x0a, 0x0b, 0x0a, 0x0b, 0x0b, 0x0b, 0x0c, 0x0c, 0x10, 0x10, 0x19, 0x17, 0x1f, 0x28, 0x1f, 0x23, 0x1f, 0x1c, 0x19, 0x16, 0x11, 0x11, 0x11, 0x11, 0x11, 0x11, 0x11, 0x11, 0x11, 0x11, 0x11, 0x11, 0x11, 0x11, 0x0f, 0x19, 0x15, 0x19, 0x1c, 0x2b, 0x24, 0x27, 0x1d, 0x5f, 0x15, 0x0e, 0x0c, 0x0b, 0x0b, 0x0a, 0x0a, 0x0a, 0x09, 0x09, 0x09, 0x09, 0x09, 0x08, 0x09, 0x08, 0x08, 0x08, 0x08, 0x08, 0x08, 0x08, 0x08, 0x08, 0x08, 0x08, 0x08, 0x08, 0x08, 0x08, 0x08, 0x09, 0x08, 0x09, 0x08, 0x08, 0x08, 0x08, 0x08, 0x08, 0x09, 0x08, 0x09, 0x09, 0x08, 0x09, 0x09, 0x09, 0x09, 0x09, 0x09, 0x09, 0x08, 0x08, 0x08, 0x08, 0x08, 0x09, 0x09, 0x0a, 0x0b, 0x0d, 0x0f, 0x14, 0x1b, 0x1b, 0x1b, 0x1e, 0x1b, 0x1e, 0x1b, 0x1e, 0x1b, 0x1e, 0x24, 0x1e, 0x24, 0x2e, 0x32, 0x36, 0x41, 0x41, 0x42, 0x42, 0x42, 0x42, 0x45, 0x42, 0x45, 0x45, 0x45, 0x42, 0x03, 0x42, 0x40, 0x40, 0x40, 0x40, 0x40, 0x40, 0x3b, 0x40, 0x40, 0x40, 0x40, 0x03, 0x40, 0x03, 0x40, 0x03, 0x3a, 0x03, 0x03, 0x03, 0x03, 0x03, 0x03, 0x03, 0x03, 0x03, 0x03, 0x03, 0x03, 0xfc, 0x03, 0xfd, 0x03, 0xfd, 0x03, 0xfd, 0x03, 0xfd, 0xfd, 0xfd, 0xfd, 0xfd, 0xfd, 0xfd, 0xfd, 0xfd, 0xfd, 0xfd, 0xfd, 0xfd, 0xfd, 0xfd, 0xfd, 0xfd, 0xfc, 0xfd, 0xfc, 0xfc, 0xfc, 0xfc, 0xee, 0xfc, 0xfc, 0xfc, 0xfc, 0xfc, 0xf2, 0xfd, 0xf4, 0x05, 0xf4, 0xfe, 0xf4, 0xf8, 0xf4, 0xf8, 0xf8, 0xf8, 0xf8, 0xf8, 0xf8, 0xf8, 0xf8, 0xf6, 0xf8, 0xf6, 0xff, 0xf6, 0xf7, 0xf6, 0xf9, 0xf7, 0xf9, 0xf7, 0xf9, 0xf9, 0xf9, 0xf9, 0xf9, 0xf9, 0xf9, 0xf9, 0xf9, 0xf9, 
  0xf0, 0xf2, 0xef, 0xf0, 0xef, 0xef, 0xef, 0xef, 0xef, 0xef, 0xef, 0xf0, 0xef, 0xf0, 0xef, 0xef, 0xef, 0xed, 0xed, 0xec, 0xed, 0xec, 0xec, 0xec, 0xec, 0xec, 0xec, 0xec, 0x00, 0xec, 0x00, 0x00, 0x00, 0x00, 0x63, 0x1a, 0x1a, 0x1a, 0x10, 0x10, 0x10, 0x10, 0x10, 0x10, 0x1a, 0x10, 0x10, 0x10, 0x1a, 0x10, 0x10, 0x10, 0x10, 0x10, 0x1a, 0x10, 0x10, 0x10, 0x10, 0x10, 0x0c, 0x10, 0x0c, 0x0c, 0x0c, 0x0c, 0x0c, 0x0c, 0x0c, 0x0b, 0x0c, 0x0c, 0x0b, 0x0c, 0x0b, 0x0b, 0x0b, 0x0b, 0x0b, 0x0b, 0x0b, 0x0b, 0x0b, 0x0c, 0x0c, 0x0c, 0x11, 0x10, 0x19, 0x1f, 0x29, 0x2b, 0x2f, 0x2b, 0x23, 0x1f, 0x16, 0x19, 0x19, 0x15, 0x11, 0x11, 0x11, 0x11, 0x11, 0x11, 0x11, 0x19, 0x15, 0x19, 0x15, 0x19, 0x15, 0x19, 0x1c, 0x24, 0x33, 0x2e, 0x33, 0x24, 0x24, 0x18, 0x18, 0x18, 0x11, 0x0f, 0x0c, 0x11, 0x0c, 0x0c, 0x0c, 0x0c, 0x0b, 0x0a, 0x0a, 0x0a, 0x09, 0x09, 0x09, 0x08, 0x09, 0x08, 0x08, 0x09, 0x08, 0x09, 0x08, 0x08, 0x08, 0x08, 0x08, 0x09, 0x08, 0x09, 0x08, 0x09, 0x08, 0x09, 0x09, 0x09, 0x09, 0x09, 0x09, 0x09, 0x09, 0x09, 0x09, 0x09, 0x0a, 0x09, 0x0a, 0x0a, 0x0a, 0x09, 0x09, 0x09, 0x09, 0x08, 0x09, 0x09, 0x0a, 0x0b, 0x0c, 0x0f, 0x12, 0x18, 0x1b, 0x1e, 0x1e, 0x1e, 0x1e, 0x1b, 0x1e, 0x1b, 0x1b, 0x1e, 0x1e, 0x24, 0x2a, 0x2a, 0x2e, 0x37, 0x41, 0x41, 0x41, 0x42, 0x45, 0x42, 0x42, 0x42, 0x45, 0x42, 0x42, 0x42, 0x42, 0x40, 0x41, 0x40, 0x3b, 0x3a, 0x35, 0x38, 0x35, 0x38, 0x35, 0x3a, 0x3a, 0x40, 0x3a, 0x03, 0x3a, 0x03, 0x3a, 0x03, 0x3a, 0x03, 0x3a, 0x03, 0x03, 0x03, 0x03, 0x03, 0x03, 0x03, 0x03, 0x03, 0x03, 0x03, 0xfd, 0x03, 0xfd, 0x03, 0xfd, 0x03, 0xfd, 0x03, 0xfd, 0xfc, 0xfd, 0xfc, 0xfd, 0xfd, 0xfd, 0xfd, 0xfd, 0xfc, 0xfd, 0xfc, 0xfd, 0xfc, 0xfd, 0xfc, 0xfc, 0xfc, 0xfc, 0xfc, 0xfc, 0xfc, 0xfc, 0xfc, 0xfc, 0xfc, 0xfd, 0xf4, 0xfd, 0xf4, 0xfe, 0xf4, 0xfe, 0xfe, 0xf8, 0xfe, 0xf8, 0xfe, 0xf8, 0xf8, 0xf8, 0xf8, 0xf8, 0xf8, 0xf8, 0xf8, 0xf6, 0xf6, 0xf8, 0xf6, 0xf7, 0xf6, 0xf7, 0xf9, 0xf9, 0xf9, 0xf9, 0xf9, 0xf9, 0xf9, 0xf9, 0xf9, 0xf9, 0xf9, 
  0xf0, 0xef, 0xef, 0xef, 0xed, 0xef, 0xed, 0xed, 0xed, 0xed, 0xef, 0xed, 0xef, 0xed, 0xef, 0xed, 0xed, 0xed, 0xed, 0xed, 0xec, 0xec, 0xec, 0xec, 0xec, 0xec, 0xec, 0xec, 0xec, 0x00, 0xec, 0x00, 0x00, 0x63, 0x00, 0x1a, 0x1a, 0x1a, 0x1a, 0x1a, 0x10, 0x1a, 0x10, 0x1a, 0x10, 0x1a, 0x1a, 0x1a, 0x1a, 0x1a, 0x1a, 0x1a, 0x1a, 0x1a, 0x1a, 0x1a, 0x1a, 0x1a, 0x1a, 0x10, 0x10, 0x10, 0x10, 0x10, 0x10, 0x0c, 0x10, 0x0c, 0x0c, 0x0c, 0x0c, 0x0c, 0x10, 0x0c, 0x0c, 0x0c, 0x0c, 0x0c, 0x0c, 0x0c, 0x0c, 0x0c, 0x0c, 0x0c, 0x10, 0x10, 0x10, 0x11, 0x1f, 0x1f, 0x2f, 0x35, 0x38, 0x2b, 0x2f, 0x1f, 0x28, 0x1f, 0x16, 0x19, 0x16, 0x15, 0x11, 0x15, 0x11, 0x1c, 0x1f, 0x22, 0x2b, 0x2b, 0x1f, 0x1c, 0x1f, 0x22, 0x2b, 0x33, 0x3b, 0x36, 0x33, 0x24, 0x2a, 0x24, 0x18, 0x18, 0x18, 0x18, 0x15, 0x18, 0x11, 0x18, 0x19, 0x11, 0x11, 0x11, 0x0c, 0x0b, 0x0a, 0x0a, 0x09, 0x0a, 0x09, 0x09, 0x09, 0x09, 0x09, 0x09, 0x09, 0x09, 0x08, 0x09, 0x08, 0x09, 0x09, 0x09, 0x09, 0x09, 0x09, 0x09, 0x08, 0x09, 0x08, 0x09, 0x09, 0x09, 0x09, 0x0a, 0x09, 0x0a, 0x0a, 0x0b, 0x0b, 0x0b, 0x0b, 0x0b, 0x0a, 0x0a, 0x09, 0x09, 0x0a, 0x0a, 0x0b, 0x0d, 0x0f, 0x12, 0x18, 0x1b, 0x1e, 0x26, 0x26, 0x26, 0x1e, 0x1e, 0x1e, 0x1e, 0x1e, 0x24, 0x24, 0x24, 0x2a, 0x2e, 0x37, 0x37, 0x41, 0x41, 0x42, 0x42, 0x42, 0x42, 0x42, 0x42, 0x42, 0x42, 0x42, 0x40, 0x41, 0x40, 0x3b, 0x3b, 0x3a, 0x31, 0x35, 0x31, 0x31, 0x31, 0x31, 0x31, 0x3a, 0x3a, 0x3a, 0x3a, 0x3a, 0x3a, 0x3a, 0x3a, 0x03, 0x3a, 0x03, 0x3a, 0x03, 0x03, 0x03, 0x03, 0x03, 0x03, 0x03, 0x03, 0x03, 0x03, 0x03, 0x03, 0x03, 0x03, 0x03, 0xfd, 0x03, 0xfd, 0x03, 0xfd, 0x03, 0xfd, 0x03, 0xfc, 0xfc, 0xfc, 0xfc, 0xfc, 0xfc, 0xfc, 0xfc, 0xfc, 0xfc, 0xfc, 0xfc, 0xfc, 0xfc, 0xfc, 0xfc, 0xfc, 0xfc, 0xfc, 0xfd, 0xfd, 0xfd, 0xfd, 0xf4, 0x05, 0xf4, 0xfe, 0xf4, 0xfe, 0xf4, 0xfe, 0xf4, 0xf8, 0xfe, 0xf8, 0xfe, 0xf8, 0xf8, 0xf8, 0xf8, 0xf8, 0xf8, 0xff, 0xf6, 0xff, 0xf6, 0xff, 0xf7, 0xfb, 0xf9, 0xf9, 0xf9, 0xf9, 0xf9, 0xf9, 0xf9, 0xf9, 0xf9, 0xf9, 
  0xef, 0xef, 0xef, 0xed, 0xed, 0xec, 0xed, 0xec, 0xed, 0xec, 0xed, 0xed, 0xed, 0xed, 0xed, 0xed, 0xed, 0xed, 0xec, 0xed, 0xec, 0xec, 0xec, 0xec, 0xec, 0xec, 0xec, 0xec, 0xec, 0xec, 0xec, 0xec, 0xec, 0xec, 0x63, 0x00, 0x63, 0x63, 0x1a, 0x1a, 0x1a, 0x1a, 0x1a, 0x1a, 0x63, 0x63, 0x00, 0x63, 0x00, 0x63, 0x63, 0x63, 0x63, 0x63, 0x63, 0x63, 0x29, 0x63, 0x29, 0x63, 0x1f, 0x1a, 0x10, 0x10, 0x10, 0x10, 0x0c, 0x10, 0x0c, 0x10, 0x0c, 0x10, 0x0c, 0x10, 0x0c, 0x10, 0x0c, 0x10, 0x0c, 0x10, 0x0c, 0x10, 0x0c, 0x10, 0x0c, 0x10, 0x11, 0x16, 0x19, 0x29, 0x2b, 0x38, 0x3a, 0x3a, 0x35, 0x38, 0x2b, 0x31, 0x2b, 0x2f, 0x69, 0x28, 0x1f, 0x22, 0x1f, 0x28, 0x2b, 0x36, 0x35, 0x35, 0x33, 0x35, 0x33, 0x33, 0x37, 0x3b, 0x41, 0x41, 0x36, 0x2d, 0x2e, 0x20, 0x24, 0x1d, 0x24, 0x20, 0x24, 0x1d, 0x24, 0x24, 0x18, 0x24, 0x5f, 0x18, 0x13, 0x0f, 0x0c, 0x0c, 0x0b, 0x0a, 0x0a, 0x0a, 0x0a, 0x0a, 0x0a, 0x0a, 0x09, 0x09, 0x09, 0x09, 0x09, 0x09, 0x09, 0x09, 0x09, 0x09, 0x09, 0x09, 0x09, 0x09, 0x09, 0x09, 0x09, 0x0a, 0x0a, 0x0a, 0x0b, 0x0b, 0x0c, 0x0b, 0x11, 0x0c, 0x11, 0x0c, 0x0c, 0x0b, 0x0b, 0x0b, 0x0b, 0x0b, 0x0d, 0x13, 0x18, 0x18, 0x1e, 0x1e, 0x26, 0x26, 0x2c, 0x2c, 0x2a, 0x26, 0x24, 0x26, 0x24, 0x24, 0x26, 0x2e, 0x2c, 0x2e, 0x37, 0x37, 0x41, 0x41, 0x41, 0x42, 0x42, 0x41, 0x42, 0x41, 0x42, 0x42, 0x41, 0x41, 0x41, 0x3b, 0x3b, 0x3b, 0x35, 0x35, 0x2f, 0x31, 0x2f, 0x2f, 0x31, 0x31, 0x31, 0x3a, 0x3a, 0x3a, 0x3a, 0x3a, 0x3a, 0x38, 0x38, 0x38, 0x3a, 0x38, 0x03, 0x3a, 0x03, 0x3a, 0x03, 0x03, 0x03, 0x03, 0x03, 0x03, 0x03, 0x03, 0x03, 0x03, 0x03, 0x03, 0x03, 0x03, 0x03, 0x03, 0x03, 0x03, 0xfc, 0x03, 0xfc, 0x03, 0xfc, 0x03, 0xfc, 0xfc, 0xfc, 0xfc, 0xfc, 0xfc, 0xfc, 0xfc, 0xfc, 0xfc, 0xfc, 0xfc, 0xfc, 0xfd, 0xfd, 0xfd, 0xfd, 0xfd, 0xfd, 0xfd, 0xfe, 0xfd, 0xfe, 0xfe, 0xfe, 0xfe, 0xfe, 0xfe, 0xfe, 0xf8, 0xfe, 0xf8, 0xfe, 0xf8, 0xf8, 0xf8, 0xf8, 0xf8, 0xff, 0xf6, 0xff, 0xf7, 0xff, 0xfb, 0xfb, 0xfb, 0xf9, 0xf9, 0xf9, 0xf9, 0xf9, 0xf9, 0xf9, 0xf9, 
  0xef, 0xef, 0xed, 0xed, 0xed, 0xed, 0xec, 0xed, 0xec, 0xec, 0xed, 0xec, 0xed, 0xec, 0xed, 0xed, 0xed, 0xed, 0xed, 0xed, 0xed, 0xed, 0xed, 0xed, 0xed, 0xed, 0xed, 0xed, 0xed, 0xed, 0xec, 0xed, 0xec, 0xec, 0xec, 0xec, 0x00, 0x00, 0x63, 0x63, 0x63, 0x63, 0x00, 0x63, 0xec, 0x00, 0x02, 0xec, 0x75, 0xec, 0x02, 0x00, 0x75, 0x00, 0x75, 0x00, 0x75, 0x75, 0x75, 0x75, 0x00, 0x67, 0x29, 0x1a, 0x1a, 0x58, 0x1a, 0x10, 0x10, 0x10, 0x10, 0x10, 0x10, 0x10, 0x10, 0x11, 0x10, 0x11, 0x10, 0x11, 0x10, 0x11, 0x10, 0x11, 0x10, 0x11, 0x16, 0x1a, 0x1f, 0x2f, 0x38, 0x3a, 0x3a, 0x3a, 0x3f, 0x3a, 0x3a, 0x3a, 0x3a, 0x3b, 0x35, 0x35, 0x31, 0x33, 0x35, 0x35, 0x35, 0x3a, 0x35, 0x3f, 0x3b, 0x3f, 0x3b, 0x3d, 0x41, 0x3b, 0x41, 0x3b, 0x41, 0x37, 0x33, 0x2e, 0x2a, 0x2a, 0x24, 0x2a, 0x24, 0x2a, 0x24, 0x24, 0x2a, 0x24, 0x24, 0x27, 0x24, 0x19, 0x18, 0x11, 0x0e, 0x0c, 0x0e, 0x0c, 0x0c, 0x0b, 0x0b, 0x0b, 0x0a, 0x0b, 0x09, 0x0b, 0x09, 0x0a, 0x0a, 0x0a, 0x0a, 0x09, 0x09, 0x09, 0x09, 0x09, 0x09, 0x09, 0x0a, 0x09, 0x0a, 0x0b, 0x0b, 0x0c, 0x0c, 0x10, 0x13, 0x13, 0x13, 0x13, 0x11, 0x0e, 0x0c, 0x0e, 0x0c, 0x0e, 0x0e, 0x12, 0x18, 0x1b, 0x1e, 0x26, 0x2c, 0x2c, 0x32, 0x32, 0x32, 0x2e, 0x32, 0x2e, 0x32, 0x2e, 0x32, 0x2e, 0x37, 0x37, 0x41, 0x41, 0x41, 0x41, 0x41, 0x41, 0x41, 0x41, 0x41, 0x41, 0x41, 0x41, 0x41, 0x3b, 0x3b, 0x3b, 0x33, 0x35, 0x33, 0x2d, 0x31, 0x2d, 0x2f, 0x2d, 0x2f, 0x31, 0x31, 0x35, 0x38, 0x3a, 0x38, 0x3a, 0x38, 0x3a, 0x38, 0x3a, 0x38, 0x3a, 0x38, 0x3a, 0x38, 0x03, 0x38, 0x03, 0x38, 0x03, 0x3a, 0x03, 0x03, 0x03, 0x03, 0x03, 0x03, 0x03, 0x3c, 0x03, 0x3c, 0x03, 0x3c, 0x03, 0x3c, 0x03, 0x3c, 0x03, 0x03, 0xfc, 0x03, 0xfc, 0x03, 0xfc, 0x03, 0xfc, 0x03, 0xfc, 0x03, 0xfc, 0xfc, 0xfd, 0xfc, 0xfd, 0xfd, 0xfd, 0xfd, 0xfd, 0xfd, 0x05, 0xfd, 0x05, 0xfd, 0x05, 0x05, 0xfe, 0x05, 0xfe, 0xfe, 0xfe, 0xfe, 0xfe, 0xfe, 0xf8, 0xfe, 0xf8, 0xff, 0xf8, 0xff, 0xf8, 0xff, 0xff, 0xff, 0xff, 0xff, 0xfb, 0xff, 0x06, 0xfb, 0x06, 0xf9, 0x06, 0xf9, 0x06, 
  0xef, 0xef, 0xef, 0xed, 0xed, 0xed, 0xec, 0xec, 0xec, 0xec, 0xec, 0xed, 0xec, 0xed, 0xec, 0xed, 0xed, 0xed, 0xed, 0xed, 0xed, 0xed, 0xed, 0xed, 0xef, 0xed, 0xed, 0xed, 0xed, 0xed, 0xed, 0xed, 0xed, 0xed, 0xed, 0xed, 0xec, 0xec, 0xec, 0xec, 0x00, 0x00, 0x00, 0xec, 0xec, 0xee, 0xec, 0xee, 0x02, 0xee, 0x02, 0xec, 0xec, 0x75, 0xec, 0x7b, 0xec, 0xee, 0xee, 0xee, 0x3c, 0x02, 0x75, 0x01, 0x75, 0x29, 0x6f, 0x29, 0x63, 0x1f, 0x1a, 0x1a, 0x19, 0x1a, 0x1f, 0x1a, 0x19, 0x10, 0x19, 0x10, 0x19, 0x10, 0x19, 0x17, 0x19, 0x17, 0x1f, 0x1f, 0x2f, 0x75, 0x3a, 0x3a, 0x3a, 0x3a, 0x3a, 0x3a, 0x3a, 0x3a, 0x3a, 0x3a, 0x3a, 0x35, 0x35, 0x35, 0x35, 0x35, 0x3b, 0x35, 0x3b, 0x3b, 0x3b, 0x3b, 0x3b, 0x3b, 0x3b, 0x3b, 0x37, 0x41, 0x37, 0x41, 0x37, 0x3e, 0x37, 0x37, 0x37, 0x37, 0x2e, 0x2e, 0x2e, 0x37, 0x2e, 0x2e, 0x2e, 0x24, 0x2a, 0x24, 0x24, 0x24, 0x18, 0x18, 0x19, 0x0f, 0x13, 0x0e, 0x13, 0x0c, 0x0c, 0x0c, 0x0c, 0x0c, 0x0b, 0x0b, 0x0b, 0x0a, 0x0b, 0x0a, 0x0a, 0x09, 0x0a, 0x09, 0x09, 0x09, 0x09, 0x09, 0x0a, 0x09, 0x0b, 0x0b, 0x0c, 0x0c, 0x11, 0x13, 0x13, 0x12, 0x13, 0x13, 0x0e, 0x13, 0x0f, 0x0e, 0x12, 0x14, 0x1b, 0x1e, 0x1e, 0x26, 0x32, 0x32, 0x37, 0x37, 0x37, 0x37, 0x37, 0x37, 0x37, 0x3e, 0x37, 0x41, 0x37, 0x41, 0x41, 0x41, 0x41, 0x41, 0x41, 0x41, 0x41, 0x41, 0x41, 0x41, 0x41, 0x41, 0x3b, 0x37, 0x3b, 0x33, 0x33, 0x3b, 0x2d, 0x31, 0x28, 0x31, 0x28, 0x2f, 0x2f, 0x31, 0x2f, 0x31, 0x35, 0x31, 0x38, 0x31, 0x38, 0x38, 0x38, 0x38, 0x38, 0x38, 0x38, 0x38, 0x38, 0x38, 0x38, 0x38, 0x38, 0x38, 0x38, 0x38, 0x38, 0x38, 0x38, 0x38, 0x38, 0x38, 0x38, 0x38, 0x38, 0x38, 0x38, 0x38, 0x3c, 0x38, 0x3c, 0x3c, 0x3c, 0x3c, 0x3c, 0x3c, 0x03, 0x3c, 0xfc, 0x03, 0xfc, 0x03, 0xfc, 0x03, 0xfc, 0x03, 0xfd, 0xfc, 0xfd, 0xfd, 0xfd, 0xfd, 0xfd, 0xfd, 0x05, 0xfd, 0x05, 0x05, 0x05, 0x05, 0x05, 0xfe, 0x05, 0xfe, 0xfe, 0xfe, 0xfe, 0xfe, 0xfe, 0xfe, 0xfe, 0xfe, 0xff, 0xfe, 0xff, 0xfe, 0xff, 0xff, 0xff, 0xff, 0xff, 0xff, 0xff, 0xff, 0xfb, 0x06, 0xfb, 0x06, 
  0xf0, 0xef, 0xef, 0xed, 0xed, 0xed, 0xed, 0xed, 0xec, 0xed, 0xec, 0xed, 0xed, 0xed, 0xed, 0xed, 0xed, 0xed, 0xed, 0xed, 0xed, 0xef, 0xef, 0xef, 0xef, 0xef, 0xef, 0xef, 0xef, 0xef, 0xed, 0xef, 0xed, 0xef, 0xed, 0xef, 0xed, 0xed, 0xee, 0xec, 0xed, 0xee, 0xed, 0xee, 0xee, 0xee, 0xee, 0xee, 0xee, 0xee, 0xee, 0xee, 0xee, 0xee, 0xee, 0xee, 0xee, 0xee, 0xee, 0xee, 0xee, 0xee, 0x3c, 0xee, 0x3c, 0x3c, 0x3c, 0x3c, 0x3c, 0x75, 0x00, 0x2b, 0x00, 0x2b, 0x00, 0x2b, 0x63, 0x1f, 0x1a, 0x1f, 0x1f, 0x23, 0x1f, 0x29, 0x2b, 0x29, 0x31, 0x01, 0x35, 0x3a, 0x3a, 0x3a, 0x40, 0x40, 0x3a, 0x40, 0x3a, 0x3a, 0x3b, 0x3a, 0x3b, 0x3a, 0x3b, 0x35, 0x3b, 0x35, 0x3b, 0x3b, 0x3b, 0x3b, 0x3b, 0x3b, 0x3b, 0x3b, 0x3b, 0x41, 0x3b, 0x37, 0x41, 0x39, 0x41, 0x39, 0x41, 0x37, 0x37, 0x37, 0x37, 0x37, 0x37, 0x32, 0x2e, 0x32, 0x2a, 0x32, 0x2a, 0x2e, 0x2a, 0x24, 0x24, 0x24, 0x60, 0x1b, 0x18, 0x18, 0x13, 0x13, 0x13, 0x0c, 0x10, 0x0c, 0x0c, 0x0b, 0x0b, 0x0b, 0x0a, 0x0a, 0x09, 0x0a, 0x09, 0x09, 0x09, 0x09, 0x09, 0x09, 0x09, 0x09, 0x0a, 0x0a, 0x0b, 0x0c, 0x0c, 0x0e, 0x13, 0x13, 0x13, 0x13, 0x13, 0x0f, 0x0f, 0x56, 0x14, 0x18, 0x1b, 0x24, 0x26, 0x2c, 0x32, 0x37, 0x39, 0x37, 0x39, 0x37, 0x39, 0x37, 0x3e, 0x37, 0x3e, 0x3e, 0x41, 0x3e, 0x41, 0x41, 0x41, 0x41, 0x41, 0x37, 0x41, 0x37, 0x41, 0x37, 0x41, 0x37, 0x37, 0x3b, 0x33, 0x33, 0x33, 0x33, 0x2d, 0x2d, 0x2d, 0x28, 0x28, 0x28, 0x28, 0x28, 0x2f, 0x2f, 0x31, 0x31, 0x31, 0x31, 0x31, 0x31, 0x31, 0x31, 0x31, 0x31, 0x31, 0x38, 0x2f, 0x2f, 0x2f, 0x2f, 0x2f, 0x2f, 0x2f, 0x01, 0x2f, 0x01, 0x01, 0x38, 0x01, 0x01, 0x01, 0x01, 0x01, 0x01, 0x01, 0x01, 0x38, 0x01, 0x38, 0x38, 0x3c, 0x38, 0x3c, 0x3c, 0x3c, 0x3c, 0x03, 0x3c, 0x03, 0x3c, 0x03, 0xfc, 0x03, 0xfc, 0x03, 0xfd, 0x03, 0xfd, 0x03, 0xfd, 0x04, 0xfd, 0x04, 0xfd, 0x04, 0xfd, 0x05, 0x05, 0x05, 0x05, 0x05, 0x05, 0xfe, 0x05, 0xfe, 0xfe, 0xfe, 0xfe, 0xfe, 0x4e, 0xfe, 0x4e, 0xfe, 0x4e, 0xfe, 0xfe, 0xfe, 0xfe, 0xfe, 0xff, 0x4e, 0xff, 0xff, 0xff, 0xff, 0x51, 
  0xf1, 0xf1, 0xf0, 0xf0, 0xef, 0xef, 0xed, 0xed, 0xed, 0xed, 0xed, 0xed, 0xed, 0xef, 0xef, 0xef, 0xef, 0xef, 0xef, 0xef, 0xef, 0xef, 0xef, 0xf0, 0xef, 0xf0, 0xef, 0xef, 0xef, 0xef, 0xef, 0xef, 0xef, 0xef, 0xef, 0xef, 0xef, 0xef, 0xed, 0xef, 0xed, 0xee, 0xed, 0xee, 0xed, 0xee, 0xec, 0xee, 0xee, 0xee, 0xee, 0xee, 0xee, 0xee, 0xee, 0xee, 0xee, 0xee, 0xee, 0xee, 0xee, 0xee, 0xee, 0xee, 0x02, 0xee, 0x02, 0x02, 0x02, 0x3c, 0x3c, 0x02, 0x3c, 0x3c, 0x3a, 0x02, 0x38, 0x01, 0x75, 0x01, 0x38, 0x38, 0x3a, 0x38, 0x38, 0x3a, 0x3a, 0x3a, 0x3a, 0x3a, 0x40, 0x3a, 0x40, 0x3a, 0x40, 0x3a, 0x40, 0x3a, 0x3a, 0x3b, 0x3a, 0x3b, 0x35, 0x3b, 0x3b, 0x3b, 0x3b, 0x3b, 0x3b, 0x3b, 0x3b, 0x3b, 0x3b, 0x3b, 0x3b, 0x3b, 0x37, 0x3e, 0x37, 0x39, 0x37, 0x39, 0x37, 0x39, 0x37, 0x37, 0x37, 0x32, 0x32, 0x32, 0x32, 0x2c, 0x32, 0x2a, 0x32, 0x2c, 0x2e, 0x2a, 0x2a, 0x24, 0x1e, 0x60, 0x14, 0x56, 0x12, 0x13, 0x0d, 0x11, 0x0c, 0x0c, 0x0b, 0x0b, 0x0b, 0x0a, 0x0a, 0x09, 0x09, 0x08, 0x09, 0x08, 0x08, 0x08, 0x08, 0x08, 0x09, 0x08, 0x09, 0x09, 0x09, 0x0b, 0x0b, 0x0c, 0x0c, 0x0d, 0x0c, 0x0e, 0x0c, 0x0e, 0x0f, 0x13, 0x1b, 0x60, 0x24, 0x1e, 0x24, 0x2a, 0x2e, 0x32, 0x2e, 0x32, 0x2a, 0x32, 0x2a, 0x32, 0x32, 0x37, 0x37, 0x37, 0x37, 0x37, 0x3e, 0x37, 0x41, 0x37, 0x41, 0x37, 0x37, 0x37, 0x37, 0x37, 0x37, 0x37, 0x36, 0x37, 0x33, 0x33, 0x2d, 0x33, 0x2d, 0x2d, 0x28, 0x28, 0x28, 0x28, 0x28, 0x28, 0x28, 0x2d, 0x2f, 0x31, 0x31, 0x31, 0x31, 0x31, 0x31, 0x2f, 0x2f, 0x2f, 0x29, 0x28, 0x23, 0x23, 0x23, 0x23, 0x23, 0x23, 0x23, 0x23, 0x28, 0x29, 0x28, 0x29, 0x2f, 0x2f, 0x2f, 0x2f, 0x2f, 0x2f, 0x2f, 0x2f, 0x01, 0x01, 0x38, 0x01, 0x38, 0x3c, 0x38, 0x3c, 0x38, 0x3c, 0x3c, 0x03, 0x3c, 0x03, 0x03, 0x03, 0x03, 0x03, 0x03, 0x03, 0x04, 0x03, 0x04, 0x03, 0x04, 0x03, 0x04, 0x04, 0x05, 0x04, 0x05, 0x04, 0x05, 0x05, 0x05, 0x05, 0x05, 0x05, 0x05, 0x04, 0x05, 0x04, 0x05, 0x04, 0x05, 0x04, 0x05, 0x04, 0x04, 0x05, 0x04, 0x05, 0x05, 0x05, 0xfe, 0x05, 0x4e, 0xfe, 0x4e, 0xfe, 
  0xf3, 0xf1, 0xf1, 0xf1, 0xf0, 0xf0, 0xf0, 0xef, 0xf0, 0xf0, 0xf0, 0xf0, 0xf0, 0xf0, 0xf0, 0xf0, 0xf0, 0xf0, 0xf0, 0xf0, 0xf0, 0xf0, 0xf0, 0xf0, 0xf0, 0xf0, 0xf0, 0xf0, 0xef, 0xf0, 0xef, 0xf0, 0xef, 0xf0, 0xef, 0xef, 0xef, 0xed, 0xef, 0xee, 0xed, 0xed, 0xee, 0xed, 0xec, 0xee, 0xee, 0xee, 0xec, 0xee, 0xec, 0xee, 0x02, 0xee, 0xee, 0xee, 0xee, 0xee, 0xee, 0xee, 0xee, 0xee, 0xee, 0x3c, 0xee, 0x3c, 0xee, 0x3c, 0x02, 0x3c, 0x02, 0x3c, 0x02, 0x3c, 0x3c, 0x3c, 0x38, 0x3c, 0x3a, 0x3c, 0x3a, 0x3c, 0x3a, 0x38, 0x3a, 0x38, 0x3a, 0x38, 0x3a, 0x3a, 0x3a, 0x3a, 0x40, 0x3a, 0x3a, 0x3a, 0x3a, 0x3b, 0x3a, 0x35, 0x3b, 0x35, 0x3b, 0x35, 0x3b, 0x35, 0x3b, 0x3b, 0x3b, 0x3b, 0x3b, 0x3b, 0x3b, 0x3b, 0x37, 0x3b, 0x37, 0x37, 0x37, 0x37, 0x39, 0x37, 0x39, 0x37, 0x39, 0x37, 0x32, 0x32, 0x32, 0x32, 0x2c, 0x32, 0x2c, 0x32, 0x2c, 0x2c, 0x2c, 0x2a, 0x26, 0x24, 0x24, 0x1b, 0x1b, 0x56, 0x12, 0x13, 0x0e, 0x0c, 0x0c, 0x0b, 0x0b, 0x0a, 0x0a, 0x09, 0x09, 0x09, 0x08, 0x09, 0x08, 0x08, 0x08, 0x08, 0x08, 0x08, 0x08, 0x08, 0x08, 0x09, 0x09, 0x09, 0x0a, 0x0a, 0x0a, 0x0a, 0x0a, 0x0a, 0x0b, 0x0b, 0x0d, 0x0e, 0x13, 0x12, 0x18, 0x18, 0x24, 0x24, 0x24, 0x20, 0x20, 0x20, 0x20, 0x1e, 0x26, 0x2a, 0x2c, 0x32, 0x32, 0x32, 0x39, 0x37, 0x37, 0x37, 0x37, 0x37, 0x37, 0x36, 0x37, 0x36, 0x37, 0x36, 0x32, 0x36, 0x32, 0x2e, 0x33, 0x2e, 0x33, 0x2d, 0x2d, 0x28, 0x22, 0x22, 0x22, 0x23, 0x22, 0x28, 0x28, 0x28, 0x2f, 0x28, 0x2f, 0x28, 0x28, 0x23, 0x28, 0x23, 0x22, 0x16, 0x22, 0x17, 0x16, 0x16, 0x16, 0x16, 0x17, 0x16, 0x23, 0x23, 0x23, 0x23, 0x23, 0x23, 0x23, 0x29, 0x23, 0x2f, 0x29, 0x29, 0x2f, 0x29, 0x31, 0x2f, 0x01, 0x38, 0x01, 0x38, 0x38, 0x38, 0x38, 0x3c, 0x3a, 0x3c, 0x03, 0x3a, 0x03, 0x3c, 0x03, 0x03, 0x03, 0x03, 0x03, 0x03, 0x03, 0x03, 0x03, 0x03, 0x03, 0x03, 0x03, 0x03, 0x03, 0x03, 0x03, 0x40, 0x03, 0x40, 0x40, 0x40, 0x40, 0x03, 0x40, 0x40, 0x40, 0x40, 0x3a, 0x40, 0x3a, 0x40, 0x40, 0x40, 0x03, 0x04, 0x03, 0x04, 0x04, 0x04, 0x04, 0x05, 0x04, 0x05, 
  0xf3, 0xf5, 0xf3, 0xf3, 0xf3, 0xf1, 0xf1, 0xf1, 0xf1, 0xf1, 0xf1, 0xf1, 0xf1, 0xf1, 0xf0, 0xf1, 0xf0, 0xf0, 0xf0, 0xf0, 0xf0, 0xf0, 0xf0, 0xf0, 0xf0, 0xf0, 0xf0, 0xf0, 0xf0, 0xef, 0xf0, 0xef, 0xf0, 0xef, 0xef, 0xef, 0xef, 0xef, 0xed, 0xef, 0xed, 0xee, 0xed, 0xec, 0xee, 0xec, 0xec, 0xec, 0xee, 0xec, 0xee, 0xec, 0xee, 0xee, 0xee, 0xee, 0xee, 0xee, 0xee, 0xee, 0xee, 0xee, 0xee, 0xee, 0x3c, 0xee, 0x3c, 0x02, 0x3c, 0x02, 0x3c, 0x02, 0x3c, 0x38, 0x3c, 0x38, 0x3c, 0x38, 0x3c, 0x38, 0x38, 0x38, 0x38, 0x38, 0x38, 0x38, 0x38, 0x38, 0x3a, 0x38, 0x3a, 0x3a, 0x3a, 0x35, 0x3a, 0x35, 0x3a, 0x35, 0x35, 0x35, 0x35, 0x35, 0x35, 0x35, 0x3b, 0x33, 0x3b, 0x33, 0x3b, 0x3b, 0x3b, 0x3b, 0x37, 0x3b, 0x33, 0x37, 0x37, 0x37, 0x37, 0x37, 0x37, 0x39, 0x37, 0x32, 0x32, 0x32, 0x32, 0x32, 0x2c, 0x2c, 0x2c, 0x2c, 0x2c, 0x2c, 0x2c, 0x2c, 0x2c, 0x26, 0x2a, 0x1e, 0x24, 0x1b, 0x56, 0x14, 0x54, 0x0f, 0x0c, 0x0d, 0x0b, 0x0b, 0x0a, 0x0a, 0x09, 0x09, 0x09, 0x08, 0x08, 0x08, 0x08, 0x08, 0x08, 0x08, 0x08, 0x08, 0x08, 0x08, 0x08, 0x08, 0x09, 0x08, 0x09, 0x08, 0x09, 0x09, 0x09, 0x09, 0x09, 0x0a, 0x0a, 0x0b, 0x0b, 0x0c, 0x0d, 0x0c, 0x0e, 0x0e, 0x0e, 0x0f, 0x0f, 0x18, 0x18, 0x1b, 0x1e, 0x1e, 0x24, 0x2c, 0x2a, 0x32, 0x32, 0x32, 0x32, 0x32, 0x2a, 0x2a, 0x2a, 0x2a, 0x2e, 0x32, 0x2e, 0x32, 0x2e, 0x2a, 0x2e, 0x2e, 0x2a, 0x2d, 0x2a, 0x2d, 0x2a, 0x28, 0x22, 0x28, 0x22, 0x22, 0x28, 0x22, 0x28, 0x28, 0x28, 0x22, 0x22, 0x22, 0x16, 0x1c, 0x16, 0x15, 0x16, 0x15, 0x10, 0x15, 0x16, 0x15, 0x16, 0x15, 0x16, 0x16, 0x16, 0x16, 0x16, 0x23, 0x23, 0x23, 0x23, 0x23, 0x23, 0x28, 0x29, 0x28, 0x29, 0x2f, 0x01, 0x31, 0x01, 0x31, 0x38, 0x38, 0x38, 0x38, 0x3a, 0x38, 0x3a, 0x3a, 0x3a, 0x3a, 0x40, 0x3a, 0x40, 0x3a, 0x40, 0x3a, 0x3a, 0x3a, 0x3a, 0x3b, 0x3a, 0x3b, 0x35, 0x3b, 0x35, 0x3b, 0x35, 0x35, 0x31, 0x35, 0x31, 0x35, 0x31, 0x31, 0x31, 0x2d, 0x31, 0x31, 0x31, 0x31, 0x2d, 0x31, 0x31, 0x35, 0x31, 0x3b, 0x3b, 0x3b, 0x40, 0x3b, 0x40, 0x40, 0x40, 0x40, 0x40, 0x40, 
  0xf5, 0xf5, 0xf5, 0xf5, 0xf3, 0xf3, 0xf3, 0xf3, 0xf1, 0xf3, 0xf1, 0xf1, 0xf1, 0xf1, 0xf0, 0xf1, 0xf0, 0xf1, 0xf0, 0xf0, 0xf0, 0xf0, 0xf0, 0xf0, 0xf0, 0xf0, 0xf0, 0xf0, 0xf0, 0xf0, 0xf0, 0xef, 0xf0, 0xef, 0xef, 0xef, 0xef, 0xee, 0xef, 0xee, 0xed, 0xee, 0xed, 0x02, 0xec, 0xec, 0x02, 0xec, 0xec, 0xec, 0xec, 0x02, 0xec, 0x02, 0xee, 0x02, 0xee, 0x3c, 0xee, 0x3c, 0xee, 0x3c, 0xee, 0x3c, 0xee, 0x3c, 0x3c, 0x3c, 0x3c, 0x3c, 0x3c, 0x3c, 0x3c, 0x3c, 0x38, 0x3c, 0x38, 0x3c, 0x38, 0x38, 0x01, 0x38, 0x01, 0x38, 0x31, 0x01, 0x31, 0x38, 0x31, 0x38, 0x35, 0x38, 0x35, 0x35, 0x31, 0x35, 0x31, 0x31, 0x31, 0x31, 0x33, 0x2d, 0x33, 0x2d, 0x33, 0x2d, 0x33, 0x33, 0x33, 0x33, 0x37, 0x33, 0x39, 0x33, 0x39, 0x33, 0x32, 0x37, 0x32, 0x37, 0x32, 0x32, 0x32, 0x32, 0x32, 0x32, 0x32, 0x2c, 0x2c, 0x2c, 0x2c, 0x2c, 0x2c, 0x2c, 0x2a, 0x2c, 0x26, 0x2a, 0x24, 0x24, 0x24, 0x18, 0x1b, 0x56, 0x11, 0x0e, 0x0c, 0x0c, 0x0b, 0x0a, 0x0a, 0x09, 0x09, 0x09, 0x08, 0x08, 0x08, 0x08, 0x08, 0x08, 0x08, 0x08, 0x08, 0x08, 0x08, 0x08, 0x08, 0x08, 0x08, 0x08, 0x08, 0x08, 0x08, 0x08, 0x08, 0x08, 0x08, 0x08, 0x09, 0x0a, 0x0a, 0x0a, 0x0a, 0x0b, 0x0b, 0x0b, 0x0b, 0x0d, 0x0d, 0x0e, 0x12, 0x12, 0x18, 0x1b, 0x1e, 0x24, 0x26, 0x26, 0x2a, 0x26, 0x24, 0x26, 0x1e, 0x26, 0x24, 0x26, 0x24, 0x2a, 0x2a, 0x2a, 0x2a, 0x2a, 0x26, 0x2a, 0x2a, 0x2a, 0x2d, 0x2a, 0x28, 0x22, 0x22, 0x22, 0x22, 0x22, 0x1c, 0x22, 0x1c, 0x1c, 0x1c, 0x1c, 0x15, 0x15, 0x15, 0x15, 0x15, 0x15, 0x15, 0x15, 0x15, 0x15, 0x11, 0x15, 0x15, 0x16, 0x15, 0x16, 0x16, 0x16, 0x23, 0x16, 0x23, 0x23, 0x23, 0x23, 0x23, 0x23, 0x28, 0x29, 0x2f, 0x2f, 0x2f, 0x31, 0x31, 0x38, 0x31, 0x38, 0x35, 0x38, 0x38, 0x38, 0x38, 0x38, 0x35, 0x38, 0x31, 0x38, 0x31, 0x31, 0x31, 0x31, 0x31, 0x31, 0x2d, 0x2f, 0x28, 0x28, 0x28, 0x28, 0x28, 0x28, 0x28, 0x28, 0x28, 0x28, 0x28, 0x28, 0x25, 0x28, 0x25, 0x28, 0x25, 0x28, 0x25, 0x28, 0x28, 0x2d, 0x28, 0x2d, 0x2d, 0x2d, 0x31, 0x3b, 0x2d, 0x3b, 0x3b, 0x3b, 0x3b, 0x3b, 0x3b, 0x3b, 
  0xea, 0xea, 0xf5, 0xf5, 0xf5, 0xf5, 0xf3, 0xf3, 0xf3, 0xf1, 0xf1, 0xf1, 0xf0, 0xf0, 0xf0, 0xf1, 0xf0, 0xf1, 0xf0, 0xf0, 0xf0, 0xf0, 0xf0, 0xf0, 0xf0, 0xf0, 0xf0, 0xf0, 0xf0, 0xef, 0xef, 0xef, 0xef, 0xfc, 0xef, 0xfc, 0xef, 0xed, 0xee, 0xed, 0xee, 0xec, 0xec, 0xec, 0xec, 0xec, 0xec, 0x02, 0xec, 0xec, 0x02, 0xec, 0x02, 0x02, 0xee, 0x3c, 0xee, 0x3c, 0xee, 0x3c, 0xee, 0x3c, 0xee, 0x3c, 0x3c, 0x3c, 0x3c, 0x3c, 0x3c, 0x3c, 0x3c, 0x3c, 0x3c, 0x38, 0x3c, 0x38, 0x38, 0x38, 0x01, 0x31, 0x01, 0x2f, 0x31, 0x2f, 0x31, 0x31, 0x31, 0x2f, 0x31, 0x31, 0x31, 0x31, 0x31, 0x31, 0x31, 0x31, 0x2d, 0x31, 0x2d, 0x2d, 0x2d, 0x2d, 0x2d, 0x2d, 0x2d, 0x2d, 0x33, 0x2d, 0x32, 0x33, 0x32, 0x33, 0x32, 0x32, 0x32, 0x32, 0x32, 0x32, 0x32, 0x32, 0x32, 0x32, 0x32, 0x32, 0x32, 0x32, 0x32, 0x32, 0x32, 0x2c, 0x2c, 0x2c, 0x2a, 0x2a, 0x26, 0x24, 0x24, 0x24, 0x1e, 0x24, 0x18, 0x5c, 0x13, 0x13, 0x0e, 0x0c, 0x0c, 0x0b, 0x0a, 0x09, 0x09, 0x09, 0x08, 0x08, 0x08, 0x08, 0x08, 0x08, 0x08, 0x08, 0x08, 0x08, 0x08, 0x08, 0x08, 0x08, 0x08, 0x08, 0x08, 0x08, 0x08, 0x08, 0x08, 0x08, 0x08, 0x08, 0x08, 0x08, 0x08, 0x09, 0x09, 0x09, 0x09, 0x09, 0x0a, 0x0a, 0x0a, 0x0a, 0x0b, 0x0c, 0x0d, 0x0e, 0x0f, 0x12, 0x14, 0x1b, 0x1b, 0x1b, 0x1e, 0x1b, 0x1e, 0x1b, 0x1b, 0x1b, 0x1b, 0x1b, 0x1e, 0x1b, 0x1e, 0x1e, 0x1e, 0x1e, 0x1e, 0x1e, 0x26, 0x26, 0x24, 0x1d, 0x1d, 0x1d, 0x15, 0x1c, 0x15, 0x15, 0x15, 0x15, 0x15, 0x15, 0x15, 0x15, 0x0f, 0x15, 0x0f, 0x15, 0x0f, 0x15, 0x15, 0x11, 0x15, 0x11, 0x15, 0x11, 0x15, 0x15, 0x16, 0x15, 0x16, 0x16, 0x16, 0x23, 0x22, 0x23, 0x23, 0x28, 0x23, 0x28, 0x28, 0x2f, 0x28, 0x2f, 0x2f, 0x31, 0x31, 0x31, 0x31, 0x31, 0x31, 0x2f, 0x2d, 0x2f, 0x28, 0x2f, 0x28, 0x28, 0x28, 0x28, 0x28, 0x28, 0x22, 0x22, 0x22, 0x22, 0x22, 0x22, 0x22, 0x22, 0x22, 0x22, 0x22, 0x22, 0x25, 0x22, 0x25, 0x22, 0x25, 0x22, 0x25, 0x22, 0x25, 0x22, 0x22, 0x22, 0x25, 0x22, 0x25, 0x25, 0x25, 0x25, 0x25, 0x2d, 0x25, 0x2d, 0x2d, 0x2d, 0x2d, 0x2d, 0x2d, 0x2d, 0x2d, 0x2d, 
  0xea, 0xea, 0xea, 0xf5, 0xea, 0xf5, 0xf5, 0xf5, 0xf3, 0xf3, 0xf1, 0xf1, 0xd6, 0xf0, 0xf1, 0xf0, 0xf3, 0xf0, 0xf1, 0xf0, 0xef, 0xef, 0xef, 0xef, 0xef, 0xef, 0xef, 0xef, 0xef, 0xef, 0xef, 0xef, 0xef, 0xef, 0xee, 0xef, 0xee, 0xee, 0xee, 0xec, 0xec, 0xec, 0xec, 0xec, 0x00, 0x00, 0x00, 0x00, 0x00, 0x00, 0xec, 0x00, 0x02, 0xec, 0x02, 0x02, 0x3c, 0xee, 0x3c, 0xee, 0x3c, 0x3c, 0x3c, 0x02, 0x3c, 0x02, 0x3c, 0x3c, 0x3c, 0x3c, 0x38, 0x3c, 0x01, 0x38, 0x01, 0x38, 0x01, 0x01, 0x2f, 0x01, 0x2f, 0x2f, 0x2f, 0x2f, 0x2f, 0x2f, 0x2f, 0x2f, 0x2f, 0x28, 0x2f, 0x28, 0x28, 0x28, 0x2d, 0x28, 0x2d, 0x28, 0x28, 0x2d, 0x28, 0x2d, 0x25, 0x2d, 0x2d, 0x2d, 0x2c, 0x2d, 0x32, 0x2d, 0x32, 0x32, 0x32, 0x32, 0x32, 0x32, 0x32, 0x2c, 0x32, 0x2c, 0x2c, 0x32, 0x2c, 0x2c, 0x2c, 0x2c, 0x2c, 0x2c, 0x2a, 0x2a, 0x26, 0x24, 0x20, 0x24, 0x18, 0x18, 0x18, 0x12, 0x0f, 0x0e, 0x0e, 0x0d, 0x0d, 0x0b, 0x0b, 0x0a, 0x0a, 0x09, 0x09, 0x09, 0x08, 0x08, 0x08, 0x08, 0x08, 0x08, 0x08, 0x08, 0x08, 0x08, 0x08, 0x08, 0x08, 0x08, 0x08, 0x08, 0x08, 0x08, 0x08, 0x08, 0x08, 0x08, 0x08, 0x08, 0x08, 0x08, 0x08, 0x08, 0x08, 0x08, 0x08, 0x08, 0x08, 0x08, 0x08, 0x09, 0x09, 0x0a, 0x0a, 0x0b, 0x0d, 0x0d, 0x0e, 0x53, 0x12, 0x14, 0x14, 0x14, 0x12, 0x14, 0x12, 0x14, 0x14, 0x14, 0x12, 0x14, 0x12, 0x14, 0x14, 0x1b, 0x1b, 0x1b, 0x1e, 0x1e, 0x1e, 0x1e, 0x1d, 0x18, 0x15, 0x12, 0x15, 0x0f, 0x15, 0x0f, 0x15, 0x0f, 0x15, 0x12, 0x15, 0x12, 0x15, 0x12, 0x15, 0x0f, 0x15, 0x0f, 0x15, 0x0f, 0x15, 0x0f, 0x15, 0x15, 0x15, 0x15, 0x15, 0x16, 0x16, 0x22, 0x16, 0x22, 0x23, 0x22, 0x23, 0x23, 0x28, 0x23, 0x28, 0x28, 0x28, 0x28, 0x28, 0x28, 0x23, 0x28, 0x23, 0x22, 0x23, 0x22, 0x23, 0x22, 0x22, 0x22, 0x22, 0x22, 0x22, 0x1c, 0x22, 0x15, 0x22, 0x1c, 0x1c, 0x1d, 0x1c, 0x1d, 0x1d, 0x1d, 0x1d, 0x20, 0x1d, 0x20, 0x1d, 0x20, 0x1d, 0x20, 0x20, 0x20, 0x20, 0x20, 0x25, 0x20, 0x25, 0x1d, 0x25, 0x1d, 0x25, 0x25, 0x25, 0x25, 0x25, 0x25, 0x25, 0x25, 0x25, 0x2d, 0x25, 0x2d, 0x25, 0x2d, 0x25, 0x2d, 
  0xf6, 0xf6, 0xf6, 0xea, 0xea, 0xf5, 0xea, 0xf5, 0xf5, 0xf3, 0xf1, 0xf1, 0xf1, 0xf1, 0xf1, 0xf3, 0xf0, 0xf3, 0xf0, 0xf0, 0xef, 0xef, 0xef, 0xef, 0xef, 0xef, 0xef, 0xef, 0xef, 0xef, 0xef, 0xfc, 0xef, 0xee, 0xef, 0xee, 0xed, 0x02, 0xec, 0x02, 0xec, 0x02, 0xec, 0x01, 0xec, 0x00, 0x00, 0x00, 0x00, 0x00, 0x00, 0x01, 0x00, 0x02, 0x01, 0x02, 0x02, 0x02, 0x02, 0x02, 0x02, 0x02, 0x02, 0x3c, 0x01, 0x3c, 0x01, 0x02, 0x01, 0x01, 0x01, 0x01, 0x01, 0x01, 0x01, 0x01, 0x2f, 0x2f, 0x29, 0x2f, 0x29, 0x2f, 0x29, 0x28, 0x29, 0x28, 0x28, 0x28, 0x28, 0x28, 0x28, 0x28, 0x28, 0x28, 0x28, 0x28, 0x28, 0x25, 0x28, 0x25, 0x25, 0x25, 0x25, 0x25, 0x25, 0x2c, 0x2d, 0x32, 0x2c, 0x32, 0x2c, 0x32, 0x2c, 0x2c, 0x2c, 0x2c, 0x26, 0x2c, 0x26, 0x2c, 0x26, 0x26, 0x26, 0x26, 0x24, 0x1e, 0x1e, 0x1e, 0x1b, 0x1b, 0x12, 0x18, 0x0f, 0x0f, 0x0e, 0x0e, 0x0c, 0x0d, 0x0b, 0x0b, 0x0a, 0x0a, 0x0a, 0x0a, 0x0a, 0x09, 0x09, 0x09, 0x08, 0x08, 0x08, 0x08, 0x08, 0x08, 0x08, 0x08, 0x08, 0x08, 0x08, 0x08, 0x08, 0x08, 0x08, 0x08, 0x08, 0x08, 0x08, 0x08, 0x08, 0x08, 0x08, 0x08, 0x08, 0x08, 0x08, 0x08, 0x08, 0x08, 0x08, 0x08, 0x08, 0x08, 0x08, 0x08, 0x08, 0x08, 0x09, 0x09, 0x0a, 0x0a, 0x0b, 0x0d, 0x0e, 0x0f, 0x53, 0x14, 0x53, 0x53, 0x0d, 0x0e, 0x0e, 0x53, 0x0e, 0x53, 0x0e, 0x53, 0x0e, 0x53, 0x53, 0x14, 0x14, 0x1e, 0x1b, 0x1e, 0x1e, 0x1b, 0x1b, 0x12, 0x0f, 0x0f, 0x0e, 0x0f, 0x0e, 0x0f, 0x0f, 0x0f, 0x0f, 0x15, 0x12, 0x15, 0x0f, 0x0f, 0x0f, 0x0f, 0x0f, 0x0f, 0x0f, 0x15, 0x0f, 0x15, 0x11, 0x15, 0x15, 0x15, 0x15, 0x15, 0x22, 0x16, 0x22, 0x23, 0x22, 0x23, 0x22, 0x22, 0x22, 0x22, 0x22, 0x23, 0x22, 0x16, 0x1c, 0x16, 0x1c, 0x16, 0x1c, 0x15, 0x1c, 0x1c, 0x1c, 0x1c, 0x1c, 0x1c, 0x1d, 0x1c, 0x1d, 0x1d, 0x1d, 0x1d, 0x18, 0x1d, 0x1d, 0x1d, 0x20, 0x1d, 0x1e, 0x1d, 0x1e, 0x20, 0x1e, 0x20, 0x1e, 0x20, 0x1e, 0x20, 0x20, 0x20, 0x20, 0x20, 0x20, 0x20, 0x1d, 0x1d, 0x1d, 0x1d, 0x1d, 0x1d, 0x25, 0x20, 0x25, 0x25, 0x25, 0x25, 0x25, 0x25, 0x25, 0x25, 0x25, 0x25, 0x25, 0x25, 
  0xf7, 0xf7, 0xf6, 0xf6, 0xf6, 0xea, 0xea, 0xea, 0xf5, 0xf5, 0xf3, 0xf3, 0xf3, 0xf3, 0xf3, 0xf3, 0xf3, 0xf3, 0xf2, 0xf0, 0xef, 0xef, 0xed, 0xed, 0xed, 0xed, 0xed, 0xef, 0xee, 0xef, 0xee, 0xed, 0xee, 0xee, 0xee, 0xec, 0x02, 0xec, 0xec, 0xec, 0x02, 0x02, 0x02, 0x02, 0x02, 0xec, 0x00, 0x00, 0x00, 0x00, 0x00, 0x00, 0x00, 0x00, 0x00, 0x01, 0x00, 0x01, 0x01, 0x01, 0x01, 0x01, 0x01, 0x01, 0x01, 0x01, 0x01, 0x01, 0x01, 0x01, 0x01, 0x01, 0x01, 0x2f, 0x01, 0x2f, 0x29, 0x2f, 0x29, 0x28, 0x29, 0x23, 0x23, 0x23, 0x23, 0x28, 0x23, 0x28, 0x23, 0x22, 0x28, 0x22, 0x28, 0x22, 0x25, 0x25, 0x25, 0x22, 0x25, 0x25, 0x25, 0x25, 0x2c, 0x25, 0x2c, 0x25, 0x2c, 0x26, 0x2c, 0x26, 0x26, 0x26, 0x1e, 0x26, 0x1e, 0x1e, 0x26, 0x1e, 0x1e, 0x1e, 0x1e, 0x1e, 0x1b, 0x1b, 0x1b, 0x14, 0x14, 0x12, 0x0f, 0x0e, 0x0f, 0x0d, 0x0e, 0x0c, 0x0c, 0x0b, 0x0b, 0x0a, 0x0a, 0x0a, 0x0a, 0x09, 0x09, 0x09, 0x08, 0x09, 0x08, 0x08, 0x08, 0x08, 0x08, 0x08, 0x08, 0x08, 0x08, 0x08, 0x08, 0x08, 0x08, 0x08, 0x08, 0x08, 0x08, 0x08, 0x08, 0x08, 0x08, 0x08, 0x08, 0x08, 0x08, 0x08, 0x08, 0x08, 0x08, 0x08, 0x08, 0x08, 0x08, 0x08, 0x08, 0x08, 0x08, 0x08, 0x08, 0x08, 0x09, 0x09, 0x0a, 0x0b, 0x0b, 0x0d, 0x0d, 0x53, 0x14, 0x56, 0x53, 0x53, 0x0d, 0x53, 0x0d, 0x0e, 0x0d, 0x0e, 0x0d, 0x53, 0x0e, 0x53, 0x12, 0x14, 0x1b, 0x1b, 0x1e, 0x1e, 0x1b, 0x1b, 0x12, 0x12, 0x0e, 0x0e, 0x0d, 0x0d, 0x0d, 0x0d, 0x0d, 0x0e, 0x0f, 0x0f, 0x18, 0x0f, 0x12, 0x0f, 0x0f, 0x0f, 0x0f, 0x0f, 0x0f, 0x0f, 0x15, 0x15, 0x15, 0x15, 0x15, 0x15, 0x1c, 0x22, 0x1c, 0x22, 0x15, 0x15, 0x15, 0x15, 0x15, 0x16, 0x15, 0x15, 0x15, 0x15, 0x15, 0x15, 0x15, 0x15, 0x15, 0x15, 0x1c, 0x1c, 0x1c, 0x1d, 0x1d, 0x1d, 0x1d, 0x1d, 0x1d, 0x1d, 0x18, 0x1d, 0x1b, 0x1d, 0x1b, 0x1d, 0x1b, 0x1b, 0x1b, 0x1b, 0x1b, 0x1b, 0x1b, 0x1b, 0x1b, 0x1b, 0x1b, 0x1b, 0x1b, 0x1b, 0x1b, 0x1e, 0x1b, 0x1e, 0x20, 0x1d, 0x1e, 0x1d, 0x1d, 0x1d, 0x1d, 0x1d, 0x1d, 0x1d, 0x25, 0x20, 0x25, 0x25, 0x25, 0x25, 0x25, 0x25, 0x25, 0x25, 0x25, 0x25, 
  0xf9, 0xce, 0xf9, 0xf7, 0xf6, 0xf6, 0xf6, 0xea, 0xf5, 0xf5, 0xf5, 0xf3, 0xf5, 0xf5, 0xf5, 0xf3, 0xf5, 0xf3, 0xf3, 0xf2, 0xf0, 0xed, 0xed, 0xec, 0xed, 0xec, 0xed, 0xec, 0xee, 0xec, 0x02, 0xee, 0x02, 0xec, 0x00, 0xec, 0x00, 0x00, 0x00, 0x02, 0x02, 0x3c, 0xee, 0x3c, 0x02, 0x02, 0x02, 0x02, 0x01, 0x01, 0x01, 0x01, 0x00, 0x01, 0x29, 0x00, 0x29, 0x00, 0x00, 0x01, 0x00, 0x01, 0x00, 0x01, 0x00, 0x01, 0x00, 0x01, 0x29, 0x01, 0x29, 0x2f, 0x29, 0x29, 0x29, 0x29, 0x29, 0x23, 0x29, 0x23, 0x23, 0x23, 0x23, 0x23, 0x23, 0x23, 0x23, 0x22, 0x23, 0x22, 0x22, 0x22, 0x22, 0x22, 0x25, 0x22, 0x25, 0x25, 0x25, 0x25, 0x26, 0x25, 0x26, 0x25, 0x26, 0x26, 0x26, 0x26, 0x26, 0x1e, 0x26, 0x1e, 0x1e, 0x1b, 0x1e, 0x1e, 0x1b, 0x1e, 0x1b, 0x1b, 0x1b, 0x14, 0x1b, 0x14, 0x12, 0x0f, 0x0f, 0x0e, 0x0e, 0x0d, 0x0d, 0x0c, 0x0c, 0x0b, 0x0b, 0x0a, 0x0a, 0x0a, 0x0a, 0x09, 0x08, 0x09, 0x08, 0x09, 0x08, 0x08, 0x08, 0x08, 0x08, 0x08, 0x08, 0x08, 0x08, 0x08, 0x08, 0x08, 0x08, 0x08, 0x08, 0x08, 0x08, 0x08, 0x08, 0x08, 0x08, 0x08, 0x08, 0x08, 0x09, 0x09, 0x09, 0x09, 0x09, 0x08, 0x09, 0x08, 0x08, 0x08, 0x08, 0x08, 0x08, 0x08, 0x08, 0x08, 0x08, 0x08, 0x09, 0x09, 0x0a, 0x0b, 0x0c, 0x0d, 0x0f, 0x56, 0x14, 0x56, 0x14, 0x53, 0x53, 0x53, 0x0e, 0x53, 0x0d, 0x53, 0x0e, 0x53, 0x53, 0x53, 0x14, 0x14, 0x1b, 0x1e, 0x1e, 0x1e, 0x1e, 0x14, 0x14, 0x53, 0x0e, 0x0d, 0x0d, 0x0d, 0x0d, 0x0d, 0x0d, 0x0d, 0x0e, 0x0f, 0x12, 0x12, 0x12, 0x12, 0x12, 0x14, 0x12, 0x18, 0x12, 0x18, 0x15, 0x1d, 0x15, 0x1c, 0x1c, 0x22, 0x22, 0x22, 0x22, 0x15, 0x15, 0x15, 0x15, 0x11, 0x15, 0x15, 0x15, 0x15, 0x15, 0x15, 0x15, 0x12, 0x15, 0x12, 0x15, 0x18, 0x12, 0x18, 0x18, 0x18, 0x18, 0x1b, 0x18, 0x1b, 0x1b, 0x1b, 0x1b, 0x1b, 0x1b, 0x1b, 0x1b, 0x14, 0x1b, 0x14, 0x1b, 0x14, 0x1b, 0x14, 0x14, 0x14, 0x1b, 0x14, 0x1b, 0x14, 0x1b, 0x1b, 0x1b, 0x1b, 0x1e, 0x1b, 0x1e, 0x1b, 0x20, 0x1d, 0x1d, 0x1d, 0x1d, 0x1d, 0x1d, 0x20, 0x1d, 0x25, 0x25, 0x25, 0x25, 0x25, 0x25, 0x25, 0x25, 0x25, 0x25, 0x25, 
  0xcf, 0xfa, 0xfa, 0xfa, 0xf7, 0xf7, 0xf6, 0xf6, 0xea, 0xea, 0xf5, 0xf5, 0xf5, 0xf5, 0xf5, 0xf5, 0xf5, 0xf5, 0xf4, 0xf3, 0xf2, 0xef, 0xed, 0xec, 0xec, 0xec, 0xec, 0xec, 0x00, 0xec, 0x00, 0x00, 0x00, 0x00, 0x00, 0x00, 0x00, 0x00, 0x01, 0x02, 0x02, 0x3c, 0x3c, 0xfc, 0x3c, 0xfc, 0x3c, 0x3c, 0x3c, 0x02, 0x01, 0x01, 0x01, 0x01, 0x29, 0x29, 0x29, 0x29, 0x29, 0x29, 0x29, 0x29, 0x29, 0x29, 0x29, 0x29, 0x29, 0x29, 0x29, 0x29, 0x29, 0x29, 0x29, 0x29, 0x29, 0x23, 0x29, 0x23, 0x23, 0x23, 0x23, 0x23, 0x23, 0x23, 0x22, 0x23, 0x22, 0x23, 0x22, 0x22, 0x22, 0x22, 0x22, 0x22, 0x22, 0x20, 0x22, 0x20, 0x1d, 0x20, 0x1d, 0x20, 0x20, 0x20, 0x20, 0x1e, 0x20, 0x1e, 0x1e, 0x1e, 0x1e, 0x1e, 0x1b, 0x1e, 0x1b, 0x1b, 0x1b, 0x1b, 0x1b, 0x14, 0x14, 0x14, 0x14, 0x12, 0x0f, 0x0e, 0x0d, 0x0d, 0x0c, 0x0c, 0x0b, 0x0b, 0x0a, 0x0a, 0x09, 0x0a, 0x09, 0x09, 0x09, 0x08, 0x09, 0x08, 0x09, 0x08, 0x08, 0x08, 0x08, 0x08, 0x08, 0x08, 0x08, 0x08, 0x08, 0x08, 0x08, 0x08, 0x08, 0x08, 0x08, 0x08, 0x08, 0x08, 0x08, 0x08, 0x08, 0x08, 0x09, 0x09, 0x0a, 0x0a, 0x0a, 0x0a, 0x0a, 0x0a, 0x0a, 0x0a, 0x09, 0x09, 0x09, 0x08, 0x09, 0x08, 0x09, 0x09, 0x09, 0x09, 0x09, 0x0b, 0x0b, 0x0b, 0x0d, 0x0e, 0x14, 0x18, 0x1b, 0x56, 0x14, 0x53, 0x56, 0x53, 0x53, 0x0e, 0x53, 0x0e, 0x53, 0x12, 0x53, 0x14, 0x14, 0x1b, 0x1b, 0x1e, 0x26, 0x1e, 0x1b, 0x1b, 0x14, 0x12, 0x53, 0x0e, 0x0d, 0x0d, 0x0d, 0x0d, 0x0d, 0x0e, 0x0e, 0x12, 0x12, 0x12, 0x12, 0x1b, 0x14, 0x18, 0x1b, 0x18, 0x18, 0x1d, 0x1d, 0x1d, 0x22, 0x22, 0x25, 0x2d, 0x2d, 0x2d, 0x22, 0x1c, 0x15, 0x15, 0x15, 0x15, 0x15, 0x0f, 0x15, 0x12, 0x15, 0x12, 0x0f, 0x12, 0x0f, 0x12, 0x12, 0x12, 0x12, 0x12, 0x14, 0x12, 0x14, 0x14, 0x14, 0x14, 0x1b, 0x14, 0x1b, 0x14, 0x1b, 0x14, 0x14, 0x14, 0x14, 0x14, 0x14, 0x14, 0x14, 0x14, 0x14, 0x14, 0x14, 0x14, 0x14, 0x1b, 0x14, 0x1b, 0x1b, 0x1e, 0x1b, 0x1e, 0x1e, 0x1e, 0x20, 0x1b, 0x1d, 0x1d, 0x1d, 0x1d, 0x1d, 0x1d, 0x25, 0x1d, 0x25, 0x25, 0x25, 0x25, 0x25, 0x25, 0x25, 0x25, 0x25, 0x25, 
  0xcf, 0xcf, 0xfa, 0xfa, 0xfa, 0xf7, 0xf7, 0xf6, 0xf6, 0xea, 0xf5, 0xea, 0xea, 0xea, 0xf5, 0xea, 0xf5, 0xf5, 0xf5, 0xf4, 0xf0, 0xfc, 0xed, 0xee, 0xec, 0xec, 0x00, 0x00, 0x00, 0x00, 0x00, 0x00, 0x29, 0x00, 0x29, 0x00, 0x29, 0x00, 0x02, 0x02, 0x3c, 0xfc, 0xfc, 0xfc, 0xfc, 0xfd, 0xfd, 0xfc, 0xfc, 0x3c, 0x3c, 0x3c, 0x38, 0x01, 0x29, 0x29, 0x1a, 0x23, 0x29, 0x29, 0x29, 0x29, 0x29, 0x29, 0x29, 0x29, 0x29, 0x29, 0x23, 0x29, 0x23, 0x29, 0x23, 0x23, 0x23, 0x23, 0x23, 0x23, 0x23, 0x23, 0x23, 0x28, 0x23, 0x28, 0x23, 0x22, 0x23, 0x15, 0x23, 0x1c, 0x22, 0x1c, 0x22, 0x1c, 0x1d, 0x1d, 0x1d, 0x1d, 0x1d, 0x1d, 0x1e, 0x20, 0x1e, 0x1e, 0x1b, 0x1e, 0x1b, 0x1e, 0x1b, 0x1e, 0x1b, 0x1b, 0x1b, 0x14, 0x14, 0x14, 0x14, 0x14, 0x56, 0x14, 0x14, 0x53, 0x0f, 0x53, 0x0e, 0x0e, 0x0d, 0x0c, 0x0c, 0x0b, 0x0b, 0x0a, 0x0a, 0x09, 0x09, 0x09, 0x09, 0x09, 0x08, 0x09, 0x08, 0x08, 0x08, 0x08, 0x08, 0x08, 0x08, 0x08, 0x08, 0x08, 0x08, 0x08, 0x08, 0x08, 0x08, 0x08, 0x08, 0x08, 0x08, 0x08, 0x08, 0x08, 0x08, 0x08, 0x08, 0x09, 0x0a, 0x0b, 0x0a, 0x0d, 0x0d, 0x0d, 0x0d, 0x0d, 0x0d, 0x0d, 0x0b, 0x0a, 0x0a, 0x0a, 0x0a, 0x09, 0x09, 0x09, 0x0a, 0x0a, 0x0b, 0x0b, 0x0c, 0x0e, 0x12, 0x20, 0x1b, 0x1e, 0x1b, 0x14, 0x14, 0x14, 0x53, 0x14, 0x56, 0x14, 0x53, 0x53, 0x53, 0x14, 0x1b, 0x14, 0x1b, 0x1b, 0x1e, 0x26, 0x26, 0x26, 0x1e, 0x1b, 0x1b, 0x14, 0x12, 0x53, 0x0d, 0x0d, 0x0d, 0x0d, 0x0e, 0x0f, 0x12, 0x14, 0x14, 0x14, 0x1b, 0x1b, 0x1e, 0x1b, 0x1e, 0x1b, 0x1d, 0x1d, 0x25, 0x25, 0x2d, 0x2d, 0x33, 0x3b, 0x3b, 0x2d, 0x22, 0x22, 0x1d, 0x1d, 0x1d, 0x1d, 0x12, 0x15, 0x18, 0x15, 0x12, 0x15, 0x12, 0x0f, 0x0f, 0x12, 0x0f, 0x12, 0x12, 0x12, 0x12, 0x14, 0x12, 0x14, 0x14, 0x14, 0x14, 0x14, 0x14, 0x14, 0x14, 0x1b, 0x14, 0x14, 0x14, 0x14, 0x14, 0x14, 0x1b, 0x14, 0x1b, 0x14, 0x1b, 0x14, 0x1b, 0x14, 0x1b, 0x1b, 0x1e, 0x1e, 0x26, 0x1e, 0x26, 0x1e, 0x26, 0x20, 0x20, 0x20, 0x1d, 0x1d, 0x1d, 0x25, 0x1d, 0x25, 0x25, 0x25, 0x25, 0x25, 0x25, 0x25, 0x25, 0x25, 0x25, 0x22, 
  0xcf, 0xcf, 0xcf, 0xcf, 0xcf, 0xfa, 0xfa, 0xf7, 0xe7, 0xf6, 0xea, 0xea, 0xea, 0xea, 0xeb, 0xea, 0xea, 0xea, 0xea, 0xf4, 0xf2, 0xfc, 0xef, 0x3c, 0xed, 0xec, 0x00, 0x00, 0x00, 0x29, 0x63, 0x23, 0x1a, 0x29, 0x1a, 0x00, 0x29, 0x02, 0x01, 0x3c, 0xfc, 0x3c, 0xfc, 0xfc, 0xfd, 0xfd, 0xfd, 0xfd, 0x03, 0xfc, 0x03, 0x3c, 0x38, 0x01, 0x2f, 0x29, 0x17, 0x17, 0x1a, 0x23, 0x1a, 0x23, 0x23, 0x23, 0x23, 0x23, 0x23, 0x23, 0x23, 0x23, 0x23, 0x23, 0x23, 0x23, 0x17, 0x23, 0x16, 0x17, 0x22, 0x23, 0x22, 0x28, 0x28, 0x28, 0x28, 0x22, 0x22, 0x22, 0x16, 0x22, 0x15, 0x1c, 0x1c, 0x1c, 0x1c, 0x1d, 0x1d, 0x1d, 0x1d, 0x1e, 0x1d, 0x1b, 0x1b, 0x1b, 0x1b, 0x1b, 0x1b, 0x1b, 0x1b, 0x1b, 0x1b, 0x14, 0x14, 0x14, 0x14, 0x53, 0x14, 0x53, 0x14, 0x53, 0x53, 0x14, 0x53, 0x0e, 0x0e, 0x0d, 0x0c, 0x0d, 0x0b, 0x0b, 0x0a, 0x0a, 0x09, 0x09, 0x09, 0x09, 0x09, 0x08, 0x09, 0x08, 0x08, 0x08, 0x08, 0x08, 0x08, 0x08, 0x08, 0x08, 0x08, 0x08, 0x08, 0x08, 0x08, 0x09, 0x09, 0x09, 0x09, 0x09, 0x09, 0x09, 0x08, 0x09, 0x08, 0x09, 0x09, 0x0a, 0x0b, 0x0d, 0x54, 0x0f, 0x56, 0x18, 0x14, 0x18, 0x12, 0x0f, 0x0d, 0x0d, 0x0b, 0x0c, 0x0b, 0x0b, 0x0b, 0x0b, 0x0b, 0x0b, 0x0d, 0x0d, 0x0f, 0x18, 0x20, 0x26, 0x26, 0x1e, 0x1b, 0x1b, 0x1b, 0x14, 0x14, 0x14, 0x14, 0x14, 0x14, 0x14, 0x1b, 0x1b, 0x1b, 0x1b, 0x1b, 0x1e, 0x20, 0x26, 0x2c, 0x26, 0x1e, 0x1b, 0x1b, 0x1b, 0x14, 0x12, 0x53, 0x0e, 0x53, 0x0e, 0x12, 0x14, 0x14, 0x1b, 0x1b, 0x1b, 0x1b, 0x1e, 0x1e, 0x1e, 0x1e, 0x20, 0x20, 0x20, 0x2c, 0x3b, 0x39, 0x3b, 0x3b, 0x3b, 0x3b, 0x2d, 0x25, 0x25, 0x1d, 0x25, 0x1d, 0x15, 0x18, 0x15, 0x12, 0x18, 0x18, 0x12, 0x12, 0x12, 0x12, 0x12, 0x12, 0x12, 0x12, 0x14, 0x12, 0x14, 0x14, 0x14, 0x1b, 0x14, 0x1b, 0x1b, 0x1b, 0x1b, 0x1b, 0x14, 0x1b, 0x14, 0x14, 0x1b, 0x1b, 0x1b, 0x1b, 0x1b, 0x1b, 0x1b, 0x1b, 0x1b, 0x1b, 0x1b, 0x1b, 0x1e, 0x26, 0x26, 0x26, 0x26, 0x26, 0x2c, 0x26, 0x26, 0x20, 0x25, 0x20, 0x25, 0x25, 0x25, 0x25, 0x25, 0x25, 0x25, 0x22, 0x25, 0x28, 0x25, 0x28, 0x28, 0x28, 0x25, 
  0xcf, 0xcf, 0xcf, 0xcf, 0xfa, 0xcf, 0xfa, 0xfa, 0xfa, 0xcd, 0xf7, 0xcb, 0xf6, 0xe7, 0xf6, 0xe7, 0xf6, 0xeb, 0xea, 0xf4, 0xf2, 0xef, 0xfc, 0xfc, 0xee, 0x02, 0x00, 0x00, 0x00, 0x29, 0x29, 0x29, 0x1a, 0x29, 0x00, 0x29, 0x00, 0x01, 0x02, 0xfc, 0xfc, 0xfd, 0xfc, 0x05, 0xf4, 0x05, 0xfd, 0xfd, 0xfd, 0xfc, 0x03, 0x03, 0x38, 0x38, 0x29, 0x23, 0x17, 0x17, 0x17, 0x17, 0x23, 0x17, 0x17, 0x17, 0x17, 0x17, 0x17, 0x17, 0x17, 0x17, 0x17, 0x17, 0x16, 0x17, 0x16, 0x16, 0x16, 0x23, 0x16, 0x23, 0x28, 0x28, 0x31, 0x2d, 0x2d, 0x28, 0x22, 0x1c, 0x1c, 0x15, 0x15, 0x1c, 0x1c, 0x1c, 0x1d, 0x1d, 0x1d, 0x1d, 0x20, 0x18, 0x18, 0x1b, 0x18, 0x14, 0x1b, 0x14, 0x1b, 0x1b, 0x1b, 0x14, 0x1b, 0x14, 0x14, 0x14, 0x53, 0x14, 0x53, 0x53, 0x14, 0x53, 0x14, 0x53, 0x0f, 0x53, 0x0e, 0x0e, 0x0d, 0x0d, 0x0c, 0x0b, 0x0b, 0x0a, 0x0a, 0x09, 0x09, 0x09, 0x09, 0x09, 0x09, 0x09, 0x08, 0x08, 0x08, 0x08, 0x08, 0x08, 0x08, 0x08, 0x08, 0x08, 0x08, 0x09, 0x09, 0x09, 0x0a, 0x0a, 0x0a, 0x0a, 0x09, 0x0a, 0x09, 0x09, 0x09, 0x0a, 0x0a, 0x0d, 0x0d, 0x54, 0x56, 0x56, 0x24, 0x24, 0x2a, 0x2a, 0x2a, 0x24, 0x1d, 0x14, 0x0e, 0x0e, 0x0d, 0x0d, 0x0d, 0x0d, 0x0e, 0x0e, 0x0f, 0x18, 0x1d, 0x20, 0x2c, 0x32, 0x2c, 0x2c, 0x26, 0x1e, 0x1e, 0x1b, 0x1b, 0x1b, 0x1b, 0x1b, 0x1b, 0x1e, 0x1b, 0x1e, 0x1e, 0x1e, 0x1e, 0x1e, 0x26, 0x2c, 0x2c, 0x2c, 0x26, 0x26, 0x1e, 0x1b, 0x1b, 0x14, 0x12, 0x53, 0x12, 0x14, 0x14, 0x18, 0x1b, 0x1b, 0x1b, 0x1e, 0x1e, 0x1e, 0x26, 0x26, 0x26, 0x26, 0x20, 0x2c, 0x33, 0x39, 0x35, 0x3b, 0x3b, 0x41, 0x3b, 0x2d, 0x25, 0x25, 0x25, 0x20, 0x1d, 0x20, 0x15, 0x18, 0x1d, 0x18, 0x18, 0x1b, 0x12, 0x14, 0x12, 0x14, 0x14, 0x14, 0x18, 0x14, 0x1b, 0x1b, 0x1b, 0x1b, 0x1b, 0x1b, 0x1b, 0x1e, 0x1b, 0x1e, 0x1b, 0x1e, 0x1b, 0x1b, 0x1b, 0x1b, 0x1b, 0x1e, 0x1e, 0x1e, 0x1e, 0x1e, 0x1e, 0x1e, 0x1e, 0x1e, 0x26, 0x26, 0x26, 0x2c, 0x2c, 0x2c, 0x2c, 0x2c, 0x2c, 0x2c, 0x25, 0x25, 0x25, 0x25, 0x25, 0x25, 0x25, 0x25, 0x28, 0x22, 0x28, 0x28, 0x28, 0x28, 0x2f, 0x2d, 0x2f, 0x2f, 
  0xcf, 0xcf, 0xcf, 0xcf, 0xcf, 0xcf, 0xfa, 0xcf, 0xcf, 0xfa, 0xce, 0xfa, 0xce, 0xfa, 0xce, 0xfa, 0xcd, 0xf7, 0xeb, 0xf4, 0xf2, 0xf2, 0xf2, 0xfc, 0xee, 0x02, 0xec, 0x00, 0x00, 0x29, 0x29, 0x1a, 0x29, 0x29, 0x29, 0x00, 0x01, 0x02, 0x3c, 0xfc, 0xfd, 0xfd, 0xf4, 0xf8, 0xff, 0x05, 0xfe, 0x05, 0x05, 0xfd, 0x03, 0x03, 0x03, 0x31, 0x2f, 0x23, 0x17, 0x17, 0x10, 0x17, 0x17, 0x17, 0x17, 0x17, 0x17, 0x17, 0x17, 0x17, 0x17, 0x17, 0x17, 0x16, 0x17, 0x16, 0x16, 0x16, 0x16, 0x16, 0x22, 0x22, 0x2d, 0x31, 0x33, 0x2d, 0x33, 0x25, 0x25, 0x22, 0x1c, 0x15, 0x1c, 0x15, 0x1d, 0x1c, 0x18, 0x1c, 0x18, 0x18, 0x18, 0x18, 0x14, 0x12, 0x14, 0x12, 0x14, 0x14, 0x14, 0x1b, 0x14, 0x1b, 0x14, 0x1b, 0x14, 0x53, 0x14, 0x53, 0x53, 0x14, 0x53, 0x14, 0x14, 0x14, 0x14, 0x12, 0x12, 0x0e, 0x0e, 0x0e, 0x0d, 0x0b, 0x0b, 0x0b, 0x0a, 0x0a, 0x0a, 0x0a, 0x0a, 0x0a, 0x0a, 0x09, 0x09, 0x09, 0x08, 0x09, 0x08, 0x09, 0x08, 0x08, 0x08, 0x09, 0x09, 0x09, 0x0a, 0x0a, 0x0b, 0x0d, 0x0d, 0x0d, 0x0b, 0x0a, 0x0a, 0x0a, 0x0a, 0x0a, 0x0d, 0x0d, 0x52, 0x53, 0x53, 0x14, 0x1b, 0x24, 0x2c, 0x2c, 0x32, 0x32, 0x2a, 0x26, 0x1b, 0x18, 0x12, 0x12, 0x12, 0x18, 0x18, 0x1b, 0x24, 0x1e, 0x26, 0x2c, 0x39, 0x3e, 0x44, 0x39, 0x32, 0x26, 0x26, 0x20, 0x1e, 0x20, 0x1e, 0x20, 0x1e, 0x20, 0x26, 0x26, 0x26, 0x26, 0x20, 0x26, 0x2c, 0x32, 0x39, 0x32, 0x2c, 0x20, 0x1e, 0x1e, 0x1e, 0x1b, 0x14, 0x1b, 0x14, 0x1b, 0x1e, 0x1e, 0x1e, 0x26, 0x26, 0x1e, 0x26, 0x26, 0x26, 0x26, 0x26, 0x20, 0x25, 0x37, 0x41, 0x3b, 0x3b, 0x3b, 0x42, 0x45, 0x3b, 0x2d, 0x25, 0x25, 0x25, 0x25, 0x20, 0x1d, 0x1d, 0x1d, 0x15, 0x1d, 0x1d, 0x18, 0x18, 0x18, 0x18, 0x18, 0x18, 0x18, 0x1b, 0x18, 0x1e, 0x18, 0x1b, 0x20, 0x1b, 0x20, 0x20, 0x20, 0x26, 0x20, 0x20, 0x20, 0x20, 0x20, 0x20, 0x20, 0x20, 0x20, 0x20, 0x26, 0x26, 0x26, 0x26, 0x26, 0x26, 0x26, 0x26, 0x2c, 0x2c, 0x2c, 0x2c, 0x2c, 0x32, 0x32, 0x32, 0x25, 0x25, 0x25, 0x25, 0x2d, 0x2d, 0x2d, 0x28, 0x2d, 0x28, 0x28, 0x2f, 0x28, 0x2f, 0x2f, 0x2f, 0x01, 0x31, 0x38, 
  0xcf, 0xcf, 0xcf, 0xcf, 0xcf, 0xcf, 0xcf, 0xcf, 0xcf, 0xcf, 0xcf, 0xcf, 0xcf, 0xcf, 0xcf, 0xcf, 0xfa, 0xce, 0xf6, 0xc5, 0xf4, 0xba, 0xfd, 0xf2, 0xfc, 0x3c, 0x02, 0x01, 0x01, 0x00, 0x29, 0x29, 0x29, 0x29, 0x01, 0x01, 0x01, 0x02, 0xfc, 0xfd, 0xfd, 0xf4, 0x4f, 0x07, 0x07, 0x91, 0xfe, 0xfe, 0x05, 0xfe, 0x05, 0x03, 0x3a, 0x31, 0x29, 0x23, 0x17, 0x17, 0x17, 0x10, 0x17, 0x17, 0x17, 0x23, 0x17, 0x17, 0x17, 0x17, 0x17, 0x10, 0x17, 0x10, 0x16, 0x10, 0x16, 0x10, 0x16, 0x16, 0x16, 0x28, 0x2d, 0x33, 0x3b, 0x3b, 0x37, 0x2d, 0x25, 0x22, 0x1d, 0x1c, 0x15, 0x15, 0x18, 0x15, 0x18, 0x12, 0x18, 0x12, 0x12, 0x12, 0x12, 0x12, 0x12, 0x12, 0x14, 0x14, 0x14, 0x1b, 0x1b, 0x1b, 0x1b, 0x1b, 0x14, 0x14, 0x53, 0x14, 0x53, 0x14, 0x14, 0x14, 0x1b, 0x14, 0x1b, 0x14, 0x14, 0x14, 0x12, 0x12, 0x0e, 0x0d, 0x0d, 0x0b, 0x0d, 0x0b, 0x0b, 0x0b, 0x0b, 0x0b, 0x0b, 0x0b, 0x0a, 0x0a, 0x09, 0x0a, 0x09, 0x09, 0x09, 0x09, 0x09, 0x0a, 0x0a, 0x0a, 0x0d, 0x0d, 0x53, 0x0e, 0x54, 0x0e, 0x52, 0x0d, 0x0d, 0x0d, 0x0d, 0x52, 0x0d, 0x53, 0x53, 0x53, 0x53, 0x14, 0x14, 0x1e, 0x1e, 0x2c, 0x2c, 0x32, 0x32, 0x32, 0x2c, 0x26, 0x26, 0x26, 0x2a, 0x26, 0x2a, 0x2c, 0x26, 0x2c, 0x32, 0x3e, 0x44, 0x44, 0x4a, 0x44, 0x44, 0x39, 0x2c, 0x25, 0x26, 0x2c, 0x2e, 0x32, 0x37, 0x37, 0x32, 0x2a, 0x32, 0x32, 0x3e, 0x3e, 0x3e, 0x44, 0x44, 0x44, 0x3e, 0x2c, 0x26, 0x1e, 0x1e, 0x1e, 0x1e, 0x1e, 0x1e, 0x1e, 0x1e, 0x26, 0x26, 0x26, 0x26, 0x2c, 0x26, 0x26, 0x26, 0x25, 0x20, 0x25, 0x41, 0x49, 0x49, 0x45, 0x49, 0x4b, 0x49, 0x4b, 0x45, 0x3b, 0x2d, 0x25, 0x25, 0x25, 0x25, 0x1d, 0x1d, 0x1d, 0x1d, 0x1d, 0x1d, 0x1d, 0x1d, 0x18, 0x1c, 0x18, 0x1c, 0x1d, 0x1c, 0x1d, 0x1c, 0x1d, 0x1d, 0x1c, 0x20, 0x1c, 0x25, 0x22, 0x25, 0x22, 0x25, 0x1d, 0x25, 0x1d, 0x25, 0x20, 0x25, 0x26, 0x25, 0x26, 0x25, 0x26, 0x25, 0x26, 0x25, 0x25, 0x25, 0x25, 0x2d, 0x2d, 0x2d, 0x2d, 0x3b, 0x39, 0x3b, 0x2d, 0x2d, 0x2d, 0x2f, 0x2d, 0x2f, 0x2d, 0x2f, 0x2f, 0x2f, 0x2f, 0x2f, 0x01, 0x01, 0x01, 0x38, 0x38, 0x38, 0x38, 
  0xcf, 0xcf, 0xcf, 0xcf, 0xcf, 0xcf, 0xcf, 0xcf, 0xcf, 0xcf, 0xcf, 0xcf, 0xcf, 0xcf, 0xcf, 0xcf, 0xcf, 0xcf, 0xce, 0xe7, 0xc5, 0xf4, 0xc0, 0xf4, 0xfc, 0x84, 0xee, 0x02, 0x02, 0x01, 0x01, 0x29, 0x00, 0x01, 0x01, 0x01, 0x3c, 0x3c, 0xfc, 0xfd, 0xfe, 0x91, 0xfa, 0xcf, 0x07, 0x4f, 0x91, 0x4e, 0x4f, 0x51, 0x4f, 0x04, 0x3a, 0x31, 0x28, 0x23, 0x23, 0x17, 0x16, 0x17, 0x17, 0x17, 0x23, 0x17, 0x23, 0x17, 0x17, 0x16, 0x17, 0x16, 0x10, 0x10, 0x10, 0x10, 0x10, 0x16, 0x10, 0x16, 0x22, 0x28, 0x2d, 0x3e, 0x44, 0x44, 0x3e, 0x32, 0x2d, 0x20, 0x22, 0x1c, 0x15, 0x12, 0x15, 0x12, 0x0f, 0x12, 0x0f, 0x12, 0x12, 0x12, 0x12, 0x12, 0x53, 0x12, 0x53, 0x14, 0x1b, 0x1b, 0x1b, 0x1b, 0x1e, 0x1b, 0x1b, 0x1b, 0x14, 0x1b, 0x14, 0x1b, 0x1b, 0x1e, 0x1e, 0x1e, 0x1e, 0x1e, 0x1e, 0x1e, 0x1b, 0x1b, 0x18, 0x12, 0x0e, 0x0e, 0x0e, 0x0e, 0x0e, 0x0d, 0x0e, 0x0d, 0x0d, 0x0c, 0x0b, 0x0b, 0x0a, 0x0a, 0x0a, 0x0a, 0x0a, 0x0a, 0x0a, 0x0b, 0x0d, 0x0d, 0x0d, 0x12, 0x12, 0x56, 0x53, 0x53, 0x52, 0x52, 0x52, 0x52, 0x53, 0x53, 0x53, 0x53, 0x53, 0x53, 0x14, 0x14, 0x1b, 0x1b, 0x1e, 0x1e, 0x26, 0x2c, 0x2c, 0x32, 0x39, 0x37, 0x32, 0x37, 0x37, 0x37, 0x39, 0x39, 0x39, 0x3e, 0x44, 0x44, 0x44, 0x44, 0x44, 0x44, 0x4a, 0x44, 0x44, 0x42, 0x44, 0x42, 0x44, 0x4a, 0x44, 0x4a, 0x44, 0x45, 0x4a, 0x4a, 0x4a, 0x4b, 0x4a, 0x4a, 0x4a, 0x4a, 0x4a, 0x3e, 0x2c, 0x2a, 0x26, 0x20, 0x20, 0x20, 0x1e, 0x20, 0x1e, 0x20, 0x20, 0x2c, 0x41, 0x42, 0x3e, 0x32, 0x2a, 0x25, 0x33, 0x42, 0x4c, 0x4c, 0x4c, 0x4c, 0x4d, 0x4c, 0x4d, 0x4c, 0x4c, 0x45, 0x35, 0x25, 0x22, 0x22, 0x1c, 0x22, 0x1c, 0x22, 0x1c, 0x22, 0x1c, 0x1c, 0x15, 0x15, 0x1c, 0x16, 0x1c, 0x16, 0x15, 0x16, 0x1c, 0x16, 0x16, 0x1c, 0x23, 0x22, 0x23, 0x22, 0x28, 0x22, 0x22, 0x22, 0x22, 0x22, 0x22, 0x22, 0x22, 0x22, 0x22, 0x22, 0x22, 0x28, 0x25, 0x28, 0x28, 0x2d, 0x28, 0x2d, 0x3b, 0x3b, 0x40, 0x42, 0x40, 0x40, 0x3b, 0x31, 0x31, 0x2f, 0x31, 0x2f, 0x2f, 0x2f, 0x2f, 0x01, 0x01, 0x01, 0x01, 0x01, 0x01, 0x02, 0x02, 0x02, 0x3c, 0x3c, 
  0xcf, 0xcf, 0xcf, 0xcf, 0xcf, 0xcf, 0xcf, 0xcf, 0xcf, 0xcf, 0xcf, 0xcf, 0xcf, 0xcf, 0xcf, 0xcf, 0xcf, 0xcf, 0xcf, 0xce, 0xf7, 0xc9, 0xeb, 0x91, 0xc0, 0xfc, 0x84, 0x3c, 0x3c, 0x02, 0x01, 0x00, 0x01, 0x01, 0x02, 0x3c, 0x3c, 0xfc, 0xfd, 0x91, 0xf8, 0x07, 0xcf, 0x07, 0x07, 0x50, 0x91, 0x4f, 0x4f, 0x06, 0x51, 0x04, 0x40, 0x2f, 0x2f, 0x28, 0x23, 0x23, 0x17, 0x17, 0x17, 0x23, 0x23, 0x28, 0x23, 0x23, 0x16, 0x17, 0x16, 0x16, 0x10, 0x10, 0x10, 0x10, 0x10, 0x10, 0x16, 0x16, 0x22, 0x25, 0x2d, 0x42, 0x44, 0x4a, 0x3e, 0x2d, 0x2c, 0x20, 0x1d, 0x15, 0x0f, 0x0f, 0x0f, 0x0f, 0x0f, 0x12, 0x12, 0x12, 0x12, 0x14, 0x12, 0x14, 0x12, 0x14, 0x14, 0x14, 0x1b, 0x1e, 0x1e, 0x26, 0x1e, 0x26, 0x1e, 0x1e, 0x1e, 0x1b, 0x1e, 0x1e, 0x1e, 0x26, 0x2c, 0x2c, 0x32, 0x2c, 0x26, 0x26, 0x26, 0x26, 0x24, 0x1b, 0x18, 0x14, 0x18, 0x12, 0x56, 0x12, 0x14, 0x12, 0x18, 0x12, 0x0e, 0x0d, 0x0d, 0x0d, 0x0d, 0x0d, 0x0d, 0x0d, 0x0d, 0x0d, 0x0e, 0x12, 0x14, 0x27, 0x1b, 0x14, 0x53, 0x53, 0x53, 0x53, 0x53, 0x53, 0x53, 0x53, 0x53, 0x53, 0x53, 0x53, 0x53, 0x14, 0x1b, 0x1e, 0x1e, 0x1e, 0x1e, 0x20, 0x26, 0x2c, 0x2c, 0x2c, 0x32, 0x32, 0x39, 0x39, 0x3e, 0x39, 0x44, 0x3e, 0x44, 0x44, 0x44, 0x44, 0x44, 0x44, 0x44, 0x44, 0x4a, 0x44, 0x4a, 0x4a, 0x4a, 0x4a, 0x4a, 0x4a, 0x4a, 0x4a, 0x4a, 0x4a, 0x4a, 0x4a, 0x4e, 0x4a, 0x4e, 0x4a, 0x4a, 0x4a, 0x44, 0x42, 0x41, 0x3e, 0x41, 0x37, 0x2a, 0x2a, 0x25, 0x2a, 0x37, 0x42, 0x49, 0x4a, 0x49, 0x45, 0x42, 0x42, 0x49, 0x4b, 0x4b, 0x4c, 0x4c, 0x4c, 0x4c, 0x4c, 0x4c, 0x4c, 0x4c, 0x4d, 0x49, 0x42, 0x31, 0x2d, 0x28, 0x33, 0x35, 0x35, 0x28, 0x28, 0x22, 0x23, 0x22, 0x23, 0x23, 0x23, 0x17, 0x23, 0x23, 0x23, 0x23, 0x29, 0x23, 0x29, 0x23, 0x29, 0x2f, 0x38, 0x3a, 0x38, 0x2f, 0x2f, 0x2f, 0x31, 0x31, 0x2f, 0x28, 0x2f, 0x31, 0x38, 0x40, 0x3a, 0x38, 0x3a, 0x38, 0x38, 0x3a, 0x03, 0x04, 0x05, 0x05, 0x04, 0x03, 0x3a, 0x38, 0x01, 0x31, 0x01, 0x01, 0x01, 0x01, 0x01, 0x02, 0x01, 0x02, 0x02, 0xee, 0xee, 0xee, 0xee, 0xfc, 0xee, 0xfc, 0xee, 
  0xcf, 0xcf, 0xcf, 0xcf, 0xcf, 0xcf, 0xcf, 0xcf, 0xcf, 0xcf, 0xcf, 0xcf, 0xcf, 0xcf, 0xfa, 0xcf, 0xcf, 0xcf, 0xcf, 0xcf, 0xce, 0xce, 0xcd, 0xcd, 0xc9, 0x91, 0xba, 0x84, 0x84, 0x02, 0x02, 0x02, 0x02, 0x02, 0x3c, 0xfc, 0xfd, 0xfe, 0x50, 0xfa, 0x07, 0xcf, 0x07, 0x50, 0x50, 0x93, 0x4e, 0x91, 0x4e, 0xff, 0x51, 0x05, 0x3a, 0x31, 0x2f, 0x28, 0x23, 0x23, 0x23, 0x17, 0x23, 0x23, 0x28, 0x23, 0x28, 0x23, 0x22, 0x17, 0x1c, 0x17, 0x11, 0x10, 0x10, 0x10, 0x10, 0x11, 0x16, 0x1c, 0x22, 0x25, 0x2d, 0x39, 0x4a, 0x4a, 0x3e, 0x32, 0x26, 0x1d, 0x1c, 0x12, 0x0f, 0x0f, 0x0e, 0x0f, 0x12, 0x12, 0x14, 0x14, 0x14, 0x14, 0x14, 0x14, 0x14, 0x14, 0x1b, 0x1b, 0x1e, 0x1e, 0x26, 0x26, 0x2c, 0x26, 0x26, 0x26, 0x1e, 0x26, 0x1e, 0x26, 0x26, 0x2c, 0x2c, 0x32, 0x32, 0x32, 0x2c, 0x2c, 0x26, 0x26, 0x26, 0x1e, 0x1b, 0x1b, 0x1b, 0x1b, 0x1b, 0x14, 0x1b, 0x1b, 0x1b, 0x1b, 0x18, 0x14, 0x14, 0x56, 0x12, 0x52, 0x0d, 0x53, 0x0e, 0x53, 0x14, 0x1b, 0x24, 0x1e, 0x1b, 0x53, 0x53, 0x53, 0x53, 0x53, 0x52, 0x53, 0x52, 0x53, 0x53, 0x53, 0x53, 0x53, 0x14, 0x14, 0x1b, 0x1b, 0x1e, 0x1e, 0x26, 0x1e, 0x20, 0x1e, 0x26, 0x2c, 0x2c, 0x2c, 0x32, 0x32, 0x39, 0x3e, 0x3e, 0x3e, 0x44, 0x3e, 0x44, 0x44, 0x44, 0x44, 0x45, 0x4a, 0x44, 0x4a, 0x44, 0x4a, 0x4a, 0x4a, 0x4a, 0x4a, 0x4a, 0x4a, 0x4a, 0x4b, 0x4a, 0x4b, 0x4a, 0x4b, 0x4a, 0x4a, 0x4b, 0x4a, 0x4a, 0x4a, 0x4a, 0x49, 0x4a, 0x49, 0x49, 0x42, 0x45, 0x45, 0x49, 0x49, 0x4b, 0x4b, 0x4b, 0x49, 0x4b, 0x4b, 0x4b, 0x4c, 0x4c, 0x4c, 0x4c, 0x8d, 0x4c, 0x8d, 0x4c, 0x8d, 0x4c, 0x4c, 0x4e, 0x4e, 0x4e, 0x4c, 0x4c, 0x4c, 0x4d, 0x4b, 0x47, 0x40, 0x3a, 0x3a, 0x3a, 0x3a, 0x3c, 0x3a, 0x3c, 0x03, 0x84, 0xfd, 0xfd, 0x03, 0xfd, 0xfc, 0xfd, 0xfd, 0xf4, 0xfe, 0x91, 0xfe, 0xfd, 0x03, 0x03, 0x3a, 0x3c, 0x38, 0x3c, 0x03, 0x05, 0xfe, 0xf8, 0xfe, 0xfe, 0xfd, 0xf4, 0xfd, 0x91, 0x91, 0x93, 0x50, 0x06, 0x93, 0x05, 0xfd, 0x03, 0xfc, 0xfc, 0xfc, 0xfc, 0xfc, 0xfc, 0xfc, 0xfc, 0xf2, 0xef, 0xf2, 0xf2, 0xf2, 0xf2, 0xf2, 0xf2, 0xf2, 0xf2, 0xf4, 
  0xcf, 0xcf, 0xcf, 0xcf, 0xcf, 0xcf, 0xcf, 0xcf, 0xcf, 0xcf, 0xcf, 0xcf, 0xcf, 0xcf, 0xcf, 0xcf, 0xcf, 0xcf, 0xcf, 0xcf, 0xce, 0xcf, 0xce, 0xcf, 0xcf, 0xcc, 0xc9, 0xc0, 0xf2, 0xb0, 0x84, 0xee, 0x84, 0x84, 0xf4, 0xf4, 0xc9, 0xfa, 0xfa, 0xfa, 0xcf, 0x07, 0xce, 0x50, 0x50, 0x93, 0x93, 0x4e, 0x4f, 0x4f, 0x06, 0x4c, 0x40, 0x31, 0x31, 0x28, 0x28, 0x22, 0x23, 0x23, 0x23, 0x28, 0x2f, 0x28, 0x28, 0x23, 0x22, 0x23, 0x22, 0x16, 0x16, 0x16, 0x10, 0x11, 0x10, 0x15, 0x16, 0x1c, 0x25, 0x2d, 0x2c, 0x39, 0x44, 0x4a, 0x39, 0x2c, 0x25, 0x1b, 0x15, 0x0f, 0x0f, 0x0e, 0x0f, 0x0f, 0x12, 0x12, 0x18, 0x1b, 0x1b, 0x1b, 0x1b, 0x1b, 0x1b, 0x1b, 0x1b, 0x1e, 0x1e, 0x26, 0x2c, 0x32, 0x32, 0x2c, 0x2c, 0x26, 0x26, 0x26, 0x26, 0x26, 0x26, 0x2c, 0x32, 0x32, 0x39, 0x44, 0x39, 0x2c, 0x2c, 0x26, 0x26, 0x1e, 0x1e, 0x1e, 0x1b, 0x1b, 0x1b, 0x1b, 0x1b, 0x1e, 0x2a, 0x2a, 0x1e, 0x1b, 0x18, 0x14, 0x14, 0x12, 0x14, 0x12, 0x14, 0x1e, 0x24, 0x2a, 0x24, 0x1b, 0x14, 0x14, 0x53, 0x53, 0x53, 0x53, 0x53, 0x53, 0x53, 0x53, 0x53, 0x53, 0x53, 0x53, 0x53, 0x14, 0x14, 0x1b, 0x1e, 0x26, 0x26, 0x26, 0x26, 0x26, 0x20, 0x1e, 0x26, 0x2a, 0x2c, 0x32, 0x32, 0x39, 0x39, 0x3e, 0x3e, 0x44, 0x3e, 0x44, 0x44, 0x44, 0x44, 0x44, 0x44, 0x4a, 0x4a, 0x4a, 0x4a, 0x4a, 0x4b, 0x4a, 0x4a, 0x4b, 0x4a, 0x4a, 0x4b, 0x40, 0x4a, 0x4e, 0x4a, 0x4e, 0x4a, 0x4b, 0x4a, 0x4b, 0x4a, 0x49, 0x49, 0x49, 0x49, 0x49, 0x49, 0x49, 0x49, 0x49, 0x49, 0x4b, 0x4b, 0x4b, 0x4b, 0x4b, 0x4b, 0x4c, 0x4b, 0x4c, 0x4b, 0x4c, 0x4c, 0x4c, 0x4c, 0x4d, 0x4c, 0x4d, 0x4c, 0x4c, 0x4e, 0x4e, 0x4e, 0x4e, 0x4d, 0x4e, 0x4d, 0x4d, 0xfe, 0x4d, 0xfe, 0x8c, 0x05, 0xf4, 0x8c, 0xf4, 0xf4, 0xfe, 0xf4, 0xf8, 0xf8, 0xf8, 0xf8, 0xf6, 0xf6, 0xeb, 0xf6, 0xf6, 0xf8, 0xf4, 0xfc, 0xfc, 0xfc, 0xfd, 0xf4, 0xf8, 0xf8, 0xeb, 0xf6, 0xea, 0xf8, 0xea, 0xf8, 0xeb, 0xea, 0xf6, 0xf6, 0xf6, 0xce, 0xce, 0xcf, 0xcc, 0xf7, 0xc9, 0xf7, 0xf6, 0xf6, 0xea, 0xea, 0xf5, 0xea, 0xf5, 0xea, 0xf5, 0xf5, 0xf5, 0xf5, 0xea, 0xea, 0xea, 0xf6, 0xea, 
  0xcf, 0xfa, 0xcf, 0xcf, 0xcf, 0xcf, 0xcf, 0xcf, 0xcf, 0xcf, 0xcf, 0xcf, 0xcf, 0xcf, 0xcf, 0xcf, 0xcf, 0xcf, 0xcf, 0xcf, 0xcf, 0xcf, 0xcf, 0xcf, 0xcf, 0xce, 0xcd, 0xe7, 0xc9, 0xeb, 0xf8, 0xc5, 0xf8, 0xc9, 0xf6, 0x07, 0xfa, 0xfa, 0xfa, 0xfa, 0xfa, 0xfa, 0xfb, 0x50, 0xff, 0x93, 0xff, 0x50, 0x51, 0x4f, 0x51, 0x4f, 0x03, 0x3a, 0x31, 0x2f, 0x28, 0x2f, 0x23, 0x28, 0x29, 0x28, 0x31, 0x2f, 0x28, 0x28, 0x22, 0x22, 0x22, 0x1c, 0x16, 0x15, 0x16, 0x16, 0x16, 0x15, 0x16, 0x1c, 0x25, 0x25, 0x32, 0x39, 0x44, 0x44, 0x39, 0x32, 0x26, 0x20, 0x15, 0x12, 0x0f, 0x0f, 0x0f, 0x0f, 0x12, 0x18, 0x1b, 0x1b, 0x1b, 0x1e, 0x1e, 0x1e, 0x1e, 0x1e, 0x1e, 0x26, 0x26, 0x26, 0x39, 0x3e, 0x44, 0x39, 0x32, 0x26, 0x2c, 0x26, 0x26, 0x2c, 0x2c, 0x32, 0x32, 0x44, 0x4a, 0x4a, 0x44, 0x44, 0x39, 0x32, 0x32, 0x2c, 0x26, 0x1e, 0x20, 0x1e, 0x20, 0x20, 0x2c, 0x32, 0x39, 0x37, 0x2a, 0x1e, 0x1b, 0x1b, 0x14, 0x1b, 0x14, 0x1e, 0x1e, 0x2a, 0x2a, 0x26, 0x1e, 0x1b, 0x14, 0x14, 0x14, 0x53, 0x14, 0x53, 0x53, 0x52, 0x53, 0x53, 0x53, 0x14, 0x14, 0x14, 0x53, 0x14, 0x14, 0x1b, 0x1b, 0x26, 0x26, 0x2c, 0x26, 0x26, 0x26, 0x26, 0x1e, 0x26, 0x2a, 0x2c, 0x32, 0x32, 0x32, 0x39, 0x3e, 0x3e, 0x44, 0x44, 0x44, 0x4a, 0x44, 0x4a, 0x4a, 0x4a, 0x4a, 0x4a, 0x4a, 0x4a, 0x4a, 0x4a, 0x4b, 0x4a, 0x49, 0x4b, 0x4a, 0x3f, 0x45, 0x49, 0x45, 0x45, 0x4b, 0x4a, 0x4b, 0x4a, 0x4b, 0x4a, 0x49, 0x49, 0x49, 0x49, 0x49, 0x49, 0x49, 0x4b, 0x4b, 0x4b, 0x4b, 0x4b, 0x4b, 0x4c, 0x4b, 0x4c, 0x4c, 0x4c, 0x4c, 0x4c, 0x4c, 0x8d, 0x4c, 0x4c, 0x8d, 0x4c, 0x4d, 0x4d, 0x4d, 0x4d, 0x90, 0x4d, 0x90, 0x4e, 0x91, 0x4d, 0xfe, 0x8c, 0xfe, 0xf4, 0xf4, 0xf4, 0xf2, 0xf4, 0xf2, 0xf4, 0xf4, 0xf4, 0xf4, 0xea, 0xea, 0xea, 0xea, 0xea, 0xea, 0xea, 0xf6, 0xf8, 0xf8, 0xf4, 0xf8, 0xf6, 0xf6, 0xf6, 0xea, 0xea, 0xea, 0xea, 0xea, 0xea, 0xea, 0xea, 0xea, 0xea, 0xeb, 0xeb, 0xe7, 0xce, 0xce, 0xfa, 0xf7, 0xf7, 0xf6, 0xeb, 0xea, 0xf5, 0xea, 0xf5, 0xf5, 0xf5, 0xf5, 0xf5, 0xf5, 0xea, 0xf5, 0xea, 0xea, 0xea, 0xf6, 0xea, 
  0xcf, 0xcf, 0xcf, 0xcf, 0xcf, 0xcf, 0xcf, 0xcf, 0xcf, 0xcf, 0xcf, 0xcf, 0xcf, 0xcf, 0xcf, 0xcf, 0xcf, 0xcf, 0xcf, 0xcf, 0xcf, 0xcf, 0xcf, 0xce, 0xcd, 0xce, 0xce, 0xcd, 0xcd, 0xce, 0xce, 0xfa, 0xfa, 0xfa, 0xfa, 0xfa, 0xfa, 0xfa, 0xfa, 0xfa, 0xfa, 0x07, 0xf7, 0x50, 0xfb, 0x50, 0x06, 0xfb, 0x50, 0x51, 0x50, 0x51, 0x04, 0x40, 0x35, 0x31, 0x31, 0x2f, 0x2f, 0x29, 0x2b, 0x3a, 0x3a, 0x35, 0x31, 0x28, 0x28, 0x28, 0x22, 0x22, 0x1c, 0x22, 0x1c, 0x1c, 0x15, 0x16, 0x15, 0x22, 0x25, 0x2d, 0x32, 0x39, 0x44, 0x44, 0x39, 0x32, 0x26, 0x1d, 0x18, 0x15, 0x12, 0x0f, 0x12, 0x12, 0x18, 0x1b, 0x20, 0x1e, 0x26, 0x26, 0x26, 0x26, 0x26, 0x26, 0x26, 0x20, 0x26, 0x2c, 0x39, 0x44, 0x44, 0x44, 0x3e, 0x32, 0x32, 0x2c, 0x2c, 0x32, 0x32, 0x39, 0x44, 0x44, 0x4a, 0x44, 0x44, 0x3e, 0x3e, 0x3e, 0x39, 0x39, 0x32, 0x2c, 0x2c, 0x26, 0x2c, 0x2c, 0x32, 0x39, 0x3e, 0x39, 0x32, 0x2c, 0x1e, 0x1e, 0x1e, 0x1e, 0x26, 0x2a, 0x32, 0x2c, 0x26, 0x1e, 0x1b, 0x14, 0x1b, 0x14, 0x14, 0x14, 0x14, 0x53, 0x53, 0x53, 0x53, 0x53, 0x53, 0x14, 0x14, 0x14, 0x14, 0x14, 0x14, 0x1b, 0x1b, 0x1e, 0x26, 0x2c, 0x2c, 0x2c, 0x2c, 0x2c, 0x2c, 0x26, 0x26, 0x2a, 0x2a, 0x32, 0x32, 0x37, 0x37, 0x3e, 0x3e, 0x42, 0x44, 0x44, 0x45, 0x4a, 0x45, 0x4a, 0x4a, 0x4a, 0x4a, 0x4a, 0x4a, 0x4b, 0x4a, 0x49, 0x45, 0x45, 0x43, 0x35, 0x2b, 0x46, 0x3f, 0x40, 0x42, 0x4e, 0x4b, 0x4b, 0x4b, 0x4b, 0x49, 0x4b, 0x49, 0x4b, 0x49, 0x4b, 0x4b, 0x4b, 0x46, 0x4b, 0x4b, 0x4c, 0x4b, 0x4c, 0x4c, 0x4b, 0x4c, 0x4c, 0x4c, 0x4d, 0x4c, 0x4c, 0x4d, 0x4d, 0x4d, 0x4d, 0x4d, 0x4e, 0x90, 0x4e, 0x4e, 0x90, 0x4e, 0x90, 0x4e, 0x91, 0x91, 0x91, 0xf4, 0x8c, 0xf4, 0xf4, 0xf4, 0xf4, 0xf4, 0xf4, 0xf3, 0xf4, 0xf5, 0xf4, 0xea, 0xea, 0xea, 0xea, 0xea, 0xea, 0xea, 0xea, 0xea, 0xf6, 0xea, 0xf6, 0xea, 0xf6, 0xea, 0xf6, 0xea, 0xea, 0xea, 0xea, 0xea, 0xea, 0xea, 0xea, 0xeb, 0xf6, 0xf7, 0xce, 0xcf, 0xce, 0xcd, 0xf6, 0xeb, 0xea, 0xea, 0xe9, 0xf5, 0xf5, 0xf5, 0xea, 0xf5, 0xea, 0xf5, 0xf5, 0xea, 0xea, 0xea, 0xf6, 0xf6, 0xf6, 
  0xcf, 0xcf, 0xcf, 0xcf, 0xcf, 0xcf, 0xcf, 0xcf, 0xcf, 0xcf, 0xcf, 0xcf, 0xcf, 0xcf, 0xcf, 0xcf, 0xcf, 0xcf, 0xcf, 0xcf, 0xcf, 0xcf, 0xce, 0xcd, 0xcd, 0xcd, 0xcd, 0xcc, 0xcd, 0xce, 0xce, 0xfa, 0xfa, 0xfa, 0xfa, 0xfa, 0xfa, 0xfa, 0xfa, 0xfa, 0xfa, 0xfa, 0xfa, 0xfa, 0xce, 0x07, 0xce, 0xfb, 0x06, 0x50, 0x51, 0x50, 0x4e, 0x03, 0x3a, 0x38, 0x31, 0x2f, 0x2f, 0x3f, 0x04, 0x48, 0x47, 0x3f, 0x3a, 0x35, 0x2b, 0x28, 0x22, 0x22, 0x22, 0x22, 0x22, 0x22, 0x1c, 0x1c, 0x22, 0x1c, 0x25, 0x2d, 0x32, 0x3e, 0x44, 0x44, 0x39, 0x32, 0x2c, 0x1d, 0x1d, 0x18, 0x15, 0x18, 0x15, 0x18, 0x1d, 0x20, 0x26, 0x2c, 0x26, 0x26, 0x2c, 0x26, 0x26, 0x26, 0x26, 0x26, 0x32, 0x32, 0x3e, 0x44, 0x4a, 0x4a, 0x44, 0x3e, 0x3e, 0x39, 0x3e, 0x3e, 0x3e, 0x44, 0x44, 0x4a, 0x44, 0x4a, 0x44, 0x3e, 0x39, 0x39, 0x39, 0x3e, 0x3e, 0x3e, 0x3e, 0x39, 0x39, 0x3e, 0x3e, 0x39, 0x39, 0x32, 0x32, 0x32, 0x2c, 0x26, 0x26, 0x2c, 0x32, 0x32, 0x32, 0x2a, 0x26, 0x1e, 0x1b, 0x1b, 0x1b, 0x14, 0x14, 0x14, 0x14, 0x53, 0x53, 0x53, 0x53, 0x14, 0x14, 0x14, 0x1b, 0x1e, 0x1b, 0x14, 0x14, 0x1b, 0x1b, 0x1e, 0x26, 0x2c, 0x32, 0x2c, 0x2c, 0x2c, 0x32, 0x2c, 0x2a, 0x2c, 0x2a, 0x2a, 0x32, 0x32, 0x37, 0x39, 0x37, 0x3e, 0x41, 0x44, 0x45, 0x44, 0x45, 0x4a, 0x4a, 0x4a, 0x4a, 0x4a, 0x4b, 0x41, 0x3b, 0x49, 0x43, 0x3f, 0x2b, 0x11, 0x11, 0x35, 0x2b, 0x23, 0x3b, 0x4e, 0x4a, 0x4e, 0x4a, 0x4b, 0x4b, 0x4b, 0x49, 0x4b, 0x46, 0x4b, 0x4b, 0x4b, 0x4b, 0x4b, 0x4b, 0x4b, 0x4c, 0x4c, 0x4c, 0x4c, 0x4c, 0x4c, 0x4c, 0x4d, 0x4d, 0x4d, 0x4c, 0x4d, 0x4d, 0x4d, 0x4d, 0x4d, 0x4e, 0x90, 0x4f, 0x4f, 0x4f, 0x4f, 0x93, 0x90, 0x91, 0x91, 0x91, 0xf4, 0xc0, 0xf4, 0xf4, 0xf4, 0xf4, 0xf2, 0xf4, 0xf2, 0xf4, 0xf5, 0xf4, 0xf5, 0xe9, 0xf5, 0xe9, 0xea, 0xea, 0xea, 0xea, 0xea, 0xea, 0xea, 0xea, 0xea, 0xea, 0xea, 0xf6, 0xea, 0xea, 0xea, 0xf5, 0xea, 0xe9, 0xea, 0xeb, 0xe7, 0xcd, 0xcf, 0xcf, 0xcf, 0xf7, 0xe7, 0xeb, 0xeb, 0xea, 0xea, 0xf5, 0xea, 0xf5, 0xea, 0xea, 0xea, 0xea, 0xea, 0xea, 0xf6, 0xea, 0xf6, 0xf6, 0xf6, 
  0xcf, 0xcf, 0xcf, 0xcf, 0xcf, 0xcf, 0xcf, 0xcf, 0xcf, 0xcf, 0xcf, 0xcf, 0xcf, 0xcf, 0xcf, 0xcf, 0xcf, 0xcf, 0xcf, 0xcf, 0xcf, 0xcf, 0xce, 0xce, 0xcb, 0xcb, 0xcd, 0xcb, 0xcc, 0xce, 0xcf, 0xcf, 0xfa, 0xfa, 0xfa, 0xfa, 0xfa, 0xfa, 0xfa, 0xf9, 0xfa, 0xfa, 0xfa, 0xfa, 0xce, 0xfb, 0x07, 0xfb, 0x50, 0xfb, 0x50, 0x50, 0x4f, 0x8d, 0x03, 0x40, 0x38, 0x3f, 0x3c, 0x47, 0x90, 0x4d, 0x8c, 0x47, 0x87, 0x3f, 0x3f, 0x35, 0x2b, 0x22, 0x22, 0x25, 0x22, 0x22, 0x22, 0x22, 0x22, 0x22, 0x2d, 0x25, 0x3b, 0x39, 0x44, 0x3e, 0x39, 0x32, 0x25, 0x26, 0x1d, 0x1d, 0x18, 0x15, 0x1b, 0x1d, 0x26, 0x2c, 0x2c, 0x2c, 0x2c, 0x32, 0x2c, 0x32, 0x2c, 0x2c, 0x2c, 0x32, 0x37, 0x3e, 0x44, 0x4a, 0x4a, 0x4a, 0x45, 0x44, 0x44, 0x44, 0x44, 0x44, 0x44, 0x44, 0x44, 0x4a, 0x44, 0x44, 0x44, 0x44, 0x3e, 0x3e, 0x3e, 0x3e, 0x44, 0x3e, 0x44, 0x3e, 0x3e, 0x3e, 0x32, 0x39, 0x32, 0x32, 0x32, 0x2c, 0x32, 0x32, 0x32, 0x32, 0x32, 0x32, 0x2c, 0x26, 0x1e, 0x1b, 0x1b, 0x1e, 0x1b, 0x1b, 0x1b, 0x1b, 0x14, 0x53, 0x14, 0x14, 0x14, 0x53, 0x14, 0x1b, 0x1b, 0x1e, 0x1b, 0x1b, 0x1b, 0x1b, 0x1e, 0x1e, 0x26, 0x2c, 0x32, 0x32, 0x32, 0x32, 0x32, 0x37, 0x32, 0x37, 0x32, 0x32, 0x2a, 0x2c, 0x32, 0x37, 0x41, 0x41, 0x41, 0x41, 0x44, 0x42, 0x4a, 0x42, 0x4a, 0x4a, 0x4a, 0x4a, 0x4b, 0x42, 0x36, 0x3b, 0x3d, 0x2b, 0x11, 0x11, 0x13, 0x19, 0x11, 0x1f, 0x45, 0x4e, 0x4b, 0x4b, 0x4b, 0x4b, 0x4b, 0x4b, 0x4b, 0x4b, 0x4b, 0x4b, 0x4b, 0x4b, 0x4b, 0x4b, 0x4b, 0x4b, 0x4b, 0x4c, 0x4c, 0x4c, 0x4d, 0x4c, 0x4d, 0x4d, 0x4c, 0x4d, 0x4d, 0x4e, 0x4d, 0x4e, 0x4e, 0x90, 0x4e, 0x4f, 0x4f, 0x4f, 0x93, 0x4f, 0x93, 0x93, 0x93, 0xc9, 0x91, 0x91, 0x91, 0xf4, 0xf4, 0xf4, 0xf4, 0xf4, 0xf2, 0xf4, 0xf2, 0xf2, 0xe9, 0xf2, 0xe9, 0xf4, 0xe9, 0xe9, 0xe9, 0xe9, 0xe9, 0xe9, 0xe9, 0xea, 0xea, 0xea, 0xea, 0xea, 0xea, 0xea, 0xea, 0xf5, 0xe9, 0xe9, 0xe9, 0xeb, 0xeb, 0xcb, 0xce, 0xcf, 0xcf, 0xce, 0xce, 0xcb, 0xeb, 0xeb, 0xe9, 0xea, 0xe9, 0xea, 0xea, 0xea, 0xea, 0xea, 0xea, 0xf6, 0xea, 0xf6, 0xf6, 0xf6, 0xf6, 0xf7, 
  0xcf, 0xcf, 0xcf, 0xcf, 0xcf, 0xcf, 0xcf, 0xcf, 0xcf, 0xcf, 0xcf, 0xcf, 0xcf, 0xcf, 0xcf, 0xcf, 0xcf, 0xfa, 0xcf, 0xcf, 0xcf, 0xcf, 0xce, 0xcd, 0xcb, 0xcb, 0xcb, 0xcb, 0xcd, 0xcd, 0xcf, 0xcf, 0xfa, 0xfa, 0xfa, 0xfa, 0xfa, 0xce, 0xf7, 0xcd, 0xf7, 0xf7, 0xfa, 0xce, 0xf9, 0xce, 0xfb, 0xfb, 0xfb, 0x51, 0x06, 0x93, 0x51, 0x91, 0x4e, 0xfd, 0x47, 0x05, 0x8d, 0x4d, 0x8c, 0x8c, 0x47, 0x8c, 0x4d, 0x8d, 0x47, 0x46, 0x3f, 0x33, 0x2b, 0x22, 0x28, 0x25, 0x22, 0x22, 0x22, 0x22, 0x28, 0x2d, 0x2d, 0x3b, 0x39, 0x3b, 0x39, 0x2d, 0x2c, 0x25, 0x22, 0x1d, 0x1d, 0x20, 0x1d, 0x26, 0x26, 0x2c, 0x32, 0x39, 0x3e, 0x3e, 0x3e, 0x3e, 0x39, 0x3e, 0x41, 0x44, 0x42, 0x44, 0x45, 0x4a, 0x4a, 0x4a, 0x4a, 0x4a, 0x45, 0x44, 0x45, 0x44, 0x44, 0x44, 0x44, 0x44, 0x44, 0x44, 0x44, 0x44, 0x44, 0x44, 0x44, 0x44, 0x44, 0x44, 0x3e, 0x3e, 0x39, 0x39, 0x32, 0x32, 0x2c, 0x32, 0x2c, 0x32, 0x32, 0x32, 0x32, 0x32, 0x32, 0x2c, 0x2c, 0x26, 0x1e, 0x1e, 0x1e, 0x1b, 0x1b, 0x1b, 0x1b, 0x1b, 0x14, 0x14, 0x14, 0x14, 0x14, 0x14, 0x14, 0x1e, 0x1e, 0x1e, 0x26, 0x1e, 0x1b, 0x1b, 0x1b, 0x1e, 0x1e, 0x26, 0x2c, 0x32, 0x32, 0x39, 0x32, 0x39, 0x32, 0x39, 0x37, 0x37, 0x37, 0x32, 0x37, 0x37, 0x37, 0x41, 0x41, 0x42, 0x41, 0x45, 0x42, 0x44, 0x3b, 0x42, 0x4a, 0x4b, 0x4a, 0x49, 0x46, 0x69, 0x1f, 0x13, 0x0d, 0x71, 0x2b, 0x21, 0x0c, 0x40, 0x4f, 0x4b, 0x4b, 0x4b, 0x4b, 0x4b, 0x4c, 0x49, 0x46, 0x4b, 0x4b, 0x4b, 0x4b, 0x4b, 0x4b, 0x4c, 0x4b, 0x4c, 0x4c, 0x4c, 0x4c, 0x4c, 0x4e, 0x4c, 0x4e, 0x4d, 0x4e, 0x4e, 0x4e, 0x4e, 0x4e, 0x4e, 0x4e, 0x4f, 0x4f, 0x4f, 0x4f, 0x4f, 0x4f, 0x50, 0x93, 0x50, 0x93, 0x93, 0xc9, 0x91, 0xc5, 0xf4, 0xc0, 0xf4, 0xba, 0xf2, 0xba, 0xf2, 0xba, 0xf4, 0xf2, 0xf4, 0xf3, 0xc0, 0xf5, 0xba, 0xf5, 0xe9, 0xe9, 0xe9, 0xe9, 0xea, 0xe9, 0xea, 0xe9, 0xea, 0xea, 0xe9, 0xf5, 0xe9, 0xe9, 0xe9, 0xe9, 0xe6, 0xeb, 0xcb, 0xfa, 0xcf, 0xcf, 0xcf, 0xce, 0xcb, 0xe7, 0xeb, 0xe9, 0xeb, 0xea, 0xea, 0xeb, 0xea, 0xeb, 0xea, 0xeb, 0xea, 0xf6, 0xf6, 0xf6, 0xf7, 0xf7, 0xf7, 
  0xcf, 0xcf, 0xcf, 0xcf, 0xcf, 0xcf, 0xcf, 0xcf, 0xcf, 0xcf, 0xcf, 0xcf, 0xcf, 0xcf, 0xcf, 0xcf, 0xcf, 0xcf, 0xcf, 0xcf, 0xcf, 0xcf, 0xce, 0xcd, 0xcb, 0xcb, 0xe7, 0xcb, 0xcb, 0xcb, 0xce, 0xce, 0xfa, 0xfa, 0xfa, 0xf7, 0xf7, 0xf7, 0xf6, 0xf7, 0xe7, 0xf7, 0xf7, 0xf9, 0xce, 0xf7, 0xfb, 0xfb, 0xfb, 0xfb, 0xfb, 0xfb, 0x50, 0x4f, 0x93, 0x4e, 0x91, 0x90, 0xfe, 0x8c, 0x8c, 0x8c, 0x8c, 0x8c, 0x47, 0x8c, 0x8d, 0x4d, 0x4c, 0x46, 0x3b, 0x33, 0x28, 0x2b, 0x28, 0x2f, 0x28, 0x28, 0x2f, 0x28, 0x2f, 0x28, 0x2f, 0x3b, 0x3b, 0x35, 0x28, 0x22, 0x25, 0x22, 0x25, 0x22, 0x25, 0x25, 0x25, 0x33, 0x3e, 0x45, 0x44, 0x45, 0x44, 0x4a, 0x45, 0x4a, 0x45, 0x44, 0x45, 0x4a, 0x45, 0x4a, 0x45, 0x4a, 0x45, 0x4a, 0x45, 0x4a, 0x44, 0x44, 0x45, 0x44, 0x45, 0x44, 0x44, 0x44, 0x44, 0x44, 0x44, 0x44, 0x44, 0x44, 0x44, 0x3e, 0x44, 0x3e, 0x39, 0x32, 0x32, 0x32, 0x2c, 0x32, 0x32, 0x32, 0x32, 0x32, 0x32, 0x32, 0x32, 0x2c, 0x26, 0x20, 0x1e, 0x1e, 0x1e, 0x1e, 0x1e, 0x1b, 0x1e, 0x1b, 0x14, 0x14, 0x1b, 0x14, 0x14, 0x14, 0x1b, 0x1b, 0x1e, 0x26, 0x26, 0x1e, 0x1e, 0x1b, 0x1e, 0x1e, 0x26, 0x26, 0x2c, 0x32, 0x32, 0x39, 0x39, 0x39, 0x39, 0x39, 0x39, 0x3e, 0x3e, 0x3e, 0x37, 0x37, 0x37, 0x37, 0x3e, 0x41, 0x42, 0x44, 0x42, 0x45, 0x49, 0x45, 0x3b, 0x45, 0x46, 0x43, 0x43, 0x1f, 0x11, 0x0d, 0x21, 0x7a, 0x82, 0x82, 0x1f, 0x2b, 0x46, 0x4b, 0x4b, 0x4b, 0x4e, 0x4e, 0x40, 0x35, 0x49, 0x4c, 0x4b, 0x4b, 0x4b, 0x4c, 0x4b, 0x4c, 0x4c, 0x4b, 0x4c, 0x4c, 0x4c, 0x4e, 0x4d, 0x4e, 0x4e, 0x4e, 0x4e, 0x4e, 0x4e, 0x4f, 0x4e, 0x4f, 0x4f, 0x4f, 0x4f, 0x4f, 0x4f, 0x51, 0x50, 0x51, 0x50, 0x50, 0x50, 0xcc, 0x50, 0x94, 0xf8, 0xc5, 0xf4, 0xf4, 0xf4, 0xba, 0xf2, 0xba, 0xf2, 0xba, 0xf2, 0xba, 0xba, 0xe9, 0xba, 0xe9, 0xc0, 0xe9, 0xe9, 0xe9, 0xea, 0xe9, 0xea, 0xe9, 0xea, 0xe9, 0xe9, 0xe9, 0xe9, 0xe9, 0xe9, 0xe9, 0xe9, 0xe6, 0xca, 0xcb, 0xce, 0xcf, 0xfa, 0xcf, 0xce, 0xcd, 0xe7, 0xca, 0xeb, 0xe6, 0xeb, 0xe6, 0xea, 0xeb, 0xea, 0xf6, 0xeb, 0xf6, 0xf6, 0xf6, 0xf7, 0xf7, 0xf9, 0xf9, 
  0xcf, 0xcf, 0xcf, 0xcf, 0xcf, 0xcf, 0xcf, 0xcf, 0xcf, 0xcf, 0xcf, 0xcf, 0xcf, 0xcf, 0xcf, 0xcf, 0xcf, 0xcf, 0xcf, 0xcf, 0xcf, 0xcf, 0xcf, 0xce, 0xcc, 0xcb, 0xcb, 0xe7, 0xcb, 0xf7, 0xcd, 0xf7, 0xcd, 0xf7, 0xf6, 0xe7, 0xf6, 0xe7, 0xe7, 0xeb, 0xf6, 0xe7, 0xf7, 0xcd, 0xf7, 0xfb, 0xf7, 0xfb, 0xfb, 0x51, 0xfb, 0x51, 0xff, 0x4f, 0x4f, 0x91, 0x4d, 0x8c, 0x4d, 0x8c, 0xfe, 0x8d, 0x8c, 0x8c, 0x4d, 0x8c, 0x4c, 0x8c, 0x4d, 0x4e, 0x4d, 0x46, 0x40, 0x40, 0x3a, 0x3a, 0x35, 0x2f, 0x23, 0x23, 0x23, 0x2f, 0x2f, 0x40, 0x03, 0x40, 0x3b, 0x28, 0x28, 0x22, 0x25, 0x22, 0x25, 0x2d, 0x42, 0x45, 0x45, 0x4a, 0x49, 0x4a, 0x49, 0x4a, 0x4a, 0x49, 0x4a, 0x45, 0x45, 0x45, 0x45, 0x45, 0x45, 0x45, 0x4a, 0x49, 0x4a, 0x45, 0x45, 0x44, 0x45, 0x44, 0x4a, 0x44, 0x44, 0x44, 0x44, 0x44, 0x44, 0x44, 0x44, 0x44, 0x44, 0x3e, 0x3e, 0x39, 0x39, 0x32, 0x32, 0x32, 0x32, 0x32, 0x32, 0x32, 0x32, 0x32, 0x32, 0x32, 0x32, 0x2c, 0x20, 0x26, 0x1e, 0x26, 0x1e, 0x1e, 0x1e, 0x1e, 0x1e, 0x1b, 0x1b, 0x1b, 0x1b, 0x1b, 0x1b, 0x14, 0x1b, 0x1e, 0x26, 0x26, 0x2c, 0x2c, 0x26, 0x1e, 0x1e, 0x1e, 0x26, 0x26, 0x2c, 0x32, 0x32, 0x32, 0x39, 0x3e, 0x39, 0x3e, 0x3e, 0x3e, 0x44, 0x42, 0x44, 0x42, 0x41, 0x41, 0x37, 0x41, 0x41, 0x41, 0x42, 0x45, 0x41, 0x45, 0x43, 0x35, 0x43, 0x43, 0x2b, 0x58, 0x0d, 0x13, 0x7a, 0x71, 0x82, 0x82, 0x67, 0x11, 0x35, 0x4c, 0x4f, 0x4b, 0x40, 0x35, 0x35, 0x04, 0x46, 0x49, 0x49, 0x4b, 0x4b, 0x4c, 0x4b, 0x4c, 0x4c, 0x4c, 0x4c, 0x4c, 0x4c, 0x4e, 0x4e, 0x4e, 0x4e, 0x4e, 0x4f, 0x4e, 0x4f, 0x4f, 0x4f, 0x4f, 0x4f, 0x4f, 0x4f, 0x51, 0x4f, 0x51, 0x50, 0x51, 0xfb, 0x06, 0xfb, 0x06, 0xcc, 0xfb, 0xc9, 0xf8, 0xc5, 0xf4, 0xba, 0xf2, 0xba, 0xf2, 0xba, 0xf2, 0xba, 0xf2, 0xf4, 0xba, 0xf4, 0xe4, 0xf4, 0xe9, 0xc5, 0xea, 0xea, 0xea, 0xe9, 0xea, 0xe9, 0xe9, 0xe9, 0xe9, 0xe9, 0xe9, 0xe9, 0xe4, 0xe5, 0xe6, 0xca, 0xcb, 0xcf, 0xcf, 0xfa, 0xcf, 0xce, 0xcd, 0xcb, 0xe7, 0xc8, 0xeb, 0xe6, 0xeb, 0xeb, 0xeb, 0xeb, 0xeb, 0xf6, 0xe7, 0xf7, 0xf7, 0xf9, 0xf9, 0xfa, 0xf9, 
  0xcf, 0xcf, 0xcf, 0xcf, 0xcf, 0xcf, 0xcf, 0xcf, 0xcf, 0xcf, 0xcf, 0xcf, 0xcf, 0xcf, 0xcf, 0xcf, 0xcf, 0xcf, 0xcf, 0xcf, 0xcf, 0xcf, 0xcf, 0xcf, 0xce, 0xcd, 0xe7, 0xcb, 0xcb, 0xcb, 0xe7, 0xe7, 0xe7, 0xeb, 0xc5, 0xe9, 0xc5, 0xeb, 0xc9, 0xc5, 0xc9, 0xf6, 0xe7, 0xf7, 0xcc, 0xf7, 0xfb, 0xfb, 0xfb, 0xfb, 0x93, 0xfb, 0x93, 0xff, 0x91, 0x91, 0xfe, 0x91, 0xfe, 0x4d, 0x91, 0x4d, 0x91, 0x4d, 0x4d, 0x4d, 0x4d, 0x4d, 0x4d, 0x4d, 0x4d, 0x4d, 0x4c, 0x47, 0x46, 0x87, 0x40, 0x01, 0x01, 0x29, 0x01, 0x01, 0x38, 0x03, 0x04, 0x04, 0x04, 0x40, 0x3b, 0x31, 0x31, 0x2d, 0x40, 0x45, 0x49, 0x49, 0x49, 0x49, 0x49, 0x49, 0x49, 0x49, 0x45, 0x49, 0x45, 0x45, 0x45, 0x45, 0x45, 0x45, 0x45, 0x45, 0x49, 0x4a, 0x4a, 0x4a, 0x4a, 0x4a, 0x4a, 0x44, 0x4a, 0x44, 0x4a, 0x44, 0x44, 0x44, 0x44, 0x44, 0x44, 0x44, 0x3e, 0x44, 0x3e, 0x39, 0x39, 0x32, 0x39, 0x32, 0x32, 0x32, 0x32, 0x32, 0x32, 0x32, 0x32, 0x32, 0x2c, 0x26, 0x1e, 0x26, 0x26, 0x26, 0x1e, 0x1e, 0x1e, 0x1e, 0x26, 0x1b, 0x1b, 0x1b, 0x1b, 0x1b, 0x1b, 0x1b, 0x1b, 0x1e, 0x26, 0x26, 0x2c, 0x2c, 0x26, 0x26, 0x20, 0x1e, 0x26, 0x26, 0x2c, 0x32, 0x32, 0x32, 0x39, 0x3e, 0x3e, 0x3e, 0x3e, 0x42, 0x3e, 0x3e, 0x42, 0x4a, 0x49, 0x49, 0x49, 0x45, 0x42, 0x45, 0x45, 0x49, 0x41, 0x2b, 0x4b, 0x43, 0x2b, 0x3d, 0x58, 0x11, 0x58, 0x67, 0x7a, 0x82, 0x7e, 0x7f, 0x1f, 0x19, 0x3f, 0x43, 0x31, 0x2b, 0x35, 0x46, 0x4e, 0x51, 0x51, 0x4e, 0x4f, 0x4e, 0x4e, 0x4c, 0x4c, 0x4c, 0x4c, 0x4c, 0x4e, 0x4c, 0x4e, 0x4e, 0x4e, 0x4e, 0x4e, 0x4f, 0x4f, 0x4f, 0x4f, 0x4f, 0x51, 0x4f, 0x51, 0x4f, 0x51, 0x4f, 0x51, 0x51, 0x51, 0x06, 0x06, 0x07, 0x06, 0xce, 0x07, 0xcd, 0x50, 0xc5, 0x91, 0xc0, 0xba, 0xba, 0xba, 0xba, 0xba, 0xba, 0xba, 0xc0, 0xf4, 0xc2, 0xf4, 0xe4, 0xc5, 0xe9, 0xeb, 0xea, 0xe6, 0xea, 0xea, 0xe9, 0xe9, 0xe9, 0xe9, 0xe9, 0xe9, 0xe9, 0xe9, 0xc2, 0xe9, 0xe6, 0xe7, 0xcb, 0xcf, 0xcf, 0xcf, 0xcf, 0xcf, 0xce, 0xcd, 0xe7, 0xca, 0xc8, 0xc8, 0xc8, 0xc8, 0xeb, 0xeb, 0xe7, 0xe7, 0xf7, 0xf7, 0xce, 0xfa, 0xfa, 0xfa, 0xfa, 
  0xcf, 0xcf, 0xcf, 0xcf, 0xcf, 0xcf, 0xcf, 0xcf, 0xcf, 0xcf, 0xcf, 0xcf, 0xcf, 0xcf, 0xcf, 0xcf, 0xcf, 0xcf, 0xcf, 0xcf, 0xcf, 0xcf, 0xcf, 0xcf, 0xcf, 0xcd, 0xcb, 0xcb, 0xcb, 0xcb, 0xeb, 0xeb, 0xeb, 0xe6, 0xc5, 0xba, 0xc5, 0xc5, 0xc9, 0xc5, 0xc5, 0xc5, 0xc9, 0xf7, 0xcd, 0xf7, 0xcc, 0xf7, 0x06, 0xfb, 0xfb, 0x50, 0xff, 0x93, 0xff, 0x91, 0x91, 0xfe, 0x90, 0xfe, 0x90, 0x91, 0x4d, 0x90, 0x90, 0x4e, 0x90, 0x4e, 0x90, 0x4d, 0x4d, 0x4c, 0x4d, 0x8d, 0x47, 0x87, 0x3c, 0x3c, 0x3c, 0x3c, 0x01, 0x3c, 0x03, 0x03, 0x03, 0x04, 0x47, 0x04, 0x04, 0x40, 0x45, 0x04, 0x49, 0x4b, 0x4b, 0x49, 0x4b, 0x49, 0x49, 0x49, 0x49, 0x45, 0x49, 0x45, 0x45, 0x42, 0x45, 0x42, 0x42, 0x42, 0x45, 0x45, 0x4a, 0x49, 0x4a, 0x4a, 0x4a, 0x4a, 0x4a, 0x4a, 0x44, 0x4a, 0x44, 0x4a, 0x44, 0x4a, 0x44, 0x44, 0x44, 0x44, 0x44, 0x3e, 0x3e, 0x3e, 0x39, 0x39, 0x39, 0x39, 0x32, 0x39, 0x32, 0x39, 0x32, 0x39, 0x32, 0x2c, 0x2c, 0x26, 0x26, 0x2c, 0x26, 0x26, 0x26, 0x1e, 0x26, 0x26, 0x26, 0x1b, 0x1b, 0x1b, 0x1e, 0x1e, 0x1b, 0x1b, 0x1b, 0x26, 0x26, 0x2c, 0x2c, 0x2c, 0x2c, 0x2c, 0x1e, 0x26, 0x26, 0x2c, 0x2c, 0x2c, 0x32, 0x32, 0x39, 0x39, 0x3e, 0x44, 0x44, 0x44, 0x42, 0x33, 0x33, 0x33, 0x33, 0x33, 0x33, 0x33, 0x33, 0x36, 0x33, 0x2b, 0x3d, 0x36, 0x36, 0x3f, 0x2b, 0x19, 0x13, 0x13, 0x5f, 0x7a, 0x7e, 0x85, 0x82, 0x85, 0x69, 0x58, 0x2b, 0x34, 0x75, 0x46, 0x8d, 0x46, 0x38, 0x31, 0x2f, 0x31, 0x35, 0x3a, 0x04, 0x4e, 0x4c, 0x4e, 0x4c, 0x4e, 0x4c, 0x4e, 0x4e, 0x4e, 0x4e, 0x4f, 0x4f, 0x4f, 0x4f, 0x4f, 0x51, 0x4f, 0x51, 0x4f, 0x51, 0x51, 0x51, 0x51, 0x51, 0x06, 0x06, 0x06, 0x06, 0x06, 0x07, 0x07, 0xcf, 0xcf, 0xcc, 0xc9, 0xc5, 0xc0, 0xf4, 0xba, 0xba, 0xba, 0xba, 0xba, 0xf4, 0xc0, 0xf4, 0xc2, 0xc2, 0xc5, 0xe9, 0xeb, 0xeb, 0xeb, 0xeb, 0xea, 0xe6, 0xea, 0xe9, 0xe9, 0xe9, 0xe9, 0xe9, 0xe9, 0xe4, 0xe9, 0xc6, 0xe6, 0xe7, 0xcd, 0xcf, 0xcf, 0xcf, 0xcf, 0xcf, 0xcf, 0xce, 0xcc, 0xca, 0xca, 0xc8, 0xca, 0xc8, 0xca, 0xe7, 0xe7, 0xf7, 0xcd, 0xfa, 0xfa, 0xfa, 0xfa, 0xfa, 0xfa, 
  0xcf, 0xcf, 0xcf, 0xcf, 0xcf, 0xcf, 0xcf, 0xcf, 0xcf, 0xcf, 0xcf, 0xcf, 0xcf, 0xcf, 0xfa, 0xcf, 0xcf, 0xcf, 0xcf, 0xcf, 0xcf, 0xcf, 0xcf, 0xcf, 0xce, 0xcf, 0xcd, 0xcb, 0xe7, 0xca, 0xe6, 0xe6, 0xc5, 0xc5, 0xc2, 0xc0, 0xc0, 0x92, 0x92, 0xc6, 0x91, 0xc5, 0xc5, 0xcb, 0xf7, 0xcd, 0xf7, 0xfb, 0xf7, 0xfb, 0xcc, 0x50, 0xc9, 0x93, 0x93, 0x4f, 0x91, 0x4f, 0x91, 0x4f, 0x91, 0x4f, 0x93, 0x4f, 0x4f, 0x4f, 0x4f, 0x4f, 0x4e, 0x4e, 0x4d, 0x4d, 0x4c, 0x8d, 0x47, 0x87, 0x3c, 0x81, 0x01, 0x02, 0x02, 0x02, 0x3c, 0x3c, 0x84, 0x03, 0x87, 0x04, 0x46, 0x04, 0x47, 0x49, 0x4b, 0x46, 0x49, 0x46, 0x49, 0x49, 0x49, 0x46, 0x45, 0x46, 0x45, 0x46, 0x42, 0x45, 0x42, 0x42, 0x42, 0x42, 0x45, 0x45, 0x49, 0x4a, 0x4a, 0x4a, 0x4a, 0x4a, 0x4a, 0x4a, 0x4a, 0x44, 0x4a, 0x44, 0x4a, 0x44, 0x44, 0x44, 0x44, 0x3e, 0x44, 0x3e, 0x44, 0x3e, 0x3e, 0x39, 0x39, 0x39, 0x39, 0x32, 0x39, 0x32, 0x39, 0x32, 0x32, 0x2c, 0x26, 0x2c, 0x2c, 0x2c, 0x2c, 0x26, 0x26, 0x26, 0x26, 0x26, 0x26, 0x1b, 0x1e, 0x1e, 0x1e, 0x1e, 0x1e, 0x1b, 0x1e, 0x1e, 0x2c, 0x32, 0x2c, 0x32, 0x2c, 0x32, 0x2c, 0x26, 0x26, 0x2c, 0x2c, 0x2c, 0x32, 0x39, 0x37, 0x39, 0x3e, 0x3e, 0x44, 0x44, 0x44, 0x44, 0x3e, 0x41, 0x37, 0x3b, 0x33, 0x2e, 0x28, 0x1c, 0x1c, 0x1c, 0x1d, 0x19, 0x15, 0x69, 0x19, 0x58, 0x69, 0x71, 0x73, 0x7e, 0x79, 0x8e, 0x8a, 0x82, 0x6f, 0x1f, 0x82, 0x46, 0x3f, 0x2b, 0x1f, 0x16, 0x1f, 0x29, 0x35, 0x3a, 0x40, 0x3a, 0x40, 0x4e, 0x4c, 0x4e, 0x4c, 0x4e, 0x4e, 0x4e, 0x4e, 0x4f, 0x4e, 0x4f, 0x4f, 0x51, 0x4f, 0x51, 0x4f, 0x51, 0x51, 0x51, 0x51, 0x51, 0x51, 0x51, 0x06, 0x06, 0x06, 0x06, 0x06, 0x07, 0x07, 0x07, 0xcf, 0xce, 0xcc, 0x93, 0xc5, 0x91, 0xc0, 0xc0, 0xba, 0xba, 0xba, 0xc0, 0xc0, 0xc2, 0xc5, 0xc5, 0xc5, 0xeb, 0xe7, 0xca, 0xe7, 0xe7, 0xeb, 0xeb, 0xeb, 0xe9, 0xeb, 0xe9, 0xe9, 0xe9, 0xe4, 0xe9, 0xc2, 0xc2, 0xc2, 0xca, 0xcb, 0xce, 0xcf, 0xcf, 0xcf, 0xcf, 0xcf, 0xcf, 0xcf, 0xcd, 0xe7, 0xca, 0xca, 0xca, 0xca, 0xe7, 0xe7, 0xf7, 0xcd, 0xfa, 0xfa, 0xfa, 0xfa, 0xfa, 0xfa, 0xcf, 
  0xcf, 0xcf, 0xcf, 0xcf, 0xcf, 0xfa, 0xcf, 0xcf, 0xcf, 0xcf, 0xcf, 0xcf, 0xcf, 0xcf, 0xcf, 0xcf, 0xcf, 0xcf, 0xcf, 0xcf, 0xcf, 0xfa, 0xcf, 0xcf, 0xcf, 0xce, 0xcd, 0xca, 0xca, 0xe6, 0xe6, 0xe4, 0xc2, 0x8f, 0xc0, 0xc0, 0x8e, 0xc0, 0x92, 0xc6, 0x92, 0xc5, 0xc5, 0xe7, 0xcb, 0xf7, 0xcb, 0xf7, 0xfb, 0xfb, 0x50, 0xf7, 0x4f, 0xf8, 0x93, 0xf8, 0x4f, 0x91, 0x91, 0x4d, 0x91, 0x4e, 0x90, 0x4f, 0x4f, 0x4e, 0x4e, 0x4e, 0x4e, 0x4d, 0x4d, 0x4c, 0x8d, 0x8d, 0x47, 0x87, 0x84, 0x3c, 0x75, 0x3c, 0x75, 0x3c, 0x3c, 0x84, 0x03, 0x87, 0x04, 0x47, 0x47, 0x4b, 0x47, 0x49, 0x47, 0x49, 0x46, 0x49, 0x46, 0x49, 0x46, 0x49, 0x46, 0x49, 0x45, 0x45, 0x45, 0x43, 0x42, 0x42, 0x42, 0x42, 0x45, 0x45, 0x4a, 0x49, 0x4a, 0x4b, 0x4a, 0x4a, 0x4a, 0x4a, 0x4a, 0x4a, 0x4a, 0x4a, 0x44, 0x4a, 0x44, 0x44, 0x44, 0x44, 0x44, 0x44, 0x3e, 0x44, 0x3e, 0x3e, 0x39, 0x39, 0x39, 0x39, 0x39, 0x32, 0x39, 0x32, 0x32, 0x2c, 0x2c, 0x2c, 0x2c, 0x2c, 0x26, 0x2c, 0x26, 0x26, 0x2c, 0x2c, 0x26, 0x1e, 0x1e, 0x1e, 0x26, 0x1e, 0x1e, 0x1e, 0x1e, 0x26, 0x2c, 0x2c, 0x32, 0x32, 0x32, 0x32, 0x32, 0x2c, 0x26, 0x2c, 0x2c, 0x32, 0x32, 0x32, 0x39, 0x39, 0x39, 0x44, 0x44, 0x44, 0x44, 0x4a, 0x4a, 0x4a, 0x4a, 0x49, 0x41, 0x45, 0x46, 0x49, 0x42, 0x3d, 0x36, 0x2e, 0x19, 0x1c, 0x0e, 0x13, 0x7f, 0x7a, 0x85, 0x82, 0x7e, 0x8e, 0x85, 0x87, 0x69, 0x67, 0x21, 0x58, 0x19, 0x1f, 0x35, 0x88, 0x49, 0x4c, 0x4c, 0x4e, 0x4e, 0x4e, 0x4e, 0x4e, 0x4e, 0x4e, 0x4e, 0x4e, 0x4e, 0x4e, 0x4f, 0x4e, 0x51, 0x4f, 0x51, 0x4f, 0x51, 0x51, 0x51, 0x51, 0x51, 0x51, 0x51, 0x51, 0x06, 0x06, 0x06, 0x06, 0x06, 0x06, 0x07, 0x06, 0x07, 0xfa, 0xcf, 0xcf, 0xce, 0xc9, 0x91, 0xc5, 0xc0, 0xc0, 0xc0, 0xc0, 0xc5, 0xc5, 0xc5, 0xc9, 0xc9, 0xe7, 0xe7, 0xcb, 0xcb, 0xcb, 0xcb, 0xe7, 0xe7, 0xe7, 0xeb, 0xeb, 0xeb, 0xea, 0xe6, 0xe9, 0xc5, 0xe9, 0xc2, 0xc2, 0xc8, 0xe7, 0xcb, 0xce, 0xcf, 0xcf, 0xcf, 0xcf, 0xcf, 0xcf, 0xcf, 0xce, 0xcb, 0xcb, 0xcb, 0xe7, 0xcb, 0xcb, 0xcd, 0xcd, 0xce, 0xfa, 0xfa, 0xfa, 0xfa, 0xfa, 0xcf, 0xfa, 
  0xcf, 0xcf, 0xcf, 0xfa, 0xcf, 0xcf, 0xfa, 0xcf, 0xcf, 0xcf, 0xcf, 0xcf, 0xcf, 0xcf, 0xcf, 0xcf, 0xcf, 0xce, 0xcf, 0xcf, 0xcf, 0x07, 0xcf, 0xcf, 0xce, 0xcd, 0xca, 0xca, 0xc8, 0xe6, 0xc2, 0x8f, 0x92, 0xc0, 0x8f, 0x8f, 0x8e, 0x8f, 0x92, 0x92, 0xc6, 0xc0, 0x92, 0xc5, 0xc9, 0xe7, 0xc9, 0xf6, 0x93, 0xf6, 0x93, 0xc9, 0x91, 0x91, 0x91, 0x91, 0x91, 0x91, 0x91, 0x91, 0x90, 0x4f, 0x90, 0x4e, 0x4d, 0x4d, 0x4d, 0x4d, 0x4d, 0x4c, 0x4c, 0x4c, 0x8d, 0x4c, 0x87, 0x04, 0x81, 0x3c, 0x3c, 0x75, 0x02, 0x02, 0x02, 0x03, 0x87, 0x47, 0x47, 0x47, 0x46, 0x47, 0x49, 0x47, 0x49, 0x46, 0x49, 0x46, 0x49, 0x46, 0x49, 0x46, 0x45, 0x46, 0x45, 0x43, 0x42, 0x45, 0x42, 0x45, 0x42, 0x45, 0x45, 0x45, 0x45, 0x4a, 0x4a, 0x4a, 0x4a, 0x4a, 0x4a, 0x4a, 0x4a, 0x4a, 0x4a, 0x44, 0x4a, 0x44, 0x44, 0x44, 0x44, 0x44, 0x44, 0x44, 0x44, 0x44, 0x3e, 0x3e, 0x3e, 0x39, 0x39, 0x39, 0x39, 0x39, 0x32, 0x32, 0x2c, 0x2c, 0x2c, 0x32, 0x2c, 0x2c, 0x2c, 0x2c, 0x2c, 0x2c, 0x2c, 0x2c, 0x1e, 0x1e, 0x1e, 0x26, 0x26, 0x26, 0x26, 0x1e, 0x1e, 0x2c, 0x2c, 0x32, 0x32, 0x32, 0x32, 0x32, 0x32, 0x32, 0x26, 0x2c, 0x2c, 0x2c, 0x32, 0x32, 0x32, 0x3e, 0x39, 0x3e, 0x3e, 0x4a, 0x44, 0x44, 0x44, 0x44, 0x44, 0x4a, 0x42, 0x41, 0x42, 0x41, 0x49, 0x4b, 0x4b, 0x4b, 0x45, 0x3d, 0x19, 0x58, 0x7f, 0x82, 0x82, 0x8a, 0x82, 0x8a, 0x8a, 0x88, 0x62, 0x13, 0x58, 0x69, 0x88, 0x46, 0x4c, 0x4e, 0x4e, 0x4e, 0x4e, 0x4c, 0x4e, 0x4e, 0x4e, 0x4e, 0x4e, 0x4e, 0x4e, 0x4e, 0x4f, 0x4e, 0x4f, 0x4f, 0x4f, 0x51, 0x51, 0x51, 0x51, 0x51, 0x51, 0x51, 0x51, 0x51, 0x51, 0x06, 0x06, 0x06, 0x06, 0x06, 0x07, 0x06, 0x07, 0x07, 0xcf, 0x07, 0xcf, 0xcf, 0xce, 0x94, 0xc9, 0xc5, 0x91, 0xc5, 0x91, 0xc5, 0xc5, 0xe7, 0xcb, 0xcb, 0xcb, 0xcb, 0xcd, 0xcd, 0xce, 0xce, 0xce, 0xfa, 0xcb, 0xf7, 0xe7, 0xe7, 0xeb, 0xe6, 0xeb, 0xeb, 0xe6, 0xc5, 0xc2, 0xc5, 0xc6, 0xca, 0xcd, 0xcf, 0xcf, 0xcf, 0xcf, 0xcf, 0xcf, 0xcf, 0xcf, 0xcf, 0xcd, 0xcd, 0xcd, 0xcb, 0xcd, 0xcc, 0xcd, 0xf7, 0xce, 0xfa, 0xfa, 0xfa, 0xfa, 0xfa, 0xfa, 0xcf, 
  0xcf, 0xcf, 0xcf, 0xcf, 0xcf, 0xcf, 0xcf, 0xcf, 0xcf, 0xcf, 0xcf, 0xcf, 0xcf, 0xcf, 0xcf, 0xce, 0xce, 0xcd, 0xcd, 0xcf, 0xce, 0xcf, 0xcf, 0xce, 0xcd, 0xcb, 0xca, 0xc8, 0xc8, 0xc7, 0xc3, 0xc2, 0x8f, 0x8f, 0x8e, 0x8f, 0x8f, 0x8f, 0x92, 0x92, 0x92, 0x92, 0xc0, 0xc5, 0x91, 0xeb, 0xc9, 0xf8, 0xc9, 0xf8, 0x91, 0x91, 0x91, 0x91, 0x91, 0x4d, 0xfe, 0x91, 0x8c, 0x91, 0x4d, 0x8d, 0x4d, 0x8d, 0x4d, 0x4c, 0x4d, 0x4c, 0x4c, 0x4c, 0x8d, 0x4c, 0x48, 0x47, 0x47, 0x87, 0x81, 0x3c, 0x7e, 0x02, 0x75, 0x3c, 0x81, 0x84, 0x47, 0x47, 0x4c, 0x46, 0x47, 0x46, 0x46, 0x46, 0x46, 0x46, 0x46, 0x46, 0x46, 0x46, 0x46, 0x45, 0x46, 0x42, 0x43, 0x42, 0x45, 0x43, 0x45, 0x42, 0x45, 0x45, 0x42, 0x45, 0x45, 0x49, 0x4a, 0x4b, 0x4a, 0x4a, 0x4a, 0x4a, 0x4a, 0x4a, 0x4a, 0x4a, 0x44, 0x4a, 0x44, 0x4a, 0x44, 0x44, 0x44, 0x44, 0x44, 0x44, 0x3e, 0x44, 0x39, 0x3e, 0x39, 0x39, 0x39, 0x39, 0x32, 0x32, 0x2c, 0x32, 0x32, 0x32, 0x2c, 0x32, 0x2c, 0x2c, 0x2c, 0x2c, 0x32, 0x2c, 0x26, 0x1e, 0x26, 0x26, 0x2c, 0x26, 0x26, 0x26, 0x26, 0x26, 0x32, 0x2c, 0x39, 0x32, 0x32, 0x32, 0x32, 0x32, 0x32, 0x26, 0x2c, 0x32, 0x32, 0x32, 0x39, 0x39, 0x3e, 0x3e, 0x3e, 0x44, 0x44, 0x4a, 0x4a, 0x4a, 0x44, 0x4a, 0x45, 0x42, 0x41, 0x41, 0x3b, 0x35, 0x42, 0x4b, 0x49, 0x4b, 0x3d, 0x69, 0x7a, 0x88, 0x88, 0x8a, 0x48, 0x8e, 0x88, 0x6f, 0x5f, 0x58, 0x67, 0x88, 0x3f, 0x48, 0x4b, 0x4b, 0x4b, 0x4b, 0x4e, 0x4c, 0x4e, 0x4e, 0x4e, 0x4e, 0x4e, 0x4e, 0x4e, 0x4e, 0x4f, 0x4e, 0x4f, 0x4f, 0x51, 0x4f, 0x51, 0x4f, 0x51, 0x51, 0x51, 0x51, 0x51, 0x06, 0x06, 0x06, 0x06, 0x06, 0x06, 0x06, 0x06, 0x07, 0x07, 0x07, 0xcf, 0xcf, 0xcf, 0xcf, 0xcf, 0xcc, 0xc9, 0x91, 0xc9, 0xc5, 0xc5, 0xc9, 0xc9, 0xcb, 0xcb, 0xcd, 0xcd, 0xce, 0xce, 0xce, 0xce, 0xcf, 0xcf, 0xce, 0xfa, 0xcd, 0xf7, 0xe7, 0xe7, 0xe7, 0xeb, 0xc8, 0xeb, 0xc8, 0xc5, 0x92, 0xc6, 0xe7, 0xcb, 0xcf, 0xcf, 0xcf, 0xcf, 0xcf, 0xcf, 0xcf, 0xcf, 0xce, 0xce, 0xcd, 0xcd, 0xcd, 0xcd, 0xcd, 0xce, 0xcd, 0xfa, 0xfa, 0xfa, 0xfa, 0xfa, 0xfa, 0xfa, 0xcf, 
  0xcf, 0xcf, 0xcf, 0xcf, 0xcf, 0xcf, 0xcf, 0xcf, 0xcf, 0xcf, 0xcf, 0xcf, 0xce, 0xcd, 0xcd, 0xcb, 0xe7, 0xe7, 0xe7, 0xe7, 0xcb, 0xcb, 0xcb, 0xcb, 0xca, 0xc8, 0xe6, 0xc7, 0xc7, 0xc7, 0xc8, 0xc3, 0x8f, 0x8f, 0x8f, 0x8f, 0x92, 0x8f, 0x8f, 0xc3, 0x92, 0x8f, 0xc0, 0xc0, 0xc0, 0xc5, 0x91, 0xc5, 0x91, 0x91, 0xc0, 0x91, 0x8c, 0x91, 0x8c, 0x8c, 0x8c, 0x8c, 0x8c, 0x8c, 0x8e, 0x47, 0x3f, 0x3f, 0x48, 0x4d, 0x8d, 0x4c, 0x8d, 0x8d, 0x48, 0x48, 0x46, 0x48, 0x43, 0x87, 0x3f, 0x81, 0x3f, 0x3c, 0x3f, 0x81, 0x3f, 0x47, 0x47, 0x4c, 0x46, 0x48, 0x46, 0x88, 0x43, 0x43, 0x43, 0x43, 0x43, 0x43, 0x43, 0x45, 0x43, 0x43, 0x43, 0x43, 0x43, 0x42, 0x43, 0x45, 0x45, 0x45, 0x45, 0x45, 0x42, 0x42, 0x42, 0x45, 0x49, 0x4a, 0x4a, 0x4a, 0x4a, 0x4a, 0x4a, 0x4a, 0x44, 0x4a, 0x44, 0x4a, 0x44, 0x44, 0x44, 0x44, 0x44, 0x44, 0x44, 0x44, 0x44, 0x3e, 0x3e, 0x3e, 0x3e, 0x39, 0x39, 0x32, 0x32, 0x2c, 0x2c, 0x32, 0x32, 0x32, 0x2c, 0x32, 0x2c, 0x2c, 0x32, 0x32, 0x32, 0x2c, 0x1e, 0x26, 0x26, 0x2c, 0x26, 0x2c, 0x26, 0x26, 0x26, 0x2c, 0x2c, 0x32, 0x32, 0x39, 0x32, 0x32, 0x37, 0x32, 0x32, 0x2c, 0x2c, 0x2c, 0x32, 0x37, 0x32, 0x39, 0x3e, 0x3e, 0x3e, 0x3e, 0x44, 0x44, 0x4a, 0x4a, 0x4a, 0x45, 0x4a, 0x45, 0x42, 0x3b, 0x41, 0x3b, 0x35, 0x2b, 0x43, 0x43, 0x3d, 0x13, 0x21, 0x7f, 0x8d, 0x48, 0x8a, 0x82, 0x7e, 0x82, 0x87, 0x88, 0x71, 0x69, 0x6f, 0x46, 0x46, 0x4b, 0x4b, 0x4c, 0x4b, 0x4e, 0x4c, 0x4e, 0x4e, 0x4e, 0x4e, 0x4e, 0x4e, 0x4f, 0x4e, 0x4f, 0x4e, 0x51, 0x4e, 0x51, 0x4f, 0x51, 0x51, 0x51, 0x51, 0x51, 0x51, 0x51, 0x51, 0x51, 0x06, 0x06, 0x06, 0x07, 0x07, 0x07, 0x07, 0x07, 0xcf, 0x07, 0xcf, 0xcf, 0xcd, 0x50, 0xc9, 0x91, 0xc5, 0x91, 0xc5, 0xc9, 0xe7, 0xcb, 0xcd, 0xcb, 0xcd, 0xcd, 0xcd, 0xcd, 0xce, 0xce, 0xcf, 0xfa, 0xce, 0xcd, 0xcd, 0xe7, 0xcb, 0xeb, 0xe7, 0xca, 0xe7, 0xc6, 0xc6, 0xc5, 0xc6, 0xe7, 0xcb, 0xce, 0xcf, 0xcf, 0xcf, 0xcf, 0xcf, 0xce, 0xce, 0xcd, 0xcd, 0xcd, 0xcd, 0xcd, 0xcd, 0xcb, 0xf7, 0xcd, 0xf7, 0xce, 0xcf, 0xfa, 0xcf, 0xcf, 0xcf, 0xcf, 
  0xcf, 0xcf, 0xce, 0xcd, 0xcd, 0xcb, 0xcd, 0xcd, 0xcd, 0xcd, 0xcd, 0xcd, 0xcb, 0xcb, 0xe7, 0xca, 0xc8, 0xc8, 0xc8, 0xc8, 0xc8, 0xc8, 0xc8, 0xc8, 0xe6, 0xc7, 0xc7, 0xe5, 0xc4, 0xc7, 0xe6, 0xc6, 0xc3, 0x92, 0xc3, 0xc6, 0xc6, 0x92, 0x92, 0x8f, 0x92, 0x8e, 0x8e, 0xba, 0x8e, 0xc0, 0xc0, 0xc0, 0xc0, 0x91, 0xc0, 0x8c, 0x8c, 0x8c, 0x8c, 0x8c, 0x8c, 0x8c, 0x8c, 0x8d, 0x48, 0x6f, 0x19, 0x1f, 0x34, 0x87, 0x3f, 0x3f, 0x88, 0x46, 0x88, 0x47, 0x88, 0x88, 0x87, 0x88, 0x81, 0x3f, 0x81, 0x81, 0x81, 0x87, 0x47, 0x48, 0x48, 0x48, 0x46, 0x88, 0x43, 0x43, 0x43, 0x3f, 0x3f, 0x43, 0x43, 0x43, 0x43, 0x43, 0x43, 0x41, 0x43, 0x3d, 0x41, 0x3d, 0x42, 0x43, 0x45, 0x43, 0x45, 0x42, 0x42, 0x41, 0x42, 0x42, 0x45, 0x45, 0x49, 0x4a, 0x4a, 0x4a, 0x45, 0x44, 0x45, 0x44, 0x45, 0x44, 0x44, 0x45, 0x44, 0x42, 0x44, 0x3e, 0x44, 0x3e, 0x3e, 0x44, 0x3e, 0x3e, 0x3e, 0x39, 0x39, 0x32, 0x32, 0x2c, 0x32, 0x32, 0x32, 0x32, 0x2c, 0x32, 0x2c, 0x2c, 0x32, 0x32, 0x32, 0x26, 0x26, 0x26, 0x26, 0x2c, 0x2c, 0x26, 0x2c, 0x26, 0x26, 0x2c, 0x2c, 0x2c, 0x32, 0x32, 0x32, 0x32, 0x32, 0x32, 0x37, 0x2c, 0x2c, 0x2c, 0x32, 0x32, 0x37, 0x32, 0x3e, 0x3e, 0x44, 0x3e, 0x44, 0x44, 0x44, 0x4a, 0x44, 0x4a, 0x45, 0x45, 0x4a, 0x45, 0x42, 0x2b, 0x33, 0x2b, 0x69, 0x34, 0x21, 0x13, 0x69, 0x82, 0x88, 0x90, 0x48, 0x85, 0x48, 0x8e, 0x90, 0x90, 0x7a, 0x58, 0x21, 0x75, 0x46, 0x8d, 0x49, 0x47, 0x4c, 0x4b, 0x4c, 0x4c, 0x4e, 0x4c, 0x4e, 0x4e, 0x4e, 0x4e, 0x4e, 0x4e, 0x4e, 0x4e, 0x4f, 0x4e, 0x4f, 0x4e, 0x4f, 0x4e, 0x4f, 0x4f, 0x4f, 0x4f, 0x50, 0x4f, 0x50, 0x51, 0x50, 0x50, 0x50, 0xfb, 0x50, 0xcc, 0x50, 0x50, 0x94, 0x50, 0xc9, 0xc9, 0x91, 0xc5, 0x91, 0xc5, 0x91, 0xc5, 0xc9, 0xe7, 0xe7, 0xe7, 0xe7, 0xcb, 0xcb, 0xe7, 0xf7, 0xcb, 0xf7, 0xcb, 0xf7, 0xf7, 0xe7, 0xe7, 0xe7, 0xc9, 0xe6, 0xc5, 0xc5, 0x92, 0x92, 0xc6, 0xc6, 0xe7, 0xcd, 0xce, 0xcf, 0xcf, 0xcf, 0xcf, 0xce, 0xcd, 0xcb, 0xcb, 0xcb, 0xcb, 0xcb, 0xcb, 0xe7, 0xcb, 0xcb, 0xf7, 0xcd, 0xcd, 0xce, 0xce, 0xcf, 0xce, 0xcf, 0xce, 
  0xcd, 0xcd, 0xcb, 0xcb, 0xe7, 0xca, 0xca, 0xca, 0xe7, 0xcb, 0xcb, 0xe7, 0xca, 0xc8, 0xc8, 0xe6, 0xe6, 0xc7, 0xc7, 0xc4, 0xc7, 0xc7, 0xc4, 0xc4, 0xc1, 0xe5, 0xc1, 0xc3, 0xc4, 0xc7, 0xc8, 0xc8, 0xc6, 0xc6, 0xc6, 0xc8, 0x94, 0xc7, 0x92, 0x8f, 0x8f, 0x8e, 0x8f, 0x8b, 0xba, 0x89, 0x8e, 0x8c, 0x8e, 0xba, 0x8c, 0xba, 0x8c, 0x89, 0x8c, 0x87, 0x89, 0x87, 0x8a, 0x87, 0x6f, 0x58, 0x13, 0x11, 0x13, 0x5f, 0x21, 0x2b, 0x3d, 0x87, 0x43, 0x82, 0x88, 0x82, 0x43, 0x82, 0x82, 0x82, 0x81, 0x3f, 0x82, 0x88, 0x88, 0x88, 0x48, 0x46, 0x88, 0x43, 0x82, 0x43, 0x7f, 0x7f, 0x3d, 0x3d, 0x3d, 0x3d, 0x3d, 0x3d, 0x3d, 0x3d, 0x3d, 0x3d, 0x3d, 0x3d, 0x43, 0x42, 0x46, 0x45, 0x43, 0x42, 0x3d, 0x41, 0x3d, 0x41, 0x42, 0x42, 0x42, 0x42, 0x45, 0x42, 0x44, 0x42, 0x44, 0x42, 0x42, 0x42, 0x41, 0x3e, 0x41, 0x3e, 0x41, 0x3e, 0x3e, 0x3e, 0x3e, 0x3e, 0x39, 0x3e, 0x39, 0x37, 0x32, 0x2c, 0x2c, 0x32, 0x2c, 0x32, 0x2c, 0x2c, 0x2c, 0x2c, 0x2c, 0x2c, 0x32, 0x32, 0x32, 0x26, 0x1e, 0x26, 0x2c, 0x2c, 0x2c, 0x2c, 0x26, 0x26, 0x26, 0x26, 0x2c, 0x2c, 0x32, 0x2c, 0x32, 0x32, 0x2c, 0x32, 0x32, 0x32, 0x2c, 0x2c, 0x2c, 0x32, 0x37, 0x32, 0x37, 0x3e, 0x3e, 0x44, 0x3e, 0x42, 0x44, 0x4a, 0x4a, 0x4a, 0x4a, 0x4a, 0x45, 0x45, 0x49, 0x49, 0x35, 0x2b, 0x3d, 0x21, 0x13, 0x5f, 0x7f, 0x88, 0x88, 0x4d, 0x82, 0x8d, 0x93, 0x4f, 0x90, 0x48, 0x5f, 0x0c, 0x58, 0x1f, 0x3f, 0x40, 0x87, 0x46, 0x47, 0x47, 0x4c, 0x4b, 0x4c, 0x4c, 0x4c, 0x4c, 0x4c, 0x4d, 0x4c, 0x4d, 0x4d, 0x4d, 0x4e, 0x4d, 0x4e, 0x4d, 0x4d, 0x4d, 0x4d, 0x90, 0x4e, 0x90, 0x4e, 0x91, 0x4e, 0x91, 0x4f, 0x91, 0x93, 0x91, 0x93, 0x91, 0x93, 0x91, 0x91, 0x91, 0x91, 0xc0, 0x91, 0xc0, 0x91, 0xc0, 0x92, 0x91, 0xc0, 0x92, 0x91, 0xc5, 0xc5, 0xc9, 0xeb, 0xca, 0xeb, 0xe7, 0xe7, 0xe7, 0xe7, 0xc9, 0xc9, 0xc5, 0xc9, 0xc5, 0x91, 0xc2, 0x92, 0xc0, 0xc3, 0x92, 0xc6, 0xcb, 0xcb, 0xcf, 0xce, 0xcf, 0xcf, 0xce, 0xcd, 0xcb, 0xe7, 0xe7, 0xca, 0xe7, 0xe7, 0xe7, 0xe7, 0xe7, 0xcb, 0xcd, 0xcd, 0xcd, 0xcb, 0xcd, 0xcb, 0xcd, 0xcc, 0xcd, 
  0xcb, 0xca, 0xca, 0xc8, 0xc8, 0xc8, 0xc8, 0xc8, 0xca, 0xc8, 0xca, 0xc8, 0xc8, 0xc7, 0xc7, 0xc7, 0xe5, 0xc3, 0xbe, 0xc3, 0xc1, 0xc1, 0xbe, 0xbc, 0xbe, 0xc1, 0xc3, 0xc1, 0xc7, 0xc7, 0xc8, 0xca, 0xca, 0xc8, 0xca, 0xca, 0xca, 0xc8, 0x92, 0xc3, 0x8e, 0x8f, 0x8e, 0x8b, 0x8a, 0x89, 0x89, 0x8b, 0x89, 0x8e, 0x89, 0x89, 0x87, 0x89, 0x87, 0x89, 0x87, 0x8a, 0x8a, 0x76, 0x58, 0x58, 0x13, 0x13, 0x13, 0x0e, 0x19, 0x69, 0x3d, 0x82, 0x43, 0x81, 0x82, 0x82, 0x82, 0x82, 0x82, 0x3f, 0x82, 0x3f, 0x82, 0x82, 0x88, 0x88, 0x43, 0x88, 0x43, 0x82, 0x3d, 0x7f, 0x3d, 0x3f, 0x3d, 0x7f, 0x3d, 0x3d, 0x36, 0x3d, 0x36, 0x3d, 0x36, 0x3d, 0x36, 0x3d, 0x43, 0x43, 0x43, 0x45, 0x43, 0x42, 0x3d, 0x41, 0x36, 0x3d, 0x41, 0x3d, 0x42, 0x41, 0x42, 0x41, 0x41, 0x41, 0x41, 0x41, 0x41, 0x3e, 0x41, 0x41, 0x3e, 0x41, 0x37, 0x3e, 0x37, 0x3e, 0x37, 0x3e, 0x37, 0x39, 0x37, 0x32, 0x2c, 0x2c, 0x2c, 0x2c, 0x2c, 0x2a, 0x2c, 0x2c, 0x2c, 0x2c, 0x2c, 0x2c, 0x32, 0x2c, 0x2c, 0x26, 0x1e, 0x26, 0x26, 0x2c, 0x26, 0x2c, 0x26, 0x26, 0x26, 0x26, 0x26, 0x2c, 0x2a, 0x2c, 0x2c, 0x2c, 0x2c, 0x2c, 0x2e, 0x2c, 0x2a, 0x2c, 0x2a, 0x2c, 0x32, 0x37, 0x32, 0x37, 0x3e, 0x41, 0x44, 0x42, 0x44, 0x42, 0x4a, 0x45, 0x4a, 0x49, 0x4a, 0x49, 0x45, 0x43, 0x3d, 0x69, 0x19, 0x5f, 0x13, 0x5f, 0x7f, 0x8d, 0x88, 0x7e, 0x71, 0x76, 0x48, 0x90, 0x48, 0x6f, 0x58, 0x6f, 0x88, 0x67, 0x1f, 0x87, 0x40, 0x87, 0x43, 0x47, 0x46, 0x47, 0x48, 0x4b, 0x8d, 0x4b, 0x8d, 0x4c, 0x48, 0x4c, 0x8d, 0x4c, 0x8d, 0x05, 0x8d, 0x47, 0x8d, 0x8c, 0x8d, 0x8c, 0x8d, 0x8c, 0x8d, 0x8c, 0x8d, 0x8c, 0x8d, 0x8c, 0x8c, 0x8c, 0x8c, 0x91, 0x8c, 0x8c, 0xc0, 0x8c, 0xc0, 0x8c, 0xc0, 0x8c, 0xc0, 0x8c, 0xba, 0x8c, 0x89, 0x8c, 0xba, 0x8c, 0xc0, 0xc0, 0xc2, 0xc5, 0xc2, 0xc5, 0xc5, 0xc5, 0xc5, 0xc2, 0x92, 0xc5, 0x92, 0x92, 0xc0, 0xc0, 0x92, 0x8f, 0x92, 0xc3, 0xc6, 0xca, 0xcb, 0xcd, 0xce, 0xce, 0xcd, 0xcd, 0xcb, 0xe7, 0xca, 0xc8, 0xca, 0xeb, 0xca, 0xeb, 0xe7, 0xe7, 0xcb, 0xcd, 0xcd, 0xcb, 0xcb, 0xe7, 0xcb, 0xca, 0xe7, 0xe7, 
  0xc8, 0xc8, 0xc7, 0xc7, 0xc7, 0xc7, 0xc7, 0xc7, 0xc7, 0xe6, 0xc7, 0xe6, 0xc4, 0xc7, 0xc4, 0xc4, 0xc3, 0xc1, 0xc3, 0xbe, 0xbe, 0xb9, 0xbe, 0xb9, 0xbe, 0xbe, 0xc1, 0xe5, 0xc7, 0xc8, 0xca, 0xcb, 0xcb, 0xcb, 0xca, 0xca, 0xca, 0xc8, 0xc6, 0x8f, 0x8f, 0x8f, 0x8e, 0x8b, 0x89, 0x8a, 0x89, 0x8a, 0x8b, 0x8a, 0x89, 0x87, 0x89, 0x87, 0x87, 0x87, 0x7e, 0x87, 0x7e, 0x69, 0x62, 0x58, 0x6f, 0x58, 0x13, 0x13, 0x5f, 0x2b, 0x82, 0x7f, 0x7f, 0x7f, 0x82, 0x82, 0x82, 0x82, 0x82, 0x7f, 0x7f, 0x82, 0x7f, 0x82, 0x43, 0x82, 0x82, 0x82, 0x7f, 0x3d, 0x7f, 0x7f, 0x3d, 0x7f, 0x3d, 0x3d, 0x3d, 0x34, 0x36, 0x30, 0x36, 0x34, 0x36, 0x34, 0x36, 0x3d, 0x3d, 0x43, 0x45, 0x43, 0x43, 0x41, 0x3d, 0x36, 0x36, 0x36, 0x36, 0x41, 0x36, 0x41, 0x3d, 0x41, 0x3d, 0x37, 0x3d, 0x37, 0x36, 0x37, 0x36, 0x37, 0x36, 0x37, 0x36, 0x37, 0x37, 0x37, 0x37, 0x32, 0x37, 0x2e, 0x2c, 0x2a, 0x2a, 0x2a, 0x2a, 0x2a, 0x2a, 0x26, 0x26, 0x26, 0x26, 0x26, 0x26, 0x2c, 0x2c, 0x2c, 0x26, 0x1e, 0x1e, 0x26, 0x2c, 0x26, 0x2c, 0x26, 0x26, 0x26, 0x26, 0x1e, 0x26, 0x26, 0x26, 0x2a, 0x2c, 0x2a, 0x2c, 0x2a, 0x2c, 0x2a, 0x2a, 0x2a, 0x2a, 0x2a, 0x2c, 0x2e, 0x32, 0x33, 0x37, 0x3e, 0x41, 0x41, 0x42, 0x44, 0x42, 0x41, 0x35, 0x2b, 0x33, 0x2b, 0x3d, 0x1f, 0x11, 0x11, 0x13, 0x13, 0x57, 0x69, 0x7f, 0x8d, 0x7f, 0x71, 0x7f, 0x7e, 0x85, 0x48, 0x76, 0x7a, 0x7e, 0x90, 0x50, 0x46, 0x63, 0x2b, 0x6f, 0x2b, 0x87, 0x43, 0x47, 0x48, 0x47, 0x48, 0x48, 0x48, 0x48, 0x48, 0x48, 0x47, 0x47, 0x87, 0x47, 0x48, 0x87, 0x47, 0x87, 0x87, 0x87, 0x87, 0x87, 0x47, 0x87, 0x47, 0x87, 0x47, 0x87, 0x47, 0x89, 0x47, 0xba, 0x47, 0xba, 0x87, 0xba, 0x87, 0xba, 0x89, 0x8c, 0x89, 0x8c, 0x89, 0x87, 0x81, 0x87, 0x81, 0x87, 0x87, 0x89, 0x8b, 0xba, 0x8f, 0xc0, 0xbc, 0xc0, 0xc2, 0xc0, 0xc0, 0xc0, 0xc0, 0x92, 0xc0, 0x8f, 0x8f, 0x8f, 0x8f, 0x8f, 0x8f, 0x92, 0xc8, 0xe7, 0xcb, 0xcb, 0xcb, 0xcb, 0xe7, 0xca, 0xc8, 0xc8, 0xe6, 0xc8, 0xc7, 0xeb, 0xc8, 0xeb, 0xe7, 0xe7, 0xcb, 0xcb, 0xca, 0xca, 0xca, 0xca, 0xca, 0xca, 0xca, 
  0xc8, 0xc7, 0xe5, 0xc4, 0xc4, 0xc4, 0xc4, 0xc4, 0xc4, 0xc7, 0xc7, 0xc7, 0xc4, 0xc7, 0xc4, 0xc4, 0xc4, 0xc3, 0xbe, 0xb9, 0xb9, 0xb9, 0xb9, 0xb9, 0xb9, 0xbe, 0xc1, 0xc4, 0xc7, 0xc8, 0xcb, 0xcd, 0xcd, 0xcd, 0xcb, 0xca, 0xca, 0xca, 0xc6, 0xc3, 0x8f, 0x8e, 0x8b, 0x8a, 0x8b, 0x8a, 0x8b, 0x8b, 0x8a, 0x8b, 0x8a, 0x89, 0x85, 0x87, 0x85, 0x81, 0x85, 0x7e, 0x6f, 0x62, 0x5f, 0x76, 0x8e, 0x7a, 0x5f, 0x13, 0x13, 0x34, 0x7f, 0x7f, 0x7e, 0x7a, 0x7e, 0x7f, 0x82, 0x7f, 0x7f, 0x7f, 0x7f, 0x7f, 0x7f, 0x7f, 0x7f, 0x7f, 0x7f, 0x7f, 0x7f, 0x7f, 0x3d, 0x7f, 0x3d, 0x43, 0x3d, 0x3d, 0x3d, 0x36, 0x34, 0x36, 0x30, 0x36, 0x30, 0x30, 0x30, 0x34, 0x3d, 0x41, 0x43, 0x45, 0x43, 0x42, 0x3d, 0x36, 0x30, 0x36, 0x30, 0x36, 0x36, 0x36, 0x36, 0x36, 0x36, 0x36, 0x36, 0x36, 0x36, 0x36, 0x36, 0x36, 0x36, 0x2e, 0x37, 0x2e, 0x2e, 0x2e, 0x2e, 0x2e, 0x2e, 0x2c, 0x2a, 0x26, 0x2a, 0x2a, 0x2a, 0x2a, 0x26, 0x24, 0x26, 0x26, 0x1e, 0x26, 0x26, 0x2a, 0x2a, 0x2a, 0x26, 0x1e, 0x1e, 0x1e, 0x2a, 0x26, 0x2a, 0x26, 0x26, 0x1e, 0x26, 0x1e, 0x26, 0x1e, 0x26, 0x26, 0x26, 0x26, 0x2a, 0x26, 0x2a, 0x2a, 0x2a, 0x2a, 0x26, 0x2a, 0x2a, 0x2d, 0x2e, 0x33, 0x37, 0x33, 0x41, 0x42, 0x42, 0x41, 0x33, 0x28, 0x2b, 0x1f, 0x2b, 0x19, 0x1f, 0x19, 0x13, 0x71, 0x7f, 0x7a, 0x34, 0x69, 0x7f, 0x48, 0x7f, 0x82, 0x8a, 0x8a, 0x88, 0x7e, 0x7e, 0x71, 0x67, 0x88, 0x87, 0x67, 0x1f, 0x58, 0x10, 0x67, 0x2b, 0x6f, 0x2b, 0x76, 0x2b, 0x6f, 0x2b, 0x75, 0x34, 0x7b, 0x3f, 0x87, 0x88, 0x87, 0x87, 0x81, 0x87, 0x81, 0x81, 0x81, 0x81, 0x81, 0x81, 0x81, 0x81, 0x81, 0x81, 0x81, 0x81, 0x81, 0x84, 0x81, 0x84, 0x81, 0x87, 0x84, 0x81, 0xb0, 0x87, 0x89, 0x89, 0x89, 0x85, 0x81, 0x7e, 0x7e, 0x7e, 0x7e, 0x7e, 0x7e, 0x7e, 0x87, 0x8a, 0x89, 0x8b, 0xb8, 0x8f, 0x8f, 0xba, 0x8e, 0x8e, 0x8e, 0x8e, 0x8e, 0x8f, 0x8f, 0x8f, 0xb9, 0x8f, 0x8f, 0xc3, 0xc7, 0xc8, 0xca, 0xca, 0xca, 0xc8, 0xc8, 0xc8, 0xe6, 0xc7, 0xc7, 0xc7, 0xe5, 0xe5, 0xe6, 0xe6, 0xc8, 0xc8, 0xca, 0xc8, 0xca, 0xc8, 0xc8, 0xc8, 0xc8, 0xc7, 0xc8, 
  0xc4, 0xc7, 0xc4, 0xc4, 0xc4, 0xc4, 0xc4, 0xc4, 0xe5, 0xc4, 0xc4, 0xc4, 0xc7, 0xc4, 0xc7, 0xc7, 0xc4, 0xe5, 0xbe, 0xb9, 0xb9, 0x8b, 0xb9, 0xb9, 0xb9, 0xbe, 0xbe, 0xc4, 0xc8, 0xca, 0xcb, 0xcd, 0xcd, 0xcd, 0xcb, 0xca, 0xca, 0xca, 0xc6, 0xc3, 0x8e, 0x8a, 0x87, 0x7e, 0x81, 0x7e, 0x87, 0x85, 0x8a, 0x8a, 0x8a, 0x8a, 0x8a, 0x85, 0x8a, 0x85, 0x82, 0x76, 0x6f, 0x5f, 0x62, 0x85, 0x92, 0x8b, 0x67, 0x58, 0x13, 0x58, 0x69, 0x7a, 0x7f, 0x7a, 0x82, 0x7a, 0x82, 0x7f, 0x82, 0x7f, 0x7f, 0x7a, 0x7a, 0x7f, 0x7a, 0x7f, 0x7f, 0x7f, 0x7a, 0x7a, 0x7a, 0x3d, 0x7f, 0x7f, 0x3d, 0x3d, 0x36, 0x34, 0x36, 0x30, 0x34, 0x30, 0x34, 0x30, 0x30, 0x30, 0x3d, 0x3d, 0x43, 0x43, 0x43, 0x41, 0x3d, 0x36, 0x36, 0x30, 0x36, 0x30, 0x36, 0x34, 0x36, 0x36, 0x30, 0x36, 0x2e, 0x30, 0x2e, 0x2e, 0x2e, 0x2e, 0x2e, 0x2e, 0x2e, 0x2e, 0x2a, 0x2e, 0x2a, 0x2a, 0x26, 0x24, 0x20, 0x24, 0x2a, 0x2a, 0x2a, 0x26, 0x24, 0x26, 0x24, 0x1e, 0x1e, 0x1e, 0x26, 0x26, 0x26, 0x26, 0x1e, 0x1e, 0x1b, 0x26, 0x26, 0x26, 0x1e, 0x26, 0x1e, 0x26, 0x1e, 0x1e, 0x1e, 0x1e, 0x1e, 0x24, 0x26, 0x2a, 0x26, 0x2a, 0x26, 0x2a, 0x2a, 0x2a, 0x24, 0x2a, 0x22, 0x2a, 0x2e, 0x2d, 0x36, 0x37, 0x36, 0x41, 0x3f, 0x41, 0x43, 0x42, 0x46, 0x43, 0x42, 0x43, 0x43, 0x34, 0x0c, 0x5f, 0x88, 0x82, 0x82, 0x7f, 0x3f, 0x48, 0x82, 0x88, 0x4d, 0x88, 0x48, 0x8e, 0x48, 0x81, 0x7a, 0x6f, 0x58, 0x11, 0x58, 0x58, 0x5f, 0x13, 0x13, 0x58, 0x58, 0x67, 0x69, 0x6f, 0x67, 0x67, 0x69, 0x75, 0x71, 0x75, 0x76, 0x81, 0x7e, 0x81, 0x76, 0x81, 0x76, 0x7e, 0x76, 0x76, 0x76, 0x76, 0x76, 0x76, 0x76, 0x7e, 0x7b, 0x7e, 0x81, 0x7e, 0x81, 0x7b, 0x81, 0x7b, 0x81, 0x7e, 0x81, 0x83, 0x81, 0x83, 0x81, 0x76, 0x76, 0x76, 0x76, 0x7a, 0x7a, 0x7f, 0x76, 0x7e, 0x7e, 0x83, 0x83, 0x8b, 0x89, 0x8b, 0x8a, 0x89, 0x89, 0x8b, 0x8b, 0x8e, 0xb9, 0x8f, 0x8f, 0x8b, 0x8f, 0xb9, 0xc3, 0xc3, 0xc3, 0xc7, 0xc8, 0xc8, 0xc7, 0xc7, 0xc7, 0xc4, 0xc7, 0xc4, 0xe5, 0xc3, 0xe5, 0xc2, 0xc7, 0xc7, 0xc8, 0xc7, 0xc8, 0xc7, 0xc7, 0xc7, 0xc7, 0xc7, 0xc8, 0xc7, 
  0xc7, 0xc4, 0xc4, 0xc4, 0xc4, 0xc4, 0xc4, 0xc4, 0xc4, 0xc4, 0xc7, 0xc7, 0xc7, 0xc7, 0xc7, 0xc7, 0xc7, 0xc7, 0xc3, 0xbe, 0xb9, 0xb9, 0x8b, 0xb3, 0x8b, 0xb9, 0xb9, 0xc3, 0xc7, 0xca, 0xcb, 0xcd, 0xcb, 0xcb, 0xca, 0xc8, 0xc8, 0xc8, 0xc6, 0x8f, 0x8e, 0x8a, 0x7e, 0x7e, 0x76, 0x76, 0x6f, 0x74, 0x6f, 0x7c, 0x7e, 0x7e, 0x85, 0x85, 0x85, 0x82, 0x7e, 0x71, 0x67, 0x67, 0x71, 0x85, 0x92, 0x8e, 0x76, 0x5f, 0x13, 0x13, 0x58, 0x6d, 0x79, 0x7a, 0x79, 0x7f, 0x82, 0x7f, 0x7a, 0x34, 0x71, 0x72, 0x71, 0x34, 0x7a, 0x7a, 0x7a, 0x7a, 0x7a, 0x3d, 0x7a, 0x7f, 0x7f, 0x43, 0x3d, 0x3d, 0x3d, 0x36, 0x34, 0x36, 0x34, 0x36, 0x34, 0x30, 0x34, 0x30, 0x34, 0x3d, 0x43, 0x43, 0x43, 0x43, 0x36, 0x36, 0x30, 0x30, 0x30, 0x30, 0x30, 0x30, 0x30, 0x30, 0x30, 0x30, 0x30, 0x2e, 0x30, 0x2e, 0x30, 0x2e, 0x30, 0x2a, 0x27, 0x2a, 0x24, 0x24, 0x24, 0x24, 0x20, 0x24, 0x24, 0x2a, 0x24, 0x2a, 0x24, 0x24, 0x24, 0x1e, 0x24, 0x1e, 0x1e, 0x26, 0x24, 0x26, 0x2a, 0x1e, 0x1e, 0x1b, 0x1e, 0x1e, 0x1e, 0x1e, 0x26, 0x1e, 0x1e, 0x1e, 0x1e, 0x1e, 0x1e, 0x1e, 0x1e, 0x26, 0x2a, 0x2a, 0x2a, 0x2a, 0x2a, 0x24, 0x2a, 0x24, 0x2a, 0x20, 0x2a, 0x28, 0x2e, 0x28, 0x1d, 0x19, 0x1c, 0x19, 0x15, 0x19, 0x1c, 0x19, 0x15, 0x19, 0x1c, 0x19, 0x19, 0x13, 0x13, 0x71, 0x88, 0x88, 0x48, 0x46, 0x8d, 0x4e, 0x48, 0x8d, 0x4f, 0x4d, 0x90, 0x50, 0x93, 0x8e, 0x8d, 0x76, 0x58, 0x6f, 0x7f, 0x82, 0x76, 0x73, 0x76, 0x7a, 0x7a, 0x7a, 0x7e, 0x7f, 0x82, 0x82, 0x85, 0x82, 0x81, 0x7a, 0x67, 0x67, 0x76, 0x7e, 0x7e, 0x76, 0x76, 0x76, 0x76, 0x76, 0x76, 0x76, 0x76, 0x6f, 0x76, 0x76, 0x7e, 0x7e, 0x7e, 0x7b, 0x76, 0x7e, 0x7b, 0x7e, 0x7b, 0x7b, 0x7b, 0x7e, 0x7b, 0x7e, 0x76, 0x76, 0x71, 0x71, 0x7a, 0x73, 0x7a, 0x79, 0x79, 0x76, 0x7c, 0x7e, 0x7e, 0x83, 0x86, 0x83, 0x85, 0x83, 0x85, 0x89, 0x8b, 0xb9, 0x8e, 0x8f, 0xb9, 0x8b, 0x86, 0xb9, 0xb9, 0xbe, 0xc3, 0xc3, 0xc3, 0xe5, 0xe5, 0xc4, 0xc4, 0xc7, 0xc4, 0xc4, 0xc3, 0xc1, 0xbe, 0xc3, 0xc1, 0xe5, 0xc4, 0xc4, 0xc4, 0xc4, 0xc7, 0xc4, 0xc4, 0xc1, 0xc4, 0xc4, 
  0xc4, 0xc4, 0xc4, 0xc4, 0xc4, 0xc7, 0xc4, 0xc7, 0xc4, 0xc4, 0xc4, 0xc7, 0xc7, 0xc8, 0xca, 0xc8, 0xc8, 0xc7, 0xc7, 0xbe, 0xb9, 0x8b, 0xb3, 0x8b, 0xb3, 0x86, 0xb9, 0x8f, 0xc7, 0xc8, 0xcb, 0xcb, 0xcb, 0xca, 0xc8, 0xc8, 0xc7, 0xc6, 0xc3, 0x8f, 0x8b, 0x8a, 0x81, 0x7f, 0x76, 0x76, 0x71, 0x6f, 0x68, 0x67, 0x68, 0x68, 0x73, 0x73, 0x73, 0x79, 0x71, 0x71, 0x71, 0x6b, 0x7e, 0x8b, 0x92, 0x8e, 0x88, 0x71, 0x58, 0x0d, 0x13, 0x5f, 0x7a, 0x7a, 0x7e, 0x7a, 0x73, 0x71, 0x69, 0x67, 0x69, 0x6f, 0x72, 0x7a, 0x7a, 0x7a, 0x7a, 0x7a, 0x7f, 0x7a, 0x7f, 0x7f, 0x7f, 0x7f, 0x43, 0x3d, 0x3d, 0x3d, 0x3d, 0x3d, 0x3d, 0x3d, 0x3d, 0x34, 0x30, 0x34, 0x30, 0x3d, 0x3d, 0x43, 0x43, 0x3d, 0x3d, 0x36, 0x30, 0x30, 0x27, 0x30, 0x27, 0x30, 0x27, 0x2b, 0x27, 0x27, 0x27, 0x30, 0x27, 0x2e, 0x27, 0x30, 0x2a, 0x30, 0x2a, 0x27, 0x24, 0x24, 0x24, 0x1b, 0x24, 0x20, 0x24, 0x24, 0x2a, 0x24, 0x24, 0x24, 0x24, 0x1e, 0x1e, 0x1e, 0x1e, 0x1e, 0x24, 0x26, 0x24, 0x1e, 0x1b, 0x1b, 0x1b, 0x1e, 0x24, 0x1e, 0x1e, 0x1e, 0x1e, 0x1e, 0x1e, 0x1e, 0x1b, 0x1e, 0x1e, 0x26, 0x2a, 0x32, 0x2e, 0x2c, 0x2e, 0x26, 0x2a, 0x24, 0x2a, 0x24, 0x25, 0x27, 0x22, 0x18, 0x15, 0x1c, 0x1c, 0x2b, 0x2b, 0x33, 0x36, 0x41, 0x3d, 0x33, 0x3d, 0x2e, 0x21, 0x19, 0x69, 0x43, 0x48, 0x48, 0x88, 0x4c, 0x4c, 0x06, 0x51, 0x4f, 0x4d, 0x4c, 0x4d, 0x06, 0x4f, 0x90, 0x4d, 0x82, 0x2b, 0x67, 0x21, 0x67, 0x2b, 0x6f, 0x2b, 0x76, 0x7a, 0x7e, 0x7f, 0x85, 0x85, 0x85, 0x7e, 0x7e, 0x7e, 0x7e, 0x76, 0x6b, 0x67, 0x7e, 0x76, 0x76, 0x76, 0x74, 0x76, 0x74, 0x74, 0x74, 0x76, 0x76, 0x76, 0x76, 0x7e, 0x7e, 0x7e, 0x7e, 0x7e, 0x7b, 0x76, 0x76, 0x76, 0x78, 0x76, 0x78, 0x7e, 0x77, 0x74, 0x71, 0x71, 0x73, 0x72, 0x79, 0x7a, 0x79, 0x79, 0x77, 0x76, 0x77, 0x7c, 0x7d, 0x80, 0x7e, 0x7e, 0x7e, 0x7e, 0x8a, 0x8b, 0x8b, 0xb9, 0xb9, 0x8b, 0x8b, 0xb3, 0x8b, 0xb9, 0xb9, 0xb9, 0xb9, 0xb9, 0xb9, 0xbe, 0xc4, 0xc1, 0xc4, 0xc4, 0xc4, 0xc3, 0xbe, 0xb9, 0xbe, 0xc1, 0xc1, 0xc1, 0xc1, 0xc1, 0xc4, 0xc1, 0xc1, 0xc1, 0xe5, 0xc1, 0xc4, 
  0xc4, 0xc7, 0xc7, 0xc4, 0xc7, 0xc4, 0xc4, 0xc4, 0xc4, 0xc4, 0xc4, 0xc7, 0xc7, 0xc8, 0xc8, 0xc8, 0xc8, 0xc7, 0xc7, 0xbe, 0xb9, 0xb9, 0x8b, 0xb3, 0x8a, 0x8b, 0x8b, 0xb9, 0xc3, 0xc3, 0xca, 0xca, 0xca, 0xc8, 0xc8, 0xc3, 0xc3, 0x8f, 0x8f, 0x8f, 0x8e, 0x8a, 0x8a, 0x85, 0x7e, 0x7a, 0x76, 0x71, 0x67, 0x64, 0x5b, 0x5b, 0x5b, 0x65, 0x64, 0x65, 0x64, 0x5b, 0x67, 0x73, 0x85, 0x8f, 0x90, 0x92, 0x48, 0x85, 0x69, 0x57, 0x54, 0x5b, 0x72, 0x79, 0x72, 0x68, 0x6d, 0x68, 0x69, 0x71, 0x71, 0x72, 0x7a, 0x7a, 0x7f, 0x7f, 0x7f, 0x7a, 0x34, 0x34, 0x72, 0x34, 0x7f, 0x7f, 0x43, 0x3d, 0x43, 0x3d, 0x3d, 0x3d, 0x43, 0x3d, 0x3d, 0x36, 0x34, 0x30, 0x30, 0x34, 0x3d, 0x43, 0x3d, 0x43, 0x36, 0x34, 0x30, 0x27, 0x27, 0x27, 0x27, 0x27, 0x30, 0x27, 0x27, 0x30, 0x27, 0x27, 0x27, 0x27, 0x30, 0x2e, 0x30, 0x2e, 0x27, 0x2a, 0x24, 0x24, 0x18, 0x24, 0x18, 0x24, 0x24, 0x2e, 0x24, 0x2a, 0x24, 0x24, 0x1e, 0x1b, 0x24, 0x1b, 0x24, 0x24, 0x26, 0x24, 0x1e, 0x1e, 0x1b, 0x1b, 0x1b, 0x1e, 0x1e, 0x1e, 0x1e, 0x1e, 0x1b, 0x1e, 0x1e, 0x1b, 0x1e, 0x1e, 0x26, 0x2c, 0x37, 0x37, 0x37, 0x37, 0x2a, 0x2a, 0x24, 0x24, 0x2a, 0x24, 0x2e, 0x2a, 0x2b, 0x2e, 0x36, 0x36, 0x34, 0x36, 0x3d, 0x42, 0x3d, 0x41, 0x43, 0x45, 0x43, 0x36, 0x34, 0x30, 0x60, 0x5f, 0x34, 0x88, 0x43, 0x3f, 0x46, 0x4f, 0x06, 0x4e, 0x47, 0x46, 0x4c, 0x4f, 0x06, 0x4f, 0x48, 0x67, 0x58, 0x76, 0x76, 0x34, 0x6f, 0x76, 0x6f, 0x76, 0x82, 0x85, 0x82, 0x7e, 0x85, 0x7e, 0x7e, 0x7e, 0x76, 0x76, 0x79, 0x76, 0x79, 0x7e, 0x77, 0x74, 0x74, 0x77, 0x78, 0x74, 0x74, 0x76, 0x74, 0x76, 0x79, 0x7e, 0x7e, 0x85, 0x86, 0x85, 0x7b, 0x79, 0x7b, 0x7c, 0x76, 0x7c, 0x76, 0x7c, 0x77, 0x74, 0x71, 0x68, 0x73, 0x7a, 0x79, 0x79, 0x7e, 0x85, 0x7c, 0x77, 0x77, 0x74, 0x77, 0x7d, 0x7d, 0x7c, 0x7c, 0x7c, 0x85, 0x86, 0x8e, 0x8b, 0xb9, 0xb9, 0xb9, 0xb3, 0x86, 0x86, 0xb3, 0xb3, 0x8b, 0xb3, 0x86, 0xb8, 0xb9, 0xc1, 0xc4, 0xc1, 0xc7, 0xc4, 0xc4, 0xbe, 0xb8, 0xbd, 0xc1, 0xc1, 0xc1, 0xc1, 0xc1, 0xc1, 0xbd, 0xbe, 0xc1, 0xc1, 0xc4, 0xc1, 
  0xc4, 0xc4, 0xc4, 0xc7, 0xc4, 0xc4, 0xc4, 0xc7, 0xc4, 0xc4, 0xc1, 0xc4, 0xc7, 0xc7, 0xc8, 0xc8, 0xc7, 0xc7, 0xc4, 0xc3, 0xb9, 0x8b, 0x8b, 0x8b, 0x86, 0x8a, 0x8b, 0x8e, 0xb9, 0x8f, 0xc3, 0xc6, 0xc8, 0xc6, 0xc3, 0x8f, 0x8f, 0x8f, 0x8b, 0x8b, 0x8a, 0x8a, 0x8a, 0x85, 0x8a, 0x85, 0x8a, 0x85, 0x77, 0x6b, 0x64, 0x64, 0x5b, 0x59, 0x59, 0x59, 0x5b, 0x5b, 0x5b, 0x6b, 0x85, 0x8e, 0x90, 0x90, 0x8e, 0x48, 0x72, 0x5b, 0x57, 0x5f, 0x5f, 0x65, 0x58, 0x64, 0x5f, 0x68, 0x71, 0x34, 0x79, 0x7f, 0x85, 0x7f, 0x7e, 0x7a, 0x71, 0x69, 0x68, 0x21, 0x69, 0x72, 0x34, 0x3d, 0x7f, 0x3d, 0x3d, 0x3d, 0x43, 0x43, 0x43, 0x43, 0x43, 0x3d, 0x30, 0x30, 0x30, 0x34, 0x34, 0x43, 0x3d, 0x3d, 0x3d, 0x30, 0x30, 0x30, 0x27, 0x27, 0x27, 0x27, 0x27, 0x27, 0x30, 0x27, 0x27, 0x27, 0x27, 0x27, 0x27, 0x30, 0x2e, 0x30, 0x2e, 0x27, 0x24, 0x24, 0x1b, 0x24, 0x24, 0x24, 0x2e, 0x2e, 0x2e, 0x24, 0x24, 0x24, 0x1b, 0x24, 0x1e, 0x24, 0x24, 0x26, 0x24, 0x26, 0x24, 0x1b, 0x1b, 0x1b, 0x1b, 0x1e, 0x1e, 0x1b, 0x1e, 0x1e, 0x1e, 0x1e, 0x1e, 0x1e, 0x1e, 0x26, 0x26, 0x32, 0x3e, 0x3e, 0x3e, 0x37, 0x37, 0x2a, 0x2a, 0x24, 0x2e, 0x2e, 0x2e, 0x2e, 0x2e, 0x2e, 0x2b, 0x2b, 0x2b, 0x2b, 0x2b, 0x2b, 0x24, 0x21, 0x1c, 0x2b, 0x30, 0x1c, 0x21, 0x5f, 0x5f, 0x60, 0x57, 0x72, 0x7f, 0x3f, 0x43, 0x4e, 0x4c, 0x47, 0x48, 0x48, 0x47, 0x4e, 0x4f, 0x8d, 0x81, 0x21, 0x6b, 0x3f, 0x76, 0x6f, 0x6f, 0x6f, 0x6f, 0x76, 0x7e, 0x75, 0x85, 0x8a, 0x85, 0x7e, 0x7e, 0x7c, 0x77, 0x77, 0x74, 0x74, 0x7c, 0x77, 0x76, 0x74, 0x74, 0x7c, 0x7c, 0x74, 0x74, 0x74, 0x76, 0x7c, 0x7e, 0x85, 0x8b, 0x8b, 0x8b, 0x85, 0x7d, 0x7b, 0x77, 0x76, 0x77, 0x77, 0x7c, 0x77, 0x77, 0x74, 0x71, 0x68, 0x79, 0x7d, 0x85, 0x86, 0x8b, 0x86, 0x80, 0x77, 0x74, 0x74, 0x7d, 0x7d, 0x7d, 0x79, 0x7c, 0x7e, 0x80, 0x8b, 0x8b, 0xb9, 0xb9, 0xbe, 0xb9, 0xb3, 0x83, 0xac, 0xac, 0x83, 0xac, 0x83, 0x86, 0xb3, 0xb9, 0xc1, 0xc4, 0xc4, 0xc4, 0xc7, 0xc1, 0xbc, 0xb6, 0xbe, 0xbd, 0xc1, 0xc1, 0xbd, 0xbd, 0xbd, 0xbd, 0xbd, 0xc1, 0xc1, 0xc4, 0xc4, 
  0xc4, 0xc4, 0xc7, 0xc4, 0xc4, 0xc4, 0xc7, 0xc7, 0xc4, 0xe5, 0xc1, 0xc4, 0xc1, 0xc7, 0xc7, 0xc7, 0xc7, 0xc4, 0xc4, 0xbe, 0xb9, 0xb9, 0xb3, 0x8b, 0x8b, 0x8b, 0x8b, 0x8b, 0x8b, 0x8b, 0xb9, 0x8f, 0xc3, 0x8f, 0x8f, 0x8f, 0x8e, 0x8e, 0x8a, 0x8a, 0x85, 0x85, 0x85, 0x86, 0x85, 0x8b, 0x8b, 0x8b, 0x86, 0x85, 0x77, 0x73, 0x68, 0x5d, 0x5d, 0x59, 0x59, 0x5b, 0x64, 0x71, 0x86, 0x8e, 0x8e, 0x8d, 0x8d, 0x8d, 0x7a, 0x6d, 0x65, 0x65, 0x57, 0x54, 0x5a, 0x5f, 0x71, 0x77, 0x7f, 0x85, 0x82, 0x7e, 0x7a, 0x71, 0x69, 0x67, 0x5f, 0x5f, 0x5f, 0x21, 0x6d, 0x6d, 0x34, 0x3d, 0x3d, 0x3d, 0x3d, 0x3d, 0x43, 0x43, 0x49, 0x46, 0x43, 0x3d, 0x36, 0x30, 0x30, 0x30, 0x34, 0x36, 0x3d, 0x3d, 0x34, 0x30, 0x30, 0x27, 0x27, 0x27, 0x27, 0x27, 0x27, 0x30, 0x27, 0x30, 0x27, 0x27, 0x27, 0x27, 0x2e, 0x30, 0x30, 0x2e, 0x30, 0x2e, 0x27, 0x1b, 0x27, 0x24, 0x27, 0x2e, 0x2e, 0x2e, 0x2e, 0x2a, 0x24, 0x24, 0x24, 0x1b, 0x24, 0x24, 0x2a, 0x24, 0x2a, 0x24, 0x1e, 0x1e, 0x1b, 0x1b, 0x1b, 0x1e, 0x1e, 0x1e, 0x1e, 0x1e, 0x1e, 0x1e, 0x1e, 0x1e, 0x1e, 0x26, 0x2c, 0x32, 0x3e, 0x44, 0x41, 0x3e, 0x36, 0x2e, 0x2e, 0x27, 0x2e, 0x27, 0x24, 0x69, 0x1d, 0x19, 0x1c, 0x21, 0x1c, 0x2b, 0x19, 0x19, 0x69, 0x2b, 0x21, 0x19, 0x21, 0x13, 0x0d, 0x5c, 0x30, 0x6d, 0x6d, 0x7a, 0x82, 0x82, 0x8d, 0x4d, 0x8d, 0x48, 0x4d, 0x48, 0x4d, 0x4e, 0x8d, 0x8d, 0x82, 0x67, 0x67, 0x62, 0x58, 0x58, 0x62, 0x21, 0x62, 0x67, 0x6f, 0x62, 0x8a, 0x8a, 0x85, 0x83, 0x7c, 0x76, 0x78, 0x74, 0x74, 0x71, 0x74, 0x77, 0x77, 0x77, 0x7c, 0x7d, 0x7c, 0x78, 0x74, 0x78, 0x77, 0x7c, 0x85, 0x86, 0x8b, 0x8b, 0x8b, 0x86, 0x7c, 0x77, 0x74, 0x74, 0x74, 0x74, 0x74, 0x74, 0x74, 0x68, 0x6c, 0x71, 0x77, 0x85, 0x8b, 0x8f, 0xbe, 0x8b, 0x80, 0x77, 0x74, 0x70, 0x77, 0x7d, 0x7d, 0x7d, 0x7d, 0x7c, 0x7c, 0x80, 0x86, 0xb9, 0xbe, 0xbe, 0xbd, 0xb3, 0xad, 0x78, 0xab, 0xa7, 0xac, 0xac, 0x80, 0xb3, 0xb9, 0xc1, 0xc4, 0xc7, 0xc7, 0xc7, 0xc1, 0xbd, 0xb9, 0xbb, 0xbd, 0xbf, 0xbd, 0xbd, 0xbd, 0xbd, 0xbd, 0xbd, 0xc1, 0xc4, 0xc4, 0xc7, 
  0xc4, 0xc4, 0xc7, 0xc7, 0xc4, 0xc7, 0xc4, 0xc4, 0xc4, 0xc1, 0xc4, 0xc1, 0xc4, 0xc1, 0xc4, 0xc4, 0xc4, 0xc4, 0xc4, 0xc1, 0xb9, 0xb3, 0x8b, 0x8b, 0x8b, 0x8a, 0x8a, 0x8a, 0x8b, 0x85, 0x8b, 0x8b, 0xb9, 0x8f, 0x8b, 0x8b, 0x85, 0x8a, 0x85, 0x8a, 0x85, 0x86, 0x85, 0x86, 0x7e, 0x80, 0x85, 0x86, 0x86, 0x80, 0x86, 0x7d, 0x7d, 0x70, 0x6a, 0x5d, 0x64, 0x6a, 0x77, 0x7e, 0x8e, 0x8e, 0x90, 0x90, 0x4d, 0x8d, 0x88, 0x79, 0x6d, 0x5b, 0x54, 0x0d, 0x5b, 0x71, 0x79, 0x85, 0x85, 0x79, 0x73, 0x69, 0x64, 0x58, 0x5b, 0x58, 0x5f, 0x67, 0x71, 0x72, 0x72, 0x34, 0x34, 0x34, 0x34, 0x34, 0x34, 0x3d, 0x43, 0x43, 0x46, 0x46, 0x43, 0x3d, 0x34, 0x30, 0x6d, 0x30, 0x30, 0x34, 0x34, 0x30, 0x34, 0x30, 0x27, 0x27, 0x27, 0x27, 0x27, 0x27, 0x30, 0x27, 0x30, 0x27, 0x27, 0x27, 0x27, 0x27, 0x30, 0x30, 0x36, 0x30, 0x2e, 0x27, 0x24, 0x24, 0x24, 0x24, 0x2e, 0x2e, 0x36, 0x2e, 0x2e, 0x27, 0x24, 0x24, 0x24, 0x24, 0x24, 0x24, 0x24, 0x2a, 0x24, 0x24, 0x24, 0x1b, 0x1b, 0x1b, 0x1b, 0x1e, 0x1e, 0x1e, 0x24, 0x1e, 0x24, 0x1e, 0x24, 0x1e, 0x26, 0x2a, 0x2c, 0x39, 0x3e, 0x44, 0x44, 0x42, 0x37, 0x2e, 0x24, 0x18, 0x60, 0x12, 0x0f, 0x0f, 0x0f, 0x13, 0x13, 0x13, 0x58, 0x13, 0x13, 0x13, 0x13, 0x19, 0x21, 0x13, 0x19, 0x27, 0x19, 0x60, 0x6d, 0x6d, 0x72, 0x7a, 0x82, 0x48, 0x46, 0x4d, 0x06, 0x4d, 0x48, 0x8d, 0x06, 0x90, 0x8d, 0x82, 0x67, 0x71, 0x67, 0x58, 0x58, 0x6f, 0x82, 0x7e, 0x6f, 0x67, 0x67, 0x87, 0x8a, 0x8a, 0x86, 0x7e, 0x7c, 0x78, 0x77, 0x74, 0x70, 0x70, 0x74, 0x77, 0x77, 0x7d, 0x7d, 0x7d, 0x7d, 0x78, 0x74, 0x74, 0x74, 0x77, 0x80, 0x85, 0xb3, 0x8b, 0x86, 0x80, 0x77, 0x73, 0x6c, 0x71, 0x6c, 0x71, 0x74, 0x73, 0x6c, 0x71, 0x68, 0x73, 0x79, 0x86, 0xbe, 0xc3, 0xc4, 0xb3, 0x80, 0x78, 0x74, 0x77, 0xa1, 0x77, 0x77, 0x7d, 0x77, 0x71, 0x74, 0x7c, 0x80, 0xb3, 0xbd, 0xbd, 0xbd, 0xb2, 0xac, 0xab, 0xa6, 0xa7, 0x78, 0xac, 0x80, 0xb3, 0xb6, 0xc4, 0xc4, 0xc7, 0xc7, 0xc4, 0xc4, 0xbf, 0xbd, 0xbd, 0xbf, 0xbf, 0xc1, 0xbd, 0xbf, 0xbd, 0xbd, 0xc1, 0xc1, 0xc4, 0xc7, 0xc7, 
  0xc7, 0xc7, 0xc7, 0xc8, 0xc8, 0xc8, 0xc7, 0xc7, 0xc4, 0xc4, 0xc1, 0xc1, 0xc1, 0xc1, 0xc4, 0xc4, 0xc4, 0xc4, 0xc4, 0xbe, 0xbd, 0xb9, 0xb9, 0xbe, 0x8f, 0xb9, 0x8b, 0x8a, 0x8a, 0x8a, 0x86, 0x8b, 0x8b, 0x8b, 0x8a, 0x85, 0x7e, 0x7e, 0x7a, 0x7e, 0x7e, 0x7e, 0x80, 0x7e, 0x80, 0x7d, 0x7e, 0x7c, 0x77, 0x7d, 0x7e, 0x80, 0x7e, 0x7d, 0x70, 0x6a, 0x5d, 0x68, 0x7e, 0x8e, 0x90, 0x93, 0x93, 0x90, 0x4f, 0x90, 0x48, 0x7f, 0x73, 0x5f, 0x0d, 0x96, 0x5f, 0x79, 0x85, 0x79, 0x79, 0x68, 0x5f, 0x5b, 0x58, 0x58, 0x5f, 0x67, 0x71, 0x7a, 0x7a, 0x7f, 0x7a, 0x3d, 0x7a, 0x34, 0x34, 0x34, 0x3d, 0x3d, 0x3d, 0x43, 0x46, 0x46, 0x43, 0x43, 0x30, 0x30, 0x27, 0x6d, 0x30, 0x72, 0x30, 0x34, 0x30, 0x6d, 0x27, 0x60, 0x27, 0x60, 0x27, 0x27, 0x27, 0x30, 0x30, 0x27, 0x30, 0x27, 0x27, 0x27, 0x2e, 0x30, 0x30, 0x30, 0x30, 0x27, 0x27, 0x24, 0x27, 0x2e, 0x2e, 0x36, 0x2e, 0x36, 0x2e, 0x2a, 0x27, 0x24, 0x27, 0x1b, 0x27, 0x24, 0x24, 0x24, 0x2a, 0x24, 0x24, 0x1e, 0x1b, 0x24, 0x1e, 0x24, 0x24, 0x24, 0x26, 0x24, 0x26, 0x24, 0x26, 0x2a, 0x26, 0x2a, 0x32, 0x3e, 0x42, 0x44, 0x41, 0x2e, 0x1d, 0x18, 0x12, 0x18, 0x12, 0x13, 0x18, 0x19, 0x19, 0x19, 0x19, 0x58, 0x19, 0x19, 0x19, 0x21, 0x19, 0x13, 0x13, 0x13, 0x13, 0x5f, 0x27, 0x60, 0x30, 0x7f, 0x82, 0x7f, 0x7a, 0x7e, 0x7f, 0x47, 0x06, 0x3f, 0x75, 0x3f, 0x90, 0x4d, 0x90, 0x87, 0x81, 0x6f, 0x6f, 0x62, 0x67, 0x7e, 0x7e, 0x71, 0x6f, 0x6b, 0x76, 0x8a, 0x8a, 0x8a, 0x86, 0x86, 0x7c, 0x78, 0x7c, 0x70, 0x74, 0x70, 0x70, 0x74, 0x77, 0x70, 0x7d, 0xa9, 0x7d, 0x70, 0x74, 0x6c, 0x70, 0x74, 0x7c, 0x7d, 0x86, 0x80, 0x7d, 0x77, 0x70, 0x70, 0x68, 0x68, 0x68, 0x6c, 0x68, 0x6c, 0x68, 0x64, 0x68, 0x74, 0x7d, 0xb3, 0xc3, 0xc7, 0xc4, 0xbe, 0xb3, 0x7c, 0x78, 0xa1, 0x70, 0xa1, 0x77, 0x74, 0x73, 0x6c, 0x71, 0x74, 0x80, 0xb3, 0xb9, 0xbb, 0xbd, 0xb1, 0xb2, 0xad, 0xa7, 0xa7, 0xa7, 0xa7, 0x80, 0xb6, 0xb9, 0xc1, 0xc7, 0xc7, 0xc8, 0xc7, 0xc1, 0xc1, 0xbf, 0xbf, 0xbf, 0xbf, 0xc1, 0xbf, 0xc1, 0xbd, 0xbb, 0xbd, 0xc4, 0xc7, 0xc8, 0xca, 
  0xc4, 0xc7, 0xc7, 0xc8, 0xc8, 0xc8, 0xc8, 0xc7, 0xc4, 0xc1, 0xc1, 0xc1, 0xc1, 0xc1, 0xc1, 0xc1, 0xc4, 0xc1, 0xc4, 0xc1, 0xbe, 0xbd, 0xc3, 0xc3, 0xc3, 0x92, 0x8f, 0x8b, 0x8a, 0x8a, 0x8a, 0x86, 0x8b, 0x8b, 0x83, 0x7e, 0x7e, 0x7a, 0x76, 0x71, 0x71, 0x71, 0x77, 0x7d, 0x79, 0x7c, 0x7c, 0x74, 0x74, 0x74, 0x73, 0x77, 0x7d, 0x80, 0x77, 0x64, 0x5b, 0x64, 0x7e, 0x8e, 0x93, 0x07, 0x50, 0x51, 0x93, 0x4f, 0x48, 0x82, 0x7a, 0x64, 0x54, 0x54, 0x68, 0x79, 0x6a, 0x6a, 0x65, 0x65, 0x5b, 0x5b, 0x5f, 0x68, 0x7a, 0x7a, 0x88, 0x82, 0x88, 0x7f, 0x7f, 0x7a, 0x34, 0x34, 0x34, 0x34, 0x34, 0x3d, 0x7f, 0x43, 0x46, 0x43, 0x46, 0x3d, 0x34, 0x30, 0x6d, 0x30, 0x6d, 0x72, 0x30, 0x6d, 0x27, 0x69, 0x27, 0x27, 0x27, 0x27, 0x60, 0x27, 0x27, 0x30, 0x27, 0x30, 0x27, 0x30, 0x27, 0x30, 0x30, 0x30, 0x36, 0x30, 0x2e, 0x30, 0x24, 0x27, 0x24, 0x2e, 0x36, 0x36, 0x36, 0x2e, 0x2e, 0x2e, 0x24, 0x27, 0x24, 0x27, 0x24, 0x24, 0x24, 0x24, 0x24, 0x24, 0x24, 0x1e, 0x24, 0x1e, 0x24, 0x24, 0x24, 0x24, 0x2a, 0x2a, 0x2a, 0x2a, 0x2a, 0x2a, 0x2a, 0x32, 0x37, 0x37, 0x37, 0x2e, 0x25, 0x20, 0x1d, 0x20, 0x24, 0x24, 0x24, 0x27, 0x24, 0x30, 0x2e, 0x2b, 0x69, 0x69, 0x2b, 0x2b, 0x69, 0x69, 0x69, 0x69, 0x21, 0x58, 0x5f, 0x5f, 0x57, 0x27, 0x82, 0x43, 0x7f, 0x82, 0x7a, 0x3d, 0x87, 0x4c, 0x4e, 0x87, 0x2b, 0x7a, 0x81, 0x93, 0x90, 0x4d, 0x90, 0x47, 0x87, 0x81, 0x67, 0x62, 0x58, 0x62, 0x62, 0x6f, 0x87, 0x8a, 0x8a, 0x86, 0x7e, 0x80, 0x80, 0x80, 0x7d, 0x78, 0x70, 0x70, 0x70, 0x6c, 0x6c, 0x74, 0x70, 0x74, 0x74, 0x74, 0x6c, 0x6c, 0x6b, 0x70, 0x74, 0x77, 0x77, 0x77, 0x77, 0x68, 0x68, 0x64, 0x64, 0x64, 0x64, 0x64, 0x68, 0x68, 0x64, 0x68, 0x68, 0x71, 0x80, 0x8b, 0xc4, 0xc4, 0xc4, 0xc1, 0xb6, 0x80, 0xa7, 0x74, 0xa1, 0x70, 0x74, 0x6c, 0x71, 0x67, 0x67, 0x6c, 0x74, 0x80, 0xb6, 0xbd, 0xbb, 0xb5, 0xb2, 0xad, 0xab, 0xa1, 0xa7, 0xac, 0xaf, 0xb6, 0xbd, 0xc1, 0xc7, 0xc7, 0xc8, 0xc4, 0xc4, 0xbf, 0xbf, 0xbf, 0xbf, 0xbf, 0xbf, 0xbf, 0xbf, 0xbb, 0xbd, 0xbd, 0xc1, 0xc7, 0xca, 0xca, 
  0xc4, 0xc7, 0xc7, 0xc7, 0xc8, 0xca, 0xc8, 0xc7, 0xc4, 0xc1, 0xbe, 0xbd, 0xbe, 0xc1, 0xc1, 0xc1, 0xc1, 0xc1, 0xc1, 0xc1, 0xc1, 0xbe, 0xc4, 0xc7, 0xc8, 0xc8, 0xc3, 0x8e, 0x8b, 0x8a, 0x86, 0x85, 0x83, 0x86, 0x85, 0x7e, 0x7e, 0x7e, 0x76, 0x76, 0x6b, 0x68, 0x61, 0x68, 0x70, 0x73, 0x74, 0x74, 0x6c, 0x6c, 0x68, 0x68, 0x6c, 0x79, 0x77, 0x64, 0x5a, 0x62, 0x7e, 0x90, 0x93, 0x4f, 0x4f, 0x50, 0x4f, 0x93, 0x8d, 0x48, 0x7f, 0x6a, 0x13, 0x54, 0x5b, 0x5b, 0x5b, 0x5d, 0x65, 0x5d, 0x65, 0x71, 0x72, 0x7a, 0x7f, 0x82, 0x82, 0x43, 0x82, 0x43, 0x7f, 0x7f, 0x7a, 0x34, 0x72, 0x72, 0x34, 0x34, 0x3d, 0x7f, 0x43, 0x88, 0x43, 0x43, 0x34, 0x30, 0x6d, 0x6d, 0x72, 0x30, 0x6d, 0x69, 0x69, 0x27, 0x6d, 0x27, 0x27, 0x27, 0x27, 0x27, 0x60, 0x27, 0x27, 0x30, 0x27, 0x30, 0x27, 0x30, 0x2e, 0x30, 0x30, 0x30, 0x30, 0x27, 0x2e, 0x27, 0x2e, 0x36, 0x36, 0x37, 0x36, 0x36, 0x2e, 0x30, 0x24, 0x27, 0x24, 0x27, 0x24, 0x27, 0x24, 0x24, 0x24, 0x24, 0x1e, 0x24, 0x1b, 0x24, 0x24, 0x2a, 0x24, 0x2e, 0x2a, 0x2e, 0x2a, 0x2e, 0x32, 0x2e, 0x37, 0x37, 0x37, 0x2e, 0x33, 0x33, 0x36, 0x41, 0x41, 0x41, 0x36, 0x41, 0x36, 0x36, 0x33, 0x36, 0x2b, 0x2b, 0x11, 0x1f, 0x34, 0x2b, 0x1f, 0x19, 0x19, 0x11, 0x13, 0x5f, 0x5f, 0x27, 0x21, 0x30, 0x46, 0x46, 0x46, 0x48, 0x48, 0x8d, 0x4d, 0x4e, 0x4f, 0x4c, 0x8a, 0x87, 0x48, 0x93, 0x8d, 0xcc, 0x50, 0xcf, 0x07, 0x94, 0x90, 0x76, 0x6f, 0x62, 0x67, 0x76, 0x76, 0x7b, 0x85, 0x7e, 0x80, 0x7d, 0x7d, 0x7d, 0xa9, 0x70, 0x6c, 0x6c, 0x6c, 0x61, 0x6c, 0x6c, 0x6c, 0x6c, 0x6c, 0x6c, 0x6c, 0x6c, 0x6c, 0x6c, 0x70, 0x70, 0x70, 0x70, 0x68, 0x64, 0x64, 0x5f, 0x64, 0x5b, 0x64, 0x5b, 0x64, 0x64, 0x64, 0x64, 0x68, 0x74, 0x7d, 0xb3, 0xc1, 0xc4, 0xc1, 0xbd, 0xb6, 0x80, 0xa7, 0xa1, 0x78, 0xa1, 0x74, 0x68, 0x62, 0x5f, 0x67, 0x67, 0x6c, 0x74, 0xb3, 0xbd, 0xbd, 0xbb, 0xb6, 0xad, 0xa8, 0xa7, 0xa3, 0xaf, 0xb3, 0xbb, 0xbe, 0xc4, 0xc7, 0xc8, 0xc7, 0xc7, 0xc1, 0xc1, 0xbf, 0xbf, 0xbb, 0xbf, 0xbf, 0xbb, 0xbb, 0xbd, 0xbb, 0xc1, 0xc4, 0xc8, 0xca, 0xcb, 
  0xc4, 0xc3, 0xc7, 0xc7, 0xc7, 0xc8, 0xc8, 0xc8, 0xc7, 0xc1, 0xc1, 0xc1, 0xbd, 0xbd, 0xc1, 0xbd, 0xc1, 0xc1, 0xc1, 0xc4, 0xc1, 0xe5, 0xc4, 0xc8, 0xc8, 0xca, 0xc7, 0x8f, 0x8b, 0x86, 0x89, 0x83, 0x86, 0x89, 0x86, 0x83, 0x85, 0x85, 0x7e, 0x79, 0x71, 0x68, 0x64, 0x5d, 0x64, 0x68, 0x6c, 0x68, 0x6c, 0x68, 0x6c, 0x64, 0x5a, 0x67, 0x61, 0x67, 0x5a, 0x67, 0x85, 0x93, 0x93, 0x4f, 0x4f, 0x4f, 0x4f, 0x4f, 0x4d, 0x8e, 0x82, 0x71, 0x54, 0x54, 0x0d, 0x54, 0x57, 0x5d, 0x65, 0x6a, 0x72, 0x73, 0x7a, 0x7a, 0x7f, 0x7f, 0x7f, 0x7f, 0x7f, 0x7a, 0x7a, 0x72, 0x6d, 0x65, 0x6d, 0x65, 0x6d, 0x6d, 0x72, 0x72, 0x34, 0x3d, 0x7a, 0x30, 0x72, 0x6d, 0x6d, 0x6d, 0x6d, 0x6d, 0x69, 0x69, 0x5f, 0x21, 0x6d, 0x6d, 0x30, 0x30, 0x27, 0x60, 0x24, 0x60, 0x27, 0x60, 0x27, 0x27, 0x27, 0x27, 0x30, 0x30, 0x30, 0x30, 0x30, 0x2e, 0x30, 0x2e, 0x2e, 0x36, 0x36, 0x36, 0x36, 0x36, 0x2e, 0x2e, 0x27, 0x24, 0x27, 0x24, 0x27, 0x24, 0x27, 0x24, 0x24, 0x24, 0x24, 0x24, 0x27, 0x2a, 0x2e, 0x2e, 0x2e, 0x2e, 0x2e, 0x2e, 0x2e, 0x36, 0x36, 0x37, 0x36, 0x36, 0x41, 0x41, 0x42, 0x49, 0x49, 0x49, 0x42, 0x42, 0x41, 0x37, 0x36, 0x37, 0x36, 0x33, 0x36, 0x3b, 0x11, 0x19, 0x3f, 0x36, 0x36, 0x36, 0x2b, 0x21, 0x19, 0x5f, 0x6d, 0x6d, 0x30, 0x34, 0x46, 0x4c, 0x4e, 0x4c, 0x46, 0x4d, 0x4d, 0x50, 0x06, 0x93, 0x8d, 0x8a, 0x90, 0x8a, 0x81, 0x8d, 0x90, 0x4d, 0x90, 0x90, 0x90, 0x7e, 0x6f, 0x6b, 0x6f, 0x9e, 0x6f, 0x7b, 0x7e, 0x76, 0x77, 0x77, 0x70, 0x74, 0x70, 0x6c, 0x6c, 0x61, 0x6c, 0x61, 0x61, 0x61, 0x6c, 0x6c, 0x6c, 0x61, 0x6c, 0x6c, 0x6c, 0x61, 0x74, 0x6c, 0x70, 0x6c, 0x68, 0x64, 0x5b, 0x5b, 0x5b, 0x5b, 0x5b, 0x5b, 0x61, 0x64, 0x61, 0x68, 0x6c, 0x78, 0x80, 0xb9, 0xc1, 0xc1, 0xbf, 0xbd, 0xaf, 0xad, 0xa7, 0x78, 0xa1, 0x6c, 0x64, 0x62, 0x5b, 0x62, 0x5b, 0x62, 0x64, 0x9f, 0x7c, 0xb6, 0xbb, 0xe0, 0xae, 0xae, 0xa7, 0xa8, 0xa7, 0xad, 0xb1, 0xbb, 0xbf, 0xc4, 0xc7, 0xc8, 0xc8, 0xc7, 0xe5, 0xc1, 0xbf, 0xbf, 0xbf, 0xbf, 0xbb, 0xbb, 0xbb, 0xbf, 0xbf, 0xc1, 0xc4, 0xc8, 0xcb, 0xcd, 
  0xc3, 0xbe, 0xc3, 0xc3, 0xc7, 0xc8, 0xc8, 0xc8, 0xc7, 0xc4, 0xc1, 0xc1, 0xbe, 0xc1, 0xbe, 0xc4, 0xc1, 0xc4, 0xc1, 0xc4, 0xc1, 0xc4, 0xc7, 0xc8, 0xc8, 0xc8, 0xc7, 0xc3, 0xb9, 0x8b, 0x86, 0x89, 0x89, 0x86, 0x83, 0x8a, 0x86, 0x8b, 0x8a, 0x8b, 0x7e, 0x77, 0x68, 0x64, 0x5d, 0x64, 0x64, 0x6c, 0x6a, 0x6c, 0x64, 0x5b, 0x5a, 0x5a, 0x5a, 0x5a, 0x5a, 0x6b, 0x8a, 0x93, 0x4f, 0x4f, 0x90, 0x4f, 0x4f, 0x4f, 0x4d, 0x48, 0x88, 0x73, 0x5f, 0x54, 0x0d, 0x55, 0x5b, 0x65, 0x6a, 0x65, 0x68, 0x69, 0x71, 0x72, 0x71, 0x72, 0x6d, 0x72, 0x69, 0x6d, 0x21, 0x5f, 0x5f, 0x5f, 0x60, 0x6d, 0x65, 0x6d, 0x65, 0x6d, 0x72, 0x6d, 0x69, 0x21, 0x5f, 0x5f, 0x5f, 0x5f, 0x5f, 0x5f, 0x5f, 0x5f, 0x21, 0x60, 0x6d, 0x30, 0x72, 0x30, 0x27, 0x27, 0x60, 0x60, 0x60, 0x60, 0x27, 0x60, 0x30, 0x27, 0x30, 0x30, 0x30, 0x36, 0x30, 0x30, 0x2e, 0x30, 0x36, 0x36, 0x36, 0x36, 0x36, 0x2e, 0x2e, 0x30, 0x2a, 0x27, 0x24, 0x27, 0x24, 0x27, 0x24, 0x24, 0x24, 0x24, 0x18, 0x18, 0x20, 0x18, 0x20, 0x18, 0x1d, 0x18, 0x15, 0x18, 0x0f, 0x15, 0x15, 0x1c, 0x15, 0x1c, 0x1f, 0x22, 0x1f, 0x22, 0x2b, 0x22, 0x2b, 0x33, 0x36, 0x3d, 0x42, 0x36, 0x36, 0x36, 0x36, 0x3f, 0x2b, 0x10, 0x35, 0x3f, 0x36, 0x3d, 0x36, 0x3f, 0x3d, 0x30, 0x72, 0x3d, 0x43, 0x43, 0x46, 0x4c, 0x51, 0x4e, 0x2b, 0x75, 0x3f, 0x47, 0x93, 0x47, 0x81, 0x6f, 0x76, 0x88, 0x87, 0x82, 0x75, 0x7a, 0x6f, 0x58, 0x13, 0x95, 0x13, 0x5a, 0x10, 0x62, 0x67, 0x6f, 0x6f, 0x74, 0x74, 0x6c, 0x6c, 0x6c, 0x64, 0x61, 0x61, 0x61, 0x61, 0x61, 0x61, 0x6c, 0x6c, 0x6c, 0x6c, 0x6c, 0xa1, 0x6c, 0x6c, 0x6c, 0x6c, 0x6c, 0x70, 0x6c, 0x61, 0x5b, 0x61, 0x57, 0x5a, 0x5b, 0x61, 0x5b, 0x61, 0x5b, 0x6c, 0x6c, 0x74, 0x7d, 0xb3, 0xb6, 0xbd, 0xc1, 0xbf, 0xb5, 0xae, 0xad, 0xa7, 0xa7, 0x9d, 0x61, 0x5a, 0x5b, 0x62, 0x5b, 0x62, 0x64, 0x6b, 0x6c, 0x9f, 0xb3, 0xb6, 0xb7, 0xae, 0xae, 0xa8, 0xd9, 0xa8, 0xae, 0xb6, 0xbb, 0xc1, 0xc4, 0xc7, 0xca, 0xc8, 0xc8, 0xc4, 0xc4, 0xc1, 0xbf, 0xbf, 0xbf, 0xbf, 0xbb, 0xbb, 0xbf, 0xbf, 0xc1, 0xc7, 0xca, 0xcd, 0xce, 
  0xbe, 0xbe, 0x8f, 0xc3, 0xc3, 0xc7, 0xc8, 0xc8, 0xc7, 0xc7, 0xc1, 0xc1, 0xbe, 0xbe, 0xc1, 0xc4, 0xc7, 0xc7, 0xc7, 0xc4, 0xc7, 0xc7, 0xc7, 0xc7, 0xc8, 0xc8, 0xc8, 0xc4, 0x8f, 0x8f, 0x8b, 0xb8, 0x8b, 0x89, 0x8b, 0x8b, 0x8b, 0x8b, 0x8b, 0xb9, 0x8a, 0x86, 0x73, 0x64, 0x64, 0x5d, 0x66, 0x6a, 0x66, 0x6a, 0x64, 0x5b, 0x96, 0x13, 0x97, 0x13, 0x97, 0x67, 0x8a, 0x92, 0x90, 0x4f, 0x4f, 0x4f, 0x4f, 0x4f, 0x8d, 0x48, 0x88, 0x82, 0x72, 0x5b, 0x54, 0x57, 0x65, 0x73, 0x65, 0x65, 0x65, 0x65, 0x5f, 0x5b, 0x5f, 0x5b, 0x5f, 0x5b, 0x5f, 0x5b, 0x5f, 0x5c, 0x5f, 0x60, 0x6a, 0x6d, 0x6d, 0x6d, 0x6d, 0x6d, 0x72, 0x6d, 0x5f, 0x5f, 0x58, 0x5f, 0x19, 0x5f, 0x19, 0x5f, 0x19, 0x5f, 0x5f, 0x21, 0x72, 0x30, 0x34, 0x30, 0x27, 0x60, 0x1b, 0x5c, 0x1b, 0x60, 0x60, 0x60, 0x27, 0x27, 0x30, 0x30, 0x30, 0x30, 0x2e, 0x30, 0x36, 0x36, 0x36, 0x36, 0x36, 0x36, 0x36, 0x36, 0x2e, 0x2e, 0x27, 0x24, 0x27, 0x24, 0x27, 0x24, 0x24, 0x24, 0x24, 0x24, 0x20, 0x24, 0x24, 0x2a, 0x24, 0x2a, 0x24, 0x2a, 0x24, 0x1d, 0x20, 0x1c, 0x18, 0x15, 0x0f, 0x11, 0x13, 0x11, 0x19, 0x19, 0x19, 0x10, 0x19, 0x10, 0x19, 0x16, 0x69, 0x35, 0x43, 0x42, 0x3f, 0x41, 0x3a, 0x19, 0x1f, 0x3f, 0x3d, 0x43, 0x28, 0x69, 0x3f, 0x34, 0x2b, 0x6d, 0x69, 0x69, 0x3d, 0x8d, 0x4f, 0x47, 0x6f, 0x2b, 0x75, 0x87, 0x47, 0x75, 0x75, 0x67, 0x75, 0x93, 0x8d, 0x48, 0x87, 0x47, 0x7f, 0x58, 0x10, 0x13, 0x62, 0x67, 0x6b, 0x67, 0x9e, 0x6b, 0x6b, 0x6b, 0x6c, 0x68, 0x6c, 0x6c, 0x6c, 0x61, 0x6b, 0x61, 0x61, 0x6b, 0x6c, 0x78, 0x7c, 0xac, 0x78, 0xa9, 0x78, 0x7c, 0x78, 0x74, 0x7c, 0xa1, 0x6c, 0x6c, 0x64, 0x64, 0x64, 0x5b, 0x5b, 0x64, 0x5b, 0x5b, 0x64, 0x61, 0x6c, 0x70, 0x7d, 0xaf, 0xb9, 0xbd, 0xc1, 0xbf, 0xbf, 0xbb, 0xae, 0xad, 0xa7, 0x6c, 0x9a, 0x5a, 0x5a, 0x5a, 0x61, 0x6c, 0x61, 0x6c, 0x6c, 0xa1, 0x74, 0xaf, 0xb6, 0xbb, 0xb7, 0xdd, 0xae, 0xa8, 0xad, 0xae, 0xdd, 0xbb, 0xbf, 0xc4, 0xc7, 0xc8, 0xca, 0xc8, 0xc7, 0xc4, 0xc1, 0xc1, 0xbf, 0xbf, 0xbf, 0xbb, 0xbb, 0xbf, 0xc1, 0xc4, 0xe6, 0xcb, 0xce, 0xcf, 
  0xbe, 0x8f, 0x8f, 0x8f, 0xc3, 0xc7, 0xc7, 0xc8, 0xc8, 0xc7, 0xc1, 0xbe, 0xbd, 0xb9, 0xbe, 0xbe, 0xc7, 0xc7, 0xc8, 0xc8, 0xc7, 0xc4, 0xc3, 0xc3, 0xc3, 0xc8, 0xc7, 0xe6, 0xc3, 0xbe, 0xb8, 0xb8, 0x89, 0xb9, 0xb9, 0xb9, 0x8f, 0xb9, 0x8f, 0x8b, 0x8b, 0x85, 0x7d, 0x70, 0x65, 0x66, 0x6a, 0x66, 0x68, 0x66, 0x6c, 0x64, 0x5a, 0x96, 0x97, 0x97, 0x5a, 0x74, 0x89, 0x8e, 0x90, 0x93, 0x4f, 0x93, 0x50, 0x4f, 0x4d, 0x48, 0x8d, 0x48, 0x82, 0x6d, 0x5b, 0x65, 0x6a, 0x65, 0x65, 0x5c, 0x65, 0x5b, 0x5b, 0x5b, 0x57, 0x57, 0x5b, 0x57, 0x5f, 0x5b, 0x65, 0x69, 0x6a, 0x6d, 0x72, 0x72, 0x73, 0x72, 0x72, 0x72, 0x72, 0x6d, 0x69, 0x5f, 0x5f, 0x58, 0x5f, 0x5f, 0x5f, 0x58, 0x5f, 0x5f, 0x21, 0x6d, 0x34, 0x3d, 0x7f, 0x36, 0x72, 0x60, 0x60, 0x56, 0x5c, 0x56, 0x60, 0x60, 0x27, 0x27, 0x27, 0x27, 0x30, 0x30, 0x30, 0x36, 0x36, 0x36, 0x36, 0x36, 0x36, 0x36, 0x36, 0x2e, 0x2e, 0x2e, 0x24, 0x2e, 0x27, 0x2a, 0x27, 0x2a, 0x27, 0x2a, 0x24, 0x2a, 0x27, 0x2e, 0x2e, 0x2e, 0x2e, 0x36, 0x2e, 0x36, 0x36, 0x37, 0x36, 0x37, 0x41, 0x36, 0x33, 0x2e, 0x1f, 0x1c, 0x19, 0x11, 0x19, 0x19, 0x1a, 0x19, 0x58, 0x1f, 0x11, 0x19, 0x1f, 0x2b, 0x3f, 0x43, 0x43, 0x1f, 0x16, 0x34, 0x3f, 0x3d, 0x2b, 0x2b, 0x21, 0x30, 0x21, 0x13, 0x27, 0x34, 0x7f, 0x82, 0x4d, 0x4d, 0x75, 0x63, 0x75, 0x81, 0x75, 0x62, 0x63, 0x63, 0x93, 0x93, 0x4d, 0x90, 0x93, 0xce, 0x48, 0x7a, 0x5f, 0x67, 0x6f, 0x6f, 0x6f, 0x6f, 0x6f, 0x6f, 0x74, 0x6f, 0x74, 0x6b, 0x6b, 0x61, 0x62, 0x61, 0x62, 0x5a, 0x5a, 0x5a, 0x5a, 0x5a, 0x9a, 0x61, 0x61, 0x9d, 0x6c, 0xa1, 0x80, 0xac, 0x86, 0x86, 0x80, 0x74, 0x6c, 0x61, 0x64, 0x5b, 0x64, 0x5b, 0x64, 0x6c, 0x68, 0x6c, 0x70, 0x7c, 0xaf, 0xb3, 0xbd, 0xc1, 0xc1, 0xc1, 0xbd, 0xbb, 0xb5, 0xae, 0xa7, 0x9d, 0x9a, 0x5a, 0x5a, 0x61, 0x64, 0x78, 0xac, 0x7c, 0xa7, 0x74, 0xa7, 0xa7, 0xb6, 0xbb, 0xbb, 0xb7, 0xb1, 0xae, 0xae, 0xae, 0xdd, 0xbb, 0xbb, 0xc1, 0xc4, 0xc8, 0xc8, 0xc8, 0xc7, 0xc7, 0xc1, 0xc1, 0xbf, 0xbf, 0xbb, 0xbf, 0xbb, 0xbf, 0xc1, 0xc4, 0xc8, 0xcd, 0xcf, 0xce, 
  0xc3, 0xc3, 0x8f, 0x8f, 0xc3, 0xc3, 0xc7, 0xc7, 0xc7, 0xc4, 0xc1, 0xbd, 0xb9, 0xb6, 0xb9, 0xbe, 0xc3, 0xc7, 0xc7, 0xe6, 0xbe, 0x8f, 0x8b, 0x8b, 0x8e, 0xb9, 0x8f, 0xc3, 0xc4, 0xc3, 0xbe, 0xb8, 0xb8, 0x8f, 0xb9, 0x8f, 0xbe, 0x8f, 0x8f, 0x8f, 0x8b, 0x85, 0x7d, 0x79, 0x70, 0x6c, 0x64, 0x66, 0x70, 0x6e, 0x6c, 0x66, 0x64, 0x61, 0x5b, 0x5a, 0x61, 0x83, 0x8e, 0x92, 0x50, 0x93, 0x50, 0x51, 0x93, 0x4f, 0x4d, 0x4d, 0x8d, 0x48, 0x85, 0x72, 0x6a, 0x6d, 0x6a, 0x65, 0x65, 0x5d, 0x65, 0x65, 0x5b, 0x5f, 0x5b, 0x64, 0x65, 0x68, 0x6a, 0x6d, 0x72, 0x72, 0x72, 0x72, 0x72, 0x6d, 0x72, 0x72, 0x34, 0x7a, 0x7a, 0x72, 0x72, 0x6d, 0x21, 0x6d, 0x21, 0x5f, 0x21, 0x5f, 0x5f, 0x5f, 0x69, 0x72, 0x3d, 0x43, 0x43, 0x3d, 0x30, 0x24, 0x5c, 0x18, 0x56, 0x1b, 0x5c, 0x60, 0x27, 0x60, 0x27, 0x27, 0x30, 0x27, 0x30, 0x30, 0x34, 0x36, 0x36, 0x36, 0x36, 0x36, 0x2e, 0x36, 0x2e, 0x2e, 0x2e, 0x24, 0x2e, 0x2e, 0x2e, 0x2e, 0x2a, 0x2a, 0x2e, 0x24, 0x2a, 0x2a, 0x2e, 0x2a, 0x2e, 0x2a, 0x2e, 0x2a, 0x2e, 0x2e, 0x37, 0x36, 0x41, 0x41, 0x42, 0x41, 0x42, 0x41, 0x33, 0x33, 0x1f, 0x19, 0x19, 0x16, 0x58, 0x1f, 0x21, 0x1a, 0x58, 0x19, 0x1f, 0x2b, 0x75, 0x3f, 0x1a, 0x1f, 0x3f, 0x2b, 0x1f, 0x69, 0x21, 0x21, 0x27, 0x19, 0x5f, 0x69, 0x6d, 0x72, 0x2b, 0x8d, 0x4f, 0x67, 0x1a, 0x9e, 0x62, 0x1a, 0x62, 0x4d, 0x93, 0x06, 0x06, 0x06, 0x50, 0x4d, 0x8e, 0x88, 0x6f, 0x21, 0x71, 0x76, 0x6f, 0x6b, 0x62, 0x62, 0x6b, 0x9c, 0x5a, 0x97, 0x97, 0x95, 0x95, 0x95, 0x95, 0x95, 0x95, 0x95, 0x95, 0x95, 0x95, 0x95, 0x95, 0x95, 0x95, 0x97, 0x95, 0x97, 0x97, 0x99, 0x6b, 0x9f, 0x78, 0x78, 0x74, 0x6c, 0x64, 0x6c, 0x64, 0x6c, 0x70, 0x70, 0xa9, 0x80, 0xb3, 0xbe, 0xe5, 0xc4, 0xc4, 0xc1, 0xc1, 0xbf, 0xb6, 0xb1, 0xa7, 0x9d, 0x61, 0x61, 0x61, 0x61, 0xa6, 0xb3, 0xb9, 0xb6, 0xac, 0xa7, 0x9f, 0xa7, 0xad, 0xb6, 0xb6, 0xb1, 0xae, 0xd9, 0xae, 0xd9, 0xb1, 0xe0, 0xbb, 0xbf, 0xc1, 0xc4, 0xc8, 0xc8, 0xc8, 0xc4, 0xc4, 0xc1, 0xc1, 0xbf, 0xbf, 0xbb, 0xbf, 0xbf, 0xc4, 0xc7, 0xe7, 0xce, 0xcf, 0xcf, 
  0xca, 0x92, 0x8f, 0x8f, 0xc3, 0xbe, 0xc4, 0xc4, 0xc7, 0xc4, 0xc1, 0xbe, 0xb9, 0xb6, 0xb9, 0xb6, 0xbe, 0xbe, 0xbe, 0x8f, 0x8b, 0x8b, 0x85, 0x85, 0x85, 0x85, 0x86, 0xb9, 0xbe, 0xc4, 0xc1, 0xbe, 0xb8, 0x83, 0xb2, 0x86, 0xb3, 0x86, 0x86, 0x86, 0x8a, 0x80, 0x7e, 0x7d, 0x70, 0x70, 0x6c, 0x6c, 0x70, 0xa9, 0xa9, 0x70, 0x70, 0x64, 0x61, 0x61, 0x74, 0x86, 0x92, 0xcc, 0x50, 0x50, 0x50, 0x93, 0x50, 0x4f, 0x90, 0x8d, 0x48, 0x88, 0x7a, 0x73, 0x65, 0x6a, 0x65, 0x65, 0x65, 0x65, 0x65, 0x65, 0x64, 0x65, 0x64, 0x6a, 0x68, 0x73, 0x72, 0x73, 0x73, 0x72, 0x72, 0x72, 0x6d, 0x69, 0x69, 0x6d, 0x72, 0x34, 0x34, 0x34, 0x72, 0x72, 0x6d, 0x6d, 0x6d, 0x6d, 0x6d, 0x69, 0x69, 0x69, 0x30, 0x34, 0x3f, 0x43, 0x43, 0x7f, 0x34, 0x27, 0x60, 0x5c, 0x60, 0x56, 0x60, 0x60, 0x60, 0x60, 0x60, 0x60, 0x27, 0x30, 0x30, 0x30, 0x36, 0x36, 0x36, 0x36, 0x36, 0x36, 0x36, 0x2e, 0x36, 0x2e, 0x2e, 0x2e, 0x2e, 0x2e, 0x2e, 0x2e, 0x2e, 0x2e, 0x2a, 0x2a, 0x2a, 0x2e, 0x2a, 0x2e, 0x2a, 0x2e, 0x2e, 0x2e, 0x2e, 0x2e, 0x2e, 0x37, 0x41, 0x41, 0x41, 0x44, 0x41, 0x42, 0x42, 0x42, 0x42, 0x41, 0x35, 0x2b, 0x1f, 0x19, 0x58, 0x19, 0x67, 0x1f, 0x21, 0x58, 0x1f, 0x6f, 0x19, 0x63, 0x34, 0x3c, 0x27, 0x1f, 0x21, 0x69, 0x5f, 0x5f, 0x18, 0x69, 0x27, 0x72, 0x3d, 0x8d, 0x06, 0x47, 0x63, 0x63, 0x1a, 0x62, 0x87, 0x50, 0x90, 0x07, 0x06, 0x07, 0x50, 0x8d, 0x8a, 0x82, 0x76, 0x7a, 0x6f, 0x21, 0x67, 0x67, 0x62, 0x5a, 0x98, 0x62, 0x9c, 0x9e, 0x9e, 0xa5, 0xa0, 0xa5, 0xa5, 0x7b, 0xa5, 0x9e, 0x6b, 0x9e, 0x62, 0x62, 0x5a, 0x99, 0x5a, 0x99, 0x5a, 0x97, 0x97, 0x95, 0x95, 0x95, 0x96, 0x97, 0x5a, 0x61, 0x6c, 0x70, 0x77, 0x70, 0xa9, 0x77, 0x80, 0xb3, 0xbe, 0xc4, 0xc7, 0xc8, 0xc8, 0xc8, 0xc4, 0xc1, 0xbb, 0xb6, 0xad, 0xa1, 0x61, 0x9a, 0x61, 0x6c, 0xad, 0xbe, 0xc4, 0xbd, 0xb6, 0xac, 0xa7, 0xa7, 0xad, 0xad, 0xaf, 0xad, 0xae, 0xa8, 0xad, 0xa8, 0xdd, 0xae, 0xe0, 0xe0, 0xc1, 0xe5, 0xc7, 0xc7, 0xc8, 0xc7, 0xc4, 0xc1, 0xc1, 0xbf, 0xbf, 0xbf, 0xbf, 0xc1, 0xc4, 0xc7, 0xcb, 0xcf, 0xce, 0xcf, 
  0xcd, 0xe7, 0xc5, 0xc3, 0xc3, 0xc3, 0xc3, 0xe5, 0xc4, 0xc1, 0xc1, 0xbd, 0xb6, 0xb3, 0xb3, 0xb3, 0xb9, 0xb3, 0x8b, 0x86, 0x86, 0x85, 0x85, 0x82, 0x7e, 0x85, 0x85, 0x86, 0xb9, 0xc1, 0xc1, 0xb5, 0xb8, 0xb2, 0x83, 0xac, 0x78, 0x78, 0x6b, 0x74, 0x6b, 0x68, 0x6c, 0x6c, 0x74, 0x74, 0x70, 0x78, 0xa9, 0xa9, 0xa9, 0xa9, 0xa9, 0x70, 0x61, 0x6c, 0x9f, 0x8a, 0x8f, 0x93, 0x90, 0x90, 0x90, 0x4d, 0x4e, 0x93, 0x4e, 0x8d, 0x48, 0x82, 0x7a, 0x72, 0x6a, 0x65, 0x6a, 0x65, 0x65, 0x65, 0x6a, 0x64, 0x65, 0x64, 0x65, 0x64, 0x6d, 0x68, 0x73, 0x72, 0x72, 0x72, 0x72, 0x72, 0x6d, 0x21, 0x21, 0x69, 0x2b, 0x34, 0x7a, 0x34, 0x34, 0x72, 0x72, 0x72, 0x72, 0x72, 0x72, 0x72, 0x72, 0x72, 0x34, 0x3d, 0x43, 0x43, 0x46, 0x3d, 0x3d, 0x27, 0x27, 0x60, 0x1b, 0x60, 0x56, 0x60, 0x60, 0x60, 0x60, 0x60, 0x27, 0x27, 0x27, 0x30, 0x30, 0x34, 0x36, 0x36, 0x36, 0x36, 0x36, 0x36, 0x2e, 0x36, 0x2e, 0x36, 0x37, 0x36, 0x37, 0x37, 0x2e, 0x32, 0x2e, 0x2e, 0x2a, 0x2a, 0x2e, 0x2e, 0x2e, 0x2e, 0x2a, 0x2e, 0x2e, 0x2e, 0x2e, 0x36, 0x37, 0x41, 0x41, 0x42, 0x44, 0x42, 0x42, 0x41, 0x41, 0x42, 0x45, 0x45, 0x45, 0x3b, 0x2b, 0x1f, 0x19, 0x19, 0x1f, 0x21, 0x1f, 0x1f, 0x1f, 0x58, 0x29, 0x7a, 0x3f, 0x34, 0x21, 0x21, 0x69, 0x34, 0x69, 0x6d, 0x34, 0x7f, 0x88, 0x8d, 0x8d, 0x50, 0x81, 0x1a, 0x5a, 0x75, 0x07, 0x87, 0x4c, 0x07, 0x07, 0x06, 0x50, 0x93, 0x81, 0x76, 0x7a, 0x6f, 0x67, 0x6f, 0x76, 0x76, 0x75, 0x7b, 0x75, 0xa5, 0xa5, 0xa0, 0x9e, 0x99, 0x9e, 0x9e, 0xa0, 0x7b, 0xac, 0x89, 0x83, 0x83, 0x80, 0x83, 0x86, 0x86, 0xb3, 0x86, 0xb3, 0x83, 0xac, 0x78, 0xa1, 0x9d, 0x61, 0x9a, 0x96, 0x5a, 0x96, 0x5a, 0x9a, 0x6c, 0x70, 0x80, 0xb3, 0xb9, 0xc1, 0xc4, 0xc8, 0xca, 0xcb, 0xca, 0xc7, 0xc7, 0xbf, 0xb6, 0xa9, 0x9d, 0x61, 0x9a, 0x6c, 0xa7, 0xb9, 0xc4, 0xc1, 0xc1, 0xbd, 0xb2, 0xad, 0xad, 0xa7, 0xad, 0xb2, 0xad, 0xad, 0xa8, 0xd3, 0xa8, 0xd9, 0xdd, 0xdd, 0xe0, 0xe2, 0xe3, 0xc4, 0xc7, 0xc7, 0xc7, 0xc4, 0xc4, 0xc1, 0xc1, 0xbf, 0xbf, 0xbf, 0xc1, 0xc4, 0xc8, 0xcb, 0xcf, 0xcf, 0xcf, 
  0xce, 0xce, 0xca, 0xc6, 0xc3, 0xc3, 0xc1, 0xc1, 0xc1, 0xc1, 0xc1, 0xb6, 0xb6, 0xb3, 0xb3, 0xb3, 0xb3, 0x80, 0x80, 0x85, 0x7e, 0x85, 0x85, 0x85, 0x7e, 0x82, 0x79, 0x7e, 0xb3, 0xb9, 0xbd, 0xbd, 0xb9, 0xb9, 0xb3, 0xb3, 0xac, 0x78, 0x74, 0x61, 0x61, 0x61, 0x5a, 0x5a, 0x61, 0x61, 0x6c, 0xa1, 0x70, 0xa7, 0xa9, 0x7d, 0x7d, 0x70, 0x9f, 0x6c, 0x7c, 0x8b, 0x8e, 0x8e, 0x8d, 0x8d, 0x48, 0x8d, 0x4d, 0x4f, 0x4f, 0x4d, 0x8d, 0x88, 0x7f, 0x73, 0x73, 0x73, 0x73, 0x6a, 0x6a, 0x65, 0x5d, 0x5b, 0x59, 0x57, 0x57, 0x57, 0x5b, 0x5c, 0x5f, 0x5b, 0x6d, 0x6a, 0x72, 0x72, 0x6d, 0x69, 0x69, 0x69, 0x72, 0x34, 0x3d, 0x7f, 0x34, 0x72, 0x72, 0x72, 0x72, 0x6d, 0x72, 0x34, 0x34, 0x7a, 0x3d, 0x7f, 0x43, 0x46, 0x46, 0x43, 0x3d, 0x34, 0x27, 0x27, 0x60, 0x60, 0x60, 0x60, 0x60, 0x60, 0x60, 0x60, 0x60, 0x60, 0x30, 0x30, 0x34, 0x36, 0x30, 0x36, 0x36, 0x36, 0x36, 0x36, 0x37, 0x36, 0x37, 0x37, 0x37, 0x37, 0x41, 0x37, 0x37, 0x36, 0x32, 0x2e, 0x32, 0x2e, 0x2e, 0x2e, 0x2e, 0x2e, 0x2e, 0x2e, 0x30, 0x2e, 0x36, 0x36, 0x41, 0x41, 0x42, 0x45, 0x42, 0x41, 0x42, 0x42, 0x41, 0x41, 0x45, 0x42, 0x42, 0x45, 0x49, 0x45, 0x3d, 0x2b, 0x21, 0x1f, 0x67, 0x67, 0x1f, 0x63, 0x19, 0x1a, 0x34, 0x3f, 0x21, 0x58, 0x3d, 0x7a, 0x3d, 0x7f, 0x34, 0x7f, 0x48, 0x8d, 0x47, 0x93, 0x90, 0x1a, 0x63, 0x4d, 0x4d, 0x87, 0x38, 0x75, 0x40, 0x93, 0xcf, 0x8c, 0x87, 0x7b, 0x67, 0x7e, 0x48, 0x8a, 0x87, 0x76, 0x9e, 0x5a, 0x99, 0x99, 0x99, 0x9c, 0x9c, 0x9e, 0xd1, 0x9c, 0x99, 0x99, 0x9e, 0x9f, 0x7c, 0x83, 0x86, 0x80, 0x86, 0xb3, 0x86, 0xb3, 0xb3, 0xb3, 0xb3, 0xb3, 0xb3, 0x80, 0xaf, 0x80, 0x80, 0xa9, 0x78, 0xa1, 0x61, 0x9a, 0x9a, 0x61, 0xa1, 0x83, 0xbe, 0xc7, 0xc7, 0xc8, 0xc8, 0xc8, 0xc8, 0xc4, 0xbd, 0xaf, 0x9f, 0xa1, 0x9d, 0x6c, 0xa6, 0xb3, 0xbe, 0xc4, 0xc4, 0xc4, 0xbe, 0xbd, 0xb3, 0xad, 0xab, 0xa7, 0xa6, 0xa7, 0xa7, 0xa3, 0xa7, 0xa8, 0xd9, 0xdd, 0xdd, 0xdf, 0xe0, 0xe3, 0xc1, 0xc4, 0xc4, 0xc4, 0xc4, 0xc1, 0xc1, 0xbf, 0xbf, 0xbf, 0xbd, 0xc1, 0xc4, 0xca, 0xcd, 0xcf, 0xcf, 0xcf, 
  0xcf, 0xcf, 0xcb, 0xca, 0xe6, 0xc4, 0xbe, 0xc1, 0xc1, 0xc1, 0xbf, 0xbd, 0xb1, 0xb6, 0xaf, 0xb3, 0xaf, 0x7c, 0x7d, 0x7d, 0x80, 0x86, 0x8b, 0x8b, 0x85, 0x7e, 0x7a, 0x79, 0x7d, 0x8b, 0xb6, 0xb9, 0xb6, 0xb3, 0xb3, 0x80, 0x7c, 0xa9, 0x6c, 0x9d, 0x5b, 0x9a, 0x5b, 0x5a, 0x5a, 0x5a, 0x61, 0x61, 0x9d, 0x6c, 0xa1, 0x7d, 0x80, 0x7d, 0x7c, 0x7c, 0x8b, 0xb9, 0x8e, 0x8e, 0x8d, 0x8d, 0x8d, 0x47, 0x4d, 0x51, 0x50, 0x51, 0x4f, 0x4d, 0x88, 0x88, 0x82, 0x7a, 0x73, 0x72, 0x65, 0x65, 0x65, 0x5c, 0x59, 0x55, 0x55, 0x55, 0x52, 0x55, 0x56, 0x55, 0x56, 0x5c, 0x5c, 0x60, 0x6d, 0x27, 0x72, 0x30, 0x34, 0x3d, 0x82, 0x7f, 0x7f, 0x34, 0x34, 0x72, 0x72, 0x72, 0x72, 0x34, 0x7a, 0x3d, 0x3d, 0x43, 0x46, 0x46, 0x46, 0x46, 0x7f, 0x3d, 0x30, 0x6d, 0x27, 0x27, 0x60, 0x60, 0x5c, 0x60, 0x5c, 0x60, 0x60, 0x27, 0x60, 0x27, 0x27, 0x30, 0x30, 0x30, 0x30, 0x36, 0x36, 0x37, 0x36, 0x37, 0x41, 0x41, 0x41, 0x41, 0x3e, 0x41, 0x37, 0x37, 0x2e, 0x37, 0x2e, 0x33, 0x2e, 0x2e, 0x2e, 0x2e, 0x30, 0x2e, 0x30, 0x2b, 0x24, 0x1f, 0x2b, 0x2b, 0x1f, 0x2b, 0x2b, 0x19, 0x19, 0x2b, 0x21, 0x22, 0x2b, 0x35, 0x2b, 0x35, 0x2b, 0x2b, 0x3f, 0x3f, 0x34, 0x34, 0x6f, 0x2b, 0x67, 0x69, 0x63, 0x69, 0x1a, 0x19, 0x21, 0x2b, 0x5f, 0x30, 0x88, 0x34, 0x34, 0x43, 0x88, 0x47, 0x90, 0x07, 0x47, 0x10, 0x02, 0x07, 0x4f, 0x4c, 0x88, 0x3f, 0x6f, 0x6f, 0x81, 0x81, 0x7b, 0x75, 0x9e, 0x87, 0xfa, 0x87, 0x89, 0x47, 0x81, 0xee, 0x75, 0x9e, 0x98, 0x98, 0x95, 0x98, 0x99, 0xa0, 0xa5, 0xa0, 0x99, 0x99, 0x99, 0x9e, 0x83, 0x86, 0xb3, 0x80, 0xb3, 0xb6, 0xb6, 0xb6, 0xb6, 0xb3, 0xaf, 0xaf, 0x80, 0xaa, 0xa9, 0xa9, 0xa4, 0x70, 0xa9, 0x70, 0xa9, 0xa1, 0x9d, 0x9d, 0x9d, 0xa7, 0xb8, 0xc3, 0xc7, 0xc7, 0xc4, 0xc1, 0xb3, 0xad, 0xa1, 0x9d, 0x9d, 0xa6, 0xac, 0xb9, 0xc3, 0xc4, 0xc4, 0xc7, 0xc4, 0xc1, 0xb8, 0xad, 0xa7, 0x9f, 0x9e, 0x9d, 0x9f, 0xa7, 0xd3, 0xa7, 0xd9, 0xd9, 0xdf, 0xe0, 0xdf, 0xe0, 0xe3, 0xc1, 0xc1, 0xc4, 0xc1, 0xc1, 0xbf, 0xbf, 0xbf, 0xbd, 0xbf, 0xc4, 0xc4, 0xca, 0xcd, 0xcf, 0xcf, 0xcf, 
  0xcf, 0xcf, 0xce, 0xca, 0xc8, 0xe5, 0xc1, 0xc1, 0xc1, 0xbf, 0xbf, 0xbb, 0xb6, 0xb1, 0xaf, 0xaf, 0x80, 0xa9, 0x78, 0x77, 0x80, 0x8b, 0xc3, 0xc6, 0x8b, 0x85, 0x79, 0x79, 0x77, 0x7d, 0x80, 0xa7, 0xa7, 0xa7, 0xa1, 0xa1, 0xa1, 0x78, 0xa1, 0xa1, 0x9d, 0x66, 0x61, 0x61, 0x5a, 0x5a, 0x5a, 0x96, 0x61, 0x61, 0x70, 0x78, 0x7d, 0x7d, 0x86, 0x86, 0x8f, 0x8e, 0x8e, 0x8e, 0x90, 0x4f, 0x4f, 0x4f, 0x4f, 0x51, 0x51, 0x51, 0x50, 0x4d, 0x48, 0x88, 0x85, 0x82, 0x73, 0x73, 0x6a, 0x65, 0x65, 0x65, 0x65, 0x5c, 0x55, 0x56, 0x55, 0x52, 0x52, 0x52, 0x52, 0x52, 0x53, 0x56, 0x56, 0x5c, 0x60, 0x27, 0x7a, 0x7f, 0x88, 0x43, 0x82, 0x7a, 0x34, 0x72, 0x34, 0x72, 0x34, 0x7a, 0x3d, 0x7a, 0x43, 0x43, 0x46, 0x46, 0x46, 0x43, 0x43, 0x3d, 0x7a, 0x30, 0x72, 0x6d, 0x6d, 0x60, 0x60, 0x60, 0x5c, 0x60, 0x60, 0x60, 0x60, 0x21, 0x27, 0x69, 0x2e, 0x2b, 0x2e, 0x2b, 0x36, 0x36, 0x41, 0x41, 0x41, 0x42, 0x44, 0x41, 0x44, 0x41, 0x3e, 0x36, 0x37, 0x2e, 0x33, 0x2e, 0x36, 0x2e, 0x30, 0x30, 0x1c, 0x19, 0x21, 0x27, 0x1f, 0x69, 0x69, 0x69, 0x2b, 0x69, 0x1f, 0x2b, 0x69, 0x21, 0x69, 0x2b, 0x21, 0x2b, 0x1f, 0x2b, 0x1f, 0x2b, 0x2b, 0x2b, 0x69, 0x34, 0x6f, 0x2b, 0x7e, 0x34, 0x76, 0x34, 0x6f, 0x19, 0x6f, 0x13, 0x13, 0x7a, 0x3d, 0x34, 0x21, 0x82, 0x4d, 0x90, 0x4f, 0x07, 0x00, 0x10, 0xfb, 0x07, 0x51, 0x4e, 0x4c, 0x4f, 0x4d, 0x81, 0x63, 0x63, 0x9e, 0x9e, 0x9e, 0x75, 0xc0, 0xce, 0xce, 0xce, 0xce, 0xcd, 0xcb, 0xcb, 0xc8, 0x8b, 0xab, 0x9c, 0x98, 0x95, 0x98, 0x99, 0xd4, 0xa5, 0xd1, 0x9c, 0x99, 0xa0, 0x83, 0xb3, 0xb3, 0xb3, 0xb3, 0xb6, 0xb6, 0xb3, 0xaf, 0xaf, 0xaf, 0xa9, 0xaf, 0xa4, 0xa9, 0xa4, 0xa1, 0xa9, 0xa9, 0xb3, 0x80, 0xb3, 0xac, 0x9f, 0x9d, 0x9f, 0xa7, 0xb2, 0xb6, 0xb9, 0xb3, 0xac, 0xa6, 0x9d, 0x61, 0xa6, 0x83, 0xbe, 0xc7, 0xc8, 0xc8, 0xc8, 0xc8, 0xc4, 0xbe, 0xb2, 0xa6, 0x9f, 0x61, 0x9d, 0x6b, 0x9f, 0xa7, 0xd9, 0xa8, 0xd9, 0xdd, 0xdf, 0xe0, 0xe2, 0xe3, 0xe3, 0xe3, 0xe3, 0xe3, 0xbf, 0xe3, 0xbf, 0xbb, 0xbf, 0xc1, 0xc1, 0xc7, 0xca, 0xcd, 0xcf, 0xcf, 0xcf, 
  0x07, 0xcf, 0xce, 0xcb, 0xc7, 0xc4, 0xc1, 0xbf, 0xc1, 0xbf, 0xbf, 0xbb, 0xbb, 0xb1, 0xb7, 0xb1, 0xaf, 0x80, 0x7d, 0xac, 0x86, 0xbe, 0xc7, 0xc8, 0x8f, 0x86, 0x7e, 0x73, 0x74, 0x70, 0x78, 0xa9, 0xa7, 0xa1, 0xa1, 0xa1, 0xa1, 0xa1, 0xa1, 0xa1, 0x78, 0xa1, 0xa1, 0x6c, 0x61, 0x96, 0x5a, 0x96, 0x5a, 0x9a, 0x6c, 0x70, 0x77, 0x7c, 0x86, 0x8b, 0x92, 0x92, 0x90, 0x90, 0x50, 0x06, 0x06, 0x06, 0x06, 0x06, 0x4f, 0x4f, 0x4e, 0x4d, 0x88, 0x88, 0x82, 0x7a, 0x7f, 0x72, 0x72, 0x6d, 0x72, 0x72, 0x6a, 0x65, 0x60, 0x55, 0x56, 0x55, 0x56, 0x52, 0x52, 0x53, 0x52, 0x52, 0x53, 0x53, 0x56, 0x56, 0x27, 0x3d, 0x46, 0x88, 0x43, 0x7f, 0x34, 0x34, 0x72, 0x72, 0x34, 0x7a, 0x7f, 0x7f, 0x43, 0x46, 0x46, 0x49, 0x46, 0x46, 0x88, 0x43, 0x3d, 0x7a, 0x34, 0x72, 0x6d, 0x65, 0x60, 0x5f, 0x60, 0x5f, 0x60, 0x5f, 0x60, 0x5f, 0x5f, 0x21, 0x21, 0x2b, 0x69, 0x30, 0x2b, 0x36, 0x36, 0x41, 0x41, 0x42, 0x41, 0x44, 0x42, 0x41, 0x37, 0x37, 0x36, 0x36, 0x2e, 0x21, 0x19, 0x13, 0x13, 0x58, 0x13, 0x5f, 0x5f, 0x5f, 0x5f, 0x6d, 0x69, 0x21, 0x69, 0x6d, 0x69, 0x6d, 0x69, 0x27, 0x21, 0x21, 0x69, 0x69, 0x69, 0x69, 0x6f, 0x69, 0x6f, 0x2b, 0x6f, 0x69, 0x6f, 0x69, 0x3f, 0x7a, 0x3f, 0x7a, 0x3f, 0x34, 0x6f, 0x13, 0x69, 0x30, 0x7f, 0x2b, 0x43, 0x4d, 0x4e, 0x90, 0x93, 0xce, 0x1f, 0x84, 0x07, 0x4f, 0x06, 0x06, 0x51, 0x4d, 0x4e, 0x4e, 0x8d, 0x75, 0x62, 0x63, 0x9e, 0x63, 0x76, 0x90, 0x8b, 0x8e, 0x8e, 0x8b, 0x87, 0x83, 0x8b, 0xb9, 0xc3, 0xc6, 0xc7, 0xd7, 0xd1, 0x99, 0x98, 0x99, 0xa0, 0xd7, 0x9e, 0x99, 0x99, 0xa0, 0xb2, 0xb3, 0xaf, 0xb3, 0xb3, 0xb6, 0xb6, 0xb6, 0xaf, 0xaf, 0xaf, 0xaa, 0xa7, 0xa9, 0xa7, 0xa9, 0xad, 0xa9, 0xad, 0xaf, 0xb3, 0xb3, 0xb3, 0xad, 0x9f, 0x9d, 0x9d, 0xa1, 0xa6, 0x9f, 0x9d, 0x62, 0x9d, 0xa6, 0xb2, 0xc3, 0xca, 0xcb, 0xcb, 0xcb, 0xcb, 0xc8, 0xe5, 0xb2, 0xa7, 0x6b, 0x6b, 0x9c, 0x9d, 0xa1, 0xd3, 0xae, 0xd9, 0xdc, 0xdd, 0xdf, 0xe0, 0xe2, 0xe3, 0xc1, 0xe3, 0xe3, 0xe2, 0xe2, 0xe3, 0xbb, 0xbf, 0xbf, 0xc1, 0xc1, 0xc7, 0xc8, 0xcd, 0xce, 0xcf, 0xcf, 
  0xcf, 0xcf, 0xce, 0xcb, 0xc8, 0xc4, 0xc1, 0xc1, 0xbf, 0xc1, 0xbf, 0xc1, 0xbb, 0xbb, 0xb7, 0xb6, 0xaf, 0xb3, 0xaf, 0x86, 0xb9, 0xc1, 0xc8, 0xc7, 0xc6, 0xb9, 0x7e, 0x74, 0x6c, 0x6c, 0x6c, 0xa7, 0xa9, 0xa7, 0xa7, 0xa1, 0x9d, 0x9d, 0x9a, 0x9d, 0x9a, 0x9a, 0x9a, 0x5a, 0x96, 0x5a, 0x96, 0x57, 0x96, 0x5b, 0x66, 0x74, 0x7d, 0x7e, 0x86, 0x8e, 0xe7, 0x94, 0x90, 0x93, 0x06, 0x07, 0x07, 0x07, 0x06, 0x06, 0x51, 0x4d, 0x4d, 0x8d, 0x8d, 0x8a, 0x82, 0x82, 0x7a, 0x7a, 0x7a, 0x72, 0x7a, 0x7a, 0x34, 0x72, 0x65, 0x60, 0x5c, 0x5c, 0x55, 0x56, 0x55, 0x56, 0x52, 0x53, 0x53, 0x53, 0x53, 0x53, 0x53, 0x56, 0x34, 0x43, 0x88, 0x34, 0x7a, 0x34, 0x34, 0x7a, 0x7a, 0x3d, 0x7f, 0x43, 0x88, 0x46, 0x46, 0x46, 0x46, 0x46, 0x43, 0x88, 0x43, 0x7f, 0x7a, 0x34, 0x72, 0x6d, 0x65, 0x60, 0x5f, 0x5f, 0x5f, 0x5f, 0x5f, 0x5f, 0x19, 0x5f, 0x1f, 0x21, 0x2b, 0x1f, 0x2b, 0x33, 0x36, 0x3b, 0x41, 0x41, 0x41, 0x42, 0x41, 0x41, 0x3b, 0x36, 0x2b, 0x1c, 0x5f, 0x0f, 0x13, 0x19, 0x5f, 0x5f, 0x5f, 0x5f, 0x5f, 0x5f, 0x60, 0x5f, 0x60, 0x5f, 0x60, 0x21, 0x60, 0x27, 0x5f, 0x5f, 0x21, 0x69, 0x69, 0x69, 0x2b, 0x69, 0x21, 0x2b, 0x21, 0x21, 0x67, 0x1f, 0x69, 0x21, 0x6f, 0x2b, 0x6f, 0x34, 0x7a, 0x3f, 0x7f, 0x88, 0x72, 0x34, 0x3f, 0x88, 0x8d, 0x4e, 0x4d, 0x81, 0x3c, 0x8e, 0x93, 0x84, 0x84, 0x84, 0x05, 0x06, 0x4e, 0x4e, 0x06, 0x06, 0x06, 0x4e, 0x87, 0x75, 0x9e, 0x9e, 0x62, 0x89, 0x8e, 0x83, 0x8a, 0x86, 0x85, 0x86, 0x85, 0x78, 0x74, 0x78, 0x83, 0x8f, 0xc8, 0xc8, 0x9f, 0x99, 0x95, 0x99, 0xd1, 0xd7, 0xd1, 0x99, 0x99, 0xad, 0xb2, 0xaf, 0xaf, 0xb6, 0xb6, 0xb6, 0xb1, 0xb3, 0xaf, 0xaf, 0xad, 0xaa, 0xad, 0xaa, 0xad, 0xa7, 0xad, 0xaf, 0xaf, 0xaf, 0xaf, 0xaf, 0xb3, 0x80, 0xa7, 0x6c, 0x9a, 0x61, 0x62, 0x61, 0xa0, 0xa6, 0xb8, 0xc7, 0xcb, 0xce, 0xcf, 0xce, 0xce, 0xca, 0xc7, 0xb9, 0x83, 0x9f, 0x9f, 0x9d, 0x9d, 0x9f, 0xad, 0xdd, 0xe0, 0xdd, 0xe0, 0xe0, 0xe3, 0xbf, 0xe3, 0xc1, 0xe3, 0xe3, 0xe3, 0xe0, 0xe2, 0xbb, 0xbf, 0xbf, 0xc1, 0xc4, 0xc7, 0xc8, 0xcb, 0xcd, 0xcd, 0xcd, 
  0xcf, 0xcf, 0xce, 0xcb, 0xc8, 0xc7, 0xc1, 0xc1, 0xc1, 0xbf, 0xc1, 0xc1, 0xc1, 0xbf, 0xbf, 0xbb, 0xb6, 0xaf, 0x86, 0xb6, 0xbe, 0xc4, 0xc8, 0xc8, 0xc8, 0x8f, 0x80, 0x74, 0x6c, 0x6c, 0x6c, 0x78, 0xa7, 0xa2, 0x9d, 0x9d, 0x9a, 0x9a, 0x9a, 0x9a, 0x9a, 0x96, 0x5e, 0x96, 0x5e, 0x9a, 0x5e, 0x9a, 0x5e, 0x9d, 0x70, 0x78, 0x80, 0x8a, 0x8b, 0x8e, 0x92, 0x90, 0x93, 0x50, 0x06, 0x07, 0x06, 0x07, 0x06, 0x07, 0x51, 0x4f, 0x90, 0x4f, 0x8e, 0x48, 0x85, 0x7f, 0x7a, 0x7a, 0x7a, 0x7a, 0x7a, 0x7a, 0x7a, 0x73, 0x72, 0x6a, 0x6a, 0x6a, 0x65, 0x65, 0x5c, 0x5c, 0x56, 0x53, 0x53, 0x53, 0x52, 0x53, 0x53, 0x53, 0x56, 0x27, 0x3d, 0x7f, 0x3d, 0x7a, 0x34, 0x34, 0x3d, 0x7f, 0x82, 0x43, 0x46, 0x46, 0x46, 0x4b, 0x46, 0x46, 0x46, 0x88, 0x43, 0x7f, 0x7f, 0x7a, 0x72, 0x72, 0x6d, 0x6d, 0x65, 0x5f, 0x5f, 0x5f, 0x5f, 0x5f, 0x19, 0x5f, 0x19, 0x21, 0x1f, 0x2b, 0x2b, 0x2b, 0x35, 0x36, 0x3b, 0x3d, 0x41, 0x41, 0x3b, 0x2b, 0x1f, 0x15, 0x19, 0x13, 0x5f, 0x5f, 0x60, 0x60, 0x5f, 0x60, 0x5f, 0x18, 0x5f, 0x27, 0x5f, 0x60, 0x27, 0x27, 0x30, 0x30, 0x36, 0x3d, 0x3d, 0x3d, 0x3d, 0x43, 0x7f, 0x35, 0x69, 0x1f, 0x58, 0x19, 0x69, 0x69, 0x2b, 0x34, 0x7a, 0x3f, 0x3d, 0x7f, 0x3f, 0x3f, 0x43, 0x3f, 0x7f, 0x3f, 0x3f, 0x43, 0x46, 0x3f, 0x46, 0x8d, 0x3f, 0x6f, 0x7b, 0x84, 0x7b, 0x75, 0x75, 0x02, 0x8c, 0x93, 0xfb, 0x07, 0x06, 0x06, 0x51, 0x4f, 0x90, 0x8c, 0x81, 0x9e, 0x63, 0x7b, 0xc8, 0x89, 0x7b, 0x7b, 0x7e, 0x86, 0x7e, 0x7c, 0x7c, 0x74, 0xa6, 0x6b, 0x9f, 0xac, 0xb9, 0xc7, 0xb2, 0x9a, 0x97, 0x98, 0xa0, 0xd7, 0xd1, 0x9c, 0xd3, 0xb2, 0xbb, 0xb6, 0xb7, 0xb6, 0xbb, 0xbb, 0xb6, 0xb6, 0xb6, 0xb5, 0xae, 0xad, 0xae, 0xb1, 0xb6, 0xb1, 0xaf, 0xae, 0xaf, 0xaf, 0xa7, 0xa9, 0xa7, 0x6c, 0x9d, 0x5a, 0x9a, 0x9e, 0x9f, 0xab, 0xb8, 0xe6, 0xcb, 0xce, 0xce, 0xcf, 0xce, 0xcb, 0xc8, 0xe5, 0xb2, 0xa7, 0xa6, 0xd3, 0x9f, 0xa8, 0xad, 0xae, 0xdd, 0xdd, 0xdd, 0xe0, 0xe0, 0xe2, 0xbf, 0xe3, 0xc1, 0xe3, 0xe3, 0xe3, 0xbb, 0xe3, 0xbf, 0xc1, 0xc1, 0xc4, 0xc7, 0xc8, 0xe7, 0xca, 0xe7, 0xca, 
  0xcf, 0xcf, 0xce, 0xcb, 0xc8, 0xc7, 0xe5, 0xc1, 0xc1, 0xc1, 0xc1, 0xc4, 0xc1, 0xc1, 0xbf, 0xbf, 0xbd, 0xb6, 0xb6, 0xb9, 0xc1, 0xc7, 0xc7, 0xca, 0xca, 0xc3, 0x86, 0x74, 0x6c, 0x61, 0x61, 0x61, 0xa1, 0x9d, 0x9d, 0x9a, 0x9a, 0x9a, 0x9a, 0x5e, 0x9a, 0x5e, 0x9a, 0x5e, 0x6e, 0x6e, 0x70, 0xa9, 0xa9, 0x7d, 0xa9, 0x86, 0xb9, 0x8f, 0x8b, 0x8a, 0x8a, 0x90, 0x93, 0x50, 0x07, 0x06, 0x07, 0x07, 0x06, 0x06, 0x51, 0x4f, 0x4f, 0x90, 0x90, 0x8e, 0x8a, 0x7f, 0x7a, 0x7a, 0x34, 0x7a, 0x34, 0x71, 0x72, 0x6d, 0x6a, 0x72, 0x6a, 0x6d, 0x6a, 0x6d, 0x65, 0x60, 0x5c, 0x56, 0x56, 0x53, 0x53, 0x53, 0x53, 0x53, 0x53, 0x53, 0x60, 0x30, 0x7f, 0x3d, 0x7f, 0x3d, 0x7f, 0x7f, 0x43, 0x43, 0x88, 0x46, 0x4b, 0x46, 0x4b, 0x46, 0x46, 0x88, 0x43, 0x82, 0x7f, 0x7a, 0x7a, 0x72, 0x72, 0x6d, 0x6d, 0x6d, 0x69, 0x5f, 0x21, 0x5f, 0x21, 0x58, 0x19, 0x21, 0x2b, 0x69, 0x2b, 0x2b, 0x2b, 0x33, 0x36, 0x3b, 0x3d, 0x2b, 0x19, 0x11, 0x16, 0x58, 0x19, 0x5f, 0x60, 0x60, 0x60, 0x60, 0x27, 0x27, 0x27, 0x30, 0x30, 0x30, 0x36, 0x3d, 0x3d, 0x3d, 0x3d, 0x41, 0x3f, 0x43, 0x3d, 0x2b, 0x19, 0x11, 0x11, 0x11, 0x19, 0x2b, 0x3d, 0x43, 0x46, 0x48, 0x4c, 0x8d, 0x4c, 0x8d, 0x48, 0x48, 0x48, 0x8d, 0x4d, 0x4d, 0x4c, 0x8d, 0x4c, 0x4c, 0x8d, 0x4c, 0x48, 0x88, 0x47, 0x75, 0x75, 0x7b, 0xb0, 0x63, 0xa5, 0x8c, 0x07, 0x07, 0x07, 0x07, 0x06, 0x06, 0x06, 0x06, 0x4f, 0x8c, 0x92, 0x89, 0x63, 0xa0, 0x89, 0xb8, 0xb0, 0x7b, 0x6b, 0xa6, 0x76, 0x7c, 0x7e, 0x74, 0x77, 0x74, 0x74, 0x6c, 0xa1, 0x74, 0x80, 0xb9, 0xb9, 0x9f, 0x99, 0x9a, 0xa0, 0xa7, 0xd1, 0x9f, 0xad, 0xbd, 0xbd, 0xbb, 0xbf, 0xbd, 0xc1, 0xc1, 0xbd, 0xbb, 0xbd, 0xbf, 0xc1, 0xb6, 0xa2, 0xa2, 0xae, 0xb1, 0xae, 0xaa, 0xa7, 0xa2, 0x6c, 0x9d, 0x61, 0x9a, 0x61, 0x61, 0xa0, 0xab, 0xbc, 0xc7, 0xcb, 0xce, 0xcf, 0xce, 0xce, 0xcb, 0xc8, 0xc4, 0xbc, 0xad, 0xad, 0xa8, 0xa7, 0xa3, 0xd3, 0xa8, 0xa8, 0xd8, 0xae, 0xdd, 0xdd, 0xdd, 0xe0, 0xe0, 0xe2, 0xbb, 0xe3, 0xbb, 0xe3, 0xbf, 0xbf, 0xc1, 0xc4, 0xc7, 0xc8, 0xca, 0xca, 0xca, 0xc8, 0xc8, 
  0xcf, 0xcf, 0xce, 0xe7, 0xc9, 0xc7, 0xc4, 0xc4, 0xc4, 0xc4, 0xc4, 0xc4, 0xc7, 0xc1, 0xc4, 0xbf, 0xbf, 0xbf, 0xbd, 0xc1, 0xc4, 0xc7, 0xc8, 0xc8, 0xc6, 0xb9, 0x7e, 0x6c, 0x5a, 0x61, 0x61, 0x61, 0x61, 0x9d, 0x9d, 0x9d, 0x66, 0x66, 0x5e, 0x5e, 0x5e, 0x5e, 0x5e, 0x66, 0x6e, 0xa4, 0xa9, 0xa9, 0xaf, 0x80, 0xb3, 0xb9, 0xc3, 0x92, 0x8b, 0x8a, 0x8c, 0x90, 0x50, 0x07, 0x07, 0x07, 0x07, 0x06, 0x07, 0x4f, 0x4d, 0x8c, 0x47, 0x89, 0x87, 0x89, 0x87, 0x85, 0x82, 0x7f, 0x7a, 0x7a, 0x34, 0x6a, 0x69, 0x65, 0x65, 0x65, 0x65, 0x65, 0x65, 0x65, 0x65, 0x65, 0x6d, 0x60, 0x27, 0x60, 0x56, 0x53, 0x53, 0x53, 0x53, 0x53, 0x53, 0x14, 0x27, 0x3d, 0x7f, 0x43, 0x82, 0x43, 0x88, 0x46, 0x46, 0x46, 0x46, 0x4b, 0x46, 0x46, 0x46, 0x43, 0x88, 0x7f, 0x7f, 0x7a, 0x7a, 0x34, 0x72, 0x72, 0x73, 0x72, 0x71, 0x69, 0x5f, 0x21, 0x5f, 0x19, 0x21, 0x21, 0x21, 0x2b, 0x34, 0x2b, 0x3d, 0x2b, 0x2b, 0x1f, 0x19, 0x16, 0x19, 0x19, 0x21, 0x27, 0x21, 0x27, 0x6d, 0x27, 0x34, 0x30, 0x36, 0x36, 0x36, 0x36, 0x36, 0x36, 0x36, 0x30, 0x36, 0x36, 0x3d, 0x34, 0x1f, 0x11, 0x11, 0x0c, 0x11, 0x19, 0x2b, 0x3f, 0x46, 0x4b, 0x46, 0x46, 0x48, 0x3f, 0x2b, 0x2b, 0x21, 0x1f, 0x21, 0x69, 0x2b, 0x3d, 0x3f, 0x88, 0x46, 0x4c, 0x4b, 0x4c, 0x4c, 0x4f, 0x47, 0x43, 0x4f, 0x87, 0x9c, 0x75, 0xa5, 0x63, 0x84, 0x07, 0xcf, 0xcf, 0xcf, 0x07, 0x06, 0x06, 0x06, 0x51, 0x93, 0x07, 0xcf, 0xce, 0x8e, 0x7b, 0xa5, 0xb0, 0xb0, 0xb0, 0xa5, 0x6b, 0x6b, 0x6f, 0x79, 0x76, 0x77, 0x77, 0x74, 0xa9, 0x77, 0xa4, 0x70, 0x66, 0x6c, 0x80, 0x7d, 0x9a, 0x9a, 0x9c, 0xd7, 0xd2, 0xa0, 0xb6, 0xc1, 0xbe, 0xc1, 0xc7, 0xc7, 0xc4, 0xc4, 0xc4, 0xb6, 0xab, 0x9d, 0x96, 0x96, 0x9d, 0xb1, 0xaa, 0xa8, 0xa8, 0xa3, 0xa1, 0xa2, 0x9d, 0x9d, 0x61, 0x9a, 0x9f, 0xa0, 0xb2, 0xbc, 0xc7, 0xc8, 0xca, 0xcb, 0xcb, 0xcb, 0xca, 0xe5, 0xc1, 0xbd, 0xdd, 0xad, 0xa3, 0xa3, 0xa3, 0xa3, 0xa3, 0xa3, 0xa8, 0xd9, 0xae, 0xae, 0xdc, 0xdd, 0xdd, 0xe0, 0xe0, 0xe2, 0xe3, 0xbf, 0xe3, 0xc1, 0xc4, 0xc7, 0xc8, 0xca, 0xca, 0xca, 0xca, 0xc8, 0xc7, 
  0xcf, 0xce, 0xcd, 0xcb, 0xca, 0xc8, 0xc7, 0xc4, 0xc4, 0xc7, 0xc7, 0xc7, 0xc4, 0xc4, 0xc1, 0xc1, 0xbf, 0xbf, 0xbf, 0xc1, 0xc4, 0xc7, 0xc8, 0xc4, 0xb9, 0x83, 0xac, 0x74, 0x6c, 0x61, 0x6c, 0x61, 0x6c, 0xa1, 0x70, 0xa4, 0x66, 0x66, 0x5e, 0x5e, 0x5e, 0x5e, 0x66, 0x66, 0x66, 0x6e, 0x6e, 0xaa, 0x80, 0xb3, 0xb9, 0x8f, 0xc6, 0xc6, 0x92, 0x8f, 0x90, 0xcd, 0x07, 0x07, 0x07, 0x07, 0xce, 0x07, 0x06, 0x93, 0x4d, 0x87, 0x84, 0x75, 0x75, 0xa5, 0x76, 0x85, 0x85, 0x82, 0x7a, 0x7a, 0x73, 0x72, 0x65, 0x60, 0x5c, 0x5c, 0x5c, 0x56, 0x59, 0x5c, 0x65, 0x65, 0x6d, 0x72, 0x30, 0x27, 0x1b, 0x1b, 0x56, 0x14, 0x53, 0x53, 0x14, 0x53, 0x14, 0x60, 0x36, 0x7f, 0x43, 0x88, 0x46, 0x46, 0x46, 0x46, 0x4b, 0x46, 0x4b, 0x4b, 0x46, 0x88, 0x43, 0x82, 0x7f, 0x7a, 0x7a, 0x7a, 0x72, 0x7a, 0x72, 0x7a, 0x72, 0x71, 0x69, 0x67, 0x21, 0x21, 0x69, 0x69, 0x34, 0x2b, 0x34, 0x2b, 0x1f, 0x19, 0x11, 0x11, 0x19, 0x1f, 0x69, 0x2b, 0x6d, 0x2b, 0x30, 0x34, 0x34, 0x36, 0x34, 0x36, 0x30, 0x36, 0x30, 0x36, 0x2e, 0x2e, 0x30, 0x36, 0x34, 0x30, 0x1f, 0x11, 0x0c, 0x11, 0x19, 0x2b, 0x3d, 0x43, 0x46, 0x46, 0x43, 0x43, 0x3f, 0x1f, 0x1f, 0x10, 0x0c, 0x19, 0x19, 0x1f, 0x69, 0x3d, 0x7f, 0x43, 0x88, 0x46, 0x46, 0x48, 0x46, 0x4c, 0x8d, 0x46, 0x43, 0x4e, 0x06, 0xfb, 0x84, 0xa5, 0xa5, 0x75, 0x91, 0x07, 0x07, 0x07, 0xcf, 0x07, 0x06, 0x06, 0x51, 0x07, 0x07, 0x07, 0xce, 0x92, 0x92, 0x8f, 0x7b, 0xa6, 0xb0, 0xb0, 0x7b, 0xa0, 0x9e, 0x76, 0x7e, 0x7c, 0x77, 0x77, 0x7d, 0x77, 0xa9, 0x70, 0x70, 0x70, 0x70, 0x66, 0x70, 0x70, 0x7d, 0x61, 0x9a, 0xa6, 0x9f, 0x9d, 0x9a, 0x9a, 0x61, 0x9d, 0x9a, 0xd1, 0x61, 0x99, 0x97, 0x96, 0x95, 0x9b, 0xd2, 0xb1, 0xae, 0xa8, 0xa8, 0xa8, 0xa2, 0xa3, 0xa2, 0x9d, 0x9d, 0x9d, 0x9f, 0xa6, 0xad, 0xde, 0xc4, 0xc4, 0xc7, 0xc4, 0xc8, 0xc8, 0xe7, 0xca, 0xe5, 0xb5, 0xdd, 0xad, 0xa8, 0xa3, 0xa3, 0xa3, 0xa3, 0xa3, 0xa3, 0xa3, 0xa8, 0xae, 0xd9, 0xda, 0xdc, 0xdd, 0xdd, 0xe2, 0xbf, 0xc1, 0xc1, 0xc4, 0xc4, 0xc4, 0xc8, 0xc8, 0xca, 0xca, 0xca, 0xc8, 0xc4, 0xe5, 
  0xcd, 0xcd, 0xcb, 0xe7, 0xc8, 0xc8, 0xc7, 0xc7, 0xc7, 0xc7, 0xc7, 0xc7, 0xc4, 0xc4, 0xc1, 0xbf, 0xbf, 0xbf, 0xbf, 0xc1, 0xc4, 0xc7, 0xc4, 0xbd, 0xb2, 0xad, 0x83, 0x80, 0x7e, 0x7c, 0x77, 0x70, 0x6c, 0x6c, 0x9d, 0x66, 0x5e, 0x5e, 0x5e, 0x5e, 0x66, 0x66, 0x66, 0x6e, 0x66, 0xa4, 0xa4, 0xaa, 0xb6, 0xc1, 0xc7, 0xca, 0xca, 0xca, 0xca, 0xca, 0x92, 0x92, 0x93, 0xcc, 0x91, 0x8c, 0xc9, 0xcd, 0xcb, 0x93, 0x92, 0x92, 0x8c, 0x81, 0xa5, 0x6f, 0x9e, 0x6f, 0x85, 0x85, 0x82, 0x7a, 0x7f, 0x72, 0x6a, 0x5c, 0x55, 0x56, 0x55, 0x56, 0x59, 0x65, 0x65, 0x72, 0x72, 0x27, 0x60, 0x14, 0x56, 0x24, 0x27, 0x30, 0x27, 0x18, 0x53, 0x14, 0x14, 0x14, 0x18, 0x2e, 0x43, 0x46, 0x43, 0x46, 0x46, 0x46, 0x4b, 0x4b, 0x4b, 0x4b, 0x46, 0x88, 0x43, 0x7f, 0x7f, 0x7f, 0x7a, 0x7a, 0x7a, 0x34, 0x7a, 0x34, 0x7a, 0x72, 0x72, 0x69, 0x69, 0x69, 0x2b, 0x2b, 0x69, 0x1f, 0x19, 0x13, 0x11, 0x19, 0x2b, 0x2b, 0x3d, 0x3d, 0x3d, 0x7a, 0x36, 0x72, 0x30, 0x6d, 0x30, 0x6d, 0x30, 0x27, 0x30, 0x30, 0x2e, 0x27, 0x30, 0x30, 0x30, 0x27, 0x13, 0x0e, 0x0d, 0x11, 0x69, 0x34, 0x3d, 0x41, 0x3f, 0x43, 0x3f, 0x3f, 0x29, 0x58, 0x1a, 0x0c, 0x10, 0x58, 0x1f, 0x34, 0x43, 0x43, 0x46, 0x46, 0x46, 0x46, 0x43, 0x7f, 0x43, 0x43, 0x47, 0x4b, 0x47, 0x4b, 0x06, 0x51, 0x51, 0x07, 0x93, 0x02, 0x9e, 0x8c, 0x07, 0x06, 0x06, 0x06, 0x06, 0x07, 0x07, 0x06, 0x4f, 0x50, 0x07, 0xcc, 0x8c, 0x7b, 0x6b, 0x6b, 0x74, 0xa0, 0x6b, 0xb0, 0xb0, 0x7b, 0xa0, 0xa6, 0x7e, 0x7e, 0x7c, 0x7d, 0x7d, 0x7d, 0xa9, 0x7d, 0xa9, 0xa9, 0x70, 0x6a, 0x5d, 0x59, 0x55, 0x5b, 0x5b, 0x9a, 0x61, 0x9d, 0x96, 0x96, 0x96, 0x95, 0x97, 0x96, 0x97, 0x97, 0x97, 0xd2, 0xae, 0xb7, 0xb7, 0xda, 0xa8, 0xa8, 0xa3, 0xa8, 0xa3, 0xa2, 0xa3, 0x9d, 0x9f, 0xa7, 0xa7, 0xb2, 0xbe, 0xe5, 0xc7, 0xc7, 0xe3, 0xbc, 0xe4, 0xe5, 0xc8, 0xc8, 0xc4, 0xdb, 0xa8, 0xd9, 0xd8, 0xa3, 0xa3, 0xa8, 0xa3, 0xa2, 0xa2, 0xa8, 0xa2, 0xa8, 0xa8, 0xda, 0xdd, 0xdd, 0xe0, 0xe0, 0xc1, 0xc1, 0xc4, 0xc4, 0xc7, 0xc8, 0xc8, 0xe7, 0xe7, 0xcb, 0xca, 0xc8, 0xc1, 0xc1, 
  0xcb, 0xe7, 0xca, 0xca, 0xc8, 0xc8, 0xc8, 0xc7, 0xc8, 0xc7, 0xc7, 0xc7, 0xc4, 0xc1, 0xc1, 0xbf, 0xbf, 0xbb, 0xc1, 0xc1, 0xc4, 0xc4, 0xc1, 0xbc, 0xb2, 0xb9, 0xbe, 0x8f, 0xb9, 0x86, 0x7d, 0x74, 0x61, 0x5e, 0x9a, 0x5e, 0x5e, 0x66, 0x66, 0x66, 0x6e, 0x6e, 0xa4, 0xa4, 0xa4, 0xaa, 0xaf, 0xbd, 0xc1, 0xc7, 0xca, 0xca, 0xc8, 0xc0, 0x8f, 0x89, 0xb0, 0x84, 0x94, 0x93, 0x89, 0x81, 0xb0, 0xc0, 0xc0, 0x92, 0xc0, 0x94, 0x94, 0x91, 0x87, 0x7b, 0x6f, 0x62, 0x67, 0x7a, 0x7a, 0x7f, 0x73, 0x72, 0x6d, 0x6a, 0x60, 0x5c, 0x56, 0x5c, 0x65, 0x6a, 0x73, 0x73, 0x6d, 0x56, 0x14, 0x14, 0x18, 0x27, 0x3d, 0x43, 0x43, 0x34, 0x27, 0x60, 0x14, 0x1b, 0x60, 0x20, 0x30, 0x43, 0x46, 0x46, 0x46, 0x4c, 0x4b, 0x4b, 0x4c, 0x4b, 0x48, 0x43, 0x88, 0x7f, 0x7f, 0x7f, 0x7a, 0x7a, 0x7a, 0x7a, 0x7a, 0x7a, 0x34, 0x7a, 0x72, 0x72, 0x2b, 0x21, 0x21, 0x58, 0x11, 0x19, 0x19, 0x2b, 0x3f, 0x3f, 0x43, 0x43, 0x3d, 0x3d, 0x34, 0x30, 0x72, 0x27, 0x69, 0x69, 0x69, 0x6d, 0x6d, 0x27, 0x27, 0x27, 0x27, 0x30, 0x27, 0x27, 0x13, 0x0e, 0x13, 0x58, 0x30, 0x34, 0x36, 0x36, 0x3d, 0x3f, 0x43, 0x43, 0x1a, 0x11, 0x10, 0x10, 0x10, 0x58, 0x2b, 0x3f, 0x43, 0x43, 0x43, 0x43, 0x45, 0x43, 0x43, 0x3d, 0x3d, 0x43, 0x34, 0x48, 0x4f, 0x4d, 0x4d, 0x06, 0x51, 0x4e, 0x51, 0x06, 0x07, 0xee, 0x75, 0x93, 0x07, 0x51, 0x4e, 0x4e, 0x07, 0x07, 0x06, 0x50, 0x4f, 0x90, 0x90, 0x93, 0xe7, 0x8f, 0x83, 0x6b, 0x5a, 0x5a, 0x5a, 0x6b, 0xb0, 0x89, 0xa5, 0x9e, 0x7c, 0x86, 0x7c, 0x80, 0x80, 0x80, 0x80, 0x7d, 0x66, 0x6a, 0x55, 0x55, 0x55, 0x52, 0x52, 0x52, 0x55, 0x5b, 0x5d, 0x61, 0x70, 0x6c, 0x70, 0x80, 0x80, 0xb3, 0xb8, 0xc1, 0xc7, 0xc1, 0xbb, 0xdc, 0xa8, 0xda, 0xa8, 0xa8, 0xa8, 0xa3, 0xa2, 0xa3, 0xa2, 0xa7, 0xad, 0xaf, 0xb5, 0xc1, 0xc7, 0xc8, 0xc8, 0xe5, 0xb5, 0xde, 0xdf, 0xe4, 0xc7, 0xc8, 0xc1, 0xe2, 0xd9, 0xa8, 0xd3, 0xd8, 0xa8, 0xa8, 0xda, 0xaa, 0xa8, 0xa4, 0xa8, 0xa8, 0xda, 0xae, 0xdd, 0xdd, 0xe0, 0xbf, 0xc1, 0xc4, 0xc7, 0xc7, 0xc8, 0xca, 0xcb, 0xcd, 0xcd, 0xcd, 0xcb, 0xc8, 0xc1, 0xbf, 
  0xcb, 0xca, 0xca, 0xc8, 0xca, 0xc8, 0xc8, 0xc7, 0xc8, 0xc7, 0xc7, 0xc4, 0xc4, 0xc1, 0xc1, 0xbf, 0xbf, 0xbf, 0xbf, 0xc1, 0xc1, 0xc4, 0xc4, 0xc4, 0xe6, 0xc8, 0xca, 0xc7, 0x8f, 0x86, 0x78, 0xa1, 0x61, 0x9a, 0x5e, 0x5e, 0x66, 0x6e, 0x6e, 0xa4, 0xa2, 0xa4, 0xa2, 0xa8, 0xae, 0xb7, 0xc1, 0xc1, 0xc4, 0xc7, 0xc7, 0xc2, 0xb8, 0xb0, 0xa0, 0xa0, 0xa5, 0x89, 0x94, 0xc9, 0x87, 0xa5, 0x75, 0xde, 0x89, 0xde, 0x89, 0xc0, 0xcf, 0xcf, 0x93, 0x4d, 0x81, 0x67, 0x62, 0x67, 0x7a, 0x7a, 0x6d, 0x6d, 0x72, 0x34, 0x72, 0x27, 0x65, 0x65, 0x65, 0x6a, 0x6a, 0x5c, 0x56, 0x53, 0x53, 0x56, 0x27, 0x34, 0x3d, 0x34, 0x7f, 0x7f, 0x82, 0x3d, 0x30, 0x27, 0x24, 0x27, 0x2e, 0x36, 0x43, 0x46, 0x4b, 0x46, 0x4c, 0x4b, 0x4b, 0x4c, 0x46, 0x88, 0x43, 0x82, 0x7f, 0x7f, 0x7f, 0x7f, 0x7f, 0x7f, 0x7a, 0x7a, 0x7a, 0x7a, 0x34, 0x69, 0x13, 0x13, 0x19, 0x21, 0x2b, 0x3d, 0x43, 0x43, 0x43, 0x42, 0x43, 0x3d, 0x3d, 0x36, 0x34, 0x30, 0x30, 0x6d, 0x69, 0x69, 0x69, 0x69, 0x21, 0x6d, 0x6d, 0x27, 0x27, 0x27, 0x13, 0x0e, 0x54, 0x5c, 0x6d, 0x72, 0x6d, 0x72, 0x30, 0x3d, 0x43, 0x35, 0x1f, 0x1a, 0x10, 0x10, 0x0c, 0x10, 0x19, 0x3f, 0x43, 0x43, 0x43, 0x43, 0x43, 0x43, 0x43, 0x3d, 0x3d, 0x3d, 0x82, 0x34, 0x34, 0x3d, 0x43, 0x46, 0x4c, 0x51, 0x51, 0x51, 0x06, 0x06, 0x07, 0x3c, 0x75, 0x07, 0x06, 0x06, 0x51, 0xfe, 0x06, 0x07, 0x06, 0x4d, 0x90, 0x8d, 0x8e, 0x8a, 0x8e, 0x94, 0xca, 0x8e, 0xa6, 0x5f, 0x5a, 0x5a, 0x74, 0x83, 0x89, 0xa0, 0x76, 0x83, 0x7e, 0x86, 0x86, 0xb3, 0x7d, 0x5e, 0x52, 0x55, 0x52, 0x52, 0x52, 0x55, 0x55, 0x59, 0x59, 0x59, 0x5e, 0x66, 0x66, 0x9a, 0xaf, 0xc1, 0xc1, 0xc1, 0xc4, 0xc1, 0xc1, 0xbb, 0xe0, 0xb7, 0xdc, 0xa8, 0xda, 0xa8, 0xa8, 0xa8, 0xa3, 0xa7, 0xad, 0xaf, 0xb3, 0xb6, 0xbd, 0xc7, 0xca, 0xca, 0xc8, 0xe5, 0xb5, 0xe8, 0xb5, 0xe4, 0xca, 0xe7, 0xc7, 0xbe, 0xdd, 0xd9, 0xd8, 0xa8, 0xda, 0xdc, 0xdc, 0xda, 0xda, 0xda, 0xda, 0xaa, 0xaa, 0xdc, 0xdc, 0xb7, 0xe0, 0xe3, 0xc1, 0xc4, 0xc7, 0xc8, 0xc8, 0xca, 0xcb, 0xce, 0xce, 0xce, 0xcb, 0xc8, 0xc1, 0xbd, 
  0xca, 0xc8, 0xc8, 0xc8, 0xc7, 0xc4, 0xc7, 0xc7, 0xc7, 0xc7, 0xc4, 0xc4, 0xc1, 0xc1, 0xbf, 0xbf, 0xbf, 0xbb, 0xbd, 0xc1, 0xc4, 0xc7, 0xc8, 0xcb, 0xcd, 0xcb, 0xca, 0xc8, 0xbe, 0x86, 0x78, 0x6c, 0x9a, 0x66, 0x9d, 0x6e, 0x6e, 0xa4, 0xa4, 0xa2, 0xa4, 0xa8, 0xa8, 0xa8, 0xdd, 0xe0, 0xe3, 0xe3, 0xc4, 0xbc, 0xb8, 0xde, 0xb0, 0xa0, 0x9c, 0x9c, 0xb0, 0xc0, 0xcf, 0xcf, 0x8c, 0x7b, 0xa5, 0xa5, 0xd7, 0xd7, 0xab, 0x89, 0xc9, 0x07, 0x07, 0x51, 0x4d, 0x81, 0x69, 0x58, 0x69, 0x7a, 0x72, 0x72, 0x72, 0x7f, 0x7f, 0x7a, 0x34, 0x65, 0x65, 0x5c, 0x55, 0x52, 0x52, 0x52, 0x52, 0x56, 0x5c, 0x60, 0x60, 0x5f, 0x5f, 0x69, 0x6d, 0x6d, 0x72, 0x27, 0x27, 0x30, 0x30, 0x34, 0x3d, 0x46, 0x46, 0x4c, 0x4b, 0x4c, 0x4c, 0x4b, 0x48, 0x88, 0x82, 0x82, 0x7f, 0x7f, 0x7f, 0x7f, 0x7f, 0x7f, 0x7a, 0x7a, 0x7a, 0x34, 0x7a, 0x69, 0x5f, 0x2b, 0x34, 0x3d, 0x3d, 0x3d, 0x43, 0x43, 0x42, 0x43, 0x3d, 0x41, 0x3d, 0x34, 0x34, 0x30, 0x72, 0x6d, 0x69, 0x6d, 0x67, 0x5f, 0x5f, 0x6d, 0x5f, 0x6d, 0x60, 0x13, 0x57, 0x5f, 0x6d, 0x6d, 0x60, 0x6d, 0x27, 0x30, 0x3d, 0x3d, 0x2b, 0x10, 0x10, 0x10, 0x10, 0x10, 0x10, 0x69, 0x3f, 0x3d, 0x3f, 0x43, 0x46, 0x3f, 0x36, 0x3d, 0x30, 0x2b, 0x34, 0x34, 0x34, 0x69, 0x30, 0x34, 0x7f, 0x46, 0x4d, 0x4e, 0x51, 0x51, 0x06, 0x06, 0x07, 0x02, 0xec, 0x07, 0x06, 0x51, 0xff, 0x06, 0x07, 0x07, 0x07, 0x4f, 0x8c, 0x8e, 0x8e, 0x8e, 0x85, 0x83, 0x8b, 0x8f, 0x8e, 0x7d, 0x71, 0x5b, 0x61, 0x6b, 0x83, 0xac, 0xa5, 0x83, 0x8b, 0x8b, 0x80, 0x6a, 0x59, 0x52, 0x52, 0x52, 0x52, 0x55, 0x55, 0x59, 0x59, 0x59, 0x5d, 0x6e, 0x70, 0xaf, 0x80, 0x9b, 0x9d, 0xc4, 0xbd, 0xbd, 0xc1, 0xc1, 0xc1, 0xc1, 0xbb, 0xb4, 0xdc, 0xda, 0xa8, 0xa8, 0xa8, 0xa3, 0xaa, 0xa7, 0xb1, 0xaf, 0xb1, 0xb6, 0xc1, 0xc7, 0xe7, 0xca, 0xca, 0xc7, 0xe3, 0xb5, 0xe1, 0xe3, 0xca, 0xcd, 0xe7, 0xe5, 0xe2, 0xdd, 0xd8, 0xd8, 0xdc, 0xb7, 0xb4, 0xb4, 0xb4, 0xda, 0xda, 0xda, 0xa8, 0xda, 0xda, 0xdc, 0xdd, 0xbb, 0xc1, 0xc4, 0xc7, 0xc7, 0xc8, 0xca, 0xe7, 0xcd, 0xcd, 0xcd, 0xca, 0xc8, 0xc1, 0xbb, 
  0xc7, 0xc4, 0xc1, 0xc1, 0xc1, 0xc1, 0xc1, 0xc4, 0xc1, 0xc1, 0xc1, 0xc1, 0xbf, 0xbf, 0xbf, 0xbb, 0xbb, 0xbb, 0xbf, 0xc1, 0xc7, 0xc8, 0xcd, 0xcd, 0xcd, 0xcd, 0xca, 0xc7, 0xb9, 0xb3, 0x78, 0xa1, 0xa1, 0xa2, 0xa4, 0xa2, 0xa4, 0xa2, 0xa2, 0xa2, 0xa2, 0xa8, 0xd3, 0xae, 0xdf, 0xe0, 0xe3, 0xc1, 0xbc, 0xd9, 0xb0, 0xbe, 0xb0, 0x9c, 0x99, 0xa0, 0xba, 0xce, 0xcf, 0xcf, 0x93, 0x8c, 0x7b, 0x9e, 0xa0, 0xa5, 0xa5, 0x7b, 0xc0, 0x07, 0x06, 0x06, 0x4f, 0x8d, 0x3f, 0x67, 0x5f, 0x72, 0x7f, 0x34, 0x7a, 0x82, 0x82, 0x82, 0x7a, 0x72, 0x65, 0x56, 0x52, 0x52, 0x52, 0x52, 0x52, 0x56, 0x52, 0x56, 0x56, 0x56, 0x54, 0x57, 0x57, 0x57, 0x57, 0x60, 0x60, 0x60, 0x60, 0x6d, 0x34, 0x82, 0x4b, 0x4c, 0x4b, 0x4c, 0x4c, 0x8d, 0x46, 0x88, 0x43, 0x7f, 0x7f, 0x82, 0x82, 0x43, 0x82, 0x7f, 0x7f, 0x3d, 0x7a, 0x7a, 0x34, 0x7a, 0x3d, 0x34, 0x3d, 0x36, 0x3d, 0x3d, 0x43, 0x43, 0x43, 0x43, 0x43, 0x3d, 0x36, 0x34, 0x36, 0x72, 0x30, 0x72, 0x6d, 0x69, 0x6d, 0x69, 0x65, 0x69, 0x6d, 0x5c, 0x57, 0x5c, 0x27, 0x60, 0x5c, 0x60, 0x6d, 0x6d, 0x72, 0x7f, 0x69, 0x10, 0x10, 0x10, 0x0c, 0x10, 0x10, 0x2b, 0x3f, 0x46, 0x43, 0x43, 0x3d, 0x3d, 0x3f, 0x2b, 0x69, 0x2b, 0x2b, 0x30, 0x5f, 0x27, 0x21, 0x5f, 0x69, 0x34, 0x3d, 0x48, 0x4b, 0x4c, 0x4e, 0x06, 0x06, 0x06, 0x07, 0x01, 0x3c, 0x07, 0x06, 0x06, 0x06, 0x07, 0x07, 0x07, 0x51, 0x4f, 0x8d, 0x8e, 0x8e, 0x8a, 0x8a, 0x8a, 0x8e, 0x8b, 0x85, 0x85, 0x85, 0x77, 0x64, 0x64, 0x74, 0x89, 0xa6, 0xa6, 0x8b, 0x70, 0x59, 0x52, 0x52, 0x52, 0x55, 0x55, 0x55, 0x55, 0x59, 0x59, 0x5b, 0x66, 0x7d, 0xb6, 0xbf, 0xb6, 0xc1, 0xaf, 0x9a, 0xa7, 0xc1, 0xbf, 0xc1, 0xc1, 0xc4, 0xbf, 0xbb, 0xb7, 0xae, 0xa8, 0xa8, 0xa8, 0xa8, 0xa8, 0xad, 0xaa, 0xaf, 0xaf, 0xb3, 0xbd, 0xc4, 0xc4, 0xc7, 0xc8, 0xca, 0xc8, 0xe5, 0xbc, 0xe3, 0xe4, 0xe6, 0xce, 0xce, 0xca, 0xe4, 0xe0, 0xdf, 0xda, 0xdc, 0xdc, 0xb7, 0xb4, 0xb4, 0xdc, 0xdc, 0xda, 0xda, 0xda, 0xda, 0xdc, 0xdd, 0xe2, 0xc1, 0xc4, 0xc7, 0xc7, 0xc8, 0xc7, 0xca, 0xca, 0xe7, 0xc8, 0xc8, 0xc4, 0xc1, 0xbb, 
  0xc1, 0xc1, 0xbd, 0xbd, 0xbb, 0xbb, 0xbb, 0xbb, 0xbf, 0xbf, 0xbf, 0xbf, 0xbf, 0xbb, 0xbb, 0xbb, 0xbb, 0xbb, 0xbf, 0xc1, 0xc8, 0xca, 0xcd, 0xce, 0xcd, 0xca, 0xe6, 0xc3, 0xbe, 0xb3, 0x83, 0xac, 0xaf, 0xa9, 0xaa, 0xa7, 0xa2, 0xa2, 0xa7, 0xa7, 0xa7, 0xa3, 0xa8, 0xd9, 0xdd, 0xe2, 0xc1, 0xe3, 0xab, 0xd7, 0xb8, 0xca, 0xde, 0x5a, 0x9c, 0xb0, 0xcc, 0xce, 0xcf, 0xcf, 0xcf, 0xcc, 0x89, 0x7b, 0x9e, 0xa0, 0xa0, 0xa5, 0xba, 0x07, 0x07, 0x51, 0x4f, 0x4f, 0x4d, 0x3f, 0x72, 0x2b, 0x82, 0x7f, 0x7f, 0x7f, 0x7f, 0x7a, 0x7f, 0x34, 0x60, 0x5c, 0x55, 0x56, 0x55, 0x55, 0x55, 0x52, 0x52, 0x52, 0x52, 0x52, 0x54, 0x52, 0x54, 0x52, 0x54, 0x52, 0x54, 0x54, 0x56, 0x5c, 0x60, 0x34, 0x7f, 0x46, 0x8d, 0x4c, 0x8d, 0x4b, 0x48, 0x88, 0x82, 0x82, 0x7f, 0x82, 0x43, 0x82, 0x43, 0x7f, 0x7f, 0x7a, 0x3d, 0x7a, 0x3d, 0x7f, 0x3d, 0x3d, 0x3d, 0x3d, 0x3d, 0x43, 0x43, 0x43, 0x43, 0x3d, 0x3d, 0x3d, 0x34, 0x34, 0x34, 0x30, 0x72, 0x30, 0x72, 0x72, 0x72, 0x69, 0x6d, 0x71, 0x57, 0x57, 0x65, 0x65, 0x5c, 0x56, 0x60, 0x65, 0x27, 0x72, 0x34, 0x21, 0x10, 0x0c, 0x10, 0x0b, 0x10, 0x10, 0x1f, 0x1f, 0x16, 0x19, 0x19, 0x1f, 0x1f, 0x1f, 0x2b, 0x69, 0x34, 0x34, 0x34, 0x34, 0x6d, 0x30, 0x34, 0x30, 0x34, 0x34, 0x88, 0x7f, 0x43, 0x46, 0x4e, 0x51, 0x06, 0x06, 0x06, 0x00, 0x3c, 0x07, 0x06, 0x06, 0x07, 0xcf, 0x07, 0x07, 0x06, 0x93, 0x8c, 0x8e, 0x8e, 0x85, 0x81, 0x71, 0x74, 0x77, 0x71, 0x73, 0x73, 0x79, 0x7d, 0x74, 0x61, 0x9f, 0x83, 0x78, 0x9a, 0x55, 0x55, 0x55, 0x52, 0x55, 0x55, 0x59, 0x59, 0x59, 0x5d, 0x66, 0x7d, 0xb9, 0xbd, 0xb6, 0xbb, 0xb6, 0xb6, 0xbd, 0xa7, 0x9d, 0xbb, 0xbd, 0xc1, 0xc4, 0xc1, 0xc1, 0xbb, 0xb7, 0xb1, 0xae, 0xda, 0xa8, 0xb1, 0xae, 0xae, 0xaa, 0xaf, 0xaf, 0xb6, 0xbd, 0xc1, 0xbd, 0xbe, 0xc4, 0xc8, 0xca, 0xc8, 0xe5, 0xc1, 0xe5, 0xc8, 0xce, 0xce, 0xce, 0xc7, 0xe2, 0xe0, 0xdd, 0xdc, 0xdc, 0xb7, 0xb7, 0xb4, 0xb4, 0xb4, 0xb4, 0xb4, 0xda, 0xdc, 0xdc, 0xb7, 0xe0, 0xc1, 0xc1, 0xc4, 0xc4, 0xc7, 0xc7, 0xc8, 0xca, 0xc8, 0xc8, 0xc4, 0xc1, 0xbf, 0xbb, 
  0xbd, 0xb6, 0xb3, 0xaf, 0xaf, 0xb3, 0xb1, 0xb6, 0xb6, 0xb7, 0xe0, 0xb7, 0xbb, 0xb7, 0xbb, 0xb7, 0xbb, 0xbb, 0xbd, 0xc1, 0xe6, 0xcb, 0xce, 0xcb, 0xc8, 0xc6, 0xe5, 0xbe, 0xbd, 0xb9, 0xb6, 0x86, 0xaf, 0xa9, 0xa7, 0xa2, 0xa2, 0xa3, 0xa7, 0xa8, 0xa7, 0xa8, 0xd3, 0xae, 0xe0, 0xbf, 0xc1, 0xad, 0xd7, 0xab, 0xc9, 0xcd, 0xb0, 0x9c, 0x9e, 0xba, 0xcf, 0xcf, 0x07, 0x07, 0xcf, 0x07, 0xcc, 0x84, 0xa5, 0x9e, 0xa0, 0xa5, 0x87, 0xcc, 0x06, 0x06, 0x51, 0x51, 0x06, 0x4f, 0x43, 0x7a, 0x7f, 0x7f, 0x72, 0x6d, 0x72, 0x7a, 0x7f, 0x79, 0x72, 0x65, 0x65, 0x5d, 0x65, 0x59, 0x55, 0x55, 0x55, 0x55, 0x55, 0x56, 0x55, 0x54, 0x54, 0x52, 0x54, 0x52, 0x54, 0x54, 0x54, 0x54, 0x13, 0x5c, 0x21, 0x72, 0x46, 0x8d, 0x4c, 0x48, 0x46, 0x88, 0x82, 0x82, 0x7f, 0x82, 0x82, 0x88, 0x82, 0x7f, 0x7f, 0x3d, 0x7f, 0x3d, 0x7f, 0x3f, 0x3f, 0x3d, 0x3d, 0x3d, 0x43, 0x3d, 0x43, 0x43, 0x43, 0x43, 0x3d, 0x36, 0x3d, 0x36, 0x34, 0x34, 0x34, 0x7a, 0x34, 0x72, 0x72, 0x72, 0x71, 0x57, 0x5b, 0x6d, 0x6a, 0x5c, 0x5c, 0x55, 0x60, 0x65, 0x34, 0x72, 0x11, 0x0c, 0x0c, 0x0c, 0x0c, 0x1a, 0x69, 0x1f, 0x1f, 0x1f, 0x1f, 0x1f, 0x69, 0x22, 0x69, 0x1f, 0x69, 0x1f, 0x69, 0x2b, 0x72, 0x34, 0x7f, 0x34, 0x7a, 0x82, 0x34, 0x7f, 0x82, 0x34, 0x3d, 0x43, 0x4e, 0x51, 0x51, 0x06, 0x51, 0x1f, 0xfd, 0x06, 0x51, 0x06, 0x07, 0x07, 0x06, 0x07, 0x07, 0x50, 0x93, 0x50, 0x92, 0x4d, 0xc6, 0x48, 0x6f, 0x72, 0x68, 0x65, 0x68, 0x68, 0x6b, 0x6c, 0x61, 0x9f, 0x86, 0x80, 0x96, 0x55, 0x55, 0x55, 0x59, 0x59, 0x59, 0x55, 0x5d, 0x7d, 0xb3, 0xc3, 0xc8, 0xc1, 0xbe, 0xc1, 0xbd, 0xbf, 0xc1, 0xbe, 0xbd, 0xbe, 0xc1, 0xc4, 0xc4, 0xc1, 0xc1, 0xbd, 0xbb, 0xbb, 0xb1, 0xb1, 0xb1, 0xb4, 0xb7, 0xb1, 0xb1, 0xaa, 0xaa, 0xaf, 0xb6, 0xb6, 0xbd, 0xbd, 0xc1, 0xc4, 0xc7, 0xca, 0xcb, 0xe6, 0xe5, 0xc7, 0xca, 0xce, 0xcf, 0xce, 0xca, 0xe5, 0xbf, 0xe0, 0xb4, 0xb7, 0xb7, 0xbb, 0xbb, 0xb7, 0xb7, 0xb7, 0xb4, 0xb4, 0xb4, 0xb4, 0xe0, 0xe0, 0xe3, 0xc1, 0xe5, 0xc4, 0xc7, 0xc7, 0xc8, 0xc8, 0xc8, 0xc7, 0xc4, 0xc1, 0xbf, 0xbf, 
  0xb3, 0xaf, 0xaf, 0xaa, 0xaf, 0xaa, 0xaf, 0xaa, 0xb1, 0xb1, 0xb1, 0xb7, 0xb7, 0xb7, 0xb7, 0xb7, 0xbb, 0xbb, 0xbf, 0xca, 0xcb, 0xca, 0xcb, 0xc8, 0xe6, 0xc4, 0xc3, 0xe5, 0xc4, 0xc3, 0xb9, 0xaf, 0x80, 0xa7, 0xa2, 0xa1, 0xa3, 0xa7, 0xa7, 0xa7, 0xa8, 0xd3, 0xa8, 0xdd, 0xbd, 0xc1, 0xb5, 0xa6, 0xd7, 0xb9, 0xcb, 0xce, 0xb0, 0x9c, 0xa0, 0xc6, 0xcf, 0x07, 0x07, 0x06, 0x07, 0xcf, 0xce, 0xc9, 0x84, 0xa0, 0x9e, 0xa5, 0xb0, 0x50, 0x06, 0x06, 0x51, 0x06, 0x51, 0x50, 0x8d, 0x82, 0x7a, 0x72, 0x6d, 0x6d, 0x72, 0x7f, 0x82, 0x7f, 0x79, 0x6a, 0x6a, 0x6a, 0x64, 0x5d, 0x5d, 0x59, 0x59, 0x55, 0x55, 0x55, 0x5c, 0x5c, 0x60, 0x5c, 0x5c, 0x57, 0x57, 0x54, 0x54, 0x54, 0x54, 0x54, 0x57, 0x60, 0x69, 0x3d, 0x46, 0x8d, 0x48, 0x88, 0x88, 0x7f, 0x82, 0x82, 0x82, 0x43, 0x82, 0x43, 0x7f, 0x7f, 0x3d, 0x43, 0x43, 0x43, 0x43, 0x43, 0x43, 0x43, 0x41, 0x43, 0x43, 0x43, 0x43, 0x3d, 0x3d, 0x3d, 0x3d, 0x3d, 0x3d, 0x3d, 0x3d, 0x7a, 0x7a, 0x34, 0x72, 0x7a, 0x5b, 0x58, 0x6a, 0x73, 0x65, 0x5d, 0x5c, 0x5c, 0x5c, 0x72, 0x6d, 0x58, 0x0c, 0x0c, 0x0c, 0x1a, 0x2b, 0x3f, 0x3f, 0x3f, 0x3f, 0x43, 0x43, 0x43, 0x43, 0x43, 0x43, 0x41, 0x3d, 0x36, 0x19, 0x5f, 0x21, 0x21, 0x69, 0x34, 0x34, 0x3d, 0x7f, 0x7f, 0x7f, 0x88, 0x88, 0x4b, 0x4e, 0x06, 0x06, 0x06, 0x4d, 0x29, 0x47, 0x06, 0x4e, 0x93, 0x07, 0x07, 0x06, 0x06, 0x07, 0xcf, 0x07, 0xce, 0xcc, 0x93, 0xce, 0xcc, 0x8e, 0x7a, 0x65, 0x68, 0x5b, 0x5a, 0x61, 0xa6, 0xb3, 0x8b, 0x9a, 0x7d, 0x6a, 0x5e, 0x59, 0x5e, 0x59, 0x55, 0x5d, 0x70, 0x8b, 0xc7, 0xcc, 0xbe, 0xa1, 0x7c, 0xb3, 0xa9, 0x9a, 0xa4, 0xa1, 0x5e, 0x9d, 0x80, 0xa9, 0xac, 0xb3, 0xcb, 0xc7, 0xc4, 0xbf, 0xb6, 0xb1, 0xbb, 0xb7, 0xb7, 0xb4, 0xb7, 0xae, 0xaa, 0xaf, 0xaa, 0xaf, 0xb6, 0xbd, 0xc1, 0xc1, 0xc1, 0xc7, 0xca, 0xcd, 0xca, 0xe6, 0xc8, 0xe7, 0xcf, 0xcf, 0xcf, 0xcb, 0xc8, 0xc1, 0xbb, 0xbb, 0xb7, 0xbb, 0xbb, 0xbb, 0xbb, 0xb7, 0xb7, 0xb7, 0xb4, 0xb7, 0xb7, 0xe0, 0xe0, 0xe2, 0xe3, 0xe3, 0xc1, 0xe5, 0xc7, 0xc8, 0xc8, 0xc7, 0xc7, 0xc1, 0xc1, 0xc1, 0xbf, 
  0xaf, 0xa9, 0xa9, 0xa9, 0xa9, 0xa9, 0xaa, 0xaa, 0xaa, 0xae, 0xdc, 0xb4, 0xb7, 0xb7, 0xb7, 0xb7, 0xbb, 0xbf, 0xc4, 0xad, 0xbc, 0xca, 0xca, 0xc8, 0xc7, 0xe6, 0xc7, 0xc8, 0xc8, 0xc4, 0xb9, 0xb3, 0xac, 0xa9, 0xa1, 0xac, 0xa1, 0x99, 0xa7, 0xa8, 0xa7, 0xa8, 0xae, 0xb6, 0xbd, 0xbd, 0xac, 0xd4, 0xac, 0xe6, 0xcb, 0xce, 0x89, 0x9e, 0x7b, 0xcc, 0xcf, 0x07, 0x06, 0x07, 0x07, 0xcf, 0xcf, 0xcf, 0xc0, 0x81, 0xa0, 0x9e, 0x89, 0x93, 0x07, 0x51, 0x06, 0x4f, 0x4f, 0x4d, 0x48, 0x88, 0x7a, 0x7a, 0x73, 0x72, 0x7a, 0x82, 0x88, 0x85, 0x79, 0x73, 0x6a, 0x6a, 0x5d, 0x65, 0x5d, 0x59, 0x59, 0x55, 0x55, 0x52, 0x55, 0x55, 0x5c, 0x65, 0x6d, 0x6d, 0x6d, 0x65, 0x5f, 0x57, 0x57, 0x54, 0x57, 0x13, 0x5c, 0x5f, 0x30, 0x3d, 0x46, 0x88, 0x88, 0x82, 0x82, 0x7f, 0x82, 0x82, 0x82, 0x7f, 0x7f, 0x3d, 0x82, 0x43, 0x88, 0x46, 0x46, 0x46, 0x46, 0x43, 0x46, 0x43, 0x45, 0x43, 0x43, 0x3d, 0x43, 0x3d, 0x3d, 0x7f, 0x3d, 0x7f, 0x3d, 0x7f, 0x34, 0x7a, 0x7a, 0x5f, 0x58, 0x73, 0x73, 0x73, 0x6a, 0x60, 0x59, 0x5c, 0x6d, 0x65, 0x0d, 0x0c, 0x0c, 0x0c, 0x2b, 0x76, 0x3f, 0x81, 0x43, 0x43, 0x43, 0x46, 0x46, 0x46, 0x43, 0x46, 0x42, 0x43, 0x43, 0x43, 0x3d, 0x3d, 0x34, 0x72, 0x34, 0x5f, 0x69, 0x7a, 0x88, 0x46, 0x88, 0x48, 0x4e, 0x51, 0x4f, 0xff, 0x51, 0x06, 0x4c, 0x1f, 0x04, 0x06, 0x4c, 0x4f, 0x07, 0x51, 0x50, 0x4f, 0x07, 0x07, 0xcf, 0xce, 0x50, 0x91, 0x90, 0x8a, 0x7f, 0x79, 0x71, 0x64, 0x61, 0xb3, 0xb6, 0xbd, 0xbd, 0x9a, 0x55, 0x5e, 0x7d, 0x5e, 0x66, 0x5d, 0x66, 0x70, 0x7d, 0x70, 0x70, 0x64, 0x70, 0x5d, 0x55, 0x5d, 0x5e, 0x59, 0x55, 0x59, 0x96, 0x59, 0x55, 0x59, 0x59, 0x96, 0x5d, 0x70, 0x6c, 0x9d, 0xac, 0xc4, 0xbd, 0xbd, 0xbb, 0xbb, 0xbb, 0xb1, 0xaa, 0xaa, 0xa9, 0xaf, 0xb3, 0xbd, 0xc1, 0xc1, 0xc1, 0xc4, 0xc4, 0xca, 0xcd, 0xcd, 0xe7, 0xcb, 0xce, 0xcf, 0xcf, 0xcf, 0xcb, 0xc8, 0xc4, 0xe3, 0xbf, 0xbb, 0xbb, 0xbb, 0xbb, 0xbb, 0xbf, 0xbf, 0xb7, 0xdd, 0xb4, 0xdd, 0xdf, 0xe0, 0xe0, 0xe2, 0xe3, 0xe3, 0xe5, 0xc7, 0xc8, 0xc8, 0xc7, 0xc4, 0xc4, 0xc1, 0xbf, 0xc1, 
  0x80, 0xaf, 0xa9, 0xaa, 0xa9, 0xa9, 0xaa, 0xa9, 0xb1, 0xaa, 0xae, 0xb1, 0xdc, 0xb4, 0xb7, 0xb7, 0xbf, 0xbb, 0x9d, 0xd0, 0xb9, 0xca, 0xc8, 0xc8, 0xc8, 0xca, 0xca, 0xca, 0xc8, 0xc4, 0xb9, 0xb3, 0xac, 0xac, 0xb3, 0x9a, 0x97, 0x9d, 0xad, 0xa7, 0xae, 0xad, 0xaf, 0xaf, 0xb6, 0xb3, 0xa7, 0xa6, 0xbc, 0xc6, 0xca, 0xce, 0x89, 0x9e, 0x7b, 0xce, 0xcf, 0x07, 0x07, 0x07, 0x07, 0xcf, 0x07, 0xcf, 0xcf, 0x89, 0x75, 0xa5, 0x84, 0xcd, 0x07, 0x06, 0x51, 0x4f, 0x4e, 0x90, 0x48, 0x8a, 0x82, 0x82, 0x7f, 0x82, 0x82, 0x88, 0x8a, 0x8a, 0x85, 0x7d, 0x6a, 0x6a, 0x5d, 0x65, 0x59, 0x65, 0x55, 0x55, 0x52, 0x52, 0x52, 0x52, 0x52, 0x5c, 0x6a, 0x72, 0x7a, 0x7a, 0x7a, 0x73, 0x6d, 0x5f, 0x5f, 0x5c, 0x5f, 0x60, 0x27, 0x30, 0x34, 0x3d, 0x82, 0x82, 0x82, 0x82, 0x7f, 0x7f, 0x7f, 0x7f, 0x7f, 0x7f, 0x7f, 0x43, 0x46, 0x46, 0x4b, 0x46, 0x49, 0x46, 0x45, 0x46, 0x43, 0x46, 0x43, 0x43, 0x43, 0x43, 0x43, 0x3f, 0x43, 0x7f, 0x7f, 0x7a, 0x7a, 0x7a, 0x69, 0x5b, 0x71, 0x79, 0x79, 0x73, 0x73, 0x65, 0x5c, 0x65, 0x65, 0x13, 0x0b, 0x0d, 0x11, 0x1f, 0x58, 0x16, 0x10, 0x11, 0x10, 0x19, 0x19, 0x1f, 0x2b, 0x3f, 0x43, 0x45, 0x46, 0x4b, 0x45, 0x3d, 0x43, 0x7f, 0x43, 0x7a, 0x34, 0x21, 0x34, 0x34, 0x93, 0x4c, 0x88, 0x4c, 0x4e, 0x4f, 0x06, 0x51, 0x06, 0x06, 0x4c, 0x38, 0x4e, 0x51, 0x4c, 0x50, 0x51, 0x93, 0x90, 0x91, 0x91, 0x07, 0xce, 0xcf, 0xcf, 0xcf, 0xce, 0x81, 0x77, 0x79, 0x68, 0x6c, 0xb3, 0xbd, 0xc1, 0xbb, 0x66, 0x96, 0x5e, 0x5d, 0x7d, 0xa9, 0x5e, 0x66, 0x6a, 0x6e, 0x5d, 0x5e, 0x59, 0x5d, 0x55, 0x5d, 0x5d, 0x55, 0x55, 0x59, 0x55, 0x5d, 0x59, 0x5d, 0x55, 0x59, 0x59, 0x59, 0x55, 0x5d, 0x59, 0x96, 0x5e, 0xa1, 0x9a, 0xa2, 0xbd, 0xb6, 0xb6, 0xaf, 0xaf, 0xaa, 0xaf, 0xb3, 0xb6, 0xc1, 0xc1, 0xc4, 0xc1, 0xc1, 0xe5, 0xca, 0xcd, 0xce, 0xce, 0xce, 0xcf, 0xcf, 0xfa, 0xce, 0xe7, 0xc8, 0xc4, 0xc1, 0xc1, 0xbf, 0xbf, 0xbf, 0xbf, 0xbf, 0xbf, 0xbf, 0xbf, 0xbb, 0xe0, 0xe0, 0xe0, 0xe0, 0xe1, 0xe0, 0xe3, 0xe5, 0xc7, 0xc8, 0xc8, 0xc8, 0xc8, 0xc4, 0xc4, 0xc1, 0xc1, 0xc1, 
  0xa9, 0x80, 0xb3, 0xaf, 0xa9, 0xaf, 0xaf, 0xaf, 0xaf, 0xaa, 0xae, 0xaa, 0xae, 0xb1, 0xb1, 0xbb, 0xad, 0x9b, 0x9d, 0xb9, 0xc7, 0xc7, 0xca, 0xca, 0xca, 0xca, 0xcb, 0xc8, 0xc7, 0xbe, 0xb2, 0x83, 0x83, 0xb3, 0x97, 0x97, 0xa1, 0xaf, 0xa7, 0xb1, 0xaf, 0xaf, 0xaf, 0xaf, 0xaf, 0xaf, 0xa7, 0xad, 0xc3, 0xc8, 0xc9, 0xfa, 0x89, 0x75, 0x84, 0xcf, 0x07, 0xcf, 0x07, 0x07, 0x07, 0xfa, 0x07, 0xcf, 0x07, 0x94, 0x81, 0x9e, 0x81, 0xce, 0x07, 0x06, 0x4f, 0x4e, 0x90, 0x4d, 0x8e, 0x48, 0x8e, 0x8e, 0x48, 0x8a, 0x48, 0x8a, 0x88, 0x8a, 0x85, 0x85, 0x7d, 0x77, 0x6a, 0x5d, 0x5c, 0x59, 0x56, 0x55, 0x55, 0x52, 0x52, 0x52, 0x52, 0x52, 0x5c, 0x60, 0x6d, 0x72, 0x82, 0x88, 0x8a, 0x82, 0x7a, 0x6f, 0x27, 0x21, 0x27, 0x27, 0x27, 0x30, 0x34, 0x7f, 0x82, 0x82, 0x82, 0x7f, 0x7f, 0x7f, 0x7a, 0x3d, 0x7f, 0x7f, 0x88, 0x46, 0x46, 0x4b, 0x4b, 0x4b, 0x46, 0x49, 0x46, 0x46, 0x43, 0x46, 0x43, 0x43, 0x43, 0x43, 0x43, 0x7f, 0x7f, 0x7f, 0x7f, 0x72, 0x58, 0x71, 0x7f, 0x79, 0x7a, 0x79, 0x73, 0x65, 0x6a, 0x6d, 0x0d, 0x0d, 0x0e, 0x21, 0x2b, 0x34, 0x2b, 0x34, 0x2b, 0x2b, 0x19, 0x1f, 0x11, 0x19, 0x11, 0x11, 0x11, 0x19, 0x1f, 0x21, 0x21, 0x21, 0x5f, 0x5f, 0x34, 0x34, 0x82, 0x88, 0x34, 0x88, 0x82, 0x2b, 0x88, 0x4c, 0x4c, 0x4e, 0x06, 0x06, 0x06, 0x06, 0x06, 0x4f, 0x06, 0x06, 0x8d, 0x90, 0x50, 0x94, 0x90, 0x92, 0x8c, 0x89, 0x91, 0xce, 0xcf, 0x07, 0xce, 0x8e, 0x73, 0x74, 0x7c, 0xc1, 0xc1, 0xbd, 0xbd, 0x9d, 0x5e, 0x6e, 0x64, 0x70, 0x5d, 0x7d, 0x66, 0x66, 0x6e, 0x64, 0x5e, 0x6a, 0x66, 0x59, 0x66, 0x6a, 0x59, 0x59, 0x5d, 0x5d, 0x5d, 0x5d, 0x59, 0x55, 0x59, 0x5d, 0x5d, 0x59, 0x59, 0x59, 0x5d, 0x59, 0x59, 0x96, 0x59, 0x5e, 0x66, 0x5e, 0x5e, 0xa4, 0xa9, 0xa9, 0xaf, 0xbd, 0xc4, 0xc1, 0xc4, 0xc1, 0xc1, 0xc1, 0xc4, 0xe6, 0xce, 0xcf, 0xcf, 0xcf, 0xce, 0xcf, 0xcf, 0xcf, 0xe7, 0xc8, 0xc7, 0xc4, 0xc1, 0xc1, 0xbf, 0xc1, 0xbf, 0xc1, 0xc1, 0xc1, 0xbf, 0xbf, 0xbb, 0xe3, 0xe0, 0xe2, 0xe0, 0xe2, 0xe4, 0xe6, 0xe7, 0xcd, 0xcd, 0xcb, 0xca, 0xc8, 0xc7, 0xc7, 0xc4, 0xc7, 
  0xa7, 0xa1, 0xa2, 0xbe, 0xbe, 0xaf, 0xaf, 0xaf, 0xaf, 0xaf, 0xaf, 0xaf, 0xaf, 0xaf, 0xb6, 0xa2, 0x9a, 0xa7, 0xbd, 0xc4, 0xe5, 0xc8, 0xca, 0xca, 0xca, 0xca, 0xca, 0xc8, 0xe6, 0xb8, 0x83, 0x83, 0xa0, 0x95, 0x96, 0xad, 0xaf, 0xaa, 0xaf, 0xaa, 0xaf, 0xaf, 0xaf, 0xb3, 0xaf, 0x80, 0xaf, 0xbe, 0xc4, 0xc8, 0xc9, 0xce, 0x91, 0x84, 0xba, 0x07, 0xcf, 0x07, 0xcf, 0x07, 0xcf, 0x06, 0xce, 0x07, 0x07, 0xcf, 0x8c, 0x75, 0x7b, 0xcc, 0xce, 0x93, 0x90, 0x4d, 0x90, 0x90, 0x8e, 0x8e, 0x8e, 0x8e, 0x8e, 0x8e, 0x48, 0x8e, 0x48, 0x8a, 0x8a, 0x85, 0x85, 0x7d, 0x79, 0x6a, 0x59, 0x5c, 0x55, 0x56, 0x55, 0x52, 0x52, 0x52, 0x52, 0x52, 0x52, 0x52, 0x56, 0x56, 0x60, 0x6d, 0x7f, 0x48, 0x8d, 0x48, 0x82, 0x3d, 0x72, 0x30, 0x6d, 0x30, 0x72, 0x7a, 0x82, 0x82, 0x82, 0x7f, 0x7f, 0x7a, 0x7f, 0x7a, 0x7f, 0x3d, 0x43, 0x43, 0x46, 0x4b, 0x4b, 0x4b, 0x4b, 0x4b, 0x4b, 0x46, 0x49, 0x46, 0x46, 0x46, 0x46, 0x43, 0x88, 0x43, 0x7f, 0x7f, 0x7a, 0x58, 0x6d, 0x82, 0x79, 0x82, 0x79, 0x7f, 0x73, 0x6d, 0x6d, 0x0d, 0x0d, 0x13, 0x34, 0x34, 0x34, 0x3f, 0x43, 0x43, 0x46, 0x46, 0x46, 0x46, 0x43, 0x43, 0x3f, 0x2b, 0x6f, 0x2b, 0x2b, 0x34, 0x34, 0x34, 0x72, 0x34, 0x7a, 0x7f, 0x88, 0x34, 0x7a, 0x82, 0x82, 0x34, 0x3f, 0x4f, 0x06, 0x06, 0x06, 0x51, 0x06, 0x06, 0x06, 0x06, 0x06, 0x06, 0x90, 0x8e, 0xc0, 0x90, 0xc6, 0x92, 0xba, 0x8c, 0x89, 0x8c, 0x91, 0x94, 0xcc, 0x90, 0x74, 0x71, 0xc3, 0xc1, 0xbe, 0xbd, 0xa1, 0x66, 0x70, 0x6a, 0x66, 0x5d, 0x64, 0x7d, 0xa9, 0x70, 0x6e, 0x70, 0x6e, 0x70, 0x66, 0x66, 0x70, 0x66, 0x64, 0x66, 0x6a, 0x6a, 0x5d, 0x5d, 0x5d, 0x5d, 0x6a, 0x5d, 0x5d, 0x55, 0x59, 0x59, 0x59, 0x55, 0x55, 0x5e, 0x5e, 0x5e, 0x59, 0x5e, 0x5d, 0x5d, 0x5d, 0x9a, 0x66, 0xb3, 0xc7, 0xc7, 0xc4, 0xc1, 0xc1, 0xc1, 0xe5, 0xca, 0xcb, 0xcf, 0xcf, 0xcf, 0xcf, 0xcf, 0xcf, 0xce, 0xcb, 0xca, 0xc7, 0xc4, 0xc4, 0xc4, 0xc4, 0xc1, 0xc4, 0xc1, 0xc1, 0xc1, 0xc1, 0xc1, 0xc1, 0xe3, 0xe3, 0xe3, 0xe2, 0xe2, 0xe4, 0xc8, 0xcd, 0xce, 0xce, 0xcd, 0xcb, 0xca, 0xc7, 0xc7, 0xc7, 0xc7, 
  0xb9, 0xb3, 0x9f, 0x9d, 0xac, 0xc3, 0xbe, 0xb9, 0xaf, 0xb3, 0xb3, 0xaf, 0xb3, 0xb3, 0x9a, 0x9a, 0xac, 0xbd, 0xbe, 0xc1, 0xc4, 0xc7, 0xca, 0xca, 0xca, 0xca, 0xca, 0xc6, 0xc8, 0xc7, 0xa5, 0x98, 0x95, 0x95, 0xa7, 0xb6, 0xaa, 0xaa, 0xaa, 0xaf, 0xaf, 0xaf, 0xb6, 0xb6, 0xaf, 0xaf, 0xb3, 0xbe, 0xc4, 0xc7, 0xca, 0xcd, 0xcd, 0x93, 0x50, 0xcf, 0x07, 0xcf, 0x07, 0xce, 0x06, 0x50, 0x4f, 0x93, 0x4f, 0xcc, 0x90, 0x7e, 0x7b, 0x90, 0xc6, 0x90, 0x8e, 0x8e, 0x90, 0x90, 0x90, 0x8d, 0x8a, 0x8a, 0x8a, 0x8a, 0x8e, 0x8e, 0x8e, 0x48, 0x88, 0x85, 0x79, 0x77, 0x7d, 0x73, 0x6a, 0x5c, 0x59, 0x56, 0x55, 0x56, 0x52, 0x52, 0x52, 0x52, 0x52, 0x52, 0x52, 0x52, 0x52, 0x53, 0x56, 0x60, 0x7a, 0x48, 0x4d, 0x4c, 0x88, 0x3d, 0x34, 0x30, 0x34, 0x3d, 0x7f, 0x88, 0x82, 0x82, 0x7f, 0x7f, 0x7f, 0x7f, 0x7f, 0x82, 0x43, 0x43, 0x46, 0x46, 0x4b, 0x4b, 0x4b, 0x4c, 0x4b, 0x4b, 0x4b, 0x46, 0x49, 0x46, 0x46, 0x46, 0x43, 0x7f, 0x7f, 0x7f, 0x5f, 0x69, 0x82, 0x82, 0x82, 0x82, 0x7f, 0x79, 0x7f, 0x6d, 0x0d, 0x0d, 0x21, 0x7a, 0x34, 0x34, 0x3d, 0x43, 0x43, 0x46, 0x46, 0x4b, 0x4b, 0x46, 0x46, 0x8d, 0x43, 0x82, 0x43, 0x88, 0x82, 0x7f, 0x34, 0x34, 0x7a, 0x7f, 0x7a, 0x7f, 0x48, 0x88, 0x8d, 0x82, 0x88, 0x88, 0x4c, 0x06, 0x06, 0x4e, 0x4e, 0x4f, 0x06, 0x06, 0x06, 0x51, 0x4f, 0x07, 0x93, 0x8c, 0x89, 0xba, 0x92, 0xc2, 0xc5, 0xc0, 0xba, 0x89, 0xba, 0xce, 0x94, 0x8e, 0x7e, 0x61, 0x86, 0xbe, 0xb9, 0xa1, 0x70, 0x70, 0x70, 0x70, 0x7c, 0x80, 0xac, 0x80, 0xb3, 0xa9, 0xb3, 0x80, 0xa9, 0xa9, 0x7d, 0xa9, 0x77, 0xa9, 0x70, 0x70, 0x6c, 0x66, 0x64, 0x5d, 0x5d, 0x5d, 0x5d, 0x55, 0x5d, 0x6a, 0x5e, 0x5d, 0x5d, 0x5e, 0x5d, 0x5d, 0x59, 0x5d, 0x5e, 0x66, 0x5e, 0x5d, 0x5e, 0x5e, 0x66, 0x6c, 0x66, 0xa1, 0xb9, 0xca, 0xc4, 0xc4, 0xc8, 0xca, 0xcf, 0xcf, 0xcf, 0xcf, 0xfa, 0xcf, 0xcf, 0xcf, 0xcd, 0xe7, 0xca, 0xc7, 0xc7, 0xc7, 0xc7, 0xc7, 0xc7, 0xc7, 0xc4, 0xc4, 0xc4, 0xc4, 0xc4, 0xc4, 0xc4, 0xe5, 0xe5, 0xe5, 0xe6, 0xc8, 0xcd, 0xce, 0xce, 0xcb, 0xca, 0xc7, 0xc7, 0xe5, 0xc7, 0xc4, 
  0xbd, 0xbe, 0xbe, 0xac, 0x9a, 0x9a, 0x9f, 0xad, 0xa1, 0x78, 0xb6, 0x86, 0xa7, 0x97, 0x97, 0x9f, 0xb9, 0xaf, 0xb2, 0xc4, 0xc7, 0xe6, 0xca, 0xca, 0xc8, 0xc8, 0xc6, 0xce, 0xd7, 0x98, 0x95, 0x09, 0x09, 0x95, 0xb6, 0xa2, 0xaa, 0xaa, 0xaa, 0xaf, 0xaa, 0xaf, 0xb6, 0xb3, 0xb6, 0xaf, 0xb3, 0xb9, 0xc4, 0xc7, 0xca, 0xcd, 0xce, 0xfa, 0xcf, 0xcf, 0xcf, 0x07, 0x50, 0x93, 0x93, 0x4f, 0x93, 0x91, 0x4d, 0x90, 0x90, 0x87, 0x7b, 0x8b, 0x8f, 0x8f, 0x8b, 0x8e, 0x8f, 0x93, 0x94, 0x8d, 0x8a, 0x7e, 0x7e, 0x81, 0x85, 0x8b, 0x8e, 0x8e, 0x8a, 0x82, 0x73, 0x6a, 0x6a, 0x73, 0x6a, 0x6a, 0x5c, 0x5c, 0x5c, 0x5c, 0x55, 0x56, 0x52, 0x52, 0x52, 0x52, 0x52, 0x53, 0x53, 0x53, 0x53, 0x53, 0x56, 0x27, 0x43, 0x4d, 0x4d, 0x48, 0x43, 0x7a, 0x43, 0x82, 0x46, 0x88, 0x88, 0x43, 0x82, 0x82, 0x7f, 0x82, 0x82, 0x43, 0x82, 0x46, 0x88, 0x4b, 0x4b, 0x4b, 0x4b, 0x4c, 0x4b, 0x4c, 0x4b, 0x4b, 0x4b, 0x46, 0x46, 0x43, 0x43, 0x7f, 0x7f, 0x58, 0x69, 0x88, 0x82, 0x82, 0x82, 0x82, 0x7f, 0x88, 0x6d, 0x0d, 0x13, 0x34, 0x7f, 0x3d, 0x7a, 0x3d, 0x7f, 0x43, 0x46, 0x46, 0x46, 0x3d, 0x3f, 0x46, 0x34, 0x2b, 0x88, 0x2b, 0x2b, 0x69, 0x1f, 0x72, 0x34, 0x7a, 0x7f, 0x7f, 0x3d, 0x88, 0x82, 0x82, 0x34, 0x3f, 0x8d, 0x4e, 0x4d, 0x4d, 0x4d, 0x8d, 0x4d, 0x4f, 0x06, 0x06, 0x4e, 0x4d, 0x4f, 0x07, 0x07, 0xfd, 0x89, 0xba, 0xba, 0xc2, 0xba, 0xba, 0xba, 0xba, 0x89, 0x92, 0xce, 0x92, 0x90, 0x8b, 0x7c, 0x80, 0x74, 0x74, 0x70, 0x7d, 0x86, 0xb9, 0xb9, 0xc3, 0xc3, 0xc4, 0xc3, 0xbe, 0xb9, 0xb6, 0xb3, 0xb3, 0x80, 0x80, 0xb3, 0x80, 0xb3, 0xb3, 0x86, 0x86, 0x80, 0x80, 0x7d, 0x70, 0x70, 0x66, 0x5e, 0x5d, 0x5e, 0x5d, 0x5d, 0x5d, 0x64, 0x5d, 0x5e, 0x5e, 0x5e, 0x5d, 0x5e, 0x5e, 0x66, 0x6a, 0x66, 0x66, 0x66, 0x64, 0xa1, 0x7c, 0xb6, 0xc6, 0xca, 0xcb, 0xce, 0xcf, 0xcf, 0xcf, 0xcf, 0xcf, 0xfa, 0xce, 0xce, 0xcb, 0xe7, 0xc8, 0xc8, 0xc8, 0xc8, 0xca, 0xca, 0xc8, 0xc7, 0xc7, 0xc4, 0xc7, 0xc7, 0xc8, 0xc8, 0xc8, 0xc8, 0xc8, 0xca, 0xcb, 0xcd, 0xcf, 0xcd, 0xcd, 0xc8, 0xe6, 0xc4, 0xc7, 0xc4, 0xb8, 
  0xc3, 0xbe, 0xbd, 0xc1, 0xbd, 0x9a, 0x97, 0x6b, 0x9c, 0x5a, 0x5a, 0x61, 0x67, 0x97, 0x5a, 0x7c, 0x86, 0x9f, 0xb9, 0xde, 0xc3, 0xc8, 0xca, 0xcb, 0xcb, 0xca, 0xcb, 0x9e, 0x95, 0x09, 0x95, 0x08, 0x95, 0x98, 0xad, 0xa2, 0xa2, 0xaa, 0xa2, 0xa9, 0xaf, 0xaf, 0xaf, 0xb6, 0xb6, 0xb8, 0xbd, 0xbe, 0xc1, 0xc7, 0xc8, 0xca, 0xcb, 0xcd, 0xcd, 0xce, 0xcd, 0x94, 0xcf, 0xcf, 0x50, 0xce, 0xcf, 0x93, 0x91, 0x4d, 0x90, 0x48, 0x7e, 0xac, 0x8b, 0xb3, 0x8b, 0x89, 0x90, 0xce, 0xcf, 0x93, 0x8c, 0x7e, 0xa5, 0xa6, 0x7b, 0x7e, 0x86, 0x8a, 0x8e, 0x8a, 0x7a, 0x68, 0x65, 0x65, 0x65, 0x60, 0x65, 0x5c, 0x5c, 0x5c, 0x56, 0x5c, 0x55, 0x56, 0x52, 0x52, 0x53, 0x52, 0x56, 0x53, 0x53, 0x53, 0x53, 0x12, 0x5c, 0x34, 0x48, 0x4c, 0x8d, 0x88, 0x88, 0x88, 0x48, 0x48, 0x48, 0x88, 0x88, 0x43, 0x88, 0x43, 0x88, 0x43, 0x88, 0x46, 0x46, 0x46, 0x4b, 0x4c, 0x4b, 0x4c, 0x4c, 0x4c, 0x4c, 0x4c, 0x4b, 0x4b, 0x46, 0x88, 0x43, 0x82, 0x7f, 0x72, 0x82, 0x82, 0x82, 0x88, 0x82, 0x82, 0x88, 0x21, 0x0d, 0x19, 0x43, 0x43, 0x7f, 0x43, 0x7f, 0x82, 0x3f, 0x72, 0x2b, 0x7a, 0x30, 0x69, 0x69, 0x69, 0x21, 0x21, 0x69, 0x69, 0x6f, 0x34, 0x7a, 0x7f, 0x43, 0x82, 0x43, 0x88, 0x4d, 0x7a, 0x2b, 0x2b, 0x3f, 0x46, 0x4d, 0x4e, 0x4f, 0x8d, 0x8d, 0x90, 0x4d, 0x93, 0x06, 0x8c, 0x4d, 0x8c, 0x4f, 0x07, 0x07, 0xc9, 0x84, 0xf2, 0xb0, 0xba, 0xc2, 0xe4, 0xba, 0xbc, 0xf2, 0x89, 0xc0, 0xcc, 0xce, 0xcb, 0x7e, 0x6c, 0x74, 0x7d, 0x8b, 0xc6, 0xc6, 0xc8, 0xca, 0xc6, 0xc7, 0xc3, 0xc3, 0xbe, 0xb8, 0x86, 0xaf, 0x7c, 0x6e, 0x70, 0xa4, 0x70, 0xa9, 0x70, 0xa9, 0xa9, 0x7d, 0x80, 0x80, 0xb3, 0x80, 0xb3, 0xb3, 0xaf, 0xa4, 0x9d, 0x66, 0x5e, 0x5e, 0x5e, 0x5e, 0x5e, 0x66, 0x5e, 0x66, 0x66, 0x5e, 0x5e, 0x66, 0x66, 0x70, 0x6e, 0x66, 0x6e, 0x6c, 0xb3, 0xc3, 0xcb, 0xce, 0xce, 0xcf, 0xcf, 0xcf, 0xcf, 0xcf, 0xcf, 0xce, 0xcd, 0xcb, 0xcb, 0xcb, 0xcb, 0xcb, 0xcb, 0xcb, 0xcb, 0xca, 0xc8, 0xc7, 0xc7, 0xca, 0xca, 0xcb, 0xcb, 0xcb, 0xcb, 0xcd, 0xcd, 0xce, 0xce, 0xce, 0xcb, 0xca, 0xc8, 0xc7, 0xc8, 0xb8, 0xac, 
  0xb5, 0xb8, 0xc1, 0xbe, 0xb6, 0xc3, 0x9f, 0x97, 0x6b, 0x5a, 0x97, 0x95, 0x97, 0x67, 0x5a, 0x97, 0x5a, 0x61, 0x9d, 0xab, 0xcb, 0xca, 0xc3, 0xde, 0x7b, 0xb0, 0x9c, 0x09, 0x95, 0x98, 0x08, 0x95, 0x95, 0x9c, 0xa7, 0xa3, 0x9d, 0xa2, 0xa2, 0xa3, 0xa7, 0xad, 0xb6, 0xb6, 0xc1, 0xc4, 0xbe, 0xbe, 0xc3, 0xc4, 0xc7, 0xc8, 0xc6, 0xc5, 0xc9, 0xcc, 0xce, 0xcc, 0xee, 0x9e, 0xfd, 0xce, 0xcf, 0xcf, 0x50, 0x90, 0x90, 0x8e, 0x89, 0x7e, 0xac, 0x83, 0x86, 0x83, 0x8c, 0xce, 0x07, 0xce, 0x90, 0x87, 0x76, 0xa0, 0x6b, 0xa0, 0x7b, 0x83, 0x8a, 0x8e, 0x85, 0x7a, 0x6d, 0x5c, 0x5c, 0x5c, 0x56, 0x5c, 0x56, 0x5c, 0x5c, 0x5c, 0x5c, 0x56, 0x56, 0x56, 0x56, 0x5c, 0x60, 0x6d, 0x60, 0x56, 0x53, 0x53, 0x14, 0x18, 0x72, 0x43, 0x48, 0x48, 0x46, 0x48, 0x48, 0x48, 0x48, 0x48, 0x48, 0x48, 0x46, 0x48, 0x46, 0x48, 0x46, 0x48, 0x46, 0x4c, 0x4b, 0x4c, 0x4c, 0x4c, 0x4c, 0x4c, 0x4c, 0x4c, 0x4b, 0x46, 0x46, 0x43, 0x88, 0x43, 0x82, 0x88, 0x88, 0x88, 0x88, 0x82, 0x88, 0x88, 0x13, 0x0d, 0x1f, 0x48, 0x43, 0x43, 0x7f, 0x7a, 0x69, 0x69, 0x21, 0x5f, 0x71, 0x6d, 0x7a, 0x72, 0x72, 0x7a, 0x7a, 0x7e, 0x34, 0x76, 0x3f, 0x81, 0x43, 0x88, 0x88, 0x88, 0x8d, 0x48, 0x2b, 0x69, 0x34, 0x8d, 0x4d, 0x4c, 0x46, 0x4c, 0x4f, 0x48, 0x8e, 0x90, 0x90, 0x93, 0x92, 0x47, 0x89, 0x8c, 0x93, 0x07, 0xcf, 0x07, 0xf4, 0xb0, 0xf2, 0xde, 0xf2, 0xbc, 0xe1, 0xf2, 0xde, 0xba, 0x89, 0xc6, 0xcb, 0x87, 0x83, 0x85, 0x86, 0x85, 0x7c, 0x78, 0x78, 0xa6, 0x6b, 0xab, 0x83, 0xb9, 0xc3, 0xc6, 0xca, 0xc7, 0xc3, 0xb3, 0x80, 0xa9, 0x70, 0x6e, 0x66, 0x66, 0x70, 0x5e, 0x70, 0x66, 0x61, 0x66, 0xa1, 0xa2, 0xa1, 0xad, 0xaf, 0xb6, 0xb6, 0xaf, 0xa9, 0x6e, 0x66, 0x66, 0x5e, 0x5e, 0x5e, 0x5e, 0x66, 0x66, 0x70, 0x6e, 0x70, 0x6e, 0x70, 0xa4, 0x70, 0x9d, 0x6c, 0xa6, 0x8f, 0xcd, 0xce, 0xcf, 0xcf, 0xcf, 0xcf, 0xcf, 0xce, 0xcd, 0xcb, 0xcb, 0xcd, 0xce, 0xce, 0xce, 0xce, 0xcd, 0xcb, 0xca, 0xc8, 0xc8, 0xca, 0xca, 0xcd, 0xce, 0xce, 0xcf, 0xce, 0xcf, 0xcf, 0xcf, 0xcf, 0xce, 0xcb, 0xc8, 0xca, 0xbe, 0xab, 0xa6, 
  0xb8, 0x9f, 0x9f, 0xad, 0xb9, 0xb2, 0xc3, 0x6b, 0x98, 0x5a, 0x76, 0x64, 0x5a, 0x7e, 0x5a, 0x54, 0x95, 0x5a, 0x9c, 0xc6, 0xab, 0xa0, 0x5a, 0x99, 0x9c, 0x98, 0x98, 0x98, 0x95, 0x98, 0x98, 0x95, 0x99, 0xab, 0xd3, 0xa3, 0xa3, 0xa3, 0xa3, 0xa3, 0xa7, 0xad, 0xad, 0xb3, 0xb5, 0xb9, 0xb8, 0xb9, 0xb8, 0xbe, 0xc3, 0xe6, 0xc6, 0xca, 0xcc, 0xc6, 0x75, 0x99, 0x1a, 0x3c, 0xce, 0xcf, 0xcf, 0xcf, 0x07, 0xcf, 0x06, 0x93, 0x8e, 0x83, 0xa7, 0xac, 0xab, 0x83, 0x8c, 0xcf, 0x07, 0x06, 0x50, 0x8e, 0x81, 0xa6, 0x9e, 0x9e, 0x6b, 0x9f, 0x83, 0x8b, 0x90, 0x8e, 0x82, 0x72, 0x5c, 0x5c, 0x52, 0x53, 0x56, 0x56, 0x5c, 0x60, 0x6d, 0x6d, 0x5c, 0x55, 0x56, 0x56, 0x5c, 0x72, 0x34, 0x34, 0x65, 0x18, 0x56, 0x60, 0x18, 0x27, 0x34, 0x43, 0x88, 0x48, 0x88, 0x48, 0x8d, 0x48, 0x48, 0x46, 0x8d, 0x4c, 0x4d, 0x4c, 0x4c, 0x4c, 0x4c, 0x4c, 0x4c, 0x4c, 0x4c, 0x4e, 0x4c, 0x4e, 0x4c, 0x4c, 0x4b, 0x46, 0x46, 0x46, 0x88, 0x43, 0x88, 0x88, 0x88, 0x88, 0x88, 0x48, 0x88, 0x54, 0x11, 0x7f, 0x4d, 0x43, 0x3d, 0x69, 0x58, 0x5f, 0x5f, 0x68, 0x73, 0x73, 0x72, 0x73, 0x7a, 0x79, 0x7f, 0x71, 0x21, 0x76, 0x82, 0x88, 0x88, 0x88, 0x88, 0x48, 0x4d, 0x8d, 0x3d, 0x67, 0x2b, 0x87, 0x4d, 0x4d, 0x4c, 0x4e, 0x51, 0x4f, 0x48, 0x48, 0x90, 0x8e, 0x8f, 0x94, 0xba, 0x89, 0x89, 0x89, 0x93, 0x07, 0x07, 0xfa, 0x93, 0xb0, 0x89, 0xdb, 0xde, 0xe9, 0xbc, 0xe1, 0xde, 0xde, 0xde, 0x89, 0xc2, 0x8f, 0xca, 0x94, 0xc7, 0x92, 0xb9, 0x89, 0xac, 0x7e, 0xa5, 0x76, 0xa6, 0x9f, 0x78, 0x78, 0xac, 0x86, 0xb3, 0xbe, 0xb9, 0xb3, 0xb3, 0xa9, 0xa9, 0xa1, 0x6e, 0x6e, 0x6e, 0x66, 0x66, 0x66, 0x5e, 0x66, 0x9b, 0x9d, 0xa3, 0xa3, 0xad, 0xb6, 0xc1, 0xc1, 0xc1, 0xbd, 0xaf, 0xa9, 0xa2, 0x6e, 0x9a, 0x66, 0x66, 0x66, 0x6e, 0x70, 0xa9, 0xa9, 0xa9, 0xa9, 0xaf, 0xa1, 0xa7, 0x8f, 0xcd, 0xce, 0xcf, 0xcf, 0xcf, 0xce, 0xce, 0xcb, 0xcb, 0xe7, 0xcd, 0xce, 0xcf, 0xcf, 0xce, 0xce, 0xcc, 0xcb, 0xca, 0xc8, 0xca, 0xcb, 0xcc, 0xcf, 0xce, 0xcf, 0xcf, 0xcf, 0xcf, 0xcf, 0xce, 0xcd, 0xc8, 0xc8, 0xc7, 0xad, 0x9f, 0x9f, 
  0xc4, 0xc4, 0xab, 0x9d, 0x9d, 0x9f, 0xa6, 0xab, 0x97, 0x97, 0xa6, 0x83, 0x8b, 0x85, 0x8a, 0x74, 0x6b, 0x5b, 0xa6, 0x9a, 0x5a, 0x9f, 0xd7, 0xc6, 0xa5, 0x98, 0x98, 0x5a, 0x99, 0x98, 0x98, 0x98, 0xd9, 0xdb, 0xd3, 0xd9, 0xa7, 0xd3, 0xd9, 0xa8, 0xd9, 0xa7, 0xd9, 0xa7, 0xad, 0xb2, 0x83, 0xb3, 0xc3, 0xc3, 0xc7, 0xcb, 0xca, 0xc0, 0xa6, 0x98, 0x5a, 0x75, 0xce, 0xce, 0xcf, 0x07, 0xcf, 0xce, 0xcf, 0xce, 0xcf, 0xce, 0xcb, 0xb8, 0xab, 0xa6, 0xab, 0x7b, 0xc0, 0xcf, 0x07, 0x07, 0x50, 0x8d, 0x87, 0x7e, 0x6b, 0x62, 0x9c, 0x9e, 0x9f, 0x7c, 0x8a, 0x8e, 0x8d, 0x88, 0x72, 0x65, 0x56, 0x52, 0x53, 0x53, 0x56, 0x60, 0x27, 0x7a, 0x72, 0x6d, 0x56, 0x56, 0x56, 0x56, 0x6d, 0x7a, 0x82, 0x34, 0x27, 0x18, 0x60, 0x27, 0x69, 0x30, 0x7f, 0x82, 0x88, 0x88, 0x88, 0x48, 0x88, 0x48, 0x48, 0x4c, 0x4c, 0x4d, 0x4d, 0x4e, 0x4c, 0x4e, 0x4c, 0x4e, 0x4e, 0x4e, 0x4c, 0x4e, 0x4c, 0x4c, 0x4c, 0x4b, 0x46, 0x46, 0x46, 0x48, 0x46, 0x48, 0x46, 0x88, 0x46, 0x82, 0x58, 0x21, 0x88, 0x7a, 0x2b, 0x67, 0x58, 0x5f, 0x68, 0x71, 0x73, 0x73, 0x73, 0x73, 0x7a, 0x79, 0x7a, 0x73, 0x6f, 0x71, 0x76, 0x82, 0x88, 0x82, 0x87, 0x88, 0x48, 0x8d, 0x88, 0x67, 0x67, 0x3f, 0x82, 0x8d, 0x4c, 0x8d, 0x4e, 0x90, 0x4d, 0x47, 0x87, 0x8e, 0x8b, 0x92, 0x92, 0xc6, 0x89, 0xb0, 0x89, 0x89, 0xfa, 0x07, 0x06, 0x07, 0xce, 0x91, 0xb0, 0xb0, 0xde, 0xdb, 0xe4, 0xe8, 0xe1, 0xde, 0xdb, 0x83, 0xb8, 0xc6, 0xb8, 0xc3, 0xc8, 0xc3, 0xca, 0xcb, 0xc6, 0xc6, 0xcd, 0xcd, 0x8f, 0x86, 0x83, 0xa6, 0x6c, 0x9f, 0x80, 0x80, 0xaf, 0x80, 0xb3, 0xb9, 0xb6, 0xb6, 0xaf, 0xa9, 0xa4, 0xa4, 0xa4, 0x6e, 0xa4, 0x66, 0x6e, 0x9a, 0x9b, 0x9d, 0xd2, 0xa3, 0xd9, 0xbd, 0xc1, 0xc1, 0xc1, 0xbf, 0xc1, 0xbd, 0xbd, 0xb6, 0xaf, 0xa9, 0xa9, 0x70, 0xa1, 0x70, 0x78, 0xa9, 0x70, 0xa9, 0xa1, 0xa1, 0xa6, 0xc0, 0xce, 0xcf, 0xcf, 0xce, 0xcc, 0xcb, 0xe7, 0xca, 0xcb, 0xce, 0xcf, 0xcf, 0xcf, 0xcf, 0xcd, 0xcd, 0xcb, 0xe7, 0xca, 0xcb, 0xcb, 0xce, 0xcf, 0xcf, 0xcf, 0xcf, 0xcf, 0xce, 0xce, 0xca, 0xc8, 0xc4, 0xb2, 0x9f, 0x9f, 0xa6, 
  0xc1, 0xc1, 0xc4, 0xe5, 0xad, 0x9f, 0x9a, 0x9c, 0x5a, 0x9e, 0x8b, 0xb9, 0x92, 0xcd, 0xc6, 0x76, 0x71, 0x97, 0x61, 0x9e, 0xb8, 0xc4, 0xca, 0xbc, 0x99, 0x98, 0x99, 0x99, 0x99, 0x98, 0x99, 0xd4, 0xe2, 0xd9, 0xd9, 0xd9, 0xa8, 0xd9, 0xae, 0xd9, 0xa8, 0xad, 0xb2, 0xb2, 0xb5, 0x83, 0xde, 0x89, 0xa0, 0x89, 0xb8, 0x9e, 0x9c, 0x95, 0x95, 0x5a, 0x83, 0x80, 0x9f, 0x6f, 0x6b, 0x6f, 0x6b, 0x6f, 0x75, 0x76, 0x7b, 0x87, 0x8f, 0x92, 0xac, 0xa0, 0xa6, 0xb0, 0x90, 0xce, 0x07, 0x06, 0x4f, 0x4d, 0x8a, 0x8a, 0x76, 0x61, 0x5a, 0x9a, 0x6b, 0x9f, 0x77, 0x85, 0x8d, 0x8e, 0x88, 0x7a, 0x27, 0x5c, 0x56, 0x53, 0x56, 0x56, 0x60, 0x72, 0x82, 0x7f, 0x6d, 0x60, 0x56, 0x56, 0x56, 0x27, 0x7f, 0x88, 0x82, 0x34, 0x30, 0x27, 0x6d, 0x2b, 0x72, 0x82, 0x82, 0x85, 0x88, 0x85, 0x88, 0x88, 0x48, 0x48, 0x8d, 0x4d, 0x4c, 0x4e, 0x4d, 0x4e, 0x4e, 0x4c, 0x4e, 0x4e, 0x4e, 0x4e, 0x4e, 0x4c, 0x4c, 0x4b, 0x4b, 0x49, 0x48, 0x49, 0x48, 0x46, 0x48, 0x48, 0x8d, 0x21, 0x58, 0x7f, 0x67, 0x58, 0x5f, 0x69, 0x73, 0x73, 0x79, 0x73, 0x73, 0x73, 0x6a, 0x6d, 0x73, 0x72, 0x68, 0x67, 0x67, 0x87, 0x88, 0x87, 0x87, 0x88, 0x48, 0x8e, 0x8d, 0x76, 0x67, 0x67, 0x7f, 0x48, 0x4c, 0x4d, 0x4f, 0x06, 0x50, 0x4d, 0x88, 0x8a, 0x8d, 0x92, 0x8c, 0xc0, 0xc6, 0xba, 0xb0, 0xb0, 0xb0, 0x89, 0x07, 0x07, 0x06, 0x07, 0xcf, 0xf4, 0xb0, 0xba, 0xdb, 0xdb, 0xe1, 0xe8, 0xdb, 0xd9, 0xde, 0xdb, 0x8f, 0xcb, 0x8f, 0x89, 0xc8, 0xc2, 0x8f, 0xbe, 0x89, 0xac, 0x80, 0xb3, 0xc6, 0xcb, 0xc8, 0xe5, 0x8b, 0x9f, 0x74, 0xa7, 0x86, 0xaf, 0xac, 0xa9, 0x7c, 0xb3, 0xbe, 0xbd, 0xbd, 0xb6, 0xb1, 0xaf, 0xa4, 0xa4, 0xa4, 0xa4, 0xa1, 0x6e, 0x9d, 0x9d, 0x9b, 0xa0, 0xb5, 0xc4, 0xc4, 0xc1, 0xbb, 0xbb, 0xbd, 0xc1, 0xc7, 0xca, 0xca, 0xc4, 0xc3, 0xb8, 0x89, 0x83, 0xac, 0xac, 0x80, 0xb3, 0x9f, 0xa6, 0xc3, 0xce, 0xce, 0xce, 0xcc, 0xcb, 0xcb, 0xe7, 0xcb, 0xcd, 0xcf, 0xcf, 0xcf, 0xcf, 0xce, 0xce, 0xcd, 0xcd, 0xcb, 0xcb, 0xcb, 0xcd, 0xce, 0xcf, 0xcf, 0xcf, 0xce, 0xcd, 0xc7, 0xc4, 0xe5, 0xbb, 0xa7, 0xa3, 0xa6, 0xab, 
  0xc4, 0xc1, 0xbd, 0xbf, 0xc1, 0xc4, 0xb2, 0xa6, 0xb8, 0xa6, 0x8f, 0xe7, 0xcd, 0xcd, 0x8f, 0x7e, 0x61, 0x6f, 0x83, 0xc3, 0xc7, 0xc3, 0xc4, 0xa0, 0x99, 0xd0, 0x9c, 0x99, 0x99, 0x99, 0xd1, 0xe8, 0xe2, 0xe0, 0xdf, 0xae, 0xdf, 0xae, 0xd9, 0xe0, 0xbd, 0xe2, 0xad, 0xb8, 0xd1, 0x95, 0x99, 0x99, 0x0a, 0x98, 0x98, 0x95, 0x95, 0x97, 0x6c, 0x9f, 0x9d, 0x61, 0x9d, 0x6b, 0x6b, 0x6f, 0x76, 0x7b, 0x7e, 0x75, 0x76, 0x75, 0x7b, 0x94, 0x89, 0xa5, 0xa6, 0xb0, 0x92, 0xfa, 0x06, 0x50, 0x90, 0x48, 0x88, 0x8e, 0x8a, 0x7e, 0x9c, 0x9a, 0x9a, 0x6b, 0x6c, 0x73, 0x82, 0x8d, 0x8e, 0x88, 0x7a, 0x6d, 0x60, 0x56, 0x53, 0x53, 0x56, 0x56, 0x72, 0x82, 0x82, 0x7a, 0x27, 0x60, 0x56, 0x56, 0x6d, 0x7f, 0x88, 0x88, 0x7f, 0x34, 0x72, 0x72, 0x7a, 0x73, 0x82, 0x7e, 0x82, 0x85, 0x85, 0x85, 0x88, 0x88, 0x8d, 0x48, 0x4c, 0x4c, 0x4c, 0x4c, 0x4e, 0x4e, 0x4e, 0x4e, 0x4e, 0x4e, 0x4e, 0x4c, 0x4c, 0x4c, 0x4c, 0x4b, 0x4b, 0x4b, 0x4b, 0x4c, 0x4d, 0x4c, 0x6f, 0x58, 0x5f, 0x58, 0x5b, 0x71, 0x71, 0x68, 0x71, 0x68, 0x68, 0x64, 0x68, 0x68, 0x71, 0x72, 0x7a, 0x7a, 0x67, 0x6f, 0x76, 0x81, 0x81, 0x81, 0x81, 0x81, 0x8a, 0x87, 0x6f, 0x67, 0x81, 0x6f, 0x88, 0x93, 0x4d, 0x4d, 0x88, 0x38, 0x82, 0x4d, 0x48, 0x8a, 0x89, 0x89, 0xba, 0xba, 0xc2, 0xde, 0xde, 0xde, 0xb0, 0x89, 0x07, 0x07, 0x06, 0xcf, 0x07, 0xcc, 0xc9, 0xb0, 0xdb, 0xdb, 0xe8, 0xe1, 0xe1, 0xe8, 0xdb, 0xdb, 0xb8, 0xbe, 0x8f, 0xb3, 0x89, 0xe6, 0xc8, 0xc7, 0xc8, 0xc7, 0xac, 0xa1, 0x78, 0x80, 0xe5, 0xe7, 0xc7, 0xb9, 0x83, 0x9f, 0x9a, 0x78, 0xb3, 0xb6, 0x80, 0xa2, 0xa7, 0xb6, 0xb6, 0xc1, 0xc4, 0xc1, 0xbd, 0xb3, 0xaf, 0xa9, 0xa9, 0xaa, 0xa2, 0x9d, 0x9d, 0xd0, 0xd1, 0xd3, 0xbc, 0xc4, 0xc1, 0xbf, 0xbd, 0xbd, 0xc1, 0xe5, 0xc1, 0xe6, 0xca, 0xcd, 0xce, 0xcd, 0xcd, 0xc6, 0xb9, 0xb2, 0x8b, 0xab, 0xa5, 0xab, 0xc5, 0xce, 0xce, 0xe7, 0xca, 0xcb, 0xca, 0xcb, 0xce, 0xcf, 0xcf, 0xcf, 0xce, 0xcd, 0xce, 0xcb, 0xcb, 0xe7, 0xcb, 0xe7, 0xcb, 0xcd, 0xce, 0xce, 0xcd, 0xc7, 0xbe, 0xbd, 0xbb, 0xa7, 0xa3, 0xa7, 0xab, 0xb2, 
  0xc1, 0xc4, 0xc1, 0xbd, 0xc1, 0xc1, 0xb8, 0xab, 0x83, 0xc6, 0xc7, 0xcb, 0xc8, 0xc6, 0xbe, 0x76, 0x5a, 0x62, 0x61, 0x7b, 0x83, 0xb8, 0xc7, 0xd2, 0xd0, 0xd1, 0xd1, 0xd0, 0xd0, 0xd0, 0xe1, 0xe5, 0xe2, 0xe3, 0xe2, 0xb5, 0xdd, 0xdd, 0xbd, 0xdd, 0xad, 0xd1, 0x98, 0x98, 0x98, 0x95, 0x95, 0x98, 0x98, 0x98, 0x95, 0x97, 0xa6, 0x86, 0xb3, 0x7c, 0xaf, 0xb8, 0xb9, 0xc8, 0xcd, 0xce, 0xce, 0x07, 0xce, 0xcf, 0xfa, 0x07, 0xcf, 0xce, 0xba, 0x7b, 0x6b, 0xb0, 0x92, 0xce, 0x93, 0x4d, 0x90, 0x8d, 0x8e, 0x8d, 0x8e, 0x8a, 0x74, 0x5a, 0x5a, 0x9a, 0x5b, 0x64, 0x71, 0x85, 0x48, 0x8a, 0x88, 0x7f, 0x72, 0x60, 0x56, 0x52, 0x53, 0x53, 0x56, 0x6d, 0x7f, 0x88, 0x7a, 0x6d, 0x60, 0x56, 0x5c, 0x60, 0x7f, 0x82, 0x88, 0x82, 0x7a, 0x79, 0x73, 0x79, 0x79, 0x79, 0x79, 0x7e, 0x7e, 0x82, 0x82, 0x82, 0x88, 0x48, 0x48, 0x4c, 0x4c, 0x4e, 0x4c, 0x4e, 0x4e, 0x4e, 0x4e, 0x4e, 0x4e, 0x4e, 0x4c, 0x4c, 0x4b, 0x4c, 0x4c, 0x4e, 0x4e, 0x8d, 0x3f, 0x69, 0x58, 0x58, 0x67, 0x67, 0x6f, 0x68, 0x71, 0x68, 0x68, 0x77, 0x71, 0x7a, 0x7f, 0x7f, 0x82, 0x48, 0x48, 0x76, 0x67, 0x7e, 0x81, 0x81, 0x89, 0x87, 0x8e, 0x8e, 0x76, 0x62, 0x67, 0x6f, 0x7e, 0x85, 0x8d, 0x48, 0x82, 0x34, 0x6f, 0x21, 0x34, 0x8d, 0x85, 0x83, 0x87, 0x89, 0xba, 0xc0, 0xc0, 0xb8, 0xdb, 0xb0, 0x89, 0x91, 0xce, 0xcf, 0xcf, 0xcf, 0xcf, 0xcf, 0xce, 0xf2, 0xb0, 0xdb, 0xdb, 0xe1, 0xd9, 0xe1, 0xdb, 0xdb, 0xb8, 0x8f, 0x86, 0x8f, 0x83, 0x89, 0xc8, 0xc8, 0xc7, 0xc7, 0xca, 0xb3, 0xa1, 0x6c, 0xa9, 0xb3, 0xc4, 0xcd, 0xc8, 0xb9, 0x9f, 0x9d, 0x9d, 0xa7, 0xc1, 0xbf, 0xad, 0xa8, 0xa3, 0xad, 0xb6, 0xc4, 0xc7, 0xc7, 0xc1, 0xbe, 0xaf, 0xaf, 0xaf, 0xb1, 0xa8, 0xa2, 0xd1, 0x9d, 0xd1, 0xd3, 0xb5, 0xc1, 0xc1, 0xe3, 0xc1, 0xc1, 0xe5, 0xc4, 0xc7, 0xca, 0xcb, 0xcd, 0xce, 0xce, 0xce, 0xce, 0xe7, 0xc6, 0xba, 0xab, 0xa5, 0xab, 0xca, 0xcd, 0xe7, 0xc8, 0xca, 0xcb, 0xcb, 0xce, 0xce, 0xcd, 0xca, 0xca, 0xc8, 0xc7, 0xc8, 0xc7, 0xc7, 0xc7, 0xc7, 0xc8, 0xca, 0xca, 0xc7, 0xb3, 0xb3, 0xa9, 0xa8, 0xa1, 0xa3, 0xa7, 0xb2, 0xc7, 
  0xc1, 0xc1, 0xc1, 0xc1, 0xad, 0xd4, 0x9d, 0x9c, 0x9f, 0xb0, 0xb8, 0xca, 0xc8, 0xbe, 0x8b, 0x8f, 0xa6, 0x5a, 0x5a, 0x6b, 0x9f, 0xab, 0xc4, 0xd3, 0xd1, 0xd2, 0xd1, 0xd0, 0xd1, 0xd4, 0xe5, 0xe4, 0xc1, 0xe5, 0xe3, 0xe3, 0xbf, 0xe3, 0xd9, 0x98, 0x98, 0x98, 0x95, 0x99, 0x99, 0xa5, 0xa0, 0x5a, 0x98, 0x5a, 0x9e, 0xb3, 0xb9, 0xb3, 0xb3, 0xbd, 0xc3, 0xc4, 0xc8, 0xca, 0xcb, 0xce, 0xcd, 0xcf, 0xcd, 0x50, 0x50, 0xfb, 0xcf, 0xcf, 0x94, 0x7e, 0xa0, 0x81, 0xc9, 0xce, 0x8d, 0x48, 0x8d, 0x8d, 0x90, 0x8d, 0x8d, 0x8a, 0x85, 0x9d, 0x5a, 0x5a, 0x5b, 0x5b, 0x6a, 0x82, 0x8a, 0x8a, 0x82, 0x85, 0x82, 0x7a, 0x65, 0x5c, 0x52, 0x52, 0x53, 0x56, 0x60, 0x7a, 0x82, 0x7a, 0x6d, 0x60, 0x18, 0x60, 0x6d, 0x7f, 0x85, 0x82, 0x85, 0x79, 0x79, 0x73, 0x73, 0x77, 0x77, 0x73, 0x79, 0x79, 0x7a, 0x82, 0x7f, 0x82, 0x88, 0x48, 0x4c, 0x4c, 0x4e, 0x4e, 0x4e, 0x4e, 0x4f, 0x4e, 0x4c, 0x4c, 0x4c, 0x4e, 0x4e, 0x51, 0x4e, 0x4b, 0x3f, 0x1f, 0x13, 0x58, 0x21, 0x67, 0x67, 0x67, 0x68, 0x7e, 0x79, 0x7a, 0x7e, 0x82, 0x88, 0x88, 0x48, 0x88, 0x90, 0x90, 0x7e, 0x67, 0x6f, 0x7b, 0x81, 0x7b, 0x81, 0xb0, 0x87, 0x9e, 0x62, 0x6f, 0x76, 0x6f, 0x87, 0x88, 0x88, 0x3f, 0x2b, 0x7a, 0x43, 0x7f, 0x88, 0x82, 0x81, 0x8a, 0xba, 0xba, 0xba, 0xc0, 0xde, 0xdb, 0xde, 0xdb, 0xb0, 0xce, 0xcf, 0xce, 0x07, 0xcf, 0xcf, 0xcf, 0xcf, 0x93, 0xc0, 0xde, 0xdb, 0xe1, 0xe8, 0xe8, 0xd7, 0xdb, 0xc6, 0x8f, 0x89, 0xc3, 0xc8, 0x83, 0xb8, 0xc7, 0xc7, 0xc4, 0xc7, 0xc3, 0x80, 0xa4, 0xa1, 0xa4, 0x83, 0xbd, 0xe7, 0xe7, 0xc3, 0xb8, 0xab, 0xd0, 0x9d, 0xd9, 0xbf, 0xbb, 0xbb, 0xae, 0xa8, 0xad, 0xb5, 0xc7, 0xcb, 0xca, 0xc1, 0xb6, 0xae, 0xaf, 0xb6, 0xb6, 0xae, 0xd3, 0x9d, 0xd0, 0x9a, 0xd3, 0xbe, 0xc8, 0xc4, 0xe5, 0xc1, 0xc7, 0xc8, 0xc8, 0xe7, 0xce, 0xcf, 0xcf, 0xcf, 0xcf, 0xce, 0xce, 0xcd, 0xca, 0xb8, 0xa5, 0xa0, 0xba, 0xcd, 0xcb, 0xe6, 0xc7, 0xca, 0xca, 0xcb, 0xca, 0xc4, 0xc1, 0xc1, 0xc1, 0xc1, 0xe3, 0xbf, 0xbf, 0xbf, 0xbf, 0xc1, 0xc1, 0xb3, 0xa9, 0xa4, 0x6e, 0xa4, 0xa2, 0xa7, 0xad, 0xe6, 0xcd, 
  0xc1, 0xc1, 0xc1, 0xd9, 0x9d, 0xd1, 0x9e, 0xa0, 0xb0, 0xa6, 0xd4, 0xab, 0xab, 0xc3, 0xcd, 0xcd, 0x94, 0xb8, 0x7e, 0x6b, 0x9c, 0xb0, 0xc1, 0xd1, 0xd2, 0xd3, 0xd2, 0xd0, 0xd2, 0xe2, 0xc7, 0xc7, 0xc8, 0xe5, 0xc7, 0xcb, 0xde, 0xd0, 0x98, 0x98, 0xd0, 0x99, 0xd4, 0xd7, 0xd1, 0x99, 0x98, 0x99, 0x9e, 0xb2, 0xc3, 0xbe, 0xc3, 0xc4, 0xbe, 0xbe, 0xc4, 0xc7, 0xc4, 0xc3, 0xca, 0xe7, 0xcb, 0x94, 0xcc, 0xcd, 0xcf, 0xcf, 0x07, 0xcf, 0xce, 0x87, 0x76, 0x81, 0xcc, 0xcc, 0x8d, 0x47, 0x8d, 0x90, 0x4d, 0x8d, 0x88, 0x85, 0x7e, 0x74, 0x64, 0x97, 0x57, 0x5b, 0x65, 0x7a, 0x85, 0x8a, 0x85, 0x85, 0x82, 0x85, 0x7a, 0x6a, 0x65, 0x52, 0x52, 0x52, 0x56, 0x5c, 0x72, 0x7f, 0x7f, 0x6d, 0x6d, 0x60, 0x6d, 0x7a, 0x7f, 0x7e, 0x79, 0x79, 0x79, 0x73, 0x73, 0x73, 0x73, 0x73, 0x73, 0x73, 0x73, 0x73, 0x7f, 0x7f, 0x88, 0x88, 0x4c, 0x4d, 0x4e, 0x4e, 0x4e, 0x4e, 0x4e, 0x4e, 0x51, 0x06, 0x51, 0x4e, 0x46, 0x43, 0x2b, 0x1f, 0x58, 0x58, 0x21, 0x6f, 0x6f, 0x71, 0x7f, 0x7e, 0x82, 0x7e, 0x88, 0x85, 0x88, 0x88, 0x88, 0x48, 0x46, 0x8d, 0x47, 0x7a, 0x9e, 0x6f, 0x7b, 0x76, 0xa5, 0x7b, 0xb0, 0x83, 0x9e, 0x62, 0x6b, 0x76, 0x7e, 0x8a, 0x8d, 0x48, 0x3f, 0x3f, 0x8d, 0x4d, 0x48, 0x48, 0x88, 0x82, 0x81, 0x89, 0x89, 0xb0, 0xba, 0xc0, 0xb0, 0xd7, 0xb0, 0xde, 0x89, 0xcd, 0xcf, 0xcf, 0xcf, 0x07, 0xcf, 0x07, 0xce, 0xce, 0xcd, 0xde, 0xdb, 0xdb, 0xe1, 0xe8, 0xdb, 0xdb, 0xc2, 0xca, 0xb8, 0x8b, 0xc7, 0xb8, 0xb0, 0xb8, 0xe5, 0xc4, 0xe4, 0xc4, 0xc7, 0xac, 0x6e, 0xa9, 0xaa, 0xa9, 0xb3, 0xc1, 0xcd, 0xc8, 0xc3, 0xad, 0xa0, 0x9b, 0xd4, 0xe0, 0xbb, 0xdd, 0xdd, 0xdd, 0xd9, 0xd6, 0xb5, 0xc4, 0xca, 0xc1, 0xbd, 0xb7, 0xb1, 0xb7, 0xb7, 0xbb, 0xb5, 0xa3, 0xd0, 0x9a, 0x99, 0xa0, 0xbe, 0xe6, 0xc7, 0xe5, 0xc8, 0xca, 0xcc, 0xcd, 0xcf, 0xcf, 0xfa, 0xcf, 0xcf, 0xcf, 0xcf, 0xce, 0xce, 0xcc, 0xd7, 0x9e, 0xd7, 0xc7, 0xcb, 0xe5, 0xe4, 0xe5, 0xc1, 0xc1, 0xbf, 0xbb, 0xb7, 0xdc, 0xb7, 0xb4, 0xb7, 0xdc, 0xb4, 0xb4, 0xb7, 0xb1, 0xa4, 0x66, 0x66, 0x6e, 0xa4, 0xa8, 0xa7, 0xc1, 0xe7, 0xce, 
  0xc1, 0xe6, 0xc4, 0xb2, 0xb8, 0xc1, 0xc6, 0xcd, 0xcb, 0xc5, 0xc0, 0xb0, 0xd7, 0xc6, 0xcd, 0xc5, 0xcb, 0x8f, 0x6b, 0x6b, 0x7b, 0xcd, 0xc4, 0xd3, 0xd3, 0xd3, 0xd2, 0xd2, 0xde, 0xcb, 0xc8, 0xca, 0xe6, 0xcd, 0xe7, 0xd1, 0x98, 0xd0, 0x9c, 0xd4, 0xa0, 0xd2, 0xa5, 0xd0, 0x95, 0x99, 0x9d, 0xb8, 0xc4, 0xbd, 0xbe, 0xc1, 0xc3, 0xbc, 0xbe, 0xc1, 0xc4, 0xc4, 0xc3, 0xe5, 0xca, 0xca, 0xca, 0x92, 0xc5, 0xcc, 0xcf, 0xfa, 0xce, 0xcf, 0xce, 0x8c, 0x75, 0x87, 0xce, 0x07, 0x8d, 0x8d, 0x4c, 0x4f, 0x90, 0x8d, 0x8a, 0x82, 0x80, 0x79, 0x6c, 0x5b, 0x96, 0x54, 0x5b, 0x72, 0x79, 0x7f, 0x85, 0x85, 0x85, 0x85, 0x85, 0x7e, 0x73, 0x65, 0x56, 0x52, 0x52, 0x56, 0x5c, 0x72, 0x82, 0x7f, 0x72, 0x72, 0x72, 0x72, 0x77, 0x7a, 0x74, 0x77, 0x71, 0x73, 0x68, 0x71, 0x68, 0x73, 0x73, 0x73, 0x6a, 0x73, 0x73, 0x7a, 0x82, 0x88, 0x48, 0x4c, 0x4e, 0x4f, 0x4e, 0x51, 0x06, 0x51, 0x4b, 0x40, 0x3a, 0x2b, 0x1f, 0x1f, 0x1f, 0x69, 0x75, 0x3d, 0x87, 0x88, 0x88, 0x8a, 0x88, 0x85, 0x82, 0x85, 0x88, 0x88, 0x48, 0x48, 0x48, 0x46, 0x48, 0x4f, 0x76, 0x62, 0x6f, 0xa5, 0x7b, 0xa5, 0x7b, 0x7b, 0x7b, 0x9e, 0x62, 0x6b, 0x6b, 0x7e, 0x88, 0x48, 0x4d, 0x46, 0x4c, 0x4f, 0x4e, 0x4b, 0x8d, 0x48, 0x4d, 0x87, 0x81, 0xb0, 0x89, 0xba, 0xba, 0xb8, 0xdb, 0xdb, 0xd7, 0xde, 0xc9, 0xcf, 0xcf, 0xcf, 0x07, 0xcf, 0xcf, 0x8c, 0x47, 0xce, 0xcf, 0xc9, 0xc2, 0xdb, 0xe1, 0xe8, 0xdb, 0xde, 0xca, 0xcd, 0xe7, 0x8f, 0xb2, 0xb9, 0xb8, 0xb2, 0xbc, 0xc7, 0xc7, 0xc4, 0xc7, 0xc1, 0xa7, 0xa9, 0xa9, 0xaa, 0xa9, 0xaf, 0xc3, 0xca, 0xc8, 0xc3, 0xc1, 0xa0, 0xd0, 0xd2, 0xd9, 0xe0, 0xe0, 0xdf, 0xdd, 0xd9, 0xd3, 0xd9, 0xe2, 0xc7, 0xc7, 0xbf, 0xbf, 0xbb, 0xbb, 0xb7, 0xbf, 0xbb, 0xb3, 0xd3, 0x9a, 0x97, 0x99, 0xab, 0xe6, 0xcd, 0xe6, 0xca, 0xce, 0xcf, 0xcf, 0xcf, 0xcf, 0xcf, 0xcf, 0xcf, 0xcf, 0xcf, 0xcf, 0xce, 0xce, 0xc0, 0xa0, 0xa0, 0xb2, 0xc4, 0xc4, 0xb5, 0xe0, 0xe0, 0xb4, 0xb7, 0xdc, 0xda, 0xda, 0xa8, 0xda, 0xda, 0xda, 0xda, 0xaa, 0x6e, 0x5e, 0x5e, 0x66, 0x6e, 0xa4, 0xa7, 0xae, 0xc2, 0xce, 0xcf, 
  0xa0, 0xa7, 0xab, 0x83, 0xab, 0x9e, 0xde, 0xce, 0xce, 0xce, 0xce, 0xce, 0xc6, 0xc5, 0xcb, 0xce, 0x92, 0x6b, 0x5a, 0x68, 0xac, 0x7e, 0xd9, 0xa7, 0xd3, 0xd3, 0xd2, 0xdb, 0xc8, 0xca, 0xcb, 0xe7, 0xcd, 0xc2, 0xd3, 0x98, 0xd0, 0xd4, 0xa0, 0xd6, 0xa0, 0xd0, 0x98, 0x97, 0xd1, 0xbc, 0xc8, 0xc1, 0xb8, 0xb5, 0xbe, 0xc3, 0xbe, 0xbe, 0xbe, 0xc4, 0xc4, 0xe5, 0xc3, 0xe6, 0xca, 0xc8, 0xc3, 0x8f, 0x92, 0xcb, 0xce, 0xcf, 0xfa, 0xcf, 0xce, 0x8c, 0x76, 0x89, 0xcf, 0x50, 0x90, 0x8d, 0x4d, 0x8e, 0x4d, 0x8e, 0x48, 0x85, 0x82, 0x85, 0x79, 0x64, 0x54, 0x52, 0x5c, 0x6a, 0x79, 0x79, 0x82, 0x85, 0x8a, 0x85, 0x85, 0x85, 0x7e, 0x79, 0x6a, 0x5c, 0x52, 0x52, 0x56, 0x5c, 0x73, 0x82, 0x82, 0x7a, 0x7a, 0x6f, 0x71, 0x6f, 0x74, 0x71, 0x71, 0x68, 0x67, 0x64, 0x67, 0x68, 0x73, 0x73, 0x73, 0x73, 0x72, 0x7a, 0x7f, 0x88, 0x48, 0x8d, 0x4d, 0x4e, 0x51, 0x51, 0x43, 0x2b, 0x1f, 0x23, 0x2b, 0x2f, 0x3f, 0x40, 0x46, 0x4d, 0x4c, 0x4d, 0x8d, 0x48, 0x88, 0x82, 0x82, 0x85, 0x88, 0x8a, 0x88, 0x48, 0x8d, 0x48, 0x48, 0x8d, 0x4f, 0x76, 0x67, 0x9e, 0x6b, 0xa5, 0xa6, 0x7b, 0xab, 0x7b, 0x9c, 0x62, 0x6b, 0x76, 0x76, 0x48, 0x48, 0x48, 0x4c, 0x4d, 0x4e, 0x4c, 0x4d, 0x4d, 0x8d, 0x4d, 0x8e, 0x81, 0xb0, 0xba, 0xb0, 0xdb, 0xba, 0xdb, 0xd7, 0xde, 0xab, 0x89, 0x92, 0xcd, 0xcf, 0xcc, 0xce, 0xcc, 0x07, 0x89, 0x6f, 0x8c, 0xce, 0xce, 0xcd, 0xba, 0xdb, 0xe1, 0xdb, 0xdb, 0xcb, 0xcf, 0xce, 0xce, 0xc0, 0xb8, 0x8b, 0xad, 0xb2, 0xe3, 0xc8, 0xe6, 0xc4, 0xc7, 0xbe, 0xa2, 0x6e, 0xa9, 0xa9, 0xa9, 0xa9, 0xb3, 0xc3, 0xc8, 0xc8, 0xb5, 0xab, 0xd2, 0xd0, 0xd6, 0xdf, 0xe2, 0xdf, 0xdf, 0xdd, 0xd9, 0xd3, 0xd9, 0xbf, 0xc8, 0xc4, 0xbc, 0xc1, 0xbf, 0xbf, 0xbf, 0xbf, 0xbf, 0xbc, 0xa3, 0x9c, 0x9a, 0x9c, 0xb0, 0xcd, 0xce, 0xcc, 0xcf, 0xcf, 0xcf, 0xcf, 0xfa, 0xcf, 0xcf, 0xcf, 0xcf, 0xcf, 0xcd, 0xcf, 0xce, 0xcb, 0xab, 0xd1, 0x9d, 0xd9, 0xbb, 0xdd, 0xda, 0xdc, 0xda, 0xda, 0xa8, 0xa3, 0xa3, 0xa2, 0xa4, 0xa4, 0xa4, 0x66, 0x5e, 0x5e, 0x5e, 0x6e, 0xa9, 0xaa, 0xa7, 0xb5, 0xc4, 0xce, 0xcf, 
  0x9f, 0xd1, 0x9d, 0xa0, 0x9a, 0xa5, 0x83, 0xba, 0xce, 0xcf, 0xce, 0xcf, 0xcd, 0xcd, 0xcd, 0xce, 0x7e, 0x6c, 0x79, 0x6b, 0x61, 0x6b, 0x9a, 0x99, 0xd2, 0xd3, 0xd3, 0xb5, 0xcd, 0xc9, 0xcd, 0xce, 0xbc, 0xd0, 0x99, 0xd6, 0xd6, 0xd9, 0xd3, 0xd1, 0x99, 0x97, 0xd1, 0xc1, 0xca, 0xc4, 0xe2, 0xbd, 0xe2, 0xc1, 0xc4, 0xc4, 0xc3, 0xc3, 0xc7, 0xc4, 0xc4, 0xe5, 0xe6, 0xca, 0xca, 0xc6, 0xb9, 0x8f, 0xc2, 0xcc, 0xce, 0xcf, 0xcf, 0xcf, 0xcf, 0x8d, 0x81, 0x8d, 0xfa, 0x50, 0x90, 0x8d, 0x48, 0x8a, 0x88, 0x8a, 0x8a, 0x85, 0x85, 0x7e, 0x85, 0x6a, 0x54, 0x52, 0x57, 0x72, 0x7f, 0x85, 0x88, 0x8a, 0x8a, 0x8a, 0x8a, 0x85, 0x85, 0x7e, 0x79, 0x73, 0x5c, 0x55, 0x56, 0x57, 0x65, 0x7a, 0x7e, 0x7f, 0x76, 0x76, 0x6f, 0x74, 0x6f, 0x6b, 0x71, 0x6b, 0x67, 0x62, 0x5f, 0x68, 0x71, 0x73, 0x7a, 0x73, 0x7a, 0x7a, 0x7a, 0x82, 0x88, 0x8d, 0x4e, 0x4f, 0x4e, 0x2f, 0x2b, 0x35, 0x43, 0x4b, 0x4e, 0x51, 0x51, 0x51, 0x4f, 0x4e, 0x8d, 0x46, 0x88, 0x82, 0x82, 0x85, 0x82, 0x8a, 0x88, 0x8a, 0x8d, 0x8d, 0x8d, 0x4d, 0x90, 0x88, 0x6f, 0x58, 0x75, 0x7b, 0xa5, 0xa5, 0x7b, 0x7b, 0xa0, 0x62, 0x5a, 0x9e, 0x76, 0x7e, 0x88, 0x8d, 0x8d, 0x4c, 0x4c, 0x4c, 0x4c, 0x4e, 0x4d, 0x4e, 0x4d, 0x90, 0x90, 0x7b, 0x81, 0xd7, 0xd7, 0xb0, 0xb8, 0xdb, 0xd4, 0xdb, 0xb0, 0x83, 0x8c, 0x94, 0x93, 0x50, 0xce, 0xcc, 0xce, 0x87, 0x87, 0x87, 0xcf, 0xcf, 0xcf, 0xce, 0xba, 0xdb, 0xdb, 0xba, 0xce, 0xcf, 0xcf, 0xce, 0xcd, 0xc6, 0xb9, 0xab, 0xa7, 0xd9, 0xbe, 0xc8, 0xe5, 0xe5, 0xc1, 0xaf, 0x66, 0x6e, 0x6e, 0x6e, 0xa9, 0xa9, 0xa7, 0xb9, 0xc4, 0xc8, 0xc7, 0xb2, 0xd1, 0xd0, 0xd3, 0xdf, 0xe3, 0xdf, 0xdf, 0xdf, 0xdc, 0xd6, 0xd3, 0xd9, 0xc8, 0xcd, 0xc4, 0xc4, 0xc1, 0xbd, 0xbf, 0xe3, 0xc1, 0xe5, 0xc4, 0xab, 0x9c, 0x9c, 0xa5, 0xc9, 0xcf, 0xce, 0xcf, 0xcf, 0xcf, 0x07, 0xcf, 0xcf, 0xcf, 0xcf, 0xcf, 0xcf, 0xce, 0xe7, 0xca, 0xc7, 0xb6, 0x9d, 0x9b, 0x9b, 0xa8, 0xa8, 0xd5, 0xa8, 0xa8, 0xa2, 0xa2, 0x9b, 0xa4, 0x9b, 0x6e, 0x9b, 0x5e, 0x5e, 0x5e, 0x5e, 0xa4, 0xa9, 0xaa, 0xad, 0xbd, 0xe6, 0xce, 0xcf, 
  0xc4, 0xb9, 0xad, 0xb2, 0xb8, 0xc3, 0xc5, 0xc2, 0xc5, 0xce, 0xcf, 0xce, 0xce, 0xc8, 0xc3, 0x83, 0x74, 0x7c, 0x74, 0x70, 0x6f, 0x9a, 0x6b, 0xd3, 0x9f, 0xa3, 0xd4, 0xc4, 0xe6, 0xcd, 0xca, 0xd7, 0xd1, 0xd0, 0xd6, 0xd9, 0xd6, 0xd1, 0xd0, 0xd0, 0xd2, 0xbc, 0xc8, 0xc4, 0xe3, 0xbf, 0xe2, 0xe2, 0xbe, 0xc4, 0xc8, 0xc6, 0xc8, 0xc8, 0xc7, 0xc7, 0xc4, 0xc2, 0xca, 0xce, 0xcd, 0x92, 0x8f, 0x8b, 0xc6, 0xce, 0xcf, 0xcf, 0xcf, 0xcf, 0x07, 0x91, 0x47, 0x90, 0x07, 0xce, 0x90, 0x8e, 0x48, 0x85, 0x7e, 0x7e, 0x85, 0x85, 0x82, 0x79, 0x73, 0x6a, 0x5c, 0x54, 0x55, 0x34, 0x8a, 0x8d, 0x8a, 0x8e, 0x8b, 0x8e, 0x8a, 0x8b, 0x85, 0x86, 0x7d, 0x7d, 0x79, 0x65, 0x5b, 0x5c, 0x5f, 0x6d, 0x79, 0x82, 0x76, 0x76, 0x6f, 0x6f, 0x74, 0x6f, 0x74, 0x6f, 0x71, 0x67, 0x67, 0x67, 0x71, 0x73, 0x79, 0x7f, 0x7a, 0x7a, 0x7f, 0x82, 0x88, 0x8d, 0x4c, 0x4f, 0x46, 0x3a, 0x4e, 0x06, 0x06, 0x51, 0x51, 0x4e, 0x4e, 0x4c, 0x4c, 0x48, 0x88, 0x88, 0x82, 0x82, 0x82, 0x88, 0x8a, 0x88, 0x8a, 0x48, 0x8d, 0x48, 0x4d, 0x90, 0x48, 0x69, 0x13, 0x5a, 0x6b, 0x6b, 0x9e, 0xa5, 0x7b, 0xa5, 0x5a, 0x9e, 0x7e, 0x7e, 0x82, 0x88, 0x48, 0x48, 0x46, 0x8d, 0x4c, 0x4c, 0x4c, 0x4e, 0x4e, 0x4d, 0x90, 0x90, 0x8d, 0x7b, 0xa0, 0xb0, 0xd7, 0xde, 0xe1, 0xd7, 0xdb, 0xab, 0xb8, 0xac, 0x8e, 0x90, 0xcc, 0x92, 0x91, 0xce, 0x50, 0x81, 0x91, 0xcf, 0xce, 0xcf, 0xcf, 0xcf, 0xe7, 0xb0, 0xdb, 0xba, 0xcf, 0xcf, 0xce, 0xc9, 0xcb, 0xcd, 0xc3, 0xac, 0xac, 0xad, 0xd9, 0xe3, 0xc7, 0xc4, 0xc1, 0xc1, 0xa1, 0x5e, 0x5e, 0x66, 0x6e, 0xa9, 0x70, 0xa1, 0xa9, 0xbe, 0xca, 0xc8, 0xd9, 0xd4, 0xd2, 0xd2, 0xe1, 0xe3, 0xe2, 0xdf, 0xdf, 0xdd, 0xd8, 0xd3, 0xd9, 0xc1, 0xcb, 0xc8, 0xc7, 0xc4, 0xc1, 0xc1, 0xc1, 0xc1, 0xc4, 0xcb, 0xe7, 0x89, 0x9e, 0x9e, 0xc0, 0xce, 0xcf, 0xcf, 0xcf, 0xcf, 0xcf, 0xcf, 0xcf, 0xcf, 0xcf, 0xcf, 0xce, 0xcb, 0xc4, 0xbc, 0xbb, 0xb7, 0x9d, 0x9b, 0xa3, 0xa3, 0x9b, 0xa3, 0xa2, 0xa2, 0xa2, 0x6e, 0x6e, 0x6e, 0x66, 0x5e, 0x5e, 0x5e, 0x5e, 0xa9, 0xaa, 0xaa, 0xaa, 0xb2, 0xbc, 0xcb, 0xce, 0xcf, 
  0xbf, 0xc1, 0xbd, 0xb6, 0xbe, 0xcb, 0xcd, 0xcb, 0xcb, 0xcd, 0xce, 0xcf, 0xcb, 0xc5, 0xc3, 0xbe, 0x83, 0x7e, 0x6b, 0x5a, 0x62, 0x5a, 0x99, 0x9a, 0xd3, 0xd3, 0xbc, 0xc4, 0xca, 0xc4, 0xd4, 0xd1, 0xd2, 0xd9, 0xdf, 0xd3, 0x9b, 0xd0, 0xa3, 0xb8, 0xc7, 0xc4, 0xc1, 0xe3, 0xbf, 0xe2, 0xbb, 0xe2, 0xc4, 0xca, 0xca, 0xe7, 0xcb, 0xcb, 0xc8, 0xc8, 0xc4, 0xc8, 0xcd, 0xce, 0xce, 0x92, 0x89, 0x8b, 0xc9, 0xce, 0xcf, 0xcf, 0xcf, 0xcf, 0xcf, 0x93, 0x90, 0x50, 0xcf, 0x06, 0x94, 0x8d, 0x8e, 0x85, 0x7e, 0x73, 0x79, 0x7e, 0x7e, 0x79, 0x7a, 0x73, 0x65, 0x56, 0x57, 0x72, 0x4d, 0x92, 0x90, 0x8e, 0x8e, 0x8e, 0x8e, 0x8e, 0x8a, 0x86, 0x7e, 0x7d, 0x7d, 0x79, 0x73, 0x5f, 0x65, 0x5f, 0x6d, 0x79, 0x7e, 0x76, 0x6f, 0xa5, 0x6f, 0x76, 0x76, 0x76, 0x71, 0x6f, 0x67, 0x68, 0x67, 0x73, 0x7a, 0x79, 0x82, 0x82, 0x82, 0x82, 0x82, 0x88, 0x4c, 0x4e, 0x4e, 0x51, 0x06, 0x4e, 0x4e, 0x4e, 0x4e, 0x4e, 0x4e, 0x4e, 0x4c, 0x48, 0x88, 0x82, 0x82, 0x82, 0x82, 0x88, 0x88, 0x48, 0x48, 0x8e, 0x4d, 0xce, 0x88, 0x5f, 0x60, 0x5b, 0x5b, 0x67, 0xa6, 0xa5, 0xa5, 0x7b, 0x9e, 0x5a, 0x62, 0x7b, 0x8a, 0x8d, 0x48, 0x48, 0x48, 0x48, 0x4c, 0x4c, 0x4c, 0x4e, 0x4c, 0x4e, 0x4d, 0x4d, 0x4d, 0x90, 0x8e, 0xa5, 0x7b, 0xdb, 0xb0, 0xde, 0xde, 0xd7, 0xdb, 0xb2, 0xb2, 0x76, 0x8f, 0x92, 0xce, 0x8c, 0x81, 0xce, 0x90, 0x47, 0xcf, 0x07, 0xcf, 0xcf, 0xcf, 0xcf, 0xce, 0xc5, 0xed, 0xb8, 0xfa, 0xce, 0xcf, 0xc9, 0xba, 0xc6, 0xca, 0xb2, 0x9d, 0x9f, 0xad, 0xdb, 0xc1, 0xc1, 0xe2, 0xc1, 0xb6, 0x5e, 0x5e, 0x5e, 0x6e, 0xa9, 0xa4, 0x6e, 0x6e, 0xa1, 0xb3, 0xc7, 0xca, 0xc7, 0xd3, 0xd0, 0xd2, 0xd3, 0xe1, 0xe3, 0xdf, 0xdf, 0xdf, 0xdd, 0xd6, 0xd9, 0xbc, 0xcb, 0xc8, 0xc4, 0xc4, 0xc1, 0xc4, 0xc1, 0xc7, 0xc8, 0xca, 0xce, 0xe7, 0x7b, 0xa5, 0x84, 0xce, 0xce, 0xcf, 0xcf, 0xcf, 0xcf, 0xcf, 0xcf, 0xcf, 0xce, 0xcb, 0xc8, 0xc7, 0xbf, 0xae, 0xa8, 0xaa, 0xa3, 0x9d, 0x9b, 0xa2, 0x9b, 0x9b, 0x66, 0x9b, 0x66, 0x66, 0x66, 0x6e, 0x66, 0x5e, 0x5e, 0xa4, 0xaf, 0xae, 0xb1, 0xae, 0xb6, 0xc2, 0xce, 0xce, 0xcf, 
  0xbf, 0xbb, 0xbd, 0xbd, 0xad, 0xb2, 0xc8, 0xcd, 0xce, 0xe7, 0xcf, 0xce, 0xcf, 0xce, 0xc8, 0xca, 0xcb, 0x92, 0x94, 0x83, 0x8b, 0x8f, 0x61, 0x5a, 0x9a, 0xa7, 0xc4, 0xca, 0xe5, 0xd3, 0xd3, 0xd9, 0xe1, 0xd3, 0xd1, 0xd2, 0xd3, 0xad, 0xbf, 0xc1, 0xc1, 0xc1, 0xe5, 0xc1, 0xe2, 0xb5, 0xe3, 0xc1, 0xca, 0xcb, 0xcd, 0xcb, 0xcb, 0xcb, 0xe6, 0xc8, 0xc6, 0xe7, 0xce, 0xcf, 0xcf, 0x94, 0x8b, 0x8e, 0x94, 0xce, 0xce, 0xcf, 0xcf, 0xcf, 0xcf, 0x07, 0xcc, 0xcf, 0xce, 0xcc, 0x94, 0x92, 0x8e, 0x8e, 0x7e, 0x77, 0x73, 0x73, 0x79, 0x7f, 0x79, 0x7a, 0x7f, 0x72, 0x60, 0x72, 0x8d, 0x93, 0x90, 0x92, 0x90, 0x92, 0x8e, 0x8e, 0x8e, 0x8a, 0x86, 0x83, 0x79, 0x86, 0x79, 0x77, 0x69, 0x68, 0x71, 0x71, 0x7e, 0x76, 0x76, 0x6f, 0x7e, 0x7e, 0x7e, 0x7e, 0x7a, 0x76, 0x71, 0x6f, 0x71, 0x71, 0x7a, 0x82, 0x85, 0x82, 0x85, 0x82, 0x82, 0x88, 0x48, 0x4c, 0x4f, 0x4e, 0x4e, 0x4e, 0x51, 0x4e, 0x51, 0x4e, 0x4e, 0x4c, 0x48, 0x88, 0x82, 0x82, 0x82, 0x82, 0x88, 0x48, 0x48, 0x48, 0x8d, 0x48, 0x88, 0x7f, 0x72, 0x57, 0x57, 0x5c, 0x64, 0x76, 0x6b, 0xa0, 0x7b, 0x9e, 0x5a, 0x9e, 0x76, 0x82, 0x48, 0x48, 0x88, 0x48, 0x46, 0x8d, 0x4c, 0x4d, 0x4e, 0x4c, 0x4e, 0x4d, 0x4d, 0x8d, 0x8d, 0x8f, 0x87, 0x6b, 0xab, 0xa5, 0xd7, 0xb8, 0xdb, 0xd6, 0xab, 0xdb, 0x8b, 0xa6, 0x85, 0x94, 0xce, 0xc0, 0x84, 0xcf, 0x93, 0x8c, 0xcf, 0xcf, 0xcf, 0xcc, 0xcf, 0xcf, 0xce, 0xcc, 0xb0, 0xb0, 0xcd, 0xce, 0xce, 0xce, 0x8f, 0x89, 0xb9, 0x94, 0xb3, 0x9c, 0xa3, 0xd9, 0xe0, 0xe4, 0xe3, 0xe3, 0xc4, 0xad, 0x96, 0x5e, 0x66, 0x70, 0x6e, 0x6e, 0x66, 0x66, 0x6e, 0x7c, 0xbe, 0xc8, 0xc4, 0xd3, 0xd2, 0xd0, 0xd3, 0xe1, 0xe2, 0xdf, 0xdf, 0xdf, 0xdd, 0xdf, 0xd9, 0xdd, 0xc4, 0xc7, 0xc1, 0xc7, 0xc1, 0xc4, 0xc4, 0xc8, 0xc8, 0xca, 0xce, 0xce, 0xc5, 0x7b, 0xa5, 0x94, 0xce, 0xcf, 0xcf, 0xcf, 0xce, 0xcf, 0xce, 0xe7, 0xca, 0xc8, 0xc1, 0xbf, 0xb6, 0xa8, 0xa2, 0x6e, 0x6e, 0x9b, 0x5e, 0x9b, 0x5e, 0x9b, 0x66, 0x66, 0x6e, 0x6e, 0x6e, 0x6e, 0x6e, 0xa4, 0xaa, 0xb1, 0xb1, 0xb6, 0xb1, 0xbe, 0xcb, 0xce, 0xcf, 0xcf, 
  0xbb, 0xbb, 0xbd, 0xc1, 0xc4, 0xc1, 0xb0, 0x8f, 0xe7, 0xce, 0xce, 0xe7, 0xce, 0xce, 0xcb, 0xcd, 0xce, 0xce, 0xcd, 0x8f, 0x8b, 0x7e, 0x9f, 0x6b, 0xb2, 0xbe, 0xcb, 0xbc, 0xd9, 0xae, 0xdf, 0xae, 0xd3, 0xd2, 0xa8, 0xb2, 0xbb, 0xbb, 0xbf, 0xbd, 0xc1, 0xc1, 0xc1, 0xe2, 0xb5, 0xe2, 0xc1, 0xc7, 0xcd, 0xce, 0xcd, 0xcb, 0xe7, 0xc8, 0xc8, 0xe6, 0xcb, 0xcd, 0xcf, 0xce, 0xcf, 0xce, 0xc0, 0xc0, 0xcb, 0xce, 0xcc, 0xcc, 0xcf, 0xcf, 0xcf, 0xcf, 0xcf, 0xcf, 0xce, 0x94, 0xcb, 0x92, 0x8f, 0x8a, 0x85, 0x73, 0x73, 0x6a, 0x7a, 0x79, 0x88, 0x85, 0x8d, 0x88, 0x72, 0x34, 0x8d, 0x93, 0x90, 0x92, 0x90, 0x90, 0x90, 0x90, 0x8e, 0x8e, 0x8a, 0x85, 0x86, 0x7e, 0x85, 0x85, 0x79, 0x34, 0x71, 0x7a, 0x85, 0x7e, 0x76, 0x7b, 0x7e, 0x85, 0x8a, 0x88, 0x85, 0x7e, 0x6f, 0x71, 0x6f, 0x71, 0x7a, 0x7e, 0x82, 0x8a, 0x85, 0x85, 0x82, 0x82, 0x88, 0x8d, 0x4e, 0x4e, 0x51, 0x4e, 0x4e, 0x4e, 0x4e, 0x4e, 0x4d, 0x8d, 0x88, 0x88, 0x82, 0x82, 0x88, 0x88, 0x8d, 0x8d, 0x4d, 0x8d, 0x4f, 0xcc, 0x69, 0x55, 0x54, 0x5c, 0x5c, 0x5b, 0x5b, 0x6b, 0x9c, 0xa6, 0x9e, 0x5a, 0x9e, 0x48, 0x8e, 0x8d, 0x48, 0x48, 0x46, 0x48, 0x4c, 0x4c, 0x4d, 0x4e, 0x4e, 0x4e, 0x4e, 0x4c, 0x4d, 0x8d, 0x8e, 0x8e, 0x7e, 0xa0, 0x9e, 0xd7, 0xdb, 0xde, 0xd7, 0xdb, 0xab, 0xab, 0xc3, 0x62, 0x5a, 0x83, 0x8f, 0x8e, 0x89, 0xce, 0x90, 0x81, 0x50, 0xcf, 0x94, 0x93, 0xce, 0xcf, 0xcf, 0xcf, 0xba, 0xb0, 0xc9, 0xce, 0xc9, 0xca, 0xe7, 0x8f, 0xab, 0xb9, 0xcb, 0xb9, 0x9f, 0xa8, 0xdb, 0xe0, 0xe4, 0xe2, 0xb5, 0xbd, 0x9d, 0x5e, 0x66, 0x66, 0x66, 0x66, 0x66, 0x66, 0x66, 0x6e, 0xa7, 0xbd, 0xc4, 0xc7, 0xb5, 0xd2, 0xd0, 0xd2, 0xe1, 0xe4, 0xdf, 0xdf, 0xdf, 0xdf, 0xe0, 0xd9, 0xd9, 0xc7, 0xc7, 0xc1, 0xc4, 0xc1, 0xc4, 0xc7, 0xca, 0xca, 0xcc, 0xcd, 0xce, 0xce, 0xb0, 0xa5, 0xc6, 0xce, 0xcf, 0xcf, 0xcf, 0xce, 0xcb, 0xca, 0xc8, 0xc4, 0xc1, 0xb7, 0xb6, 0xaa, 0xa2, 0x6e, 0x66, 0x6e, 0x66, 0x66, 0x66, 0x66, 0x66, 0x6e, 0xa4, 0xaa, 0xa4, 0xaa, 0xa4, 0xaa, 0xb1, 0xb7, 0xb1, 0xb4, 0xb5, 0xc7, 0xcd, 0xcf, 0xcf, 0xcf, 
  0xb7, 0xbf, 0xbb, 0xb2, 0xad, 0xab, 0xab, 0xb0, 0xc0, 0xc8, 0xcd, 0xc0, 0xde, 0xe6, 0xce, 0xce, 0xcf, 0xce, 0xc8, 0x7e, 0x6c, 0x6b, 0x64, 0x5a, 0x61, 0xbe, 0xbd, 0xb5, 0xb7, 0xb5, 0xda, 0xa3, 0xa3, 0xae, 0xbb, 0xbb, 0xe0, 0xbb, 0xbb, 0xc1, 0xc1, 0xc1, 0xbf, 0xe2, 0xb5, 0xbc, 0xc7, 0xca, 0xcb, 0xcb, 0xc9, 0xc8, 0xc8, 0xc2, 0xe6, 0xc6, 0xe7, 0xce, 0xcf, 0xce, 0xcf, 0xce, 0x94, 0xca, 0xcd, 0xcd, 0xcc, 0xcc, 0xcf, 0xce, 0xcf, 0xce, 0xcf, 0xcf, 0xcb, 0x94, 0xca, 0x92, 0x8f, 0x8a, 0x7e, 0x79, 0x6a, 0x6a, 0x73, 0x72, 0x79, 0x82, 0x8d, 0x4d, 0x7a, 0x7f, 0x8d, 0xce, 0x93, 0x93, 0x93, 0x93, 0x93, 0x92, 0x90, 0x90, 0x8e, 0x8e, 0x8a, 0x8a, 0x8a, 0x8a, 0x88, 0x8a, 0x82, 0x88, 0x85, 0x82, 0x7e, 0x7e, 0x7e, 0x8a, 0x8a, 0x8a, 0x48, 0x82, 0x7e, 0x7a, 0x76, 0x7a, 0x76, 0x7a, 0x85, 0x85, 0x85, 0x85, 0x85, 0x85, 0x88, 0x48, 0x4d, 0x4d, 0x4e, 0x4e, 0x4e, 0x4e, 0x4e, 0x4d, 0x4c, 0x46, 0x88, 0x82, 0x88, 0x88, 0x48, 0x8d, 0x4d, 0x4d, 0x4d, 0x8d, 0x82, 0x72, 0x57, 0x52, 0x5c, 0x5c, 0x55, 0x57, 0x6b, 0x6b, 0xab, 0x62, 0x97, 0x62, 0x87, 0x8d, 0x8d, 0x8d, 0x48, 0x88, 0x46, 0x48, 0x4c, 0x4d, 0x4e, 0x4f, 0x4f, 0x4e, 0x4e, 0x4d, 0x4d, 0x90, 0x8d, 0x8b, 0x8e, 0xa0, 0xa0, 0xd7, 0xdb, 0xde, 0xd7, 0xd4, 0xab, 0x86, 0xb9, 0x74, 0x6b, 0x74, 0x8b, 0x8f, 0x75, 0xcd, 0x90, 0x87, 0x8b, 0x90, 0xcc, 0x91, 0xcf, 0xcf, 0xcf, 0xce, 0xc9, 0xd7, 0xc0, 0xce, 0x92, 0x89, 0xc3, 0xc6, 0x8b, 0x78, 0xac, 0xc3, 0xbe, 0xb2, 0xd3, 0xe8, 0xe3, 0xe3, 0xe2, 0xc1, 0xbb, 0x9d, 0x66, 0x66, 0x6e, 0xa4, 0x66, 0x66, 0x6e, 0x6e, 0xa4, 0xaf, 0xbd, 0xc4, 0xe5, 0xa7, 0xd0, 0xd0, 0xd0, 0xe8, 0xe2, 0xdf, 0xe8, 0xd8, 0xe8, 0xdf, 0xdd, 0xe0, 0xc1, 0xc1, 0xc1, 0xc1, 0xe5, 0xc4, 0xc8, 0xe7, 0xce, 0xce, 0xcf, 0xcf, 0xce, 0xba, 0xa5, 0xc6, 0xce, 0xce, 0xcf, 0xce, 0xe7, 0xc7, 0xc4, 0xc1, 0xbf, 0xb6, 0xb1, 0xa4, 0xa4, 0x6e, 0x66, 0x6e, 0x6e, 0xa4, 0x6e, 0xa4, 0xa4, 0xa4, 0xaa, 0xb1, 0xb1, 0xb1, 0xb1, 0xb1, 0xb7, 0xb4, 0xb7, 0xb6, 0xc1, 0xca, 0xce, 0xcf, 0xcf, 0xcf, 
  0xae, 0xae, 0xad, 0xa3, 0x9f, 0x9f, 0xb0, 0xc8, 0xca, 0xc6, 0xc9, 0xc2, 0xc2, 0xc2, 0xce, 0xcf, 0xce, 0xcd, 0x8b, 0x78, 0x76, 0x77, 0x7e, 0x7c, 0x70, 0xa1, 0xa2, 0xb1, 0xae, 0xa8, 0xa8, 0xae, 0xbf, 0xc1, 0xbb, 0xbb, 0xbb, 0xbb, 0xbf, 0xbf, 0xbf, 0xe2, 0xbf, 0xe2, 0xc1, 0xc7, 0xc8, 0xcd, 0xce, 0xce, 0xce, 0xe7, 0xc7, 0xe6, 0xcb, 0xcd, 0xce, 0xcb, 0xcc, 0xcf, 0xcf, 0xce, 0xcd, 0xcb, 0xcb, 0xcd, 0xcc, 0xcc, 0xcc, 0xcc, 0xcb, 0xcd, 0xcd, 0xcc, 0x94, 0xe7, 0x92, 0x8f, 0x8b, 0x85, 0x85, 0x79, 0x73, 0x6a, 0x6d, 0x65, 0x72, 0x73, 0x82, 0x82, 0x7a, 0x34, 0x88, 0x4d, 0x90, 0x93, 0x93, 0x93, 0x93, 0x93, 0x93, 0x90, 0x90, 0x8d, 0x8e, 0x48, 0x8e, 0x48, 0x8e, 0x8d, 0x8d, 0x48, 0x8a, 0x8a, 0x7e, 0x85, 0x85, 0x8a, 0x48, 0x8e, 0x8d, 0x48, 0x87, 0x7f, 0x7e, 0x7a, 0x7a, 0x7e, 0x82, 0x85, 0x85, 0x85, 0x85, 0x82, 0x8a, 0x88, 0x8d, 0x4d, 0x4d, 0x4d, 0x4d, 0x4d, 0x4c, 0x4d, 0x48, 0x8d, 0x48, 0x88, 0x88, 0x88, 0x8d, 0x4d, 0x4d, 0x4d, 0x50, 0x82, 0x5c, 0x54, 0x56, 0x5c, 0x5c, 0x57, 0x65, 0x6c, 0x6b, 0xa6, 0x62, 0x5a, 0x76, 0x87, 0x8d, 0x4d, 0x48, 0x48, 0x46, 0x48, 0x48, 0x48, 0x4c, 0x4d, 0x4f, 0x4f, 0x51, 0x4f, 0x4f, 0x4f, 0x4e, 0x4d, 0x8e, 0x8e, 0x8e, 0x7b, 0xa0, 0xd4, 0xde, 0xdb, 0xd4, 0xb0, 0xac, 0xa6, 0x8b, 0x7e, 0x86, 0x85, 0xac, 0x8b, 0x76, 0xc9, 0x93, 0x85, 0x81, 0x8a, 0xcf, 0x93, 0xcf, 0xcf, 0xcf, 0xcf, 0xe7, 0xb0, 0x89, 0xce, 0xce, 0xba, 0x83, 0x8f, 0xbe, 0x8b, 0xac, 0xa1, 0xb3, 0xc4, 0xd9, 0xd9, 0xdf, 0xe3, 0xe3, 0xe2, 0xbf, 0xa2, 0x66, 0xa4, 0xa9, 0x6e, 0x6e, 0x6e, 0xa4, 0xa4, 0xaa, 0xa9, 0xb6, 0xbd, 0xc4, 0xbf, 0xad, 0xa3, 0xd0, 0xd0, 0xd6, 0xe3, 0xdf, 0xe1, 0xdf, 0xdf, 0xdf, 0xd8, 0xae, 0xe0, 0xc1, 0xbf, 0xc1, 0xc7, 0xe6, 0xcb, 0xce, 0xcf, 0xcf, 0xcf, 0xce, 0xce, 0x89, 0xa5, 0xcb, 0xce, 0xcf, 0xce, 0xca, 0xc4, 0xc1, 0xc1, 0xbb, 0xb6, 0xaa, 0xa4, 0x6e, 0x6e, 0x6e, 0x6e, 0x6e, 0xa4, 0xaa, 0xa4, 0xaa, 0xaa, 0xb4, 0xb7, 0xbb, 0xb7, 0xbb, 0xb7, 0xb7, 0xb7, 0xbb, 0xbf, 0xe6, 0xce, 0xce, 0xcf, 0xcf, 0xcf, 
  0xad, 0xad, 0xa7, 0xac, 0x9f, 0xa6, 0xc5, 0xce, 0xce, 0xce, 0xcd, 0xce, 0xe7, 0xc0, 0xc5, 0xce, 0xce, 0xcd, 0xc2, 0x8b, 0x8b, 0x7e, 0x68, 0x7e, 0x78, 0x78, 0xaf, 0xa9, 0xa2, 0xa3, 0xb6, 0xc1, 0xc1, 0xbf, 0xbf, 0xbb, 0xbf, 0xbf, 0xc1, 0xe3, 0xc1, 0xc7, 0xe5, 0xc7, 0xb8, 0xbc, 0xc2, 0xdb, 0xa5, 0xde, 0xb0, 0xa0, 0xd7, 0xc2, 0xde, 0xa5, 0xb0, 0xce, 0xce, 0xcd, 0xce, 0xce, 0xce, 0xcd, 0xcb, 0xcc, 0xcf, 0xce, 0x94, 0xc9, 0xc6, 0xc9, 0xcb, 0xcb, 0xc9, 0xc6, 0x92, 0x8f, 0x8b, 0x85, 0x86, 0x7e, 0x79, 0x73, 0x65, 0x65, 0x65, 0x72, 0x79, 0x72, 0x6d, 0x69, 0x69, 0x76, 0x7f, 0x8a, 0x88, 0x48, 0x8d, 0x93, 0x50, 0x93, 0x90, 0x90, 0x90, 0x8e, 0x90, 0x8d, 0x4d, 0x4d, 0x4d, 0x8d, 0x8e, 0x88, 0x8a, 0x85, 0x87, 0x8a, 0x48, 0x8d, 0x4d, 0x8d, 0x8d, 0x8a, 0x82, 0x82, 0x7e, 0x7f, 0x85, 0x85, 0x85, 0x85, 0x85, 0x88, 0x8a, 0x48, 0x8d, 0x4c, 0x4d, 0x4d, 0x4c, 0x4d, 0x4d, 0x4d, 0x4c, 0x48, 0x8d, 0x48, 0x48, 0x8d, 0x4d, 0x4d, 0x4d, 0x4c, 0x7f, 0x5f, 0x57, 0x5c, 0x5c, 0x55, 0x5c, 0x73, 0x73, 0x5a, 0x6b, 0x62, 0x5a, 0x7e, 0x8e, 0x8d, 0x8d, 0x48, 0x8d, 0x48, 0x48, 0x48, 0x48, 0x8d, 0x4d, 0x4e, 0x4f, 0x4f, 0x51, 0x51, 0x51, 0x4f, 0x93, 0x4e, 0x90, 0x8e, 0x92, 0xb0, 0xd1, 0xd7, 0xdb, 0xd7, 0xd4, 0x83, 0xb3, 0x7c, 0x86, 0x8b, 0x8b, 0x8b, 0x7c, 0x8f, 0x76, 0x92, 0xcb, 0x6f, 0x76, 0x94, 0x91, 0xce, 0xfa, 0x94, 0xcf, 0xce, 0xcd, 0x89, 0xb0, 0xe7, 0xce, 0xce, 0x83, 0xb8, 0xb9, 0xbe, 0xb9, 0xac, 0xa1, 0xac, 0xbd, 0xad, 0xd9, 0xdf, 0xe2, 0xdf, 0xe0, 0xae, 0x6e, 0xa4, 0xa4, 0xaa, 0xa4, 0xa4, 0xaa, 0xaa, 0xaf, 0xb3, 0xb1, 0xb3, 0xbb, 0xbf, 0xbf, 0xb7, 0xd2, 0x9b, 0xd0, 0xd2, 0xe4, 0xdf, 0xe8, 0xd8, 0xdf, 0xdf, 0xdd, 0xe0, 0xbb, 0xbf, 0xc1, 0xc4, 0xe6, 0xcb, 0xce, 0xcf, 0xcf, 0xcf, 0xcd, 0xcd, 0xce, 0x7b, 0x7b, 0xce, 0xce, 0xce, 0xca, 0xc4, 0xbf, 0xb5, 0xb1, 0xaf, 0xaa, 0xa4, 0x6e, 0x6e, 0x6e, 0xa4, 0xaa, 0xaa, 0xae, 0xb1, 0xb4, 0xb7, 0xb7, 0xbb, 0xbf, 0xbf, 0xbb, 0xbb, 0xbb, 0xbd, 0xbf, 0xe5, 0xca, 0xce, 0xcf, 0xcf, 0xcf, 0xcf, 
  0x9d, 0xd3, 0xa6, 0x9f, 0x83, 0xca, 0xe7, 0xce, 0xcf, 0xcf, 0xcf, 0xce, 0xce, 0xce, 0xba, 0xb0, 0xce, 0xcb, 0xe7, 0x8f, 0x6b, 0x85, 0x74, 0x5a, 0xb3, 0xb3, 0x80, 0xa9, 0xad, 0xbd, 0xc4, 0xc4, 0xc1, 0xc1, 0xbf, 0xc1, 0xc1, 0xbf, 0xb5, 0xb5, 0xd3, 0xd0, 0xd2, 0xa0, 0xd0, 0xd0, 0xd1, 0x99, 0xd1, 0xd1, 0x9c, 0xd1, 0xa0, 0xa0, 0xa0, 0xa0, 0xa5, 0xd7, 0xa5, 0xa5, 0xba, 0xcb, 0xc6, 0xcb, 0xce, 0xce, 0xce, 0xcf, 0xcc, 0xc6, 0xc5, 0xc3, 0xc9, 0xc9, 0x94, 0xcc, 0xc6, 0x8e, 0x8b, 0x8a, 0x86, 0x85, 0x86, 0x73, 0x73, 0x65, 0x6a, 0x65, 0x6a, 0x65, 0x5f, 0x57, 0x57, 0x5f, 0x68, 0x72, 0x71, 0x7a, 0x8d, 0x90, 0x93, 0x50, 0x93, 0x4f, 0x90, 0x90, 0x4d, 0x4f, 0x4f, 0x4e, 0x90, 0x4d, 0x8d, 0x8e, 0x88, 0x8a, 0x8a, 0x8d, 0x8e, 0x4d, 0x8d, 0x90, 0x8d, 0x8d, 0x48, 0x8a, 0x82, 0x85, 0x82, 0x85, 0x85, 0x85, 0x82, 0x85, 0x88, 0x8a, 0x8d, 0x8d, 0x4d, 0x4d, 0x4d, 0x4d, 0x4d, 0x4d, 0x4c, 0x4d, 0x4c, 0x8d, 0x48, 0x8d, 0x8d, 0x8d, 0x8d, 0x93, 0x6d, 0x52, 0x5c, 0x5c, 0x54, 0x65, 0x82, 0x8a, 0x67, 0x67, 0x9e, 0x5a, 0x81, 0x92, 0x8d, 0x48, 0x8d, 0x8d, 0x48, 0x48, 0x48, 0x8d, 0x48, 0x8d, 0x4d, 0x90, 0x4f, 0x93, 0x51, 0x50, 0x06, 0x06, 0x51, 0x93, 0x93, 0x90, 0x92, 0x89, 0xa0, 0xa5, 0xdb, 0xd4, 0xd7, 0xb2, 0x8b, 0x86, 0x86, 0x8b, 0x86, 0x85, 0x83, 0x8a, 0x7b, 0x92, 0x8e, 0x75, 0x8e, 0x93, 0xcc, 0xcf, 0xcc, 0xcc, 0xce, 0xce, 0xc0, 0xb0, 0x7b, 0xc0, 0xce, 0xce, 0xca, 0x8b, 0xbe, 0xc3, 0xc1, 0xbe, 0xb3, 0xa1, 0xa7, 0xb6, 0xae, 0xd9, 0xdd, 0xe2, 0xdf, 0xdd, 0xa3, 0xa4, 0xaa, 0xb1, 0xaa, 0xae, 0xaa, 0xb6, 0xb1, 0xaf, 0xb3, 0xb6, 0xb3, 0xbb, 0xb6, 0xbb, 0xbb, 0xbb, 0xd3, 0x99, 0xd2, 0xe4, 0xdf, 0xdf, 0xd8, 0xe8, 0xd8, 0xd3, 0xb7, 0xbf, 0xbf, 0xe5, 0xc7, 0xcb, 0xce, 0xcf, 0xcf, 0xcf, 0xcf, 0xcd, 0xce, 0xe7, 0xa5, 0xba, 0xce, 0xcc, 0xca, 0xc4, 0xbf, 0xe0, 0xae, 0xaa, 0xa8, 0xaa, 0xa4, 0xaa, 0xa4, 0xaa, 0xaa, 0xdc, 0xb4, 0xb4, 0xb4, 0xb4, 0xbb, 0xbb, 0xbf, 0xbf, 0xbb, 0xbb, 0xbb, 0xbf, 0xc4, 0xc8, 0xcb, 0xcf, 0xce, 0xcf, 0x07, 0xcf, 
  0xde, 0xab, 0xb8, 0xc6, 0xc8, 0xc8, 0xcc, 0xcf, 0xcf, 0xcf, 0xcf, 0xcf, 0xcf, 0xce, 0xce, 0xee, 0xc5, 0xcb, 0xc6, 0xcd, 0x7b, 0x62, 0xa6, 0x80, 0xc3, 0x86, 0xad, 0xb9, 0xc4, 0xca, 0xca, 0xca, 0xe2, 0xb5, 0xdb, 0xd9, 0xd1, 0xd0, 0xd1, 0xd2, 0xd2, 0xd0, 0xd2, 0xd3, 0xd2, 0xd6, 0xd6, 0xd9, 0xd9, 0xd2, 0xd6, 0xdb, 0xd6, 0xd6, 0xd4, 0xd6, 0xd7, 0xd4, 0xd1, 0xd4, 0xa0, 0xd7, 0xa5, 0xa5, 0xc5, 0xca, 0xce, 0xce, 0xcd, 0xe7, 0xc6, 0xc2, 0xca, 0xcb, 0xcb, 0xcf, 0xcd, 0xc9, 0x8e, 0x8b, 0x8b, 0x8b, 0x8a, 0x85, 0x73, 0x6a, 0x6a, 0x6a, 0x65, 0x65, 0x57, 0x57, 0x13, 0x57, 0x5c, 0x65, 0x65, 0x71, 0x88, 0x4f, 0x07, 0x51, 0x50, 0x93, 0x93, 0x93, 0x4f, 0x8d, 0x4d, 0x4e, 0x4f, 0x4e, 0x90, 0x8d, 0x8e, 0x48, 0x8d, 0x8d, 0x4d, 0x90, 0x4e, 0x90, 0x4d, 0x8d, 0x8a, 0x88, 0x88, 0x85, 0x85, 0x82, 0x7d, 0x82, 0x7d, 0x82, 0x85, 0x48, 0x8d, 0x4d, 0x4d, 0x4d, 0x4e, 0x4e, 0x4e, 0x4e, 0x4d, 0x4d, 0x4d, 0x8d, 0x8d, 0x8d, 0x8d, 0x48, 0x8d, 0x7a, 0x57, 0x5c, 0x5c, 0x59, 0x7a, 0x85, 0x48, 0x8a, 0x67, 0x62, 0x5a, 0x7e, 0x92, 0x8e, 0x48, 0x8e, 0x48, 0x48, 0x48, 0x48, 0x8a, 0x48, 0x8d, 0x8d, 0x8e, 0x90, 0x90, 0x4f, 0x93, 0x51, 0x06, 0x06, 0x51, 0x06, 0x06, 0x50, 0x50, 0xc6, 0xa5, 0xd4, 0xb0, 0xd4, 0xa6, 0x83, 0x8f, 0x8b, 0x8b, 0xb9, 0x8a, 0x8f, 0x85, 0x8b, 0x76, 0x92, 0x92, 0x8c, 0xce, 0xcf, 0xce, 0xce, 0xce, 0xc9, 0xce, 0x94, 0xc6, 0xc8, 0xb0, 0xb8, 0xe7, 0xca, 0xce, 0xc2, 0xb8, 0xc7, 0xc1, 0xc4, 0xbe, 0xb3, 0xa1, 0xad, 0xbd, 0xd8, 0xd6, 0xe0, 0xe2, 0xe0, 0xb1, 0xae, 0xb4, 0xb7, 0xb7, 0xb7, 0xbb, 0xbb, 0xc1, 0xc4, 0xbe, 0xb6, 0xb3, 0xa7, 0x9a, 0x9f, 0xa1, 0x9f, 0xa7, 0xd3, 0xd0, 0xd2, 0xe3, 0xe1, 0xe1, 0xdf, 0xdf, 0xd8, 0xa8, 0xbb, 0xc1, 0xc4, 0xc7, 0xca, 0xcd, 0xcf, 0xcf, 0xcf, 0xcf, 0xce, 0xcd, 0xcd, 0x89, 0xa5, 0xce, 0xce, 0xca, 0xc4, 0xbf, 0xb7, 0xb4, 0xb1, 0xaa, 0xae, 0xb4, 0xb1, 0xb4, 0xda, 0xda, 0xdc, 0xdc, 0xb4, 0xb4, 0xb7, 0xb4, 0xb7, 0xb7, 0xb4, 0xdc, 0xb4, 0xb7, 0xbf, 0xc4, 0xc8, 0xca, 0xce, 0xce, 0xcf, 0xcf, 0xcf, 
  0xb8, 0xc9, 0xcd, 0xca, 0xbe, 0xc0, 0xce, 0xcf, 0xcf, 0xcf, 0xcf, 0xcf, 0xcf, 0xcf, 0xcf, 0xce, 0xce, 0xc5, 0xe7, 0xcd, 0xcb, 0xa6, 0xa6, 0xc6, 0xb3, 0xac, 0xb8, 0xcb, 0xca, 0xc7, 0xde, 0xd4, 0xd1, 0xd0, 0xd2, 0xd1, 0xd2, 0xd7, 0xd4, 0xd9, 0xd9, 0xd9, 0xe8, 0xd6, 0xe8, 0xdf, 0xd6, 0xd6, 0xe8, 0xdf, 0xe8, 0xd6, 0xd6, 0xe8, 0xe1, 0xdb, 0xd3, 0xd6, 0xd6, 0xd9, 0xd4, 0xa0, 0xa0, 0xa0, 0xa0, 0xa0, 0xa5, 0xc0, 0xfa, 0xce, 0xcb, 0xca, 0xcb, 0xcd, 0xcc, 0xce, 0xce, 0xc6, 0x8f, 0x8e, 0x8b, 0x8b, 0x8b, 0x86, 0x79, 0x77, 0x6a, 0x70, 0x6a, 0x6a, 0x65, 0x5f, 0x57, 0x5b, 0x65, 0x65, 0x5b, 0x65, 0x7f, 0x8d, 0x93, 0x50, 0x50, 0x51, 0x90, 0x48, 0x3d, 0x34, 0x43, 0x4c, 0x4f, 0x4f, 0x90, 0x4d, 0x8d, 0x48, 0x8e, 0x8d, 0x90, 0x4e, 0x4f, 0x90, 0x4d, 0x8d, 0x48, 0x85, 0x88, 0x85, 0x85, 0x7e, 0x7e, 0x79, 0x79, 0x7e, 0x85, 0x8a, 0x8d, 0x4d, 0x4e, 0x4f, 0x4e, 0x4f, 0x4e, 0x4f, 0x4e, 0x4e, 0x90, 0x4c, 0x8e, 0x8d, 0x48, 0x8d, 0x82, 0x57, 0x5c, 0x5c, 0x65, 0x7a, 0x8a, 0x8a, 0x8d, 0x7e, 0x62, 0x62, 0x75, 0xc9, 0x8e, 0x8e, 0x8e, 0x8a, 0x8a, 0x8a, 0x8a, 0x8a, 0x8a, 0x8e, 0x48, 0x8e, 0x8d, 0x8e, 0x90, 0x92, 0x90, 0x4f, 0x93, 0x06, 0x06, 0x06, 0x50, 0xce, 0x93, 0xcb, 0xa5, 0xa5, 0xa0, 0xa6, 0xb8, 0xb9, 0x8b, 0x83, 0x7e, 0xc6, 0x94, 0x8e, 0x6b, 0x85, 0x85, 0x92, 0x92, 0x48, 0xce, 0xcf, 0xce, 0xcb, 0xe7, 0xcd, 0x94, 0x92, 0xcb, 0xcd, 0x83, 0xde, 0xc7, 0xe6, 0xe7, 0xcd, 0xbe, 0xe5, 0xc4, 0xc4, 0xbd, 0xaf, 0xb3, 0xb3, 0xbd, 0xbd, 0xd9, 0xdf, 0xdf, 0xe0, 0xdd, 0xa8, 0xb7, 0xbb, 0xbf, 0xc1, 0xb6, 0xad, 0x9d, 0x9a, 0x97, 0x95, 0x96, 0x95, 0x95, 0x95, 0x95, 0x95, 0x95, 0x99, 0xb2, 0xd0, 0xd0, 0xe3, 0xe2, 0xdf, 0xdf, 0xdf, 0xdc, 0xd3, 0xbf, 0xc4, 0xc7, 0xe6, 0xcb, 0xce, 0xcf, 0xcf, 0xcf, 0xce, 0xcc, 0xce, 0xe7, 0xb0, 0x94, 0xce, 0xe6, 0xc4, 0xbf, 0xb7, 0xb7, 0xb4, 0xb4, 0xb4, 0xb7, 0xb7, 0xb4, 0xb4, 0xdc, 0xdc, 0xda, 0xdc, 0xb4, 0xb4, 0xb4, 0xdc, 0xda, 0xda, 0xda, 0xda, 0xb4, 0xe0, 0xc1, 0xc7, 0xc7, 0xca, 0xcb, 0xce, 0xcf, 0xcf, 
  0xcd, 0xc8, 0xb0, 0xd7, 0x89, 0xcd, 0xcf, 0xcf, 0xfa, 0xcf, 0xcf, 0xcf, 0xcf, 0xcf, 0xce, 0xe7, 0xca, 0xca, 0xc5, 0xce, 0xcd, 0x8f, 0x83, 0x8b, 0x8b, 0xc4, 0xcd, 0xe4, 0xb5, 0xd6, 0xd3, 0xd4, 0xdf, 0xe0, 0xe2, 0xe3, 0xe4, 0xe2, 0xe1, 0xd9, 0xe1, 0xe3, 0xe1, 0xe1, 0xe3, 0xdb, 0xe8, 0xe1, 0xe2, 0xe1, 0xe8, 0xe2, 0xe1, 0xe3, 0xdb, 0xd6, 0xe8, 0xde, 0xe8, 0xd4, 0xd6, 0xd6, 0xdb, 0xd4, 0xd4, 0xa0, 0x9c, 0x9e, 0x7b, 0xba, 0xce, 0xce, 0xce, 0xcf, 0xc9, 0xcc, 0xcc, 0x94, 0x92, 0x8e, 0x8b, 0x8a, 0x8b, 0x8a, 0x80, 0x79, 0x70, 0x73, 0x77, 0x73, 0x79, 0x73, 0x73, 0x72, 0x6a, 0x6a, 0x65, 0x73, 0x79, 0x88, 0x8d, 0x88, 0x88, 0x7f, 0x34, 0x72, 0x2b, 0x34, 0x43, 0x4c, 0x50, 0x51, 0x4f, 0x90, 0x8d, 0x8d, 0x8d, 0x4d, 0x4d, 0x90, 0x4f, 0x4e, 0x90, 0x8d, 0x8a, 0x88, 0x85, 0x85, 0x85, 0x85, 0x79, 0x7e, 0x79, 0x7e, 0x85, 0x48, 0x8e, 0x90, 0x4f, 0x4f, 0x51, 0x51, 0x51, 0x51, 0x4f, 0x4e, 0x4d, 0x4d, 0x8d, 0x8d, 0x8d, 0x82, 0x57, 0x65, 0x65, 0x6a, 0x82, 0x8a, 0x88, 0x8a, 0x8d, 0x9e, 0x58, 0x76, 0x92, 0x92, 0x8e, 0x8e, 0x8b, 0x8a, 0x8a, 0x85, 0x8a, 0x8a, 0x8a, 0x8b, 0x8e, 0x8e, 0x8e, 0x8f, 0x8e, 0x92, 0x90, 0x93, 0x4f, 0x50, 0x50, 0x50, 0x93, 0x50, 0x94, 0x94, 0x9e, 0xa0, 0x9c, 0xa5, 0x83, 0x8f, 0x8f, 0x8b, 0x83, 0x94, 0xcd, 0xcb, 0x8a, 0x7e, 0x8a, 0x92, 0x8e, 0x81, 0xcc, 0x92, 0x8b, 0x89, 0xb9, 0x8f, 0x76, 0x83, 0x8f, 0xcd, 0xde, 0xb2, 0xc4, 0xc7, 0xc4, 0xca, 0xe6, 0xbe, 0xc1, 0xc4, 0xbe, 0xac, 0xb3, 0xb9, 0xb9, 0xe3, 0xbf, 0xd9, 0xdf, 0xe2, 0xdf, 0xe0, 0xe0, 0xbd, 0xd3, 0x9a, 0x97, 0x96, 0x97, 0x95, 0x97, 0x97, 0x97, 0x97, 0x97, 0x97, 0x96, 0x99, 0x96, 0x95, 0x99, 0xd3, 0xd0, 0xd0, 0xe2, 0xe4, 0xdf, 0xdc, 0xe8, 0xdc, 0xc1, 0xc7, 0xc7, 0xc8, 0xcb, 0xce, 0xcf, 0xcf, 0xce, 0xcc, 0xcc, 0xcd, 0xcf, 0xce, 0xcf, 0xcb, 0xca, 0xe5, 0xc1, 0xbb, 0xb7, 0xb7, 0xb7, 0xbb, 0xbb, 0xb7, 0xb4, 0xb4, 0xdc, 0xdc, 0xb4, 0xb4, 0xb4, 0xda, 0xda, 0xd5, 0xd5, 0xd5, 0xd5, 0xd5, 0xd5, 0xdd, 0xe0, 0xc1, 0xe5, 0xe4, 0xe6, 0xcb, 0xce, 0xcf, 
  0xe5, 0xbe, 0xde, 0xc6, 0xcb, 0xce, 0xce, 0xcf, 0xfa, 0xcf, 0xcf, 0xcf, 0xcf, 0xcf, 0xcb, 0xe7, 0xc0, 0xcb, 0xce, 0xce, 0xc6, 0xc3, 0x8b, 0x5a, 0xb8, 0xcc, 0xb8, 0xd9, 0xd9, 0xe0, 0xe1, 0xe0, 0xd6, 0xd3, 0xd3, 0xd1, 0xd0, 0xd0, 0x99, 0xd0, 0x99, 0x99, 0xd0, 0xd0, 0xd0, 0xd1, 0xd0, 0xd0, 0xd0, 0xd0, 0xd2, 0xd2, 0xd4, 0xd2, 0xd6, 0xdb, 0xdb, 0xd6, 0xe1, 0xe3, 0xe4, 0xe1, 0xde, 0xd9, 0xdb, 0xdb, 0xd7, 0xa0, 0xa5, 0x9e, 0x84, 0x8c, 0xcf, 0xce, 0xcd, 0x93, 0xc9, 0x92, 0x94, 0x8f, 0x8e, 0x85, 0x8a, 0x86, 0x7e, 0x79, 0x73, 0x70, 0x77, 0x7d, 0x85, 0x85, 0x85, 0x7e, 0x79, 0x6a, 0x6a, 0x6a, 0x73, 0x79, 0x7a, 0x72, 0x6d, 0x6d, 0x6d, 0x6d, 0x30, 0x34, 0x43, 0x4d, 0x51, 0x93, 0x4f, 0x90, 0x8d, 0x8d, 0x8d, 0x8d, 0x4d, 0x4e, 0x90, 0x4d, 0x8d, 0x48, 0x48, 0x8a, 0x88, 0x85, 0x85, 0x85, 0x85, 0x7e, 0x85, 0x7e, 0x85, 0x8a, 0x48, 0x90, 0x4f, 0x51, 0x51, 0x51, 0x51, 0x51, 0x4e, 0x4f, 0x90, 0x4d, 0x48, 0x8d, 0x48, 0x5b, 0x5f, 0x65, 0x73, 0x88, 0x8a, 0x8a, 0x48, 0x8e, 0x81, 0x58, 0x9e, 0x8e, 0x92, 0x8e, 0x8b, 0x8e, 0x86, 0x86, 0x7c, 0x83, 0x86, 0x8a, 0x8b, 0x8a, 0x8f, 0x8e, 0x8f, 0x8e, 0x8f, 0x8e, 0x92, 0x92, 0x93, 0x93, 0x4f, 0x93, 0x93, 0x93, 0x50, 0xc6, 0x75, 0x9c, 0x6b, 0x8f, 0xc6, 0x92, 0x8b, 0x8e, 0xe7, 0xcd, 0xce, 0xce, 0x8f, 0x8a, 0x83, 0x92, 0x92, 0x8a, 0x8b, 0x81, 0x8b, 0x86, 0x8f, 0xb3, 0x86, 0x8b, 0x83, 0xc3, 0xbe, 0xad, 0xe5, 0xc4, 0xc1, 0xe5, 0xe7, 0xc3, 0xc1, 0xc7, 0xbe, 0xa7, 0xb3, 0xb9, 0xbc, 0xc3, 0xc4, 0xc1, 0xe0, 0xe0, 0xe0, 0xdf, 0xd2, 0x9b, 0x99, 0x97, 0x9a, 0x9a, 0x9d, 0x9f, 0xa7, 0xa6, 0x9f, 0x9d, 0x9a, 0x9a, 0x9c, 0x9d, 0x61, 0x9d, 0x61, 0x9d, 0xa7, 0xd2, 0x9b, 0xd9, 0xe3, 0xdf, 0xdf, 0xdf, 0xdd, 0xe5, 0xc8, 0xca, 0xcb, 0xcd, 0xce, 0xcf, 0xce, 0xce, 0xcc, 0xce, 0xcf, 0xcd, 0xce, 0xcb, 0xc8, 0xc7, 0xc1, 0xbf, 0xbb, 0xbb, 0xbb, 0xb7, 0xb7, 0xb7, 0xb7, 0xb4, 0xb4, 0xb4, 0xb4, 0xdc, 0xda, 0xd5, 0xd5, 0xd5, 0xd5, 0xd5, 0xd5, 0xd5, 0xd5, 0xd8, 0xdd, 0xe3, 0xc1, 0xe3, 0xe4, 0xe6, 0xce, 0xce, 
  0xbd, 0xc1, 0xc4, 0xcd, 0xcd, 0xce, 0xcf, 0xfa, 0xce, 0xcf, 0xcf, 0xcf, 0xcf, 0xce, 0xc9, 0xc9, 0xcb, 0xcd, 0xce, 0xce, 0xcd, 0x8f, 0x8b, 0x9f, 0xac, 0xb5, 0xb2, 0xbd, 0xe2, 0xae, 0xd9, 0xa3, 0xd3, 0xa8, 0xd3, 0xd2, 0xd4, 0xd3, 0xd3, 0xd4, 0xd3, 0xd1, 0xa0, 0xa5, 0xd1, 0xa0, 0xd1, 0x99, 0x99, 0xd0, 0x98, 0x95, 0x98, 0x9c, 0x99, 0x98, 0x99, 0x99, 0x9c, 0xd1, 0xd1, 0xa0, 0xdb, 0xdb, 0xde, 0xbc, 0xba, 0xde, 0xd7, 0xa5, 0x9e, 0xa5, 0x9e, 0xcc, 0xce, 0x94, 0x93, 0x94, 0x94, 0x92, 0x8b, 0x85, 0x7c, 0x79, 0x79, 0x79, 0x71, 0x71, 0x79, 0x7d, 0x85, 0x8b, 0x8a, 0x86, 0x77, 0x6a, 0x6a, 0x6a, 0x6a, 0x65, 0x68, 0x65, 0x65, 0x65, 0x6d, 0x72, 0x7f, 0x88, 0x4f, 0x93, 0x50, 0x93, 0x90, 0x4d, 0x8d, 0x8d, 0x48, 0x8d, 0x8d, 0x4d, 0x4d, 0x8d, 0x8d, 0x88, 0x8a, 0x85, 0x8a, 0x85, 0x8a, 0x85, 0x85, 0x85, 0x85, 0x85, 0x85, 0x8a, 0x48, 0x8d, 0x4d, 0x4f, 0x51, 0x06, 0x51, 0x51, 0x4f, 0x4e, 0x4e, 0x8d, 0x4d, 0x8d, 0x69, 0x13, 0x68, 0x7f, 0x8e, 0x8a, 0x8e, 0x8d, 0x8e, 0x93, 0x58, 0x1a, 0x8b, 0x92, 0x8f, 0xb9, 0x8b, 0x86, 0x80, 0x7c, 0x7c, 0xac, 0x85, 0x86, 0x8a, 0x8a, 0x8b, 0x8b, 0x8b, 0xb9, 0x8e, 0x8f, 0x8f, 0x92, 0x8f, 0x8e, 0x92, 0x92, 0x94, 0x93, 0xcc, 0x8c, 0x5a, 0x62, 0x7b, 0x8a, 0x8a, 0x8a, 0x7e, 0x83, 0xe7, 0xce, 0xce, 0xce, 0xe7, 0x92, 0x89, 0x8f, 0x92, 0x6f, 0x8b, 0x8f, 0xc3, 0xe5, 0xb9, 0xb8, 0xbe, 0xb9, 0xa6, 0xab, 0xb2, 0xb2, 0xbd, 0xc4, 0xc7, 0xc3, 0xc4, 0xc7, 0xbe, 0xc8, 0xbd, 0xab, 0xc3, 0xbe, 0xc6, 0xc7, 0xc8, 0xc8, 0xbd, 0xd9, 0xdd, 0xe0, 0xd9, 0xd0, 0xd3, 0xac, 0xbd, 0xbd, 0xbd, 0xa7, 0xa7, 0x9d, 0x9d, 0x70, 0x9d, 0x70, 0xaf, 0xa9, 0xa9, 0x70, 0xa9, 0xaf, 0xb3, 0xaf, 0xa3, 0x9b, 0xd6, 0xe3, 0xd9, 0xdf, 0xdd, 0xd9, 0xcb, 0xcb, 0xcd, 0xcd, 0xce, 0xce, 0xcf, 0xcd, 0xce, 0xcb, 0xcf, 0xce, 0xcc, 0xcb, 0xca, 0xc4, 0xc1, 0xbf, 0xbb, 0xbb, 0xb7, 0xb7, 0xb7, 0xb4, 0xb4, 0xb7, 0xb7, 0xb7, 0xdc, 0xda, 0xd5, 0xd5, 0xd5, 0xd5, 0xd8, 0xd8, 0xda, 0xd5, 0xd5, 0xd5, 0xe0, 0xe3, 0xc1, 0xe4, 0xe3, 0xe9, 0xca, 0xce, 
  0xbb, 0xbb, 0xde, 0xc6, 0xe7, 0xc0, 0xc9, 0xce, 0xcf, 0xce, 0xcf, 0xcf, 0xce, 0xce, 0xce, 0xce, 0xcb, 0x94, 0xcd, 0xce, 0xc0, 0xb8, 0xb8, 0xc7, 0xe5, 0xc1, 0xbd, 0xb5, 0xae, 0xe2, 0xb5, 0xe3, 0xbf, 0xe2, 0xb5, 0xb5, 0xde, 0xd9, 0xde, 0xc1, 0xc7, 0xcb, 0xcd, 0xcd, 0xcd, 0xcb, 0xca, 0xc7, 0xe5, 0xc8, 0xe5, 0xd9, 0xd7, 0xd4, 0xa0, 0xd4, 0x9c, 0x9c, 0x99, 0x9c, 0x9c, 0xd0, 0x98, 0x99, 0x99, 0xd0, 0x99, 0x9c, 0xa0, 0xd7, 0x7b, 0xb0, 0xa5, 0x7b, 0xba, 0x93, 0xce, 0xcf, 0xc6, 0x92, 0x8b, 0x85, 0x7d, 0x74, 0x71, 0x71, 0x77, 0x74, 0x77, 0x7e, 0x86, 0x8b, 0x8b, 0x86, 0x73, 0x70, 0x6a, 0x70, 0x6a, 0x6a, 0x65, 0x65, 0x65, 0x65, 0x6d, 0x7a, 0x88, 0x8e, 0x8d, 0x8d, 0x88, 0x88, 0x88, 0x88, 0x88, 0x88, 0x88, 0x48, 0x8d, 0x4d, 0x4d, 0x8d, 0x48, 0x88, 0x8a, 0x82, 0x85, 0x85, 0x8a, 0x8a, 0x8a, 0x8a, 0x8a, 0x85, 0x8a, 0x8a, 0x48, 0x8e, 0x4d, 0x4e, 0x4f, 0x51, 0x51, 0x51, 0x4f, 0x4f, 0x4d, 0x4d, 0x4f, 0x72, 0x58, 0x72, 0x88, 0x90, 0x8e, 0x8e, 0x8e, 0x8e, 0x93, 0x76, 0x10, 0x85, 0x92, 0x8f, 0x8b, 0x8b, 0x86, 0xac, 0x7c, 0x78, 0xac, 0x7e, 0x86, 0x8a, 0x8a, 0x8b, 0x8a, 0x8b, 0x8b, 0x8e, 0xb9, 0x8b, 0x8f, 0x8b, 0x8e, 0x8b, 0x8b, 0x8e, 0x8f, 0x92, 0xce, 0x7b, 0x62, 0x6b, 0x8a, 0x8a, 0x85, 0x8a, 0x8b, 0x8e, 0x92, 0xce, 0xcd, 0xce, 0x89, 0xba, 0xc3, 0xe7, 0xc3, 0xb9, 0x8f, 0xbe, 0x8f, 0xc4, 0xc6, 0xc7, 0xc3, 0xc7, 0xc8, 0xc7, 0xc1, 0xbd, 0xc1, 0xc4, 0xc4, 0xc7, 0xc1, 0xe5, 0xbc, 0xc7, 0xb8, 0xb3, 0xc4, 0xe6, 0xe7, 0xcd, 0xc8, 0xb2, 0x9f, 0xa3, 0xdd, 0xbb, 0xbb, 0xc1, 0xc7, 0xc1, 0xbd, 0xaf, 0x9d, 0xa2, 0x66, 0x9d, 0xa9, 0xa9, 0xa4, 0xa4, 0x6e, 0x6e, 0x5e, 0x66, 0x6e, 0x5e, 0x66, 0x5e, 0xa4, 0x9d, 0x9b, 0xd3, 0xe5, 0xe2, 0xdf, 0xd9, 0xd7, 0xab, 0xc2, 0xc3, 0xc3, 0xcb, 0xce, 0xce, 0xcd, 0xcb, 0xcb, 0xcd, 0xcb, 0xca, 0xca, 0xc7, 0xc1, 0xc1, 0xbf, 0xbb, 0xb7, 0xb7, 0xb4, 0xb4, 0xb7, 0xb7, 0xbb, 0xb7, 0xdc, 0xd8, 0xd5, 0xd5, 0xd5, 0xd5, 0xb4, 0xdd, 0xdc, 0xd5, 0xd5, 0xd5, 0xe2, 0xe5, 0xc7, 0xe5, 0xe3, 0xe4, 0xc2, 0xe7, 
  0xe0, 0xe2, 0xb2, 0xb0, 0xc5, 0xc5, 0xc9, 0xcf, 0xce, 0xcf, 0xce, 0xce, 0xce, 0xce, 0xce, 0xce, 0xcd, 0xc5, 0xc5, 0xce, 0xca, 0xc6, 0xc4, 0xc4, 0xc4, 0xbc, 0xb2, 0xd4, 0xa7, 0x9f, 0xd3, 0xd7, 0xdb, 0xdb, 0xd7, 0xd3, 0xd3, 0xd2, 0xd2, 0xd2, 0xd1, 0xd1, 0xd4, 0xd7, 0xdb, 0xde, 0xbd, 0xc1, 0xc1, 0xc1, 0xc7, 0xca, 0xcb, 0xc8, 0xc7, 0xc8, 0xcd, 0xc5, 0xe6, 0xc5, 0xd7, 0xd7, 0xb0, 0xd7, 0xd7, 0xa0, 0x9c, 0x9c, 0x9c, 0x97, 0x9c, 0x9c, 0x9c, 0x75, 0x9e, 0x75, 0x91, 0xce, 0xce, 0xc6, 0x8e, 0xb9, 0x85, 0x7e, 0x6c, 0x68, 0x71, 0x7c, 0x7e, 0x8a, 0x8a, 0x8f, 0x8a, 0x86, 0x73, 0x68, 0x6a, 0x6a, 0x6a, 0x6a, 0x65, 0x65, 0x65, 0x6a, 0x73, 0x79, 0x7e, 0x79, 0x79, 0x77, 0x73, 0x72, 0x73, 0x7a, 0x79, 0x82, 0x8a, 0x48, 0x8d, 0x8d, 0x8d, 0x8d, 0x48, 0x88, 0x88, 0x85, 0x8a, 0x8a, 0x8a, 0x8a, 0x8a, 0x8a, 0x48, 0x8a, 0x8d, 0x8a, 0x8d, 0x8d, 0x4e, 0x4d, 0x51, 0x51, 0x51, 0x51, 0x4f, 0x90, 0x4f, 0x4f, 0x34, 0x5f, 0x2b, 0x8d, 0x90, 0x90, 0x4d, 0x93, 0x8d, 0x90, 0x8e, 0x1a, 0x6f, 0x93, 0x8f, 0x8e, 0x8b, 0x86, 0x7b, 0x78, 0xab, 0x7c, 0x83, 0x8b, 0x89, 0x8b, 0x8a, 0x8b, 0x8b, 0x8b, 0x8b, 0xb9, 0x8b, 0x8b, 0x8b, 0x86, 0x86, 0x86, 0x86, 0x8b, 0x8b, 0x8e, 0x94, 0x62, 0x62, 0x7e, 0x81, 0x7e, 0x89, 0x8e, 0xce, 0xcb, 0xc0, 0xcb, 0xcc, 0xce, 0xe7, 0xc0, 0xc6, 0xca, 0xc8, 0xcb, 0xc6, 0x92, 0xc8, 0xca, 0x8f, 0xb9, 0xb9, 0xc3, 0xc7, 0xc7, 0xc7, 0xbd, 0xc1, 0xc4, 0xc7, 0xc7, 0xc7, 0xc1, 0xc1, 0xc4, 0xb2, 0xbe, 0xc8, 0xc6, 0x8f, 0xbe, 0x83, 0xa7, 0xb3, 0xc1, 0xb6, 0xb7, 0xbb, 0xb5, 0xa3, 0x9d, 0x6e, 0xa2, 0x6e, 0xa2, 0xa4, 0xa9, 0xa4, 0x6e, 0x70, 0x6e, 0x66, 0x66, 0x66, 0x66, 0x5e, 0x5e, 0x5e, 0x5e, 0x5e, 0x66, 0x66, 0x9b, 0xd3, 0xe0, 0xe3, 0xdd, 0xa3, 0xa3, 0xa2, 0xa2, 0xa7, 0xb3, 0xc7, 0xcb, 0xcb, 0xca, 0xe6, 0xc8, 0xc8, 0xca, 0xca, 0xc8, 0xc4, 0xc1, 0xbf, 0xbb, 0xbb, 0xe0, 0xb7, 0xb7, 0xbb, 0xbf, 0xbb, 0xdc, 0xd8, 0xd5, 0xd5, 0xd5, 0xd8, 0xdd, 0xbb, 0xe2, 0xdc, 0xd5, 0xd5, 0xd8, 0xe2, 0xc7, 0xe7, 0xc8, 0xe5, 0xe5, 0xe9, 0xe6, 
  0xe0, 0xe3, 0xc7, 0xcd, 0xcd, 0xcd, 0xcd, 0xcb, 0xcd, 0xe7, 0xc5, 0xe9, 0xc5, 0xeb, 0xe7, 0xc0, 0x84, 0xba, 0xc9, 0x7b, 0xc5, 0xcb, 0xe5, 0xdb, 0xa7, 0xd4, 0xab, 0xe5, 0xc7, 0xbc, 0xa5, 0xd1, 0x9c, 0xd0, 0xd2, 0xd9, 0xdf, 0xe1, 0xe8, 0xd6, 0xd6, 0xd4, 0xd4, 0xd3, 0xd3, 0xd9, 0xb5, 0xc1, 0xc4, 0xc4, 0xc4, 0xbc, 0xc1, 0xbc, 0xe5, 0xbe, 0xe5, 0xca, 0xc8, 0xcb, 0xcd, 0xc9, 0xcd, 0xc8, 0xc7, 0xc8, 0xc8, 0xcb, 0xc3, 0xb8, 0xc0, 0xb0, 0x7b, 0x63, 0x9e, 0x63, 0x63, 0x75, 0x89, 0xe7, 0xca, 0x8f, 0x8f, 0x8a, 0x7e, 0x71, 0x74, 0x7c, 0x8a, 0x8b, 0x92, 0x92, 0x8e, 0x7e, 0x73, 0x6a, 0x64, 0x6a, 0x6a, 0x6a, 0x6a, 0x6a, 0x6a, 0x6a, 0x6a, 0x6a, 0x64, 0x68, 0x64, 0x65, 0x64, 0x65, 0x65, 0x73, 0x79, 0x85, 0x88, 0x8e, 0x8d, 0x4d, 0x8d, 0x8d, 0x8d, 0x48, 0x8e, 0x48, 0x8b, 0x8a, 0x8a, 0x8a, 0x48, 0x8e, 0x8d, 0x8e, 0x8d, 0x8e, 0x8d, 0x4d, 0x4d, 0x4f, 0x4e, 0x51, 0x06, 0x4f, 0x4e, 0x93, 0x4f, 0x6f, 0x19, 0x76, 0x4d, 0x93, 0x4f, 0x50, 0x90, 0x90, 0x4d, 0xce, 0x63, 0x62, 0x90, 0x8f, 0x8e, 0xb9, 0x89, 0xac, 0xac, 0xab, 0x7e, 0x86, 0x8b, 0x8b, 0x8e, 0x8f, 0x8e, 0x8f, 0x8b, 0x83, 0x83, 0x83, 0x86, 0xad, 0x83, 0xac, 0xac, 0x86, 0x86, 0x83, 0x8b, 0x94, 0x7e, 0x58, 0x58, 0x62, 0x68, 0x8e, 0x92, 0xcb, 0xc6, 0xc0, 0xcb, 0xce, 0xcb, 0xcc, 0xcd, 0xce, 0xca, 0xc8, 0xcb, 0xcb, 0xce, 0xcd, 0xcb, 0xca, 0x83, 0x6b, 0x80, 0xb3, 0xb9, 0xc1, 0xbe, 0xb5, 0xb2, 0xe3, 0xc1, 0xc4, 0xbc, 0xc4, 0xc1, 0xb9, 0xac, 0xc6, 0xc8, 0x8f, 0xac, 0xac, 0xbe, 0xc7, 0xc1, 0xb6, 0xa8, 0xa8, 0xe0, 0xb7, 0xa8, 0xb1, 0xaf, 0xaf, 0xaf, 0xaf, 0xa9, 0xa4, 0xa4, 0xa4, 0x66, 0x66, 0x6e, 0x6e, 0x66, 0x5e, 0x5e, 0x66, 0x5e, 0x5e, 0x5e, 0x5e, 0x66, 0x6e, 0x9b, 0x9d, 0xe0, 0xe3, 0xdd, 0xa8, 0xa4, 0xaa, 0xa4, 0xa4, 0xa7, 0xad, 0xc6, 0xcb, 0xc8, 0xc7, 0xe6, 0xc8, 0xc8, 0xc8, 0xc7, 0xc4, 0xbf, 0xbf, 0xbb, 0xbf, 0xbb, 0xbf, 0xc1, 0xbb, 0xb7, 0xdc, 0xd5, 0xd5, 0xd5, 0xd5, 0xdd, 0xbb, 0xc1, 0xbf, 0xdf, 0xd5, 0xd5, 0xe8, 0xe2, 0xca, 0xce, 0xcd, 0xe7, 0xe6, 0xc5, 0xeb, 
  0xe3, 0xc1, 0xca, 0xcb, 0xc8, 0xe6, 0xc8, 0xe4, 0xe4, 0xe1, 0xe9, 0xe2, 0xe9, 0xde, 0xb0, 0xed, 0xba, 0xce, 0xc9, 0x63, 0x98, 0x7b, 0xe7, 0xde, 0xd7, 0xd2, 0x9c, 0xd0, 0xb0, 0xcb, 0xcd, 0xcb, 0xd7, 0x9c, 0x98, 0x99, 0x99, 0xd1, 0xd6, 0xdb, 0xd6, 0xd4, 0xd6, 0xd6, 0xd9, 0xd4, 0xd6, 0xd9, 0xd9, 0xb5, 0xc1, 0xc4, 0xc4, 0xc1, 0xe5, 0xc4, 0xc4, 0xc3, 0xc4, 0xc6, 0xc8, 0xca, 0xc3, 0xe5, 0xc1, 0xc4, 0xc8, 0xc8, 0xe7, 0xcd, 0xce, 0xce, 0xce, 0xe7, 0x8c, 0x7b, 0x7b, 0x1a, 0x62, 0x6b, 0x7e, 0xc6, 0x94, 0x8f, 0x8a, 0x83, 0x7e, 0x85, 0x8b, 0x8f, 0xc6, 0x94, 0x8f, 0x85, 0x73, 0x6a, 0x65, 0x5d, 0x65, 0x6a, 0x6a, 0x6a, 0x5d, 0x65, 0x5d, 0x5d, 0x5b, 0x59, 0x55, 0x57, 0x55, 0x5b, 0x5b, 0x65, 0x6a, 0x79, 0x85, 0x8d, 0x8e, 0x90, 0x8e, 0x4d, 0x8d, 0x8e, 0x48, 0x8e, 0x8e, 0x8a, 0x8a, 0x8b, 0x48, 0x8e, 0x8d, 0x4d, 0x90, 0x90, 0x4d, 0x90, 0x4e, 0x4f, 0x4f, 0x51, 0x4f, 0x4e, 0x06, 0x4d, 0x69, 0x1f, 0x82, 0x51, 0x4f, 0x4f, 0x51, 0x93, 0x4f, 0x90, 0x07, 0x75, 0x58, 0x8a, 0x92, 0x8e, 0x8f, 0x8a, 0x83, 0x83, 0x7e, 0xac, 0x8b, 0x8b, 0x8e, 0x92, 0x92, 0x92, 0x92, 0x8f, 0x89, 0x83, 0xac, 0xac, 0xab, 0xac, 0xac, 0x78, 0xa9, 0x78, 0xb3, 0x86, 0x8b, 0x7e, 0x13, 0x97, 0x67, 0x82, 0x92, 0x85, 0x8a, 0x92, 0x83, 0x8b, 0xc8, 0x8f, 0xc0, 0xcb, 0xe7, 0xca, 0xca, 0xcb, 0xcd, 0xcf, 0xce, 0xcf, 0xce, 0xce, 0xcc, 0x83, 0x74, 0x80, 0xb2, 0x83, 0xad, 0xb5, 0xb5, 0xbb, 0xc1, 0xe3, 0xad, 0xab, 0xbe, 0xb9, 0x83, 0xca, 0xb9, 0xc7, 0xc7, 0xc7, 0xc7, 0xb6, 0xb3, 0xad, 0xaf, 0xb1, 0xae, 0xbb, 0xb7, 0xbb, 0xb7, 0xb1, 0xb6, 0xaa, 0xaa, 0xa9, 0xa9, 0x6e, 0x6e, 0xa4, 0xa4, 0x6e, 0x66, 0x66, 0x6e, 0x5e, 0x5e, 0x5e, 0x5e, 0x5e, 0x66, 0x5e, 0x6e, 0x9b, 0xd2, 0xa8, 0xdd, 0xda, 0xa2, 0xa4, 0xa4, 0xaa, 0xa4, 0xa4, 0xad, 0xb3, 0xbe, 0xc8, 0xcd, 0xcd, 0xcd, 0xe7, 0xe6, 0xc4, 0xc1, 0xbf, 0xc1, 0xc1, 0xc1, 0xc1, 0xc1, 0xbf, 0xe0, 0xd8, 0xd5, 0xd5, 0xd8, 0xdd, 0xbb, 0xc4, 0xc7, 0xe3, 0xdd, 0xd8, 0xd8, 0xdf, 0xe5, 0xe7, 0xce, 0xcf, 0xcd, 0xcd, 0xe7, 0xcb, 
  0xe0, 0xe1, 0xb5, 0xe4, 0xe4, 0xe6, 0xe4, 0xe1, 0xe1, 0xdf, 0xe1, 0xe1, 0xdb, 0xd4, 0xef, 0xe7, 0xcf, 0xcf, 0xcd, 0x7b, 0x1a, 0x95, 0x7b, 0xc5, 0xdb, 0xd7, 0xd4, 0x99, 0x9c, 0x9c, 0xb0, 0xcd, 0xce, 0xe7, 0xc1, 0xd7, 0x99, 0x98, 0x99, 0xd0, 0xd6, 0xe8, 0xd9, 0xd6, 0xd4, 0xd2, 0xd3, 0xd2, 0xd2, 0xd3, 0xd9, 0xbf, 0xc1, 0xc4, 0xc7, 0xc7, 0xc7, 0xc7, 0xc8, 0xca, 0xcd, 0xcb, 0xca, 0xc4, 0xe5, 0xc1, 0xe5, 0xc6, 0xe6, 0xcd, 0xcf, 0xce, 0xcb, 0x92, 0xcd, 0xce, 0xce, 0xcd, 0x81, 0x9c, 0x5a, 0x9e, 0x7e, 0x92, 0xc9, 0x8b, 0x8a, 0x86, 0x8b, 0x8f, 0x92, 0xc6, 0x8e, 0x8a, 0x7d, 0x73, 0x6a, 0x6a, 0x6a, 0x6a, 0x73, 0x6a, 0x6a, 0x64, 0x5d, 0x5d, 0x5d, 0x59, 0x59, 0x96, 0x55, 0x57, 0x55, 0x64, 0x65, 0x6a, 0x73, 0x7e, 0x8a, 0x8e, 0x90, 0x90, 0x8e, 0x90, 0x8e, 0x8e, 0x48, 0x8a, 0x8a, 0x8a, 0x8d, 0x4d, 0x90, 0x4f, 0x93, 0x4f, 0x50, 0x4f, 0x4f, 0x51, 0x51, 0x4f, 0x4f, 0x07, 0x47, 0x1f, 0x1f, 0x48, 0x06, 0x4e, 0x4f, 0x06, 0x51, 0x51, 0x4d, 0x07, 0x81, 0x10, 0x81, 0x93, 0x8f, 0x8e, 0x8b, 0x8b, 0x83, 0x83, 0x86, 0x89, 0x8b, 0x8f, 0x92, 0x94, 0xcc, 0xcc, 0xc6, 0x8e, 0x8b, 0x83, 0xac, 0xab, 0x78, 0xa7, 0xac, 0xa7, 0xac, 0xa9, 0x80, 0x74, 0x61, 0x5a, 0x5a, 0x71, 0x8e, 0x92, 0x77, 0x71, 0xb9, 0x85, 0xb3, 0xc6, 0x8b, 0xac, 0xc3, 0xc8, 0xc6, 0xc2, 0x92, 0xcd, 0xce, 0xcf, 0xcf, 0xcf, 0xcf, 0xce, 0xce, 0x8f, 0x78, 0x7c, 0xb9, 0xbe, 0xbc, 0xbd, 0xbd, 0xb5, 0xbd, 0xbc, 0xb8, 0x9f, 0xab, 0x7e, 0xa6, 0x8a, 0x83, 0xc4, 0xc7, 0xc4, 0xbc, 0xbe, 0xbd, 0xc1, 0xbf, 0xb6, 0xae, 0xb1, 0xbb, 0xb4, 0xbb, 0xb7, 0xb1, 0xaf, 0xaa, 0xa9, 0xa4, 0xa9, 0xa4, 0xa4, 0xa4, 0x6e, 0x6e, 0x6e, 0x6e, 0x6e, 0x6e, 0x6e, 0x6e, 0x66, 0x66, 0x6e, 0x66, 0x6e, 0x9b, 0xa3, 0xa8, 0xb7, 0xb4, 0xa8, 0xaa, 0xaa, 0xa7, 0xaa, 0xa1, 0x9d, 0x9d, 0xa7, 0xbc, 0xc5, 0xcd, 0xce, 0xcd, 0xc8, 0xe5, 0xc1, 0xc4, 0xc4, 0xc4, 0xc4, 0xc1, 0xbb, 0xdd, 0xd8, 0xd5, 0xd8, 0xdd, 0xe0, 0xc4, 0xc7, 0xc7, 0xc1, 0xdf, 0xdf, 0xd8, 0xe1, 0xe5, 0xce, 0xce, 0xcf, 0xcf, 0xce, 0xce, 0xcf, 
  0xe4, 0xe2, 0xe1, 0xe4, 0xe9, 0xe1, 0xe8, 0xe8, 0xe8, 0xe1, 0xe8, 0xdb, 0xed, 0xb0, 0xce, 0xce, 0xce, 0xcf, 0xce, 0x8c, 0x9e, 0x10, 0x98, 0x89, 0xe4, 0xd4, 0xd4, 0xa0, 0xd0, 0x99, 0x9c, 0xd7, 0xe6, 0xc8, 0xc8, 0xc7, 0xe5, 0xd9, 0xd2, 0x98, 0x98, 0xd0, 0xd4, 0xe8, 0xe8, 0xe8, 0xd6, 0xd9, 0xe8, 0xd9, 0xd6, 0xd3, 0xd4, 0xd9, 0xc1, 0xc8, 0xc8, 0xc8, 0xca, 0xcd, 0xce, 0xce, 0xce, 0xcd, 0xca, 0xe6, 0xc2, 0xc6, 0xe7, 0xce, 0xcf, 0xcf, 0x94, 0xc9, 0xc9, 0xcc, 0xcd, 0xce, 0xce, 0xcb, 0x89, 0x62, 0x62, 0x62, 0x7e, 0x94, 0xc3, 0x8b, 0x8a, 0x8b, 0x8f, 0x8f, 0x8f, 0x86, 0x7e, 0x7d, 0x79, 0x77, 0x73, 0x7d, 0x77, 0x7d, 0x70, 0x70, 0x6e, 0x6a, 0x66, 0x5e, 0x5d, 0x59, 0x59, 0x59, 0x59, 0x59, 0x59, 0x5d, 0x65, 0x6a, 0x77, 0x82, 0x8e, 0x90, 0x93, 0x90, 0x90, 0x8e, 0x8e, 0x8e, 0x48, 0x8a, 0x48, 0x4d, 0x4f, 0x51, 0x06, 0x06, 0x06, 0x06, 0x06, 0x06, 0x51, 0x06, 0x07, 0x3f, 0x1f, 0x6f, 0x4e, 0x50, 0x4e, 0x51, 0x06, 0x06, 0x51, 0x4f, 0x06, 0x87, 0x1a, 0x76, 0xce, 0x8e, 0x8e, 0x8b, 0x8b, 0x86, 0x86, 0x86, 0x89, 0x8b, 0x8c, 0x92, 0x93, 0xce, 0x94, 0x50, 0x92, 0x92, 0x8f, 0x8b, 0x86, 0xac, 0xa7, 0xac, 0x78, 0x80, 0x7d, 0x86, 0x80, 0x61, 0x6b, 0x7e, 0x7e, 0xb9, 0x8e, 0x86, 0x71, 0x7d, 0x7e, 0x80, 0xb9, 0xb9, 0x80, 0x86, 0x7c, 0x8f, 0xc8, 0xcb, 0xe7, 0xcc, 0xcf, 0xcf, 0xcf, 0xcf, 0xcf, 0xcd, 0xc6, 0xc3, 0x86, 0x86, 0x8f, 0xc6, 0xc7, 0xbc, 0xb2, 0xbc, 0xb2, 0xb5, 0xb8, 0x83, 0x8b, 0x74, 0x67, 0xa6, 0x8b, 0xc4, 0xc7, 0xc4, 0xc4, 0xc1, 0xc4, 0xbd, 0xbd, 0xbd, 0xbd, 0xbb, 0xbb, 0xbb, 0xbb, 0xbf, 0xbf, 0xbf, 0xbb, 0xbb, 0xb7, 0xb6, 0xb7, 0xb6, 0xaf, 0xaf, 0xaf, 0xaa, 0xaa, 0x6e, 0xa4, 0x6e, 0xa4, 0xa4, 0xa4, 0xa9, 0xaa, 0xa4, 0xa4, 0xa8, 0xa3, 0xa3, 0xdc, 0xa8, 0xb7, 0xbb, 0xb6, 0xb8, 0xb2, 0xb2, 0xa7, 0x9f, 0x9f, 0x9f, 0xa7, 0xdb, 0xbc, 0xc7, 0xe7, 0xc7, 0xc1, 0xc4, 0xc4, 0xc4, 0xe3, 0xe3, 0xd8, 0xd8, 0xd8, 0xdc, 0xe0, 0xc1, 0xc7, 0xc8, 0xc8, 0xe5, 0xe0, 0xdf, 0xdf, 0xe2, 0xc8, 0xce, 0xcf, 0xcf, 0xcf, 0xcf, 0xcf, 0xce, 
  0xe2, 0xe1, 0xe5, 0xe9, 0xe1, 0xe8, 0xe8, 0xe8, 0xdf, 0xe8, 0xd4, 0xd4, 0xb0, 0xfa, 0xcf, 0xcf, 0xcf, 0xcf, 0xce, 0xfc, 0x75, 0x63, 0x0c, 0x99, 0xc2, 0xe1, 0xd4, 0xd4, 0xd1, 0x9c, 0x99, 0x99, 0xd7, 0xca, 0xc4, 0xc4, 0xc7, 0xc7, 0xc4, 0xd9, 0xd0, 0x99, 0x98, 0xd0, 0xd6, 0xe8, 0xdf, 0xe8, 0xd6, 0xd6, 0xd6, 0xd6, 0xd4, 0xd4, 0xd4, 0xdb, 0xc4, 0xcb, 0xc8, 0xe7, 0xcb, 0xce, 0xcf, 0xce, 0xce, 0xce, 0xe7, 0xe7, 0xcd, 0xce, 0xcf, 0xce, 0x91, 0x94, 0xce, 0xcf, 0xce, 0xce, 0xc9, 0x92, 0x94, 0xcb, 0x8a, 0x6f, 0x62, 0x6b, 0x8e, 0xc8, 0x8a, 0x86, 0x8b, 0xb9, 0x8a, 0x86, 0x86, 0x80, 0x85, 0x86, 0x86, 0x7d, 0x7d, 0x7d, 0xa9, 0x7d, 0xa9, 0xa4, 0x70, 0x66, 0x5d, 0x5d, 0x59, 0x5d, 0x59, 0x59, 0x59, 0x59, 0x59, 0x59, 0x65, 0x73, 0x79, 0x8a, 0x90, 0x50, 0x93, 0x93, 0x90, 0x8d, 0x8e, 0x48, 0x8d, 0x4d, 0x51, 0x06, 0x06, 0x06, 0x06, 0x06, 0x06, 0x06, 0x06, 0x06, 0x3f, 0x67, 0x87, 0x06, 0x4f, 0x4e, 0x51, 0x06, 0x06, 0x06, 0x06, 0x51, 0x06, 0x87, 0x3f, 0x92, 0x48, 0x89, 0x8a, 0x8a, 0x85, 0x86, 0x8a, 0x8b, 0x8f, 0x92, 0xcb, 0xce, 0xce, 0x07, 0xce, 0xce, 0xce, 0x92, 0x8e, 0x8b, 0xb2, 0x86, 0xac, 0x80, 0x80, 0x80, 0x55, 0x70, 0x8b, 0x8e, 0xca, 0x92, 0xbe, 0x8f, 0xb9, 0x86, 0x6c, 0x70, 0x80, 0x86, 0x78, 0x66, 0x68, 0x70, 0x6b, 0xb9, 0xc6, 0xcb, 0xcd, 0xcf, 0xcf, 0xcf, 0xcf, 0xcf, 0xce, 0xcd, 0xc8, 0x8f, 0xac, 0x7e, 0x83, 0x8f, 0xc7, 0xc6, 0xc7, 0xc8, 0xc7, 0xc5, 0xc4, 0x8f, 0xc3, 0x62, 0x61, 0x85, 0xc3, 0xc7, 0xc8, 0xc8, 0xca, 0xca, 0xc8, 0xc8, 0xc4, 0xc4, 0xc7, 0xc7, 0xbf, 0xbb, 0xbf, 0xbb, 0xbb, 0xbf, 0xb7, 0xb7, 0xbb, 0xbb, 0xbb, 0xbf, 0xbf, 0xb6, 0xbb, 0xbd, 0xb6, 0xb1, 0xaf, 0xaa, 0x6e, 0xa4, 0xa9, 0xa4, 0xa4, 0xa9, 0xa4, 0xaa, 0xaa, 0xa8, 0xa3, 0xa8, 0xda, 0xc3, 0xcb, 0xe7, 0xca, 0xcd, 0xcb, 0xc8, 0xbe, 0xde, 0xab, 0xa0, 0x9f, 0xd4, 0xb2, 0xe6, 0xc7, 0xc4, 0xc4, 0xc4, 0xe3, 0xe0, 0xd8, 0xdc, 0xdf, 0xbb, 0xe5, 0xc7, 0xc8, 0xc8, 0xca, 0xc7, 0xe3, 0xdf, 0xe2, 0xe4, 0xcb, 0xce, 0xcf, 0xcf, 0xcf, 0xcf, 0xce, 0xcd, 
  0xe1, 0xe4, 0xeb, 0xe4, 0xf1, 0xe1, 0xe8, 0xe1, 0xe8, 0xd4, 0xd4, 0xf0, 0xce, 0xcf, 0xcf, 0xcf, 0xcf, 0xcf, 0x07, 0xf2, 0x75, 0xa0, 0x1a, 0x98, 0xa5, 0xe9, 0xe1, 0xe1, 0xd6, 0xd4, 0xd4, 0xd0, 0xd1, 0xdb, 0xc8, 0xc7, 0xc1, 0xc1, 0xbd, 0xc4, 0xc1, 0xa8, 0xd0, 0x99, 0x98, 0xd0, 0xd6, 0xe1, 0xe8, 0xe8, 0xd6, 0xd6, 0xd9, 0xd4, 0xd3, 0xa0, 0xd7, 0xe5, 0xc8, 0xe6, 0xc9, 0xce, 0xcf, 0xcf, 0xcf, 0xcf, 0xce, 0xcf, 0xcf, 0xcf, 0xce, 0x93, 0x92, 0x92, 0xcf, 0xce, 0xcf, 0x94, 0x92, 0x92, 0x8f, 0x89, 0x8b, 0xc9, 0x8b, 0x67, 0x62, 0x7e, 0x92, 0x8b, 0x86, 0x8b, 0x86, 0x86, 0x86, 0x86, 0x86, 0x8a, 0x86, 0x79, 0xa9, 0x7d, 0xa9, 0xaf, 0xa9, 0xa9, 0x6e, 0x6e, 0x5e, 0x5e, 0x59, 0x5d, 0x59, 0x5d, 0x59, 0x59, 0x59, 0x5c, 0x5d, 0x65, 0x6a, 0x73, 0x82, 0x8d, 0xce, 0x50, 0x91, 0x90, 0x4d, 0x8d, 0x4d, 0x4e, 0x4f, 0x06, 0x06, 0x06, 0x06, 0x06, 0x06, 0x51, 0x07, 0x40, 0x00, 0x4d, 0x07, 0x4e, 0x4e, 0x4f, 0x06, 0x06, 0x06, 0x06, 0x06, 0x51, 0x4d, 0x4e, 0x93, 0x90, 0x8e, 0x92, 0x8e, 0x8b, 0x8b, 0x8b, 0x8b, 0x85, 0x79, 0x85, 0x72, 0x7a, 0x7f, 0x6d, 0x7f, 0x8a, 0x48, 0xce, 0xcd, 0x92, 0x8a, 0xb2, 0xb3, 0xb3, 0x86, 0x68, 0x52, 0x52, 0x68, 0x8e, 0x8b, 0x8b, 0x8f, 0xb9, 0xc3, 0x7c, 0x74, 0x86, 0x8b, 0xa9, 0x70, 0x64, 0x5a, 0x78, 0x8f, 0xc3, 0xb8, 0xc6, 0xce, 0xcf, 0xcf, 0xcf, 0xce, 0xce, 0xce, 0xce, 0xca, 0xc0, 0x8f, 0x92, 0xca, 0xcd, 0xcb, 0xcd, 0xcd, 0xce, 0xcd, 0xce, 0xcd, 0xcd, 0xc3, 0x5a, 0x6f, 0xcb, 0xe6, 0xc8, 0xcb, 0xcb, 0xca, 0xca, 0xc8, 0xca, 0xca, 0xe5, 0xbe, 0xe5, 0xc4, 0xbd, 0xb5, 0xb1, 0xb7, 0xb4, 0xb1, 0xae, 0xaa, 0xae, 0xaa, 0xaa, 0xaa, 0xae, 0xb6, 0xbf, 0xb7, 0xb7, 0xb7, 0xb7, 0xb7, 0xb7, 0xb7, 0xb1, 0xae, 0xaa, 0xaa, 0xa8, 0xa8, 0xaa, 0xa3, 0xa2, 0x9b, 0xa3, 0xc1, 0xcd, 0xc8, 0xe7, 0xcd, 0xce, 0xce, 0xce, 0xce, 0xce, 0xc2, 0xb0, 0xd4, 0xd7, 0xc8, 0xc8, 0xc7, 0xc4, 0xe3, 0xdf, 0xdd, 0xdf, 0xbf, 0xc1, 0xc7, 0xc8, 0xc8, 0xca, 0xcb, 0xe6, 0xe3, 0xe2, 0xe2, 0xc7, 0xce, 0xcf, 0xcf, 0xcf, 0xcf, 0xce, 0xcb, 0xc5, 
  0xeb, 0xeb, 0xcd, 0xe9, 0xe1, 0xe1, 0xf3, 0xe8, 0xd6, 0xd4, 0xf0, 0xcc, 0xce, 0xcf, 0xfa, 0xcf, 0xcf, 0xcf, 0xcf, 0xcf, 0xee, 0x75, 0x75, 0x1a, 0x99, 0xde, 0xe1, 0xe1, 0xe8, 0xd6, 0xd4, 0xd2, 0xd1, 0xd1, 0xbc, 0xc7, 0xc1, 0xc1, 0xbd, 0xbd, 0xbb, 0xbd, 0xbf, 0xd9, 0xd0, 0xd0, 0x98, 0xd0, 0xd6, 0xe8, 0xe1, 0xd6, 0xe8, 0xd6, 0xd9, 0xd4, 0xd3, 0xd7, 0xab, 0xe6, 0xce, 0xcd, 0xcf, 0xce, 0xcf, 0xcf, 0xfa, 0xcf, 0xcf, 0xcf, 0xcf, 0x93, 0x91, 0x50, 0xce, 0xcf, 0xcc, 0x93, 0xc6, 0x92, 0x92, 0x8f, 0x8b, 0x89, 0x8f, 0xcb, 0x7e, 0x58, 0x6f, 0x8a, 0x8b, 0xb9, 0xb9, 0x8b, 0x86, 0x86, 0x86, 0x8b, 0x80, 0x7d, 0x70, 0xa1, 0x80, 0xa9, 0xa9, 0xa9, 0xa4, 0x6e, 0x5e, 0x5e, 0x5d, 0x5d, 0x59, 0x59, 0x59, 0x59, 0x65, 0x5d, 0x65, 0x59, 0x65, 0x65, 0x6d, 0x7a, 0x88, 0x93, 0x06, 0x4f, 0x90, 0x4d, 0x4f, 0x4f, 0x51, 0x06, 0x06, 0x06, 0x06, 0x06, 0x06, 0x06, 0x07, 0x47, 0x4f, 0x07, 0x4e, 0x4f, 0x51, 0x06, 0x06, 0x06, 0x06, 0x06, 0x51, 0x06, 0x06, 0x07, 0x90, 0x8a, 0x82, 0x77, 0x73, 0x73, 0x6a, 0x65, 0x65, 0x65, 0x55, 0x5c, 0x5c, 0x54, 0x56, 0x54, 0x56, 0x57, 0x5f, 0x72, 0x7a, 0x8a, 0xca, 0x8b, 0xb3, 0x8b, 0x80, 0x55, 0x52, 0x52, 0x54, 0x85, 0x92, 0x8f, 0xb9, 0xc3, 0x8b, 0x74, 0x80, 0x86, 0xa9, 0x7d, 0xa9, 0x7d, 0x7d, 0xc6, 0xc8, 0x8b, 0x8b, 0x89, 0xcd, 0xce, 0xcf, 0xce, 0xe7, 0xe7, 0xcb, 0xe7, 0xca, 0xc8, 0xe7, 0xcd, 0xe7, 0xc6, 0xca, 0xc9, 0xca, 0xc9, 0xe7, 0xe7, 0xc9, 0xc6, 0xca, 0x7b, 0xc0, 0xe7, 0xca, 0xc8, 0xe7, 0xcb, 0xca, 0xcb, 0xcd, 0xce, 0xce, 0xe7, 0xca, 0xca, 0xc8, 0xc4, 0xbf, 0xbf, 0xb7, 0xae, 0xaa, 0xdc, 0xb1, 0xaa, 0xaa, 0xaa, 0xa4, 0xaa, 0xa4, 0xa8, 0xa4, 0xa8, 0xaa, 0xb7, 0xb4, 0xb7, 0xbb, 0xbb, 0xb7, 0xb7, 0xb7, 0xb7, 0xb7, 0xb7, 0xb7, 0xb1, 0xad, 0x9d, 0xd0, 0xab, 0xcd, 0xc6, 0xc9, 0xcb, 0xce, 0xcf, 0xce, 0xcf, 0xce, 0xcd, 0xc7, 0xdb, 0xc2, 0xcd, 0xc8, 0xc4, 0xe2, 0xdd, 0xe0, 0xe2, 0xc4, 0xc7, 0xc8, 0xc8, 0xc8, 0xca, 0xcb, 0xc8, 0xe5, 0xe2, 0xe4, 0xe6, 0xce, 0xcf, 0xcf, 0x07, 0xcf, 0xcc, 0xc8, 0xc5, 
  0xce, 0xce, 0xce, 0xe4, 0xe9, 0xe1, 0xe1, 0xd6, 0xed, 0xdb, 0xce, 0xcf, 0xcf, 0xcf, 0xcf, 0xcf, 0xcf, 0xcf, 0xcf, 0xcf, 0xba, 0x7b, 0x63, 0x9c, 0x63, 0xa0, 0xe5, 0xe8, 0xe1, 0xe8, 0xe8, 0xdb, 0xd6, 0xd2, 0xd4, 0xcb, 0xc7, 0xc1, 0xc1, 0xbf, 0xbd, 0xb7, 0xe0, 0xbb, 0xe0, 0xdd, 0xd2, 0x99, 0x99, 0xd2, 0xe3, 0xe1, 0xe8, 0xd6, 0xe8, 0xe8, 0xd4, 0xd4, 0xd1, 0xb0, 0xc5, 0xce, 0xcd, 0xce, 0xcf, 0xcf, 0xcf, 0xcf, 0xcf, 0xcf, 0xcf, 0xcf, 0xcf, 0xcf, 0xcf, 0x07, 0xcd, 0x91, 0xc6, 0x92, 0xc6, 0xc3, 0x92, 0x8f, 0x8e, 0x8f, 0xce, 0x89, 0x6f, 0x7e, 0x8f, 0xb9, 0x8f, 0xb9, 0x86, 0x86, 0x80, 0x86, 0x86, 0x74, 0x9d, 0x6c, 0xa2, 0xa9, 0xa4, 0xa9, 0x6e, 0x70, 0x66, 0x66, 0x5e, 0x5d, 0x59, 0x59, 0x55, 0x59, 0x59, 0x6a, 0x6a, 0x72, 0x6a, 0x65, 0x65, 0x68, 0x34, 0x82, 0x4d, 0x50, 0x06, 0x4f, 0x4e, 0x51, 0x51, 0x06, 0x06, 0x06, 0x06, 0x06, 0x07, 0x06, 0x06, 0x07, 0x07, 0x4f, 0x51, 0x51, 0x51, 0x06, 0x06, 0x06, 0x06, 0x51, 0x06, 0x4d, 0x35, 0x21, 0x5f, 0x54, 0x54, 0x54, 0x52, 0x52, 0x52, 0x52, 0x52, 0x52, 0x52, 0x56, 0x56, 0x56, 0x56, 0x56, 0x56, 0x53, 0x56, 0x54, 0x54, 0x5c, 0x77, 0x8e, 0xb9, 0x8f, 0x6a, 0x55, 0x52, 0x54, 0x5b, 0x8b, 0x92, 0x8f, 0xc6, 0xc3, 0x74, 0x78, 0x7d, 0x7d, 0x7c, 0x7d, 0x80, 0x86, 0x89, 0xcd, 0x8b, 0x86, 0x83, 0x8f, 0x94, 0xce, 0xcd, 0x94, 0xc8, 0xc2, 0xc2, 0xc8, 0xc6, 0xcb, 0xcd, 0x8b, 0xab, 0xc0, 0xc8, 0xe6, 0xca, 0xc8, 0xca, 0xc8, 0xc5, 0xcd, 0xe6, 0xcb, 0xce, 0xcc, 0xcb, 0xcb, 0xca, 0xca, 0xca, 0xcd, 0xcd, 0xce, 0xce, 0xce, 0xce, 0xcb, 0xcb, 0xc7, 0xe5, 0xbf, 0xbb, 0xb7, 0xb7, 0xb7, 0xb1, 0xaa, 0xa4, 0xa4, 0xa4, 0xaa, 0xa4, 0xaa, 0xa4, 0xa4, 0xa4, 0xa4, 0xa2, 0xa4, 0xb1, 0xb7, 0xb7, 0xb7, 0xbf, 0xbb, 0xbf, 0xbf, 0xc1, 0xc7, 0xc4, 0xc1, 0xab, 0x9c, 0xa0, 0xcb, 0xca, 0xc9, 0xce, 0xcf, 0xcf, 0xce, 0xcd, 0xe7, 0xce, 0xe7, 0xc9, 0xce, 0xcb, 0xc7, 0xe3, 0xe3, 0xe3, 0xc4, 0xc8, 0xca, 0xc8, 0xc8, 0xca, 0xca, 0xcd, 0xe7, 0xe5, 0xe5, 0xe5, 0xcb, 0xcf, 0xcf, 0xcf, 0xcf, 0xcc, 0xc9, 0xcb, 0xce, 
  0xcf, 0xce, 0xcb, 0xe9, 0xe4, 0xe9, 0xe8, 0xd6, 0xe9, 0xf7, 0xcf, 0xcf, 0xce, 0xfa, 0xcf, 0xcf, 0xcf, 0xcf, 0xcf, 0xcf, 0x8c, 0xec, 0x75, 0x9e, 0x10, 0x99, 0xdb, 0xe9, 0xe8, 0xe8, 0xe8, 0xd2, 0xd6, 0xd4, 0xd4, 0xdb, 0xe5, 0xc7, 0xc4, 0xc1, 0xc1, 0xbf, 0xb7, 0xb7, 0xbb, 0xbf, 0xdd, 0xd3, 0xd0, 0x98, 0xd0, 0xd6, 0xe8, 0xe1, 0xd6, 0xd6, 0xd6, 0xd4, 0xd2, 0xa0, 0xa0, 0x7b, 0xc8, 0xc9, 0xcd, 0xcf, 0xcf, 0xcf, 0xcf, 0xcf, 0xcf, 0xcf, 0xcf, 0xcf, 0xcf, 0xcf, 0xcf, 0xcb, 0x93, 0xc3, 0x92, 0x92, 0xc6, 0xc6, 0xc6, 0x94, 0xc0, 0xcd, 0x92, 0x8e, 0xc3, 0x8f, 0xc3, 0xb9, 0x86, 0x86, 0x86, 0x86, 0x86, 0x80, 0x74, 0x9d, 0x9d, 0xa7, 0xa9, 0xa4, 0x70, 0x6e, 0x70, 0x6a, 0x5e, 0x5d, 0x59, 0x59, 0x55, 0x59, 0x59, 0x65, 0x73, 0x79, 0x7a, 0x73, 0x6d, 0x72, 0x72, 0x34, 0x3f, 0x4c, 0x4e, 0x06, 0x06, 0x51, 0x51, 0x06, 0x06, 0x06, 0x06, 0x06, 0x06, 0x07, 0x06, 0x06, 0x06, 0x06, 0x51, 0x51, 0x51, 0x06, 0x06, 0x06, 0x06, 0x51, 0x06, 0x4b, 0x1f, 0x21, 0x21, 0x72, 0x6d, 0x6a, 0x5c, 0x54, 0x52, 0x52, 0x52, 0x53, 0x56, 0x56, 0x56, 0x56, 0x14, 0x60, 0x56, 0x56, 0x56, 0x53, 0x56, 0x52, 0x52, 0x5b, 0x85, 0xc6, 0x73, 0x55, 0x5c, 0x5c, 0x71, 0x92, 0x92, 0x94, 0xb9, 0x76, 0x9f, 0x86, 0x86, 0x80, 0xb3, 0x86, 0xb3, 0x74, 0x8e, 0xcd, 0x8b, 0x80, 0x7c, 0x8b, 0xe7, 0xc0, 0xc0, 0xcb, 0xca, 0x8f, 0xbe, 0xc8, 0xe7, 0xca, 0x8b, 0x83, 0xc3, 0xca, 0xc8, 0xcb, 0xca, 0xc8, 0xc8, 0xc8, 0xcc, 0xcb, 0xc8, 0xe7, 0xce, 0xce, 0xcf, 0xcd, 0xcd, 0xc9, 0xc8, 0xc9, 0xcb, 0xcf, 0xcc, 0xcf, 0xce, 0xcf, 0xcd, 0xcb, 0xc7, 0xe5, 0xbd, 0xbf, 0xbb, 0xb1, 0xae, 0xaa, 0xb1, 0xaa, 0xa4, 0xa4, 0xa4, 0xa4, 0x6e, 0xa4, 0xa4, 0xa4, 0xa4, 0x6e, 0xa2, 0xa2, 0xa2, 0xa2, 0xda, 0xb7, 0xbb, 0xbb, 0xbf, 0xc1, 0xc4, 0xc8, 0xcd, 0xe5, 0xd1, 0x9e, 0xc8, 0xcb, 0xe7, 0xce, 0xcf, 0xcf, 0xce, 0xcd, 0xc9, 0xcf, 0xce, 0xce, 0xcd, 0xc8, 0xe5, 0xc1, 0xc4, 0xc8, 0xca, 0xca, 0xc8, 0xc8, 0xc8, 0xcb, 0xcd, 0xcb, 0xc8, 0xe6, 0xca, 0xce, 0xce, 0xcf, 0xcf, 0xce, 0xce, 0xce, 0xcf, 0xcf, 
  0xcf, 0xcf, 0xe9, 0xe4, 0xe9, 0xe1, 0xd6, 0xf2, 0xce, 0xcf, 0xcf, 0xcf, 0xfa, 0xcf, 0xcf, 0xcf, 0xcf, 0xcf, 0xcf, 0xfa, 0xcf, 0xf4, 0x7b, 0x63, 0x9c, 0x00, 0xd4, 0xe4, 0xe1, 0xe8, 0xe8, 0xd6, 0xd6, 0xd2, 0xd1, 0xd2, 0xe5, 0xc8, 0xc7, 0xc4, 0xc1, 0xc1, 0xbf, 0xbb, 0xb7, 0xe0, 0xbf, 0xc1, 0xbc, 0xd1, 0xd0, 0xd0, 0xd2, 0xe8, 0xe8, 0xe8, 0xd6, 0xd6, 0xdb, 0xd6, 0xd1, 0xa0, 0xc2, 0xcd, 0xcb, 0xce, 0xcf, 0xcf, 0xcf, 0xcf, 0xcf, 0xcf, 0xfa, 0xfa, 0xcf, 0xce, 0xcf, 0xce, 0xc6, 0x8f, 0x8f, 0x8f, 0xc9, 0xcb, 0xcb, 0xcb, 0x94, 0x92, 0x94, 0xc6, 0x92, 0xc3, 0xc7, 0xbe, 0xb9, 0x8b, 0x86, 0xb9, 0xb9, 0x86, 0x78, 0x9f, 0x9f, 0xa1, 0xa2, 0xa9, 0xa4, 0x70, 0xa9, 0x70, 0x6a, 0x5d, 0x59, 0x59, 0x59, 0x59, 0x55, 0x59, 0x5c, 0x73, 0x7e, 0x48, 0x82, 0x7f, 0x7f, 0x3f, 0x43, 0x43, 0x47, 0x4e, 0x51, 0x06, 0x06, 0x06, 0x06, 0x06, 0x06, 0x07, 0x06, 0x07, 0x06, 0x06, 0x06, 0x06, 0x51, 0x51, 0x06, 0x06, 0x06, 0x06, 0x06, 0x51, 0x4f, 0x4f, 0x4f, 0x90, 0x50, 0xce, 0xcc, 0x90, 0x8e, 0x82, 0x73, 0x5f, 0x56, 0x54, 0x52, 0x53, 0x53, 0x56, 0x56, 0x56, 0x14, 0x56, 0x56, 0x56, 0x56, 0x56, 0x56, 0x52, 0x56, 0x79, 0x6d, 0x65, 0x65, 0x71, 0x85, 0x92, 0xc6, 0x8b, 0x6b, 0x78, 0xb9, 0xb9, 0xbe, 0xb9, 0xb3, 0xb9, 0x6c, 0xa6, 0xcd, 0x92, 0x78, 0x7c, 0x86, 0xb9, 0xc6, 0xc3, 0xe7, 0xc3, 0x78, 0xb3, 0xc7, 0xe5, 0xb3, 0xa7, 0x6b, 0xac, 0xca, 0xc8, 0xc8, 0xc8, 0xc7, 0xe6, 0xc7, 0xcd, 0xca, 0xca, 0xe6, 0xcb, 0xcb, 0xce, 0xce, 0xcf, 0xce, 0xcd, 0xe7, 0xc8, 0xe7, 0xcb, 0xce, 0xce, 0xcc, 0xcc, 0xcd, 0xce, 0xcd, 0xcb, 0xc8, 0xe5, 0xc1, 0xb6, 0xbb, 0xb1, 0xaf, 0xaa, 0xaa, 0xaa, 0xaa, 0xa4, 0xa4, 0x6e, 0x6e, 0x6e, 0xa4, 0x6e, 0x6e, 0x6e, 0x66, 0x9b, 0x66, 0x6e, 0xa2, 0xb1, 0xb7, 0xe0, 0xbd, 0xc1, 0xc7, 0xcc, 0xcd, 0xa0, 0xd1, 0xca, 0xcb, 0xcd, 0xcf, 0xcf, 0xce, 0xce, 0xcd, 0xcd, 0xcf, 0xce, 0xcd, 0xe6, 0xc7, 0xc7, 0xe6, 0xca, 0xca, 0xc8, 0xc7, 0xc8, 0xc8, 0xcb, 0xce, 0xce, 0xcc, 0xcb, 0xcd, 0xce, 0xcf, 0xcf, 0xcf, 0xcf, 0xcf, 0xcf, 0xcf, 0xcf, 
  0xcf, 0xce, 0xe9, 0xea, 0xe1, 0xf1, 0xba, 0xce, 0xce, 0xfa, 0xcf, 0xcf, 0xcf, 0xcf, 0xcf, 0xcf, 0xcf, 0xcf, 0xcf, 0x07, 0xcf, 0xcf, 0xee, 0xa5, 0xec, 0x9c, 0x98, 0xd7, 0xe9, 0xdf, 0xe8, 0xe8, 0xe8, 0xe8, 0xe8, 0xd6, 0xe1, 0xe6, 0xc7, 0xc4, 0xc1, 0xbf, 0xbf, 0xbb, 0xe0, 0xbb, 0xbf, 0xc7, 0xc7, 0xc7, 0xe5, 0xd2, 0x99, 0xd2, 0xd6, 0xe1, 0xe4, 0xe1, 0xe1, 0xe1, 0xd9, 0xd2, 0xd1, 0xd7, 0xca, 0xcb, 0xce, 0xcf, 0xcf, 0xcf, 0xcf, 0xcf, 0xfa, 0xcf, 0xcf, 0xcf, 0xcf, 0xce, 0xe7, 0x8f, 0x89, 0x8b, 0xc3, 0xcb, 0xcb, 0xcd, 0xce, 0xce, 0xcc, 0x94, 0xc3, 0xc3, 0xc7, 0xc7, 0xbe, 0xbe, 0x8f, 0xbe, 0xb9, 0x8f, 0x8b, 0xac, 0x6b, 0x9d, 0x9f, 0xa9, 0xa9, 0x7d, 0x7d, 0x79, 0x70, 0x6a, 0x5d, 0x59, 0x59, 0x55, 0x55, 0x55, 0x59, 0x5c, 0x79, 0x8d, 0x90, 0x4d, 0x8d, 0x46, 0x46, 0x4b, 0x4b, 0x4b, 0xff, 0x06, 0x06, 0x06, 0x06, 0x06, 0x07, 0x06, 0x07, 0x06, 0x07, 0x06, 0x06, 0x51, 0x51, 0x51, 0x06, 0x06, 0x06, 0x06, 0x06, 0x51, 0x4f, 0x4f, 0x50, 0x06, 0x93, 0x90, 0x90, 0x8e, 0x8e, 0x8e, 0x8e, 0x8a, 0x7f, 0x72, 0x60, 0x5c, 0x56, 0x56, 0x56, 0x56, 0x56, 0x56, 0x56, 0x53, 0x53, 0x14, 0x56, 0x56, 0x52, 0x52, 0x65, 0x7a, 0x73, 0x85, 0x8f, 0x94, 0x8f, 0x7e, 0x8b, 0x8f, 0xb9, 0xb9, 0xbe, 0xbe, 0xbe, 0xc3, 0x78, 0x8b, 0xcd, 0xc3, 0x74, 0x80, 0xb9, 0xb3, 0x8f, 0xc8, 0xcb, 0xa6, 0x78, 0xc3, 0xb9, 0xb6, 0x86, 0x80, 0xb9, 0xc6, 0xc3, 0xc8, 0xc7, 0xc4, 0xc8, 0xc4, 0xc7, 0xc8, 0xc8, 0xc8, 0xe6, 0xcd, 0xe7, 0xcb, 0xce, 0xcf, 0xce, 0xce, 0xcb, 0xc5, 0xcb, 0xcd, 0xe7, 0xcd, 0xce, 0xce, 0xcd, 0xe7, 0xc9, 0xe7, 0xcd, 0xca, 0xc7, 0xc7, 0xc1, 0xc1, 0xb6, 0xaf, 0xaf, 0xaf, 0xaa, 0xaf, 0xa4, 0xaa, 0xa4, 0xa4, 0x6e, 0x6e, 0x6e, 0x6e, 0x6e, 0x6e, 0x6e, 0x66, 0x9b, 0x6e, 0xb7, 0xbb, 0xbf, 0xbd, 0xc1, 0xe5, 0xcb, 0xca, 0xd4, 0xbc, 0xcb, 0xc9, 0xce, 0xce, 0xce, 0xcd, 0xcb, 0xcd, 0xce, 0xce, 0xcb, 0xc8, 0xe6, 0xc8, 0xca, 0xcb, 0xca, 0xc8, 0xc7, 0xc8, 0xc8, 0xcb, 0xce, 0xcf, 0xce, 0xcf, 0xce, 0xcf, 0xcf, 0xcf, 0xcf, 0xcf, 0xcf, 0xcf, 0xcf, 0xfa, 
  0xce, 0xeb, 0xe9, 0xe9, 0xe1, 0xe9, 0xce, 0xfa, 0xcf, 0xcf, 0xfa, 0xcf, 0xcf, 0xcf, 0xcf, 0xcf, 0xcf, 0xfa, 0xcf, 0xcf, 0xfa, 0xce, 0xf8, 0x7b, 0xec, 0x9e, 0xec, 0xd4, 0xe1, 0xe1, 0xe8, 0xd6, 0xe8, 0xd6, 0xd6, 0xd9, 0xe1, 0xe5, 0xc7, 0xc4, 0xe3, 0xe2, 0xbb, 0xbb, 0xbb, 0xbf, 0xc1, 0xc7, 0xc8, 0xc8, 0xca, 0xe5, 0xd4, 0xd2, 0xd2, 0xd2, 0xe8, 0xe1, 0xdf, 0xd6, 0xe8, 0xe1, 0xdb, 0xd3, 0xb0, 0xcd, 0xca, 0xcb, 0xcc, 0xce, 0xcf, 0xcf, 0xcf, 0xcf, 0xce, 0xc9, 0x93, 0xcd, 0xcb, 0x8f, 0x8b, 0x8b, 0xc3, 0x94, 0x8f, 0x94, 0xce, 0xcf, 0xce, 0xcc, 0xc6, 0xc3, 0xc7, 0xc7, 0xc7, 0xc4, 0xc3, 0xc3, 0xc3, 0xb9, 0x80, 0x6c, 0x61, 0x61, 0x9d, 0xa1, 0xa1, 0xa9, 0x7d, 0x79, 0x7d, 0x73, 0x6a, 0x65, 0x5d, 0x59, 0x59, 0x55, 0x55, 0x59, 0x65, 0x79, 0x93, 0x07, 0x51, 0x4f, 0x4e, 0x4c, 0x4e, 0x4f, 0x51, 0x06, 0x06, 0x06, 0x06, 0x07, 0x07, 0x07, 0x07, 0x07, 0x06, 0x06, 0x06, 0x51, 0x51, 0x50, 0x06, 0x06, 0x06, 0x06, 0x51, 0x51, 0x4f, 0x4f, 0x93, 0x90, 0x90, 0x90, 0x8e, 0x8e, 0x90, 0x92, 0x8e, 0x8e, 0x92, 0x93, 0x90, 0x4d, 0x8d, 0x88, 0x82, 0x88, 0x88, 0x82, 0x7f, 0x7f, 0x34, 0x7a, 0x34, 0x7a, 0x7a, 0x6d, 0x56, 0x60, 0x6a, 0x57, 0x64, 0x7a, 0x5a, 0x58, 0x97, 0x58, 0x5a, 0x58, 0x5a, 0x62, 0x6b, 0x6b, 0x76, 0xc8, 0xca, 0x83, 0x78, 0xc3, 0xbe, 0xb2, 0xac, 0xca, 0xcb, 0x81, 0x83, 0xb3, 0xb3, 0xc3, 0x86, 0x77, 0x77, 0x80, 0xc8, 0xc7, 0xc8, 0xc8, 0xc4, 0xc1, 0xe5, 0xe5, 0xc7, 0xe6, 0xe5, 0xe7, 0xc8, 0xc9, 0xce, 0xcc, 0xcf, 0xce, 0xce, 0xca, 0xe6, 0xca, 0xce, 0x94, 0xc8, 0xca, 0xce, 0xce, 0xcb, 0xc8, 0xc5, 0xca, 0xcd, 0xcb, 0xc8, 0xc8, 0xc7, 0xc1, 0xb6, 0xb6, 0xaf, 0xaf, 0xaa, 0xa9, 0xaa, 0xa9, 0xaa, 0xa4, 0xa4, 0x6e, 0x6e, 0x66, 0x66, 0x66, 0x6e, 0x6e, 0x6e, 0x6e, 0xa3, 0xbd, 0xc1, 0xe5, 0xc1, 0xc7, 0xc8, 0xc4, 0xc7, 0xc8, 0xc8, 0xca, 0xc8, 0xca, 0xca, 0xe7, 0xce, 0xcd, 0xca, 0xe6, 0xc8, 0xca, 0xcb, 0xcb, 0xc8, 0xc7, 0xc8, 0xc8, 0xcb, 0xcd, 0xcf, 0xcf, 0xcf, 0xcf, 0xcf, 0xcf, 0xcf, 0xcf, 0xcf, 0xcf, 0xcf, 0xcf, 0xfa, 0xcf, 
  0xce, 0xeb, 0xe9, 0xe9, 0xe9, 0xeb, 0xfa, 0xcf, 0xcf, 0xcf, 0xcf, 0xcf, 0xcf, 0xcf, 0xcf, 0xcf, 0xcf, 0xcf, 0xcf, 0xcf, 0xcf, 0xcf, 0xcf, 0xf4, 0x02, 0x7b, 0x9c, 0x98, 0xd6, 0xe4, 0xdf, 0xe8, 0xe8, 0xe8, 0xe8, 0xe8, 0xdb, 0xe5, 0xe6, 0xc7, 0xc1, 0xe3, 0xbb, 0xbd, 0xbb, 0xbd, 0xc1, 0xc7, 0xca, 0xc8, 0xc8, 0xc7, 0xc7, 0xe4, 0xd1, 0xd0, 0xd2, 0xd6, 0xe8, 0xdf, 0xe8, 0xd6, 0xd9, 0xd2, 0xd4, 0xc7, 0xc8, 0xca, 0xcb, 0xcb, 0xce, 0xce, 0xcf, 0xce, 0xcc, 0xc9, 0x92, 0xc6, 0xcb, 0xca, 0xb9, 0x8b, 0x86, 0x7c, 0x83, 0x92, 0xce, 0xcf, 0xcf, 0xcd, 0xe7, 0xc6, 0xc7, 0xc7, 0xc3, 0xc7, 0xc3, 0xb9, 0x7c, 0x74, 0x64, 0x6b, 0x6c, 0x9f, 0x9f, 0x9f, 0xa1, 0x74, 0x77, 0x7d, 0x85, 0x85, 0x7d, 0x79, 0x6a, 0x65, 0x5d, 0x5c, 0x59, 0x55, 0x5d, 0x72, 0x8a, 0x93, 0x07, 0x07, 0x06, 0x06, 0x51, 0x06, 0x06, 0x06, 0x07, 0x06, 0x07, 0x07, 0x07, 0x07, 0x07, 0x07, 0x06, 0x50, 0x4f, 0x50, 0x93, 0x93, 0x51, 0xfb, 0x06, 0x06, 0x51, 0x93, 0x93, 0x93, 0x90, 0x90, 0x8e, 0x8d, 0x8e, 0x90, 0x8a, 0x82, 0x85, 0x71, 0x6d, 0x73, 0x5f, 0x5b, 0x6d, 0x5c, 0x60, 0x6d, 0x6d, 0x60, 0x5c, 0x60, 0x60, 0x5c, 0x60, 0x5c, 0x5c, 0x60, 0x72, 0x5c, 0x52, 0x60, 0x73, 0x21, 0x58, 0x67, 0x6f, 0x6f, 0x76, 0x6f, 0x76, 0x76, 0x76, 0x74, 0xa5, 0xe7, 0xc3, 0x9a, 0x9d, 0x9f, 0x80, 0xbe, 0xa6, 0xc6, 0xce, 0x89, 0x8b, 0xbe, 0xc6, 0xa1, 0x5b, 0x64, 0x6c, 0x86, 0xca, 0xc8, 0xc8, 0xc1, 0xbd, 0xc1, 0xc1, 0xc1, 0xc7, 0xc4, 0xc2, 0xe7, 0xca, 0xc7, 0xcc, 0xce, 0xcc, 0xce, 0xe7, 0xcb, 0xc7, 0xe5, 0xc6, 0xcd, 0xca, 0xc7, 0xc2, 0xc8, 0xcc, 0xcd, 0xcb, 0xc8, 0xe7, 0xc8, 0xc5, 0xe7, 0xcb, 0xc7, 0xc4, 0xbd, 0xbb, 0xb6, 0xae, 0xaa, 0xa4, 0xa4, 0xa4, 0x6e, 0x6e, 0x6e, 0x66, 0x5e, 0x66, 0x66, 0x66, 0x5e, 0x66, 0x66, 0x9d, 0xa8, 0xb6, 0xbf, 0xc4, 0xc4, 0xe5, 0xc4, 0xe5, 0xc4, 0xe5, 0xc4, 0xc4, 0xc1, 0xe5, 0xc8, 0xca, 0xc8, 0xc8, 0xc7, 0xe6, 0xca, 0xcb, 0xcb, 0xc8, 0xe6, 0xca, 0xcb, 0xcd, 0xcf, 0xcf, 0xcf, 0x07, 0xcf, 0xcf, 0xcf, 0xcf, 0xcf, 0xcf, 0xcf, 0xcf, 0xcf, 0xcf, 0xfa, 
  0xe7, 0xe7, 0xe9, 0xe4, 0xeb, 0xce, 0xcf, 0xcf, 0xcf, 0xcf, 0xcf, 0xcf, 0xcf, 0xcf, 0xcf, 0xcf, 0xcf, 0xcf, 0xcf, 0xcf, 0xcf, 0xcf, 0xcf, 0xcf, 0xba, 0xec, 0x98, 0x9c, 0xd4, 0xe8, 0xe1, 0xe8, 0xd6, 0xe8, 0xe8, 0xe8, 0xd6, 0xe1, 0xc7, 0xc8, 0xc7, 0xc4, 0xc1, 0xbf, 0xc1, 0xc1, 0xc1, 0xc7, 0xca, 0xca, 0xc8, 0xe6, 0xc8, 0xca, 0xe4, 0xde, 0xd2, 0xd2, 0xd6, 0xe8, 0xe3, 0xe1, 0xdf, 0xdf, 0xd0, 0xd1, 0xc2, 0xc7, 0xe6, 0xca, 0xe7, 0xcb, 0xcb, 0xcd, 0xcb, 0xe7, 0x92, 0x90, 0xc6, 0xce, 0xc6, 0x8b, 0x70, 0x64, 0x7c, 0xc6, 0xce, 0xce, 0xce, 0xce, 0xe7, 0xc3, 0xb9, 0xc3, 0xbe, 0x86, 0x70, 0x6c, 0x5b, 0x64, 0x6c, 0x7d, 0x83, 0x80, 0x9f, 0xa1, 0x9f, 0x9d, 0x6c, 0x73, 0x85, 0x8b, 0x8e, 0x8e, 0x7e, 0x77, 0x73, 0x64, 0x65, 0x55, 0x59, 0x65, 0x73, 0x8d, 0xfb, 0x07, 0x06, 0x06, 0x06, 0x06, 0x06, 0x07, 0x06, 0x07, 0x06, 0x07, 0x06, 0x07, 0x06, 0x07, 0x50, 0x93, 0x93, 0x4f, 0x90, 0x4f, 0x93, 0x50, 0x4f, 0x50, 0x93, 0x4f, 0x90, 0x90, 0x8f, 0x48, 0x90, 0x82, 0x60, 0x5c, 0x5c, 0x52, 0x54, 0x52, 0x52, 0x52, 0x52, 0x52, 0x52, 0x52, 0x52, 0x52, 0x52, 0x52, 0x52, 0x54, 0x52, 0x54, 0x5c, 0x60, 0x6d, 0x34, 0x7f, 0x6d, 0x27, 0x57, 0x7a, 0x93, 0x90, 0x50, 0x94, 0x50, 0x92, 0x94, 0x92, 0x92, 0xc6, 0x83, 0x83, 0xca, 0x8b, 0x83, 0x86, 0x9f, 0x9a, 0x9a, 0x62, 0xc6, 0xcd, 0xc0, 0xc3, 0xca, 0x7d, 0x64, 0x5b, 0x70, 0x8f, 0xca, 0xc8, 0xca, 0xc4, 0xbf, 0xbb, 0xb7, 0xbb, 0xbf, 0xc4, 0xc1, 0xc4, 0xca, 0xc8, 0xc2, 0xe6, 0xcd, 0xe7, 0xcd, 0xcd, 0xcb, 0xc8, 0xc1, 0xc1, 0xe5, 0xc7, 0xc8, 0xc8, 0xe5, 0xe5, 0xc7, 0xca, 0xe7, 0xcb, 0xcb, 0xcb, 0xca, 0xc7, 0xca, 0xc8, 0xc8, 0xc1, 0xbd, 0xbb, 0xb1, 0xaa, 0xaa, 0xa4, 0xa4, 0xa9, 0xa9, 0xaf, 0xa9, 0xa9, 0x6e, 0x66, 0x66, 0x66, 0x66, 0x6e, 0x6e, 0xa1, 0xa8, 0xd9, 0xe2, 0xc7, 0xe6, 0xc4, 0xe5, 0xc1, 0xc1, 0xbf, 0xbc, 0xc1, 0xc4, 0xc7, 0xc7, 0xc4, 0xc4, 0xc8, 0xca, 0xcb, 0xca, 0xca, 0xca, 0xcb, 0xce, 0xcf, 0xcf, 0xcf, 0xcf, 0xcf, 0xcf, 0xcf, 0xcf, 0xcf, 0xcf, 0xcf, 0xcf, 0xcf, 0xcf, 0xcf, 0xcf, 
  0xcb, 0xeb, 0xe4, 0xe9, 0xcd, 0xcf, 0xcf, 0xcf, 0xcf, 0xcf, 0xcf, 0xcf, 0xcf, 0xcf, 0xcf, 0xcf, 0xcf, 0xcf, 0xcf, 0xcf, 0xcf, 0xcf, 0xcf, 0xcf, 0xce, 0xba, 0xa5, 0xa0, 0x99, 0xd4, 0xe1, 0xe1, 0xe8, 0xe8, 0xe8, 0xe8, 0xe8, 0xe4, 0xc8, 0xc8, 0xc8, 0xc7, 0xc4, 0xc4, 0xc1, 0xc4, 0xc4, 0xc7, 0xca, 0xca, 0xca, 0xca, 0xc8, 0xca, 0xca, 0xcd, 0xe6, 0xd2, 0xd2, 0xd2, 0xe8, 0xe1, 0xe1, 0xdf, 0xdf, 0xd2, 0xd9, 0xc8, 0xc4, 0xc8, 0xc8, 0xca, 0xca, 0xca, 0xca, 0xcb, 0x92, 0x8b, 0x92, 0xcb, 0xcd, 0x80, 0x59, 0x59, 0x7c, 0xc6, 0xcb, 0xcb, 0xce, 0xc6, 0x8a, 0x74, 0x70, 0x70, 0x68, 0x5e, 0x5b, 0x59, 0x68, 0x77, 0x85, 0xb9, 0xb9, 0xb3, 0xab, 0xa7, 0x9f, 0x6c, 0x61, 0x64, 0x79, 0x8e, 0xc6, 0x94, 0x8f, 0x48, 0x85, 0x79, 0x73, 0x6a, 0x65, 0x5d, 0x6a, 0x7a, 0x90, 0x07, 0x06, 0x07, 0x07, 0x06, 0x07, 0x06, 0x07, 0x06, 0x07, 0x06, 0x06, 0x06, 0x06, 0x06, 0x93, 0x93, 0x90, 0x92, 0x90, 0x92, 0x4f, 0x93, 0x4f, 0x93, 0x4f, 0x90, 0x94, 0xce, 0x90, 0x71, 0x57, 0x60, 0x54, 0x53, 0x52, 0x53, 0x52, 0x56, 0x52, 0x52, 0x52, 0x52, 0x53, 0x52, 0x53, 0x56, 0x56, 0x54, 0x56, 0x5c, 0x6d, 0x7a, 0x6d, 0x5c, 0x56, 0x60, 0x6d, 0x30, 0x5c, 0x12, 0x21, 0x07, 0x93, 0x93, 0x93, 0x93, 0x92, 0x93, 0x92, 0x92, 0xc6, 0x7e, 0xb8, 0x8f, 0x7c, 0xb9, 0xc3, 0xb9, 0xb9, 0x6c, 0x9e, 0xca, 0xe7, 0x8f, 0xca, 0x8b, 0x5b, 0x64, 0x80, 0xc6, 0xc7, 0xe6, 0xc8, 0xc7, 0xbd, 0xb7, 0xb7, 0xb7, 0xbb, 0xc1, 0xbf, 0xbd, 0xc1, 0xc4, 0xc8, 0xbc, 0xe5, 0xc8, 0xcd, 0xc9, 0xcb, 0xca, 0xe5, 0xc1, 0xc1, 0xc1, 0xc1, 0xc7, 0xc7, 0xc7, 0xc4, 0xe5, 0xbe, 0xc7, 0xc7, 0xc8, 0xca, 0xca, 0xc8, 0xc7, 0xc7, 0xc1, 0xc1, 0xc1, 0xbf, 0xbb, 0xb1, 0xaa, 0xaa, 0xaa, 0xa4, 0xa4, 0x6e, 0x6e, 0x66, 0x6e, 0x70, 0x66, 0x66, 0x5e, 0x5e, 0x66, 0xa2, 0xa2, 0xa3, 0xd2, 0xd6, 0xe2, 0xc8, 0xc4, 0xc1, 0xc1, 0xe3, 0xc1, 0xc1, 0xc1, 0xe5, 0xc4, 0xe5, 0xc4, 0xc8, 0xe7, 0xcb, 0xcb, 0xca, 0xcb, 0xcd, 0xcf, 0xcf, 0xcf, 0xcf, 0xcf, 0xcf, 0xcf, 0xcf, 0xfa, 0xcf, 0xcf, 0xcf, 0xcf, 0xcf, 0xcf, 0xcf, 0xcf, 
  0xeb, 0xeb, 0xe4, 0xe6, 0xce, 0xcf, 0xcf, 0xcf, 0xcf, 0xcf, 0xcf, 0xcf, 0xcf, 0xcf, 0xcf, 0xcf, 0xcf, 0xcf, 0xfa, 0xcf, 0xce, 0xcf, 0xcc, 0xce, 0x94, 0xc2, 0xb0, 0xa0, 0xd1, 0xd2, 0xe8, 0xe1, 0xe8, 0xe8, 0xe8, 0xe1, 0xe8, 0xe8, 0xe6, 0xc8, 0xc8, 0xc8, 0xe6, 0xc7, 0xc8, 0xc7, 0xc4, 0xc7, 0xca, 0xcb, 0xcb, 0xcb, 0xcb, 0xcb, 0xcb, 0xe7, 0xcd, 0xe7, 0xdb, 0xd6, 0xd2, 0xe8, 0xe1, 0xdf, 0xe8, 0xd2, 0xd1, 0xc1, 0xc8, 0xc7, 0xc8, 0xc8, 0xc7, 0xc8, 0xe6, 0xca, 0x8b, 0x83, 0x8b, 0xc8, 0x8b, 0x64, 0x55, 0x5d, 0x80, 0xca, 0xca, 0xca, 0x8b, 0x77, 0x5d, 0x59, 0x59, 0x59, 0x55, 0x55, 0x64, 0x70, 0x86, 0xbe, 0xc3, 0xbe, 0xb9, 0xb9, 0xb3, 0xa7, 0xa7, 0x9d, 0x61, 0x61, 0x71, 0x8a, 0x90, 0xcc, 0xcc, 0x94, 0x92, 0x8e, 0x8a, 0x7e, 0x79, 0x6a, 0x68, 0x77, 0x88, 0x50, 0x07, 0x07, 0x07, 0x07, 0x07, 0x06, 0x06, 0x06, 0x06, 0x06, 0x06, 0x06, 0x06, 0x50, 0x93, 0x90, 0x92, 0x90, 0x90, 0x90, 0x90, 0x93, 0x90, 0x90, 0x90, 0x93, 0x7a, 0x68, 0x60, 0x54, 0x56, 0x52, 0x56, 0x53, 0x53, 0x56, 0x53, 0x52, 0x53, 0x56, 0x52, 0x53, 0x5c, 0x5c, 0x55, 0x5c, 0x5c, 0x72, 0x7e, 0x7f, 0x6a, 0x52, 0x52, 0x53, 0x56, 0x5c, 0x34, 0x56, 0x56, 0x18, 0x5f, 0x4d, 0x93, 0x93, 0x93, 0xc9, 0x93, 0xc9, 0x93, 0x94, 0x90, 0x7c, 0xc6, 0xbe, 0xac, 0xb3, 0xc1, 0xbd, 0xbd, 0xbd, 0x78, 0x92, 0xc6, 0xc6, 0x8a, 0x61, 0x6b, 0x86, 0xca, 0xca, 0xc8, 0xc8, 0xca, 0xbd, 0xdd, 0xb7, 0xb4, 0xb7, 0xbb, 0xbf, 0xbf, 0xbb, 0xbd, 0xc4, 0xc8, 0xbe, 0xe3, 0xbc, 0xcd, 0xcb, 0xc5, 0xc4, 0xc8, 0xc1, 0xbf, 0xbf, 0xc1, 0xc1, 0xc4, 0xc7, 0xcb, 0xc7, 0xe3, 0xbd, 0xc4, 0xc4, 0xc7, 0xc7, 0xc7, 0xc7, 0xc7, 0xc7, 0xc1, 0xc1, 0xbf, 0xbf, 0xbb, 0xb1, 0xb7, 0xae, 0xaa, 0xaa, 0xa9, 0xa4, 0xa9, 0xa9, 0xa4, 0x70, 0xa9, 0x70, 0x6e, 0x6e, 0x66, 0x6e, 0xa2, 0x9d, 0xd3, 0xd0, 0xd3, 0xe4, 0xc7, 0xc4, 0xe5, 0xc1, 0xc4, 0xe5, 0xc4, 0xe5, 0xc4, 0xc7, 0xca, 0xcb, 0xcb, 0xe7, 0xcb, 0xcb, 0xcf, 0xcf, 0xcf, 0xcf, 0xcf, 0xcf, 0xcf, 0xcf, 0xcf, 0xcf, 0xcf, 0xcf, 0xcd, 0xcb, 0xcd, 0xce, 0xcf, 0xce, 
  0xeb, 0xe6, 0xe9, 0xe7, 0xce, 0xcf, 0xcf, 0xcf, 0xcf, 0xcf, 0xcf, 0xcf, 0xcf, 0xcf, 0xcf, 0xcf, 0xcf, 0xcf, 0xcf, 0xcf, 0xcf, 0xcf, 0xce, 0xc9, 0xb0, 0xb8, 0xe6, 0xd7, 0xd4, 0xd4, 0xd6, 0xe1, 0xe1, 0xe8, 0xe8, 0xe8, 0xe8, 0xe8, 0xbc, 0xcb, 0xca, 0xca, 0xca, 0xca, 0xca, 0xc8, 0xc8, 0xca, 0xe7, 0xcd, 0xcd, 0xcd, 0xcd, 0xcd, 0xcd, 0xcb, 0xcb, 0xcd, 0xcd, 0xe4, 0xd6, 0xd6, 0xd8, 0xe1, 0xe1, 0xdf, 0xd3, 0xd2, 0xc4, 0xc8, 0xc7, 0xc8, 0xc8, 0xc7, 0xc8, 0xe6, 0x86, 0x70, 0xac, 0xbe, 0x70, 0x59, 0x55, 0x5d, 0x80, 0xca, 0xb9, 0x7d, 0x64, 0x5d, 0x55, 0x59, 0x55, 0x55, 0x59, 0x6a, 0x80, 0xc6, 0xca, 0xc3, 0xbe, 0xb9, 0xbe, 0xb9, 0xbe, 0xb3, 0x80, 0xa9, 0x64, 0x5b, 0x74, 0x8a, 0x92, 0xcc, 0x94, 0x93, 0x93, 0x94, 0x93, 0x92, 0x8a, 0x85, 0x79, 0x7a, 0x7f, 0x8d, 0x06, 0x07, 0x07, 0x07, 0x07, 0x06, 0x07, 0x06, 0x06, 0x06, 0x06, 0x06, 0x06, 0x06, 0x50, 0x93, 0x93, 0x92, 0x93, 0x92, 0x93, 0x90, 0x90, 0x93, 0x90, 0x82, 0x65, 0x54, 0x56, 0x56, 0x56, 0x56, 0x52, 0x52, 0x53, 0x56, 0x53, 0x56, 0x56, 0x56, 0x60, 0x5c, 0x65, 0x57, 0x65, 0x79, 0x8a, 0x85, 0x65, 0x52, 0x52, 0x52, 0x53, 0x56, 0x56, 0x34, 0x60, 0x52, 0x14, 0x5c, 0x5f, 0x4d, 0x93, 0x93, 0x94, 0x50, 0x94, 0xcc, 0x93, 0xce, 0x8e, 0x83, 0xc3, 0xc4, 0x86, 0xac, 0xc1, 0xbd, 0xb6, 0xbe, 0xac, 0x8f, 0xcb, 0x89, 0x61, 0x71, 0x8f, 0xca, 0xca, 0xca, 0xcb, 0xca, 0xc7, 0xbd, 0xae, 0xb4, 0xb4, 0xb4, 0xbb, 0xbf, 0xbb, 0xbb, 0xc1, 0xc1, 0xca, 0xbd, 0xe3, 0xbd, 0xc8, 0xcd, 0xc4, 0xe5, 0xc7, 0xc7, 0xe2, 0xbd, 0xbf, 0xbf, 0xbf, 0xc1, 0xc1, 0xc7, 0xc1, 0xc1, 0xc1, 0xbd, 0xc1, 0xc4, 0xc4, 0xc1, 0xe5, 0xc1, 0xc4, 0xc4, 0xc1, 0xbb, 0xbb, 0xbf, 0xbf, 0xbb, 0xb1, 0xaa, 0xaa, 0xa4, 0xaa, 0xa9, 0x6e, 0xa4, 0x6e, 0xa4, 0x6e, 0x66, 0x5e, 0x66, 0x6e, 0xad, 0xb1, 0xe8, 0xd2, 0xd6, 0xe8, 0xc1, 0xc8, 0xc8, 0xc7, 0xc7, 0xc7, 0xc7, 0xc8, 0xc8, 0xcb, 0xcd, 0xcd, 0xcb, 0xcc, 0xce, 0xcf, 0xcf, 0xcf, 0xcf, 0xcf, 0xcf, 0xcf, 0xcf, 0xcf, 0xcf, 0xcf, 0xcf, 0xcd, 0xc9, 0xc5, 0xeb, 0xcb, 0xce, 
  0xeb, 0xe9, 0xeb, 0xce, 0xcf, 0xcf, 0xfa, 0xcf, 0xcf, 0xcf, 0xcf, 0xcf, 0xcf, 0xcf, 0xcf, 0xcf, 0xcf, 0xcf, 0xcf, 0xcf, 0xcf, 0xce, 0xce, 0xc6, 0x83, 0x78, 0xbe, 0xc8, 0xdb, 0xd2, 0xd6, 0xe8, 0xe1, 0xe8, 0xe1, 0xe1, 0xe8, 0xe1, 0xca, 0xcb, 0xca, 0xca, 0xcb, 0xcb, 0xcd, 0xcb, 0xcb, 0xcb, 0xcc, 0xce, 0xcf, 0xcf, 0xce, 0xce, 0xce, 0xcc, 0xcb, 0xcb, 0xcd, 0xce, 0xe6, 0xe2, 0xd6, 0xd8, 0xe8, 0xe1, 0xd8, 0xd2, 0xd4, 0xca, 0xc7, 0xc8, 0xc8, 0xc8, 0xc8, 0xc7, 0x78, 0x6c, 0x7d, 0xb3, 0x66, 0x59, 0x55, 0x64, 0xbe, 0xbe, 0x78, 0x5e, 0x5d, 0x55, 0x59, 0x55, 0x5d, 0x6a, 0x7d, 0x80, 0xc6, 0xb9, 0x7d, 0x70, 0x77, 0x77, 0x70, 0x77, 0x80, 0x80, 0x80, 0x7d, 0x70, 0x73, 0x79, 0x85, 0x88, 0x85, 0x82, 0x8e, 0x90, 0x94, 0x50, 0xcd, 0xcc, 0x92, 0x87, 0x82, 0x87, 0x48, 0x4f, 0x07, 0xcf, 0x07, 0x07, 0x07, 0x06, 0x06, 0x06, 0x06, 0x06, 0x07, 0x07, 0x07, 0xcc, 0xcc, 0x94, 0x94, 0x94, 0x93, 0x93, 0x50, 0xce, 0x34, 0x57, 0x54, 0x54, 0x52, 0x52, 0x52, 0x56, 0x56, 0x5c, 0x5c, 0x5c, 0x56, 0x5c, 0x60, 0x65, 0x5c, 0x57, 0x6a, 0x73, 0x85, 0x8f, 0x8a, 0x6a, 0x52, 0x52, 0x52, 0x52, 0x52, 0x56, 0x56, 0x7a, 0x7f, 0x54, 0x53, 0x60, 0x18, 0x5f, 0x90, 0x93, 0x93, 0xcc, 0x50, 0xce, 0xce, 0xce, 0xce, 0x8e, 0x8a, 0xbe, 0xc6, 0xb3, 0x7c, 0xb3, 0xbd, 0xb3, 0xb6, 0x7c, 0x8f, 0xcb, 0x9e, 0xa6, 0xcb, 0xc6, 0xc3, 0xca, 0xe7, 0xcb, 0xcd, 0xbe, 0xae, 0xb4, 0xb4, 0xb4, 0xb4, 0xbb, 0xbb, 0xbb, 0xbf, 0xbf, 0xc1, 0xca, 0xbc, 0xe0, 0xe2, 0xbc, 0xcd, 0xc7, 0xe5, 0xc1, 0xc4, 0xc4, 0xbc, 0xe0, 0xc1, 0xbf, 0xbf, 0xbd, 0xc1, 0xc8, 0xc4, 0xc4, 0xbd, 0xbb, 0xbb, 0xbf, 0xbf, 0xbf, 0xbb, 0xbf, 0xbf, 0xbf, 0xbf, 0xbf, 0xb7, 0xbf, 0xbf, 0xbb, 0xae, 0xb1, 0xb1, 0xaa, 0xaa, 0xaa, 0xa9, 0xa4, 0x6e, 0xa4, 0x70, 0xa4, 0xa9, 0x6e, 0x6e, 0xa2, 0xb1, 0xdf, 0xd8, 0xd6, 0xd5, 0xdf, 0xe3, 0xc8, 0xca, 0xc8, 0xe6, 0xca, 0xcb, 0xcd, 0xcd, 0xcb, 0xcc, 0xcd, 0xcd, 0xcf, 0xfa, 0xcf, 0xcf, 0xcf, 0xcf, 0xcf, 0xcf, 0xcf, 0xfa, 0xcf, 0xcf, 0xcf, 0xce, 0xc5, 0xc2, 0xe4, 0xe4, 
  0xe6, 0xc2, 0xce, 0xce, 0xcf, 0xfa, 0xcf, 0xfa, 0xcf, 0xcf, 0xcf, 0xcf, 0xcf, 0xcf, 0xcf, 0xcf, 0xcf, 0xcf, 0xcf, 0xcf, 0xcf, 0xce, 0xcb, 0xc3, 0x83, 0x7c, 0xab, 0xbe, 0xe5, 0xd6, 0xd6, 0xd6, 0xe1, 0xe8, 0xe8, 0xe8, 0xe1, 0xe8, 0xbc, 0xcd, 0xcb, 0xcb, 0xe7, 0xe7, 0xcb, 0xcd, 0xcd, 0xcd, 0xcf, 0xcf, 0xcf, 0xcf, 0xce, 0xce, 0xcb, 0xcb, 0xcb, 0xce, 0xce, 0xce, 0xcd, 0xcd, 0xe4, 0xe8, 0xd6, 0xd8, 0xe8, 0xd5, 0xd0, 0xbd, 0xc7, 0xc4, 0xc8, 0xc7, 0xc8, 0xc3, 0x70, 0x66, 0x80, 0xaf, 0x66, 0x55, 0x5e, 0xa9, 0xc8, 0x80, 0x5e, 0x59, 0x59, 0x5e, 0x59, 0x5e, 0x70, 0x7d, 0x70, 0x6a, 0x66, 0x64, 0x59, 0x55, 0x59, 0x55, 0x55, 0x59, 0x5d, 0x5d, 0x5d, 0x5d, 0x5d, 0x59, 0x65, 0x68, 0x71, 0x71, 0x7a, 0x8a, 0x90, 0x50, 0xce, 0xce, 0x07, 0xcf, 0x93, 0x8d, 0x48, 0x8d, 0x4d, 0x07, 0x07, 0xcf, 0x07, 0x07, 0x06, 0x06, 0x06, 0x06, 0x07, 0x07, 0x07, 0x07, 0xcf, 0x07, 0xcc, 0x94, 0x94, 0x94, 0xce, 0x90, 0x48, 0x68, 0x57, 0x5c, 0x5c, 0x5c, 0x56, 0x5c, 0x5c, 0x56, 0x56, 0x56, 0x65, 0x6d, 0x54, 0x60, 0x65, 0x72, 0x85, 0x8b, 0x8b, 0x8b, 0x79, 0x57, 0x52, 0x52, 0x52, 0x52, 0x56, 0x5c, 0x5c, 0x6d, 0xce, 0x30, 0x54, 0x53, 0x60, 0x56, 0x5f, 0xce, 0x93, 0xcc, 0xce, 0xcf, 0xce, 0xcf, 0xcf, 0xce, 0x92, 0x89, 0x8f, 0xc6, 0x8f, 0x80, 0x86, 0xbe, 0xb3, 0xb3, 0x7c, 0xb9, 0x94, 0x89, 0xc3, 0x8f, 0xb8, 0xbe, 0xc6, 0xcb, 0xce, 0xcd, 0xc1, 0xae, 0xb4, 0xdc, 0xdc, 0xb4, 0xbb, 0xbb, 0xbb, 0xbf, 0xbf, 0xc1, 0xc8, 0xbd, 0xe0, 0xe0, 0xbd, 0xc7, 0xca, 0xe5, 0xbd, 0xbf, 0xc7, 0xca, 0xb5, 0xbb, 0xc1, 0xbf, 0xbb, 0xbf, 0xbb, 0xc1, 0xc1, 0xbf, 0xbf, 0xb6, 0xb7, 0xbb, 0xbb, 0xbb, 0xbb, 0xbb, 0xbb, 0xbb, 0xbb, 0xbb, 0xbb, 0xbf, 0xbb, 0xbf, 0xbd, 0xbf, 0xb1, 0xaf, 0xaa, 0xaa, 0xaf, 0xaa, 0xa4, 0xa4, 0xa4, 0x6e, 0xa4, 0xa9, 0xa4, 0xa8, 0xb6, 0xe0, 0xdf, 0xdf, 0xd9, 0xd3, 0xd6, 0xbc, 0xca, 0xcb, 0xca, 0xcb, 0xcb, 0xcd, 0xce, 0xce, 0xcd, 0xfa, 0xcf, 0xcf, 0xcf, 0xcf, 0xcf, 0xcf, 0xcf, 0xcf, 0xcf, 0xcf, 0xcf, 0xcf, 0xcf, 0xce, 0xce, 0xeb, 0xe1, 0xbc, 
  0xe5, 0xc8, 0xce, 0xcf, 0xcf, 0xcf, 0xcf, 0xcf, 0xcf, 0xcf, 0xcf, 0xcf, 0xcf, 0xcf, 0xcf, 0xcf, 0xcf, 0xfa, 0xcf, 0xcf, 0xce, 0xcd, 0xe7, 0xb9, 0x8b, 0x80, 0xac, 0x78, 0xb5, 0xe3, 0xd6, 0xd5, 0xe8, 0xe9, 0xe1, 0xe8, 0xe8, 0xe1, 0xe9, 0xcb, 0xce, 0xcc, 0xcb, 0xcb, 0xe7, 0xe7, 0xcb, 0xce, 0xcd, 0xcf, 0xce, 0xce, 0xcb, 0xc8, 0xc7, 0xc8, 0xca, 0xc8, 0xca, 0xca, 0xe7, 0xcb, 0xce, 0xcb, 0xe4, 0xd9, 0xd8, 0xe0, 0xd2, 0xd2, 0xc4, 0xc1, 0xc4, 0xc4, 0xc7, 0xb6, 0x6e, 0x66, 0xa9, 0x80, 0x5e, 0x59, 0x66, 0xb3, 0xb6, 0x6e, 0x59, 0x5e, 0x5e, 0x5e, 0x70, 0x6e, 0x6a, 0x5d, 0x59, 0x55, 0x55, 0x55, 0x55, 0x55, 0x55, 0x55, 0x55, 0x55, 0x55, 0x55, 0x55, 0x55, 0x55, 0x55, 0x55, 0x65, 0x71, 0x79, 0x89, 0x8e, 0x94, 0xce, 0xcf, 0xcf, 0xcf, 0x07, 0xcf, 0x51, 0x4d, 0x4e, 0x93, 0x06, 0xcf, 0xcf, 0x07, 0x07, 0x06, 0x06, 0x06, 0x06, 0x07, 0x07, 0x07, 0xcf, 0xfa, 0xcc, 0x94, 0xcc, 0xcd, 0x93, 0x76, 0x65, 0x5b, 0x56, 0x65, 0x5c, 0x5c, 0x5c, 0x65, 0x5c, 0x60, 0x6d, 0x65, 0x5c, 0x60, 0x5b, 0x6d, 0x82, 0x8f, 0x92, 0x8f, 0xb9, 0x85, 0x5b, 0x52, 0x52, 0x52, 0x52, 0x56, 0x56, 0x56, 0x5c, 0x69, 0xcc, 0x88, 0x5c, 0x52, 0x53, 0x60, 0x60, 0x6d, 0x88, 0x92, 0x93, 0xce, 0xce, 0xce, 0xcf, 0xce, 0xce, 0x92, 0x8e, 0xce, 0x8b, 0x85, 0x7d, 0x86, 0x80, 0x86, 0xb9, 0xac, 0x8f, 0xcb, 0x8e, 0x8f, 0xb9, 0x8b, 0xb8, 0x8f, 0xca, 0xce, 0xcd, 0xb8, 0xaa, 0xda, 0xdc, 0xb4, 0xb4, 0xb7, 0xb7, 0xbb, 0xbf, 0xbd, 0xbf, 0xc7, 0xe2, 0xdc, 0xdd, 0xbb, 0xc1, 0xc8, 0xc4, 0xc1, 0xbd, 0xc1, 0xc7, 0xc4, 0xb5, 0xe0, 0xbf, 0xbb, 0xbb, 0xbf, 0xbb, 0xbb, 0xbf, 0xc1, 0xbf, 0xbb, 0xb7, 0xb7, 0xb7, 0xb7, 0xb7, 0xb4, 0xb4, 0xb7, 0xb7, 0xb7, 0xbb, 0xbb, 0xbf, 0xc1, 0xcb, 0xc8, 0xb8, 0xb2, 0xb9, 0xaa, 0xaf, 0xae, 0xaa, 0xaa, 0xa4, 0xa4, 0xa4, 0xa4, 0xa4, 0xae, 0xc4, 0xe5, 0xc1, 0xe5, 0xe4, 0xd7, 0xa5, 0xd9, 0xbc, 0xcb, 0xce, 0xcd, 0xce, 0xcf, 0xcf, 0xcf, 0xcf, 0xcf, 0xcf, 0xcf, 0xcf, 0xcf, 0xcf, 0xcf, 0xcf, 0xcf, 0xcf, 0xfa, 0xcf, 0xcf, 0xcf, 0xce, 0xce, 0xe7, 0xe4, 
  0xe6, 0xc5, 0xe7, 0xce, 0xcf, 0xcf, 0xcf, 0xcf, 0xcf, 0xcf, 0xcf, 0xcf, 0xcf, 0xcf, 0xcf, 0xcf, 0xcf, 0xfa, 0xcf, 0xcf, 0xcc, 0xce, 0xca, 0x8f, 0x7c, 0x7e, 0x8b, 0xb2, 0xb2, 0xe2, 0xe1, 0xd6, 0xe8, 0xe8, 0xe1, 0xe1, 0xe1, 0xe8, 0xe6, 0xce, 0xcf, 0xce, 0xce, 0xcd, 0xca, 0xc6, 0xca, 0xcd, 0xcf, 0xce, 0xcb, 0xca, 0xc7, 0xe5, 0xbe, 0xc4, 0xc4, 0xc4, 0xe5, 0xc5, 0xca, 0xce, 0xcf, 0xce, 0xcd, 0xe5, 0xd9, 0xd8, 0xdd, 0x9b, 0xae, 0xc1, 0xbf, 0xc1, 0xc1, 0xaf, 0x66, 0x66, 0xa9, 0xaf, 0x5e, 0x5e, 0xa4, 0x80, 0x6e, 0x5e, 0x5e, 0x5e, 0x6e, 0x6e, 0x6e, 0x5d, 0x59, 0x55, 0x55, 0x59, 0x55, 0x59, 0x59, 0x59, 0x59, 0x59, 0x59, 0x59, 0x59, 0x59, 0x55, 0x59, 0x59, 0x5d, 0x73, 0x79, 0x8b, 0x8f, 0x94, 0xce, 0xcf, 0xcf, 0xcf, 0xcf, 0xcf, 0x07, 0x07, 0x07, 0x06, 0x06, 0x07, 0x07, 0xcf, 0xcf, 0xcf, 0x07, 0x06, 0x06, 0x06, 0x06, 0x07, 0x07, 0xcf, 0xcf, 0xce, 0xce, 0xce, 0xcb, 0x8a, 0x7e, 0x65, 0x55, 0x5c, 0x5c, 0x5c, 0x5c, 0x55, 0x5c, 0x56, 0x65, 0x5c, 0x5c, 0x60, 0x65, 0x73, 0x8a, 0xcc, 0x92, 0x8e, 0x8e, 0x8f, 0x73, 0x55, 0x52, 0x52, 0x52, 0x53, 0x53, 0x5c, 0x5c, 0x56, 0x5b, 0x8e, 0xcd, 0x7a, 0x53, 0x52, 0x56, 0x60, 0x56, 0x65, 0x7a, 0x7a, 0x6f, 0x7e, 0x87, 0x48, 0x87, 0x8c, 0x90, 0x8e, 0x8b, 0x8a, 0x68, 0x73, 0x64, 0x73, 0x6c, 0x7d, 0xbe, 0x7e, 0xc6, 0xe7, 0xb8, 0x8b, 0x8b, 0xb9, 0xb9, 0xc2, 0xca, 0xce, 0xc6, 0xad, 0xae, 0xb4, 0xda, 0xb4, 0xb7, 0xb7, 0xb7, 0xbf, 0xbf, 0xbf, 0xbb, 0xc7, 0xbb, 0xb4, 0xda, 0xbb, 0xc4, 0xc1, 0xc7, 0xbf, 0xbd, 0xbd, 0xe3, 0xc7, 0xc1, 0xb5, 0xe0, 0xbf, 0xbb, 0xb7, 0xbb, 0xb7, 0xbb, 0xbb, 0xbb, 0xbb, 0xb7, 0xb4, 0xb7, 0xb4, 0xb7, 0xb7, 0xb7, 0xb4, 0xb4, 0xb4, 0xb1, 0xb7, 0xad, 0xbd, 0xc4, 0xcd, 0xcd, 0xcb, 0xcb, 0xb2, 0xb3, 0xb6, 0xb1, 0xb6, 0xb7, 0xb6, 0xa4, 0x6e, 0xa4, 0xa4, 0xaf, 0xc1, 0xc7, 0xc7, 0xca, 0xca, 0xca, 0xbc, 0xab, 0xde, 0xe6, 0xcd, 0xce, 0xcf, 0xcf, 0xcf, 0xcf, 0xcf, 0xcf, 0xcf, 0xcf, 0xcf, 0xcf, 0xcf, 0xce, 0xcf, 0xcf, 0xcf, 0xcf, 0xcf, 0xcf, 0xcf, 0xce, 0xce, 0xcd, 
  0xc8, 0xc9, 0xc9, 0xcf, 0xcf, 0xcf, 0xcf, 0xcf, 0xcf, 0xcf, 0xcf, 0xcf, 0xcf, 0xcf, 0xcf, 0xcf, 0xcf, 0xcf, 0xcf, 0xcf, 0xcf, 0xce, 0xc0, 0xca, 0xcb, 0xcb, 0xcb, 0xcd, 0xcd, 0xcb, 0xc7, 0xdf, 0xe8, 0xe8, 0xf3, 0xe8, 0xe1, 0xe1, 0xe9, 0xcd, 0xce, 0xce, 0xce, 0xc8, 0xc3, 0xe5, 0xca, 0xce, 0xce, 0xcd, 0xc8, 0xc1, 0xc1, 0xbd, 0xc1, 0xbf, 0xc1, 0xc1, 0xc3, 0xca, 0xce, 0xcf, 0xcf, 0xcf, 0xcb, 0xc7, 0xe3, 0xdd, 0xdc, 0xa8, 0xa3, 0xbf, 0xbf, 0xbf, 0xbf, 0xaa, 0x66, 0x6e, 0xaf, 0xa9, 0x66, 0x66, 0xa4, 0xa4, 0x5e, 0x5e, 0x66, 0x6e, 0x66, 0x5e, 0x5e, 0x55, 0x5e, 0x59, 0x5e, 0x59, 0x5e, 0x5d, 0x5d, 0x5e, 0x64, 0x5e, 0x64, 0x66, 0x6c, 0x70, 0x70, 0x70, 0x77, 0x86, 0x8f, 0xc6, 0xcb, 0x94, 0x94, 0x94, 0xce, 0xcf, 0xcf, 0xcf, 0xcf, 0xfa, 0xcf, 0x07, 0xcf, 0xcf, 0x07, 0xcf, 0xcf, 0xcf, 0x07, 0x07, 0x06, 0x06, 0x06, 0x06, 0x07, 0xcf, 0x07, 0xcc, 0x50, 0x94, 0x8e, 0x79, 0x5b, 0x57, 0x5d, 0x65, 0x5c, 0x5d, 0x5c, 0x6a, 0x6d, 0x6a, 0x65, 0x5c, 0x68, 0x68, 0x7e, 0x8f, 0xcd, 0x94, 0x8e, 0x8a, 0x92, 0x85, 0x59, 0x52, 0x52, 0x52, 0x52, 0x53, 0x56, 0x56, 0x56, 0x56, 0x57, 0x8a, 0x94, 0x94, 0x6d, 0x52, 0x53, 0x56, 0x56, 0x54, 0x6d, 0x88, 0x68, 0x71, 0x5b, 0x6f, 0x8a, 0x4d, 0x89, 0x87, 0x8a, 0x71, 0x5b, 0x5b, 0x64, 0x5d, 0x64, 0x64, 0x7d, 0x74, 0x74, 0x8b, 0xb9, 0x8b, 0x8f, 0xb9, 0xb9, 0x8f, 0x8f, 0xcb, 0xcd, 0xca, 0xd9, 0xa8, 0xda, 0xda, 0xb4, 0xb7, 0xb7, 0xdd, 0xc1, 0xc1, 0xe0, 0xbf, 0xc1, 0xbb, 0xdc, 0xdc, 0xb4, 0xbb, 0xc1, 0xc4, 0xc4, 0xbd, 0xb7, 0xbb, 0xc1, 0xcb, 0xc4, 0xdd, 0xbb, 0xbf, 0xbb, 0xbb, 0xb7, 0xb7, 0xbb, 0xbb, 0xbb, 0xbf, 0xbb, 0xb7, 0xb7, 0xb7, 0xb4, 0xb4, 0xda, 0xaa, 0xaa, 0xaa, 0xa2, 0xaa, 0xaf, 0xb3, 0xc8, 0xcd, 0xcd, 0xce, 0xcd, 0xe6, 0xcb, 0xb8, 0xaa, 0xb6, 0xb7, 0xb6, 0xaa, 0xa9, 0xa2, 0xa4, 0xaf, 0xc4, 0xe7, 0xc8, 0xc8, 0xca, 0xcd, 0xcd, 0xc2, 0xde, 0xc5, 0xce, 0xce, 0xcf, 0xcf, 0xcf, 0xcf, 0xcf, 0xcf, 0xcf, 0xce, 0xce, 0xce, 0xce, 0xce, 0xcd, 0xce, 0xcd, 0xce, 0xce, 0xce, 0xce, 0xce, 0xcf, 
  0xce, 0xce, 0xce, 0xce, 0xcf, 0xcf, 0xcf, 0xcf, 0xcf, 0xcf, 0xfa, 0xcf, 0xcf, 0xcf, 0xcf, 0xcf, 0xcf, 0xcf, 0xcf, 0xcf, 0xcf, 0xcf, 0x92, 0xc0, 0x8f, 0xc0, 0xc3, 0xc2, 0xc5, 0xcb, 0xcb, 0xe5, 0xe8, 0xd8, 0xf3, 0xe4, 0xe1, 0xe1, 0xe6, 0xce, 0xcd, 0xe7, 0xc7, 0xe5, 0xbd, 0xe5, 0xca, 0xce, 0xcd, 0xc8, 0xbc, 0xbf, 0xbd, 0xbb, 0xbb, 0xbd, 0xbf, 0xc4, 0xe6, 0xcb, 0xce, 0xcf, 0xcf, 0xce, 0xcd, 0xc4, 0xb9, 0xb6, 0xdd, 0xb4, 0x9b, 0xb1, 0xbb, 0xbb, 0xbb, 0xaf, 0x6e, 0x6e, 0xaf, 0xaf, 0xa4, 0x6e, 0x6e, 0x66, 0x66, 0x66, 0x6e, 0x6e, 0x5e, 0x5e, 0x59, 0x5e, 0x5e, 0x5e, 0x66, 0x66, 0x66, 0x70, 0x70, 0x7d, 0xa9, 0x86, 0xaf, 0x8b, 0xb9, 0xb9, 0x8b, 0x86, 0x86, 0x8b, 0xb9, 0x8f, 0x8f, 0xc0, 0x8e, 0x91, 0xcc, 0x07, 0xcf, 0xcf, 0xfa, 0xcf, 0xfa, 0xcf, 0xcf, 0xcf, 0xcf, 0xcf, 0xcf, 0xfa, 0x07, 0x07, 0x06, 0x07, 0x06, 0x07, 0x07, 0x07, 0xcc, 0x50, 0xce, 0x85, 0x64, 0x5d, 0x65, 0x5d, 0x5c, 0x5d, 0x5d, 0x65, 0x5d, 0x65, 0x59, 0x65, 0x64, 0x77, 0x8a, 0xc6, 0xe7, 0xc6, 0x8f, 0x8b, 0x8f, 0x8e, 0x73, 0x57, 0x52, 0x52, 0x52, 0x52, 0x53, 0x53, 0x56, 0x60, 0x56, 0x57, 0x82, 0x94, 0x92, 0xc6, 0x60, 0x56, 0x53, 0x56, 0x56, 0x56, 0x82, 0x6d, 0x68, 0x7a, 0x71, 0x7a, 0x87, 0xce, 0xce, 0x90, 0x82, 0x65, 0x57, 0x79, 0x79, 0x80, 0x86, 0x80, 0x7d, 0x70, 0x74, 0x86, 0x92, 0xc3, 0x8f, 0x8f, 0xc3, 0xc6, 0xc5, 0xce, 0xce, 0xc3, 0xd9, 0xda, 0xd8, 0xda, 0xdc, 0xdd, 0xb7, 0xbb, 0xc1, 0xbf, 0xbb, 0xb7, 0xc1, 0xbb, 0xdc, 0xdc, 0xdc, 0xbb, 0xbf, 0xc1, 0xc4, 0xbf, 0xb7, 0xb7, 0xe0, 0xbd, 0xca, 0xc1, 0xdd, 0xbb, 0xbb, 0xbb, 0xbb, 0xbb, 0xbb, 0xbb, 0xbb, 0xbf, 0xbf, 0xbb, 0xb7, 0xb4, 0xb4, 0xb4, 0xb4, 0xb4, 0xaa, 0xda, 0xb1, 0xaa, 0xaf, 0xb6, 0xb3, 0xc3, 0xc8, 0xce, 0xce, 0xcf, 0xce, 0xcd, 0xbe, 0xe5, 0xc1, 0xb6, 0xad, 0xaf, 0xa9, 0xa2, 0xa1, 0xaf, 0xc3, 0xcd, 0xca, 0xe7, 0xe7, 0xcd, 0xcd, 0xc8, 0xde, 0xc6, 0xce, 0xcf, 0xcf, 0xcf, 0xce, 0xce, 0xce, 0xcd, 0xcb, 0xca, 0xe6, 0xe6, 0xe6, 0xe5, 0xc2, 0xe5, 0xe6, 0xe6, 0xca, 0xcb, 0xce, 0xce, 
  0xcd, 0xcc, 0xcf, 0xcf, 0xcf, 0xcf, 0xcf, 0xcf, 0xcf, 0xcf, 0xcf, 0xfa, 0xcf, 0xcf, 0xcf, 0xcf, 0xcf, 0xcf, 0xcf, 0xcf, 0xcf, 0xcf, 0xce, 0xc9, 0xb8, 0xb8, 0xb9, 0xde, 0xc5, 0xca, 0xcb, 0xca, 0xe8, 0xe8, 0xe8, 0xe1, 0xe1, 0xe1, 0xc1, 0xc8, 0xc7, 0xe5, 0xbd, 0xbd, 0xbd, 0xc4, 0xcd, 0xcd, 0xc8, 0xc1, 0xbd, 0xbb, 0xbb, 0xbb, 0xbb, 0xbf, 0xc1, 0xc8, 0xcb, 0xce, 0xcf, 0xce, 0xce, 0xce, 0xca, 0xbe, 0xb2, 0xaf, 0xbb, 0xb7, 0xae, 0x9b, 0xb7, 0xb1, 0xb1, 0xae, 0xa4, 0xaa, 0xb4, 0xb1, 0xa4, 0xa4, 0x6e, 0x6e, 0xa4, 0xa4, 0x66, 0x66, 0x5e, 0x5e, 0x5e, 0x66, 0x6e, 0xa9, 0xa9, 0x80, 0x80, 0xb3, 0xb9, 0xbe, 0xc4, 0xc7, 0xc4, 0xc1, 0xc3, 0xbe, 0xb9, 0x8b, 0x8b, 0x8b, 0xb9, 0xb9, 0x8b, 0x8e, 0xc0, 0x92, 0xce, 0xcf, 0xcf, 0xcf, 0xcf, 0xcf, 0xcf, 0xcf, 0xcf, 0xcf, 0xcf, 0xcf, 0xcf, 0xcf, 0x07, 0x07, 0x06, 0x07, 0x06, 0x07, 0x07, 0x50, 0xcf, 0xce, 0x8a, 0x71, 0x65, 0x5d, 0x6a, 0x6a, 0x6a, 0x6a, 0x6a, 0x6a, 0x65, 0x5b, 0x71, 0x80, 0xb9, 0xc3, 0xc3, 0xbe, 0xb9, 0xb9, 0x8b, 0x8e, 0x8a, 0x6a, 0x52, 0x52, 0x52, 0x52, 0x52, 0x52, 0x56, 0x60, 0x60, 0x54, 0x57, 0x85, 0x93, 0x92, 0x50, 0x8e, 0x6d, 0x52, 0x53, 0x56, 0x14, 0x5c, 0x7f, 0x71, 0x7a, 0x8a, 0x85, 0x8a, 0x92, 0xcf, 0xcc, 0x81, 0x68, 0x67, 0x5b, 0x73, 0xcb, 0xc6, 0xc6, 0xc6, 0x86, 0x86, 0x7d, 0xc6, 0xca, 0x8f, 0xca, 0xcb, 0x94, 0xc3, 0xcc, 0xce, 0xcd, 0xc2, 0xa8, 0xa8, 0xda, 0xda, 0xdd, 0xdc, 0xe0, 0xc1, 0xc4, 0xbb, 0xb7, 0xb7, 0xc1, 0xbb, 0xdc, 0xb4, 0xb4, 0xb7, 0xbf, 0xbd, 0xc1, 0xbf, 0xb7, 0xb7, 0xb7, 0xe0, 0xc1, 0xca, 0xe2, 0xdd, 0xe0, 0xbb, 0xbb, 0xb7, 0xbb, 0xb7, 0xbb, 0xb7, 0xbb, 0xbf, 0xbf, 0xbb, 0xb7, 0xb7, 0xb4, 0xb1, 0xda, 0xaa, 0xa4, 0xaa, 0xaa, 0xa4, 0xa2, 0xa2, 0xa7, 0xb2, 0xce, 0xce, 0xcf, 0xcf, 0xce, 0xce, 0xce, 0xca, 0xc3, 0xc3, 0xb6, 0xaf, 0xa9, 0xa1, 0xac, 0xc3, 0xcd, 0xcc, 0xcb, 0xce, 0xcd, 0xce, 0xcb, 0xba, 0xce, 0xce, 0xce, 0xe7, 0xc6, 0xc2, 0xe4, 0xbc, 0xe1, 0xb5, 0xe1, 0xdf, 0xb5, 0xe8, 0xb5, 0xe8, 0xb5, 0xdf, 0xe2, 0xe2, 0xe3, 0xe3, 
  0xcc, 0xce, 0xcf, 0xcf, 0xce, 0xce, 0xcf, 0xcf, 0xcf, 0xcf, 0xcf, 0xcf, 0xcf, 0xcf, 0xcf, 0xcf, 0xcf, 0xcf, 0xce, 0xcf, 0xcf, 0xcf, 0xcf, 0xce, 0xc6, 0x8f, 0xc3, 0xca, 0xcb, 0xc8, 0xe7, 0xcb, 0xc7, 0xdf, 0xe8, 0xe1, 0xe1, 0xdf, 0xe2, 0xc1, 0xc1, 0xbd, 0xbb, 0xbb, 0xbb, 0xc1, 0xca, 0xc8, 0xc1, 0xbd, 0xbb, 0xbb, 0xbb, 0xbb, 0xbf, 0xc1, 0xc4, 0xca, 0xce, 0xce, 0xcd, 0xcb, 0xc8, 0xc6, 0xc4, 0xb3, 0xac, 0xaa, 0xb6, 0xbb, 0xb7, 0xa3, 0xa2, 0xb4, 0xaa, 0xb1, 0xaa, 0xaa, 0xb7, 0xdc, 0xaa, 0xa4, 0xa4, 0xa4, 0xa4, 0x6e, 0x66, 0x66, 0x6e, 0xa4, 0xa9, 0x80, 0xb9, 0xbe, 0xc3, 0xc7, 0xc8, 0xca, 0xca, 0xc8, 0xc7, 0xc7, 0xc7, 0xc4, 0xbe, 0xb3, 0x86, 0xb9, 0x8b, 0x8b, 0x8b, 0xb9, 0x92, 0x8f, 0x94, 0xcc, 0xcf, 0x07, 0xcf, 0xcf, 0xcf, 0xcf, 0xcf, 0xcf, 0xcf, 0xcf, 0xcf, 0xcf, 0xcf, 0x07, 0x07, 0x07, 0x07, 0x06, 0xcf, 0x07, 0xce, 0x07, 0x90, 0x76, 0x64, 0x5b, 0x65, 0x64, 0x6a, 0x5d, 0x6a, 0x5b, 0x65, 0x64, 0x71, 0x86, 0xc6, 0xc6, 0xbe, 0xbe, 0xb8, 0xb9, 0xb9, 0xb3, 0x8a, 0x79, 0x5c, 0x52, 0x52, 0x52, 0x52, 0x52, 0x53, 0x56, 0x56, 0x60, 0x5c, 0x57, 0x7a, 0xcd, 0xce, 0xcc, 0xcd, 0x8e, 0x54, 0x52, 0x54, 0x5c, 0x56, 0x60, 0x7a, 0x82, 0x8a, 0x8e, 0x8a, 0x8e, 0x94, 0x8e, 0x8e, 0x82, 0x85, 0x7e, 0x73, 0x7e, 0xc6, 0xcd, 0xcb, 0xc7, 0xc8, 0x8b, 0x78, 0x8a, 0x8b, 0x8b, 0xc6, 0x92, 0x89, 0xc0, 0xcd, 0xce, 0xcd, 0xb8, 0xa8, 0xda, 0xda, 0xdc, 0xdc, 0xdc, 0xc1, 0xc4, 0xc4, 0xdd, 0xb7, 0xbb, 0xbb, 0xbb, 0xdc, 0xdc, 0xdc, 0xb7, 0xc1, 0xbb, 0xbd, 0xc1, 0xbb, 0xb7, 0xb4, 0xb7, 0xbb, 0xc1, 0xc7, 0xb5, 0xdd, 0xe0, 0xbb, 0xbf, 0xbb, 0xb7, 0xb7, 0xb7, 0xb7, 0xbb, 0xb7, 0xbb, 0xbb, 0xb4, 0xb7, 0xdc, 0xb4, 0xda, 0xda, 0xaa, 0xaa, 0xaa, 0xaa, 0xaa, 0xb1, 0xbd, 0xe7, 0xce, 0xce, 0xcf, 0xcf, 0xcf, 0xce, 0xce, 0xce, 0xcd, 0xc4, 0xbe, 0xbd, 0xa9, 0xa1, 0xa7, 0x92, 0xcd, 0xce, 0xcd, 0xcf, 0xcf, 0xce, 0xcb, 0xc9, 0xcd, 0xc9, 0xc5, 0xb8, 0xb8, 0xb8, 0xbc, 0xe4, 0xe2, 0xe1, 0xe1, 0xe1, 0xe2, 0xe1, 0xe2, 0xe1, 0xe2, 0xb5, 0xdf, 0xb5, 0xb5, 
  0xfa, 0xcf, 0xcf, 0xce, 0xce, 0xca, 0xce, 0xce, 0xcf, 0xcf, 0xcf, 0xcf, 0xcf, 0xcf, 0xcf, 0xcf, 0xcf, 0xcf, 0xcf, 0xcf, 0x07, 0xcf, 0xce, 0xcf, 0xce, 0xc0, 0xb0, 0xb2, 0xc3, 0xcb, 0xca, 0xc8, 0xca, 0xe3, 0xe8, 0xe8, 0xe2, 0xe1, 0xe0, 0xbf, 0xbb, 0xbb, 0xb7, 0xb7, 0xbb, 0xbf, 0xc4, 0xc1, 0xbd, 0xbb, 0xbb, 0xbf, 0xbf, 0xbf, 0xc1, 0xc4, 0xca, 0xcb, 0xcb, 0xcb, 0xc8, 0xc7, 0xe5, 0xbd, 0xbd, 0xad, 0xa9, 0xa1, 0xaa, 0xb1, 0xb7, 0xb4, 0xa2, 0xaa, 0xdc, 0xaa, 0xdc, 0xb4, 0xb4, 0xdc, 0xa8, 0xa8, 0xaa, 0xaa, 0xa4, 0xa4, 0xa9, 0xaa, 0xb6, 0xb6, 0xbd, 0xc7, 0xca, 0xca, 0xc8, 0xc6, 0xc6, 0xcb, 0xcb, 0xcd, 0xcb, 0xc8, 0xc4, 0xc1, 0xb3, 0x80, 0x80, 0x80, 0x86, 0x86, 0x8b, 0xb9, 0xc3, 0xcb, 0xce, 0xce, 0xcf, 0xcf, 0xcf, 0xcf, 0xcf, 0xcf, 0xcf, 0xcf, 0xcf, 0xcf, 0xcf, 0xcf, 0xcf, 0xfa, 0x06, 0x07, 0x07, 0xcf, 0xcf, 0xcf, 0x07, 0xce, 0x8a, 0x5b, 0x65, 0x70, 0x6a, 0x6a, 0x6a, 0x6a, 0x68, 0x73, 0x76, 0x8f, 0xcd, 0xcb, 0xc3, 0x8f, 0xbe, 0xb9, 0xbe, 0xb9, 0x8b, 0x8e, 0x8b, 0x57, 0x52, 0x52, 0x53, 0x52, 0x53, 0x52, 0x5c, 0x56, 0x5c, 0x5c, 0x57, 0x7f, 0x92, 0x7e, 0x79, 0x67, 0x85, 0x85, 0x64, 0x55, 0x52, 0x56, 0x52, 0x54, 0x85, 0x8a, 0x8e, 0x8e, 0x7e, 0x85, 0x7e, 0x76, 0x79, 0x7e, 0x73, 0x85, 0x8b, 0xc3, 0xc3, 0xc8, 0xc3, 0xbe, 0xe6, 0x8b, 0xab, 0x8b, 0xc6, 0x83, 0x83, 0xa6, 0x89, 0xce, 0xcd, 0xce, 0xcd, 0xb5, 0xa3, 0xda, 0xda, 0xdc, 0xda, 0xe2, 0xcb, 0xcb, 0xc1, 0xb6, 0xb7, 0xb4, 0xbb, 0xbb, 0xdc, 0xda, 0xdc, 0xb4, 0xc4, 0xbd, 0xe0, 0xbf, 0xbb, 0xbb, 0xb4, 0xb7, 0xb7, 0xbb, 0xbd, 0xc4, 0xe0, 0xb4, 0xdd, 0xb7, 0xbb, 0xb7, 0xb4, 0xb4, 0xb7, 0xb7, 0xb7, 0xbf, 0xbf, 0xbb, 0xb7, 0xb4, 0xb4, 0xb4, 0xb4, 0xdc, 0xaa, 0xb1, 0xaa, 0xb1, 0xb4, 0xb6, 0xb3, 0xb8, 0xc0, 0xce, 0xcf, 0xcf, 0xcf, 0xcf, 0xcd, 0xcb, 0xce, 0xce, 0xca, 0xc2, 0xb2, 0xa6, 0xa6, 0xb8, 0xce, 0xce, 0xcf, 0xce, 0xcf, 0xce, 0x94, 0xe7, 0xc9, 0xcb, 0xcb, 0xcb, 0xcd, 0xce, 0xce, 0xce, 0xcd, 0xcd, 0xcb, 0xcb, 0xcb, 0xe7, 0xca, 0xe6, 0xc5, 0xe5, 0xc2, 0xe5, 
  0xcf, 0xcf, 0xce, 0xce, 0xc2, 0xb8, 0xc5, 0xc9, 0xcf, 0xcf, 0xcf, 0xcf, 0xcf, 0xcf, 0xcf, 0xcf, 0xcf, 0xcf, 0xcf, 0xcf, 0xcf, 0xcf, 0xcf, 0xcf, 0xcf, 0xce, 0x89, 0x83, 0xb2, 0xc7, 0xca, 0xc7, 0xc1, 0xc1, 0xdf, 0xdf, 0xe1, 0xe0, 0xe2, 0xbf, 0xbf, 0xbb, 0xb7, 0xb7, 0xe0, 0xbf, 0xbf, 0xbf, 0xbf, 0xc1, 0xc4, 0xc1, 0xbf, 0xbf, 0xc1, 0xc4, 0xc7, 0xc8, 0xc8, 0xc8, 0xc7, 0xc4, 0xc1, 0xc1, 0xbf, 0xbb, 0xa9, 0xa9, 0xa4, 0xaa, 0xb1, 0xbb, 0xa8, 0xa2, 0xb4, 0xb4, 0xb4, 0xb4, 0xb7, 0xdc, 0xaa, 0xda, 0xdc, 0xb4, 0xb7, 0xb6, 0xb7, 0xb3, 0xaa, 0xaa, 0x70, 0xa1, 0x77, 0x70, 0x68, 0x64, 0x68, 0x71, 0x71, 0x8b, 0xc6, 0xc6, 0xc4, 0xbe, 0xb3, 0x80, 0x7c, 0x80, 0x86, 0x86, 0x86, 0x8b, 0x8f, 0xca, 0xcb, 0xcd, 0xce, 0xcf, 0xce, 0x07, 0xce, 0xcf, 0xcf, 0xcf, 0x07, 0xcf, 0xcf, 0xcf, 0xcf, 0x07, 0xcf, 0x07, 0xcf, 0xcf, 0xcf, 0xcf, 0xcc, 0x8a, 0x71, 0x6a, 0x6a, 0x73, 0x6a, 0x73, 0x68, 0x74, 0x85, 0x92, 0xcd, 0xe7, 0x92, 0xe6, 0xc6, 0xc7, 0xc3, 0xc3, 0xb9, 0x8f, 0x8f, 0x8b, 0x6a, 0x52, 0x52, 0x52, 0x53, 0x52, 0x53, 0x5c, 0x56, 0x55, 0x65, 0x55, 0x65, 0x79, 0x64, 0x0d, 0x96, 0x5b, 0x83, 0x86, 0x80, 0x7d, 0x6a, 0x64, 0x55, 0x5b, 0x92, 0xce, 0x8b, 0x76, 0x85, 0x8a, 0x8a, 0x8e, 0x8b, 0x7e, 0x73, 0x7c, 0x8b, 0x8f, 0xc6, 0xac, 0xbe, 0xe5, 0xc3, 0xcb, 0xcb, 0xcb, 0xca, 0x8f, 0x8b, 0x86, 0x8b, 0x8f, 0x89, 0xb0, 0xab, 0xa7, 0xdc, 0xda, 0xda, 0xdc, 0xae, 0xe2, 0xc4, 0xe6, 0xbd, 0xb1, 0xb7, 0xb4, 0xbb, 0xb7, 0xdc, 0xdc, 0xda, 0xb4, 0xe2, 0xc4, 0xbb, 0xbb, 0xbf, 0xbb, 0xb7, 0xb4, 0xb4, 0xbb, 0xbf, 0xc4, 0xc4, 0xae, 0xdc, 0xdc, 0xbb, 0xb7, 0xb7, 0xb4, 0xb4, 0xb4, 0xb7, 0xbb, 0xb7, 0xbb, 0xbb, 0xb7, 0xb4, 0xb4, 0xb4, 0xb4, 0xdc, 0xb1, 0xda, 0xb1, 0xaa, 0xa8, 0xaa, 0xad, 0xb9, 0xce, 0xce, 0xce, 0xcf, 0xcf, 0xcf, 0xcf, 0xce, 0xcf, 0xce, 0xce, 0xcd, 0xc6, 0x83, 0xa5, 0x81, 0xcd, 0xce, 0xcf, 0xcf, 0xcf, 0xce, 0xcd, 0xce, 0xcf, 0xce, 0xcf, 0xcf, 0xcf, 0xcf, 0xcf, 0xcf, 0xce, 0xcf, 0xce, 0xcf, 0xce, 0xce, 0xce, 0xcd, 0xce, 0xcd, 0xcd, 
  0xfa, 0xcf, 0xcd, 0xc6, 0xb2, 0xc0, 0xc2, 0xe7, 0xcf, 0xcf, 0xcf, 0xcf, 0xcf, 0xcf, 0xcf, 0xcf, 0xcf, 0xcf, 0xcf, 0xcf, 0xce, 0xce, 0xce, 0xcf, 0xcf, 0xce, 0xc6, 0xab, 0x83, 0xb2, 0xc1, 0xc1, 0xbb, 0xb7, 0xdf, 0xd8, 0xdf, 0xe0, 0xdf, 0xae, 0xdc, 0xda, 0xd5, 0xd8, 0xd8, 0xda, 0xd8, 0xae, 0xb4, 0xb1, 0xdd, 0xb6, 0xbb, 0xbf, 0xbf, 0xc1, 0xc1, 0xc1, 0xc1, 0xc1, 0xc1, 0xc4, 0xc1, 0xc1, 0xc1, 0xbf, 0xbd, 0xb1, 0xb1, 0xb1, 0xb4, 0xb7, 0xb4, 0xa3, 0xa8, 0xb7, 0xb4, 0xb7, 0xb7, 0xb4, 0xb4, 0xb4, 0xb4, 0xb7, 0xb1, 0xaf, 0x6e, 0x6e, 0x5e, 0x5e, 0x59, 0x59, 0x55, 0x55, 0x55, 0x55, 0x54, 0x55, 0x57, 0x5b, 0x72, 0x7d, 0x8b, 0xc3, 0xb9, 0xb3, 0x80, 0x80, 0xb3, 0x86, 0xb3, 0xb3, 0xb9, 0xb9, 0x8b, 0xb9, 0x8e, 0x8e, 0x8d, 0x8e, 0x8d, 0x8d, 0x4d, 0x4d, 0x93, 0x07, 0xcf, 0xcf, 0xcf, 0xcf, 0x07, 0xcf, 0xcf, 0xcf, 0xcf, 0xcf, 0x7e, 0x67, 0x6a, 0x73, 0x6a, 0x68, 0x68, 0x74, 0x8a, 0x94, 0xce, 0xcb, 0x94, 0xc6, 0xc6, 0xca, 0xc8, 0xc8, 0xc6, 0xc6, 0xc6, 0x8f, 0x8e, 0x67, 0x52, 0x52, 0x52, 0x52, 0x53, 0x56, 0x60, 0x5c, 0x5c, 0x5c, 0x55, 0x6a, 0x65, 0x96, 0x52, 0x5a, 0x6c, 0x8f, 0xc1, 0xbe, 0xc1, 0xbd, 0xc4, 0xbe, 0x8a, 0x77, 0x8a, 0x7e, 0x62, 0x62, 0x7e, 0xe7, 0xce, 0xcd, 0x8e, 0x85, 0x85, 0x83, 0xca, 0xe7, 0xc8, 0xb0, 0xc7, 0xc8, 0xc3, 0xc6, 0x92, 0xcb, 0xcb, 0xb8, 0x8b, 0xc6, 0x8f, 0x89, 0x84, 0xb0, 0xb0, 0xd9, 0xda, 0xda, 0xda, 0xdd, 0xe2, 0xb8, 0xde, 0xb8, 0xbe, 0xb7, 0xb7, 0xb4, 0xbb, 0xe0, 0xdc, 0xda, 0xdc, 0xb4, 0xe0, 0xc1, 0xc1, 0xbb, 0xbf, 0xbb, 0xbf, 0xb7, 0xb7, 0xb4, 0xb7, 0xb7, 0xc1, 0xc1, 0xdc, 0xdd, 0xdc, 0xbb, 0xb7, 0xb7, 0xb4, 0xb4, 0xdc, 0xdc, 0xb4, 0xdc, 0xb7, 0xb7, 0xb7, 0xb4, 0xb7, 0xb7, 0xb4, 0xb1, 0xb1, 0xb1, 0xb1, 0xb1, 0xb6, 0xbb, 0xbe, 0xc7, 0xce, 0xce, 0xcf, 0xcf, 0xcf, 0xcf, 0xcf, 0xce, 0xcf, 0xcf, 0xcf, 0xce, 0xce, 0x92, 0x7b, 0x7b, 0xc0, 0xce, 0xce, 0xcc, 0xcf, 0xcf, 0xce, 0xcf, 0xcf, 0xce, 0xcf, 0xcf, 0xcf, 0xcf, 0xcf, 0xcf, 0xcf, 0xcf, 0xcf, 0xcf, 0xcf, 0xce, 0xcf, 0xce, 0xce, 0xcf, 
  0xcf, 0xce, 0xc6, 0xb8, 0xc6, 0xcd, 0xce, 0xce, 0xcf, 0xcf, 0xcf, 0xcf, 0xcf, 0xcf, 0xcf, 0xcf, 0xcf, 0xcf, 0xcf, 0xcc, 0x94, 0x91, 0xe7, 0xce, 0xcc, 0xcd, 0xce, 0xc6, 0xac, 0xa7, 0xa7, 0xad, 0xb4, 0xdc, 0xd8, 0xd5, 0xdc, 0xdf, 0xd2, 0x9b, 0x9b, 0x9b, 0x9b, 0x9b, 0x9b, 0x9b, 0x96, 0x9b, 0x9b, 0x9b, 0x96, 0x9b, 0x9d, 0xa3, 0xa3, 0xbd, 0xbd, 0xbb, 0xb6, 0xb1, 0xb1, 0xb6, 0xbb, 0xbb, 0xbb, 0xbb, 0xb6, 0xb4, 0xb1, 0xb1, 0xaf, 0xb1, 0xb7, 0xb4, 0x9b, 0xdc, 0xb1, 0xdc, 0xdc, 0xdc, 0xb4, 0xb4, 0xb7, 0xaa, 0xaa, 0xa1, 0x66, 0x66, 0x5e, 0x5d, 0x59, 0x55, 0x59, 0x55, 0x55, 0x55, 0x55, 0x56, 0x55, 0x52, 0x55, 0x5c, 0x68, 0x77, 0x86, 0xb9, 0xb3, 0x86, 0x80, 0xb3, 0xb9, 0xb3, 0xb8, 0xb3, 0x86, 0x86, 0x80, 0x85, 0x85, 0x82, 0x82, 0x88, 0x47, 0x8d, 0x4d, 0x50, 0x07, 0xcf, 0xcf, 0xcf, 0xcf, 0xfa, 0xcf, 0xcf, 0xce, 0x92, 0x79, 0x73, 0x73, 0x68, 0x73, 0x79, 0x8a, 0xce, 0xcd, 0xce, 0xc9, 0xc9, 0xcb, 0xcb, 0xcb, 0xcb, 0xcb, 0xcb, 0xca, 0xe7, 0x94, 0x92, 0xce, 0x65, 0x52, 0x52, 0x56, 0x52, 0x56, 0x60, 0x5c, 0x5c, 0x59, 0x65, 0x64, 0x7e, 0x77, 0x65, 0x78, 0x8b, 0xc8, 0xca, 0xc4, 0xc1, 0xbd, 0xbd, 0xb3, 0xa7, 0x6b, 0x5a, 0x6b, 0x97, 0x58, 0x9a, 0x62, 0xa6, 0x94, 0xcd, 0xc6, 0x8a, 0x83, 0xc6, 0xc6, 0xcb, 0xc8, 0xc7, 0xc8, 0xc4, 0xc8, 0xc3, 0xc0, 0xce, 0xcd, 0xc0, 0x89, 0x83, 0x89, 0xca, 0xce, 0xcd, 0xcb, 0xad, 0xd8, 0xdc, 0xe0, 0xc1, 0xcd, 0xcd, 0xcb, 0xc7, 0xc1, 0xb7, 0xb7, 0xb4, 0xb7, 0xbb, 0xdc, 0xd8, 0xda, 0xb7, 0xdd, 0xc4, 0xc1, 0xe2, 0xbb, 0xe0, 0xbb, 0xb7, 0xb4, 0xb7, 0xb4, 0xbb, 0xbb, 0xc1, 0xbf, 0xdd, 0xdc, 0xdd, 0xbb, 0xb4, 0xb4, 0xb4, 0xb7, 0xb4, 0xb4, 0xb4, 0xdc, 0xb4, 0xbb, 0xb7, 0xb7, 0xb4, 0xb1, 0xda, 0xb1, 0xda, 0xaa, 0xa8, 0xaa, 0xa8, 0xaa, 0xac, 0xb0, 0xc0, 0xcf, 0xcf, 0xcf, 0x07, 0xcf, 0xcf, 0xcf, 0xcf, 0xfa, 0xcf, 0xcf, 0xce, 0xce, 0x89, 0x7b, 0xb0, 0xce, 0xce, 0xcf, 0xce, 0xcf, 0xcf, 0xcf, 0xcf, 0xcf, 0xcf, 0xcf, 0xcf, 0xcf, 0xcf, 0xcf, 0xcf, 0xcf, 0xcf, 0xcf, 0xcf, 0xce, 0xcf, 0xce, 0xce, 
  0xce, 0xe7, 0xc0, 0xca, 0xcd, 0xce, 0xce, 0xcf, 0xcf, 0xcf, 0xcf, 0xcf, 0xcf, 0xcf, 0xcf, 0xcf, 0xfa, 0xcf, 0xcf, 0xcc, 0xcb, 0xc5, 0x92, 0xca, 0xca, 0x83, 0xc6, 0xcb, 0xb8, 0xab, 0xad, 0x9d, 0xa3, 0xa3, 0xa3, 0xa3, 0xd8, 0xd8, 0x9b, 0x9b, 0x9b, 0x9b, 0x9b, 0x9b, 0x9b, 0x96, 0x9b, 0x96, 0x96, 0x96, 0x96, 0x96, 0x97, 0x96, 0x97, 0x9b, 0x9a, 0x9d, 0xa2, 0xa7, 0xad, 0xaa, 0xaa, 0xa8, 0xaa, 0xa9, 0xa8, 0xa2, 0xa2, 0xa2, 0xa2, 0xb1, 0xaf, 0xbb, 0xa3, 0x9b, 0x9b, 0xd2, 0x9b, 0xa3, 0xa8, 0xa8, 0xb7, 0xbb, 0xae, 0x80, 0xa7, 0x77, 0xa1, 0x70, 0x70, 0x70, 0x64, 0x64, 0x65, 0x65, 0x5c, 0x59, 0x55, 0x55, 0x55, 0x54, 0x55, 0x57, 0x59, 0x6a, 0x7d, 0x86, 0x8b, 0xb9, 0xb3, 0xb6, 0xb3, 0xb3, 0xaf, 0x80, 0xa9, 0x7d, 0x7c, 0x79, 0x7e, 0x88, 0x8d, 0x4f, 0x93, 0x06, 0xcf, 0xcf, 0xcf, 0xcf, 0xcf, 0xcf, 0xcf, 0xce, 0x90, 0x71, 0x73, 0x68, 0x71, 0x7e, 0x8e, 0xfa, 0xce, 0xce, 0xcd, 0xcc, 0xcd, 0xce, 0xcc, 0xce, 0xce, 0xce, 0xcd, 0xce, 0xcb, 0xcd, 0x93, 0xcc, 0x7a, 0x57, 0x56, 0x52, 0x52, 0x56, 0x5c, 0x5c, 0x55, 0x6a, 0x6a, 0x7d, 0x8b, 0x86, 0x86, 0xc3, 0xcd, 0xcd, 0x8f, 0xb9, 0xb3, 0xb9, 0xb6, 0xb3, 0x80, 0xac, 0x5a, 0x6b, 0x6f, 0x5a, 0x62, 0x6b, 0x74, 0xa0, 0x8b, 0x8b, 0x8b, 0x8b, 0xc6, 0xc8, 0xc7, 0xc8, 0xc8, 0xc3, 0xbe, 0xbe, 0xc7, 0xc6, 0xc6, 0xce, 0xce, 0xcb, 0xce, 0xc6, 0x89, 0x89, 0xb8, 0xc8, 0xc1, 0xae, 0xd9, 0xdd, 0xca, 0xce, 0xce, 0xce, 0xcd, 0xc8, 0xbd, 0xb7, 0xb7, 0xb4, 0xbb, 0xb7, 0xdc, 0xda, 0xda, 0xda, 0xb7, 0xc1, 0xcb, 0xb8, 0xbb, 0xe0, 0xbf, 0xbb, 0xb7, 0xb4, 0xb4, 0xb7, 0xbf, 0xc1, 0xc8, 0xb5, 0xdc, 0xb4, 0xb4, 0xbb, 0xb7, 0xb4, 0xdc, 0xda, 0xb4, 0xb4, 0xb7, 0xb4, 0xbf, 0xb7, 0xbb, 0xb7, 0xb7, 0xb4, 0xb4, 0xb4, 0xb1, 0xb4, 0xb1, 0xb1, 0xb1, 0xaf, 0xad, 0xc2, 0xce, 0xcf, 0xcf, 0xcf, 0xce, 0xcf, 0xcf, 0xcf, 0xcf, 0xcf, 0xcf, 0xcf, 0xcf, 0xce, 0xc9, 0x84, 0x7b, 0x94, 0xce, 0xcf, 0xfa, 0xcf, 0xcf, 0xcf, 0xcf, 0xcf, 0xcf, 0xcf, 0xcf, 0xcf, 0xcf, 0xcf, 0xcf, 0xcf, 0xcf, 0xce, 0xcf, 0xcd, 0xcb, 0xc8, 
  0xcb, 0xc0, 0xe7, 0xce, 0xcf, 0xcf, 0xcf, 0xcf, 0xcf, 0xcf, 0xcf, 0xcf, 0xcf, 0xcf, 0xcf, 0xfa, 0xcf, 0xcf, 0xcf, 0xce, 0xcf, 0xce, 0xca, 0xb8, 0xb2, 0xa6, 0xa7, 0x83, 0xc4, 0xbe, 0xb3, 0xae, 0xa3, 0xa8, 0xda, 0xa8, 0xd5, 0xa8, 0xa8, 0xb1, 0xae, 0xda, 0xae, 0xa8, 0xaa, 0xa8, 0xa2, 0x9b, 0xa2, 0x9b, 0x96, 0x97, 0x96, 0x96, 0x95, 0x96, 0x95, 0x96, 0x96, 0x9d, 0x6e, 0xa3, 0xa8, 0xa2, 0x9d, 0xa2, 0x9b, 0x5e, 0x9b, 0x6e, 0xaa, 0xaf, 0xaf, 0xa9, 0xb3, 0x9b, 0x9b, 0x9b, 0x9b, 0x9b, 0x96, 0x9b, 0x9b, 0xb6, 0xc4, 0xc7, 0xc6, 0x8f, 0xc3, 0xb9, 0xb9, 0xb3, 0x80, 0x80, 0x80, 0x79, 0x77, 0x73, 0x6a, 0x6a, 0x65, 0x65, 0x5c, 0x5c, 0x57, 0x5b, 0x5b, 0x71, 0x80, 0xc3, 0xbe, 0xbe, 0xb6, 0xb3, 0xaf, 0xaa, 0xa9, 0xa9, 0x77, 0x7d, 0x85, 0x8e, 0x94, 0x07, 0x07, 0x07, 0xcf, 0xcf, 0xcf, 0xcf, 0xcf, 0xcf, 0xcf, 0x48, 0x6b, 0x68, 0x71, 0x7e, 0x92, 0xce, 0xcf, 0xcf, 0xcf, 0xcf, 0xcf, 0xcf, 0xce, 0xcf, 0xcf, 0xcf, 0xcf, 0xce, 0xcf, 0xcb, 0xcd, 0x92, 0xce, 0x88, 0x57, 0x52, 0x52, 0x52, 0x56, 0x65, 0x5c, 0x55, 0x6a, 0x73, 0x7d, 0x8a, 0xc3, 0xcb, 0xc6, 0xc3, 0x83, 0x83, 0xac, 0xac, 0xb3, 0xb3, 0xb3, 0xb3, 0xb3, 0x7c, 0xac, 0xb9, 0x62, 0x6b, 0x83, 0x6b, 0x83, 0xac, 0xb3, 0x83, 0xb3, 0xc6, 0xbe, 0xb8, 0xc7, 0xc7, 0xb9, 0xbe, 0xc6, 0xb2, 0x8f, 0xc7, 0xc9, 0xce, 0xce, 0x94, 0xfa, 0xce, 0xce, 0xc8, 0xc3, 0xe5, 0xb2, 0xd6, 0xad, 0xe5, 0xce, 0xce, 0xce, 0xcb, 0xc8, 0xc4, 0xb5, 0xb7, 0xb7, 0xb7, 0xb7, 0xb7, 0xda, 0xda, 0xda, 0xdc, 0xdd, 0xbb, 0xcd, 0xc7, 0xb5, 0xe0, 0xbb, 0xbb, 0xb7, 0xb4, 0xb4, 0xb4, 0xbb, 0xbf, 0xc8, 0xc7, 0xe2, 0xdd, 0xdd, 0xb7, 0xbb, 0xb7, 0xb4, 0xb4, 0xda, 0xdc, 0xdc, 0xb4, 0xb4, 0xb7, 0xbb, 0xb7, 0xb7, 0xb7, 0xb4, 0xb4, 0xae, 0xaa, 0xa8, 0xaa, 0xaa, 0xb1, 0xbd, 0xc4, 0xcb, 0xce, 0xcf, 0xce, 0xcf, 0xcf, 0xcf, 0xcf, 0xcf, 0xcf, 0xcf, 0xcf, 0xcf, 0xcf, 0xce, 0xce, 0xba, 0xa5, 0x8c, 0xfa, 0xcf, 0xfa, 0xcf, 0xcf, 0xcf, 0xcf, 0xcf, 0xcf, 0xcf, 0xcf, 0xcf, 0xcf, 0xcf, 0xfa, 0xcf, 0xce, 0xcb, 0xe6, 0xc2, 0xc2, 
  0xc9, 0xcd, 0xce, 0xcf, 0xce, 0xcf, 0xcc, 0xcc, 0xce, 0xcf, 0xcf, 0xcf, 0xcf, 0xcf, 0xcf, 0xcf, 0xcf, 0xcf, 0xcf, 0xcf, 0xce, 0xce, 0xca, 0xb8, 0xac, 0xb6, 0xb5, 0xb2, 0xbd, 0xc4, 0xbe, 0xc1, 0xb5, 0xb7, 0xbb, 0xb7, 0xb1, 0xa3, 0xae, 0xb6, 0xb7, 0xb1, 0xb7, 0xb1, 0xb1, 0xb6, 0xb1, 0xaf, 0xaf, 0xaa, 0xaf, 0xa4, 0x66, 0x9a, 0x5e, 0x96, 0x96, 0x96, 0x96, 0x96, 0x96, 0x96, 0x9a, 0xa2, 0x9d, 0x9d, 0x9b, 0x9b, 0xa1, 0xad, 0xb6, 0xaf, 0xa9, 0xa1, 0xa4, 0x78, 0x9b, 0x97, 0x96, 0x96, 0x98, 0x96, 0x98, 0x9a, 0xab, 0xc7, 0xcd, 0xce, 0xcd, 0xca, 0xc6, 0xc7, 0xc7, 0xc7, 0xc6, 0xca, 0xc6, 0x8f, 0x8f, 0xb9, 0x8a, 0x8b, 0x8a, 0x85, 0x79, 0x73, 0x69, 0x68, 0x77, 0x8a, 0xc3, 0xc7, 0xbe, 0xb7, 0xb3, 0xaa, 0xa9, 0xa9, 0xa9, 0xa9, 0x80, 0x8f, 0xe7, 0xcd, 0xcf, 0x07, 0xcf, 0xcf, 0xcf, 0xcf, 0xcf, 0xce, 0x7e, 0x67, 0x71, 0x87, 0x94, 0xce, 0xce, 0xcf, 0xcf, 0xcf, 0xcf, 0xfa, 0xcf, 0xcf, 0xcf, 0xcf, 0xcf, 0xcf, 0xcf, 0xcd, 0xcb, 0xe7, 0x92, 0xce, 0x92, 0x5f, 0x52, 0x52, 0x53, 0x55, 0x65, 0x6a, 0x64, 0x73, 0x80, 0x8b, 0xc8, 0x8f, 0x7e, 0x70, 0x64, 0x64, 0x74, 0xac, 0xb9, 0xbe, 0xc4, 0xc4, 0xc4, 0xc1, 0xaf, 0xb3, 0xc1, 0x8b, 0x9d, 0x83, 0xc3, 0xab, 0xad, 0xb2, 0xad, 0xb3, 0xc1, 0xbe, 0xbc, 0x8f, 0xc3, 0xb9, 0xb0, 0xc6, 0xce, 0xc2, 0xc0, 0xc8, 0xc6, 0xce, 0xce, 0xe7, 0xcf, 0xce, 0xcf, 0xce, 0xce, 0xcd, 0xd7, 0xa7, 0xe5, 0xcd, 0xcb, 0xcb, 0xca, 0xc8, 0xc3, 0xc1, 0xbf, 0xb1, 0xb7, 0xb4, 0xbb, 0xb7, 0xda, 0xd8, 0xda, 0xdc, 0xb7, 0xe0, 0xcb, 0xcd, 0xe2, 0xe0, 0xe0, 0xbb, 0xb7, 0xb4, 0xb7, 0xb4, 0xb1, 0xb7, 0xbb, 0xc7, 0xca, 0xe0, 0xe0, 0xdc, 0xbb, 0xbb, 0xb4, 0xb4, 0xb4, 0xdc, 0xdc, 0xda, 0xa8, 0xda, 0xb4, 0xb7, 0xb7, 0xb7, 0xb7, 0xb7, 0xb7, 0xb4, 0xaa, 0xaa, 0xaa, 0xaa, 0xa2, 0xad, 0x83, 0xb8, 0xcd, 0xcf, 0xcf, 0xcf, 0xcf, 0xcf, 0xcf, 0xcf, 0xcf, 0xcf, 0xcf, 0xcf, 0xcf, 0xcf, 0xce, 0x91, 0x84, 0xcf, 0xfa, 0xcf, 0xcf, 0xcf, 0xcf, 0xcf, 0xcf, 0xcf, 0xcf, 0xfa, 0xcf, 0xcf, 0xcf, 0xce, 0xce, 0xca, 0xe5, 0xc2, 0xc2, 0xc8, 
  0xcd, 0xce, 0xcf, 0xcf, 0xcf, 0xce, 0xe7, 0xce, 0xcf, 0xcc, 0xcc, 0xce, 0xcf, 0xcf, 0xcf, 0xcf, 0xcf, 0xcf, 0xcf, 0xce, 0xcf, 0xce, 0xcd, 0xb8, 0xb2, 0xbd, 0xbe, 0xc1, 0xbb, 0xc1, 0xcb, 0xc1, 0xc1, 0xbd, 0xc1, 0xc1, 0xbd, 0xa3, 0xb2, 0xc1, 0xbd, 0xbb, 0xbd, 0xb6, 0xb2, 0xaf, 0xb2, 0xaa, 0xad, 0xaa, 0xa9, 0xa9, 0xa4, 0xa4, 0x70, 0x6e, 0x6e, 0x5e, 0x9a, 0x96, 0x96, 0x96, 0x96, 0x96, 0x96, 0x9b, 0x9a, 0xb3, 0xc1, 0xc4, 0xc4, 0xbe, 0x86, 0x86, 0x7c, 0xa7, 0x9d, 0x9a, 0x96, 0x97, 0x96, 0x95, 0x97, 0x98, 0x99, 0x83, 0xcb, 0xce, 0xce, 0xc8, 0xc2, 0xbe, 0xc4, 0xc7, 0xc8, 0xcb, 0xcd, 0xcb, 0xca, 0xc8, 0xe7, 0xcd, 0xc6, 0x92, 0x8b, 0x8e, 0x8a, 0x8a, 0x85, 0x86, 0x8b, 0xb9, 0xc1, 0xbd, 0xb6, 0xb1, 0xaf, 0xaa, 0x80, 0xa9, 0xb3, 0xb9, 0xc3, 0xca, 0xce, 0xcf, 0xcf, 0xcf, 0xcf, 0xce, 0x50, 0x76, 0x62, 0x7e, 0x92, 0xce, 0xce, 0xcf, 0xcf, 0xcf, 0xcf, 0xcf, 0xcf, 0xcf, 0xcf, 0xcf, 0xcf, 0xcf, 0xcf, 0xce, 0xcd, 0xcb, 0xc6, 0xc3, 0xcd, 0x8b, 0x58, 0x54, 0x56, 0x52, 0x55, 0x5c, 0x6a, 0x64, 0x73, 0x8f, 0xc6, 0x8f, 0x6c, 0x5b, 0x5b, 0x54, 0x5b, 0xa9, 0xb9, 0xc1, 0xc6, 0xc8, 0xc4, 0xbd, 0xbd, 0xad, 0xb6, 0xbd, 0xbd, 0xad, 0xa0, 0xc3, 0xc7, 0xdb, 0xad, 0xbd, 0xad, 0xb5, 0xbb, 0xc1, 0xc8, 0xc6, 0xc8, 0x83, 0xb8, 0xce, 0xce, 0xce, 0xc0, 0xc8, 0x94, 0xce, 0xce, 0xc9, 0xce, 0xcf, 0xcf, 0xcf, 0xce, 0xba, 0xa7, 0xde, 0xcb, 0xcb, 0xc6, 0x92, 0xc3, 0xc3, 0xc4, 0xc1, 0xb6, 0xb1, 0xb7, 0xb4, 0xb7, 0xb7, 0xdc, 0xda, 0xda, 0xb4, 0xb4, 0xbf, 0xcd, 0xce, 0xc7, 0xbd, 0xbb, 0xbb, 0xbb, 0xb7, 0xb4, 0xb4, 0xb7, 0xb4, 0xbb, 0xbd, 0xc8, 0xe5, 0xdd, 0xdd, 0xda, 0xbb, 0xb7, 0xb4, 0xdc, 0xdc, 0xdc, 0xb4, 0xb4, 0xdc, 0xb1, 0xbb, 0xbb, 0xbb, 0xbb, 0xbb, 0xbf, 0xb7, 0xb1, 0xb1, 0xb1, 0xb7, 0xb6, 0xbb, 0xbe, 0xc7, 0xce, 0xce, 0xcf, 0xcf, 0xcf, 0xcf, 0xcf, 0xcf, 0xcf, 0xcf, 0xfa, 0xcf, 0xcf, 0xcf, 0xcf, 0xce, 0xfa, 0xcf, 0xcf, 0x07, 0xcf, 0xcf, 0xcf, 0xcf, 0xcf, 0xcf, 0xcf, 0xcf, 0xcf, 0xcf, 0xce, 0xce, 0xe6, 0xbc, 0xc2, 0xc7, 0xcb, 0xce, 
  0xcf, 0xcf, 0xcf, 0xce, 0xce, 0xc6, 0xc9, 0xe7, 0xcb, 0xcd, 0xcf, 0xcf, 0xcf, 0xcf, 0xcf, 0xcf, 0xce, 0xce, 0xce, 0xce, 0xc5, 0xb8, 0xce, 0xc6, 0xc3, 0xc3, 0xc4, 0xc4, 0xc4, 0xc1, 0xbd, 0xbe, 0xc7, 0xe5, 0xc7, 0xcc, 0xc1, 0x9f, 0xc3, 0xcd, 0xcb, 0xca, 0xca, 0xca, 0xc8, 0xc8, 0xc7, 0xc3, 0xc3, 0xb2, 0xb2, 0xaf, 0xaf, 0xa9, 0xa4, 0xa4, 0xa1, 0xa4, 0x6e, 0x6e, 0x66, 0x66, 0x96, 0x96, 0x96, 0x96, 0x96, 0x9b, 0xac, 0xbe, 0xcd, 0xc8, 0xc6, 0xc6, 0xc8, 0xc3, 0xb2, 0xad, 0x9d, 0x96, 0x95, 0x97, 0x97, 0x98, 0x9a, 0xa0, 0xca, 0xcd, 0xc8, 0xc1, 0xbc, 0xbd, 0xbd, 0xc1, 0xc7, 0xc8, 0xca, 0xc8, 0xc8, 0xca, 0xc8, 0xc6, 0x8b, 0x86, 0x8b, 0x8f, 0xc8, 0xe7, 0xc6, 0x8b, 0x89, 0x86, 0xbd, 0xbf, 0xbb, 0xb1, 0xb6, 0xaf, 0xb1, 0xb3, 0xb6, 0xb9, 0xbc, 0x8f, 0xc6, 0xce, 0xcf, 0xcf, 0xce, 0x90, 0x6b, 0x76, 0x8c, 0xce, 0xcf, 0xcf, 0xcf, 0xcf, 0xcf, 0xcf, 0xcf, 0xcf, 0xfa, 0xcf, 0xcf, 0xcf, 0xcf, 0xcf, 0xce, 0xcb, 0xca, 0xe6, 0xc7, 0xbe, 0x6b, 0x58, 0x5b, 0x5c, 0x55, 0x52, 0x65, 0x73, 0x68, 0x70, 0x8f, 0x8f, 0x7d, 0x5b, 0x55, 0x55, 0x54, 0x70, 0xbe, 0xbe, 0xc7, 0xc7, 0xc4, 0xbd, 0xb3, 0xb2, 0xa7, 0xa7, 0xbb, 0xbb, 0xc1, 0xd7, 0xa6, 0xca, 0xe7, 0xb8, 0xd9, 0xb5, 0xe0, 0xb1, 0xbb, 0xc4, 0xca, 0xca, 0xc6, 0xab, 0xca, 0xcd, 0xce, 0xce, 0xca, 0xc6, 0xcb, 0xce, 0xcd, 0xe7, 0xcf, 0xfa, 0xcf, 0xce, 0xe7, 0xa5, 0xd4, 0xc8, 0xca, 0x92, 0x8e, 0x8b, 0x8f, 0xc3, 0xc7, 0xc4, 0xe2, 0xb7, 0xbb, 0xdc, 0xb7, 0xbb, 0xdc, 0xda, 0xda, 0xda, 0xb4, 0xbf, 0xca, 0xce, 0xcb, 0xbc, 0xbb, 0xb7, 0xbb, 0xb7, 0xb7, 0xb4, 0xdc, 0xb7, 0xbb, 0xc1, 0xcd, 0xcc, 0xe2, 0xdd, 0xdc, 0xb7, 0xbb, 0xbb, 0xb7, 0xb4, 0xda, 0xdc, 0xb4, 0xb7, 0xb7, 0xc1, 0xbf, 0xc4, 0xc8, 0xbc, 0xb6, 0xbb, 0xaa, 0xa8, 0xaa, 0xa8, 0xa4, 0xaf, 0xb6, 0xc3, 0xc6, 0xce, 0xcf, 0xcf, 0xcf, 0xcf, 0xcf, 0xcf, 0xcf, 0xcf, 0xcf, 0xcf, 0xcf, 0xcf, 0xcf, 0xcf, 0xcf, 0xcf, 0xcf, 0xfa, 0xcf, 0xcf, 0xcf, 0xcf, 0xcf, 0xcf, 0xcf, 0xcf, 0xcf, 0xcf, 0xce, 0xc2, 0xba, 0xc2, 0xcb, 0xce, 0xcf, 0xce, 
  0xcf, 0xce, 0xce, 0xce, 0xe6, 0xb8, 0xe6, 0xcc, 0xce, 0xce, 0xcf, 0xce, 0xcc, 0xce, 0xcf, 0xce, 0xc5, 0xc6, 0xce, 0xca, 0xb8, 0xc4, 0xcc, 0xcb, 0xcd, 0xca, 0xca, 0xca, 0xc8, 0xbc, 0xb2, 0xc4, 0xcb, 0xc8, 0xc8, 0xcd, 0xbe, 0xd4, 0xce, 0xcd, 0xce, 0xcd, 0xce, 0xcd, 0xce, 0xcd, 0xcd, 0xcd, 0xcb, 0xca, 0xc7, 0xe5, 0xbd, 0xaf, 0xaf, 0xaf, 0xaf, 0xaf, 0xa9, 0xa9, 0xa9, 0xa4, 0xa9, 0x6e, 0xa4, 0x66, 0x9b, 0x96, 0x96, 0x9a, 0x9f, 0x94, 0xcd, 0xce, 0xcb, 0xcd, 0xca, 0xc3, 0xb3, 0xad, 0x9a, 0x97, 0x97, 0x97, 0x99, 0xa0, 0xc2, 0xe7, 0xc4, 0xc1, 0xbf, 0xbd, 0xbb, 0xbd, 0xbe, 0xc8, 0xca, 0xc8, 0xc7, 0xc4, 0xbe, 0x86, 0xac, 0x7c, 0xb9, 0xc3, 0xca, 0xca, 0xca, 0xc7, 0xbe, 0xb9, 0xb6, 0xbf, 0xbb, 0xb6, 0xaf, 0xaf, 0xaf, 0xb3, 0xb6, 0xb6, 0xb3, 0xbe, 0x8f, 0xc6, 0xcf, 0xce, 0x87, 0x62, 0x7e, 0x93, 0xcf, 0xcf, 0xcf, 0xcf, 0xcf, 0xcf, 0xcf, 0xcf, 0xcf, 0xcf, 0xcf, 0xcf, 0xcf, 0xcf, 0xcf, 0xcf, 0xcd, 0xe7, 0xe6, 0xc4, 0xe5, 0xb9, 0x9f, 0x85, 0x8e, 0x5c, 0x54, 0x65, 0x6a, 0x6a, 0x79, 0x94, 0xc6, 0x70, 0x54, 0x55, 0x57, 0x55, 0x64, 0x8b, 0xc7, 0xc7, 0xc4, 0xb6, 0xad, 0xaf, 0xad, 0xad, 0xb6, 0xbb, 0xbf, 0xe0, 0xbc, 0xd3, 0xb0, 0xca, 0xcd, 0xc2, 0xb5, 0xe0, 0xb7, 0xb7, 0xbb, 0xc1, 0xca, 0xce, 0xbe, 0xb8, 0xcb, 0xe7, 0xce, 0xcf, 0xcd, 0xc0, 0xc9, 0xcd, 0xce, 0xc9, 0xcf, 0xcf, 0xcf, 0xcf, 0xb0, 0xa0, 0xc3, 0xca, 0xc3, 0x8b, 0x8e, 0x8b, 0xc0, 0x8f, 0xc8, 0xca, 0xbd, 0xdd, 0xb4, 0xdd, 0xbb, 0xb7, 0xdc, 0xda, 0xda, 0xdc, 0xb4, 0xdd, 0xc2, 0xcd, 0xce, 0xc2, 0xbd, 0xb6, 0xbb, 0xbb, 0xb4, 0xb4, 0xb4, 0xdc, 0xb7, 0xbb, 0xe6, 0xcd, 0xca, 0xe2, 0xe0, 0xdc, 0xdd, 0xb7, 0xb7, 0xb4, 0xb7, 0xb4, 0xdc, 0xdc, 0xb4, 0xbb, 0xc7, 0xca, 0xcd, 0xca, 0xc1, 0xbf, 0xbf, 0xbb, 0xb7, 0xae, 0xb1, 0xaf, 0xa7, 0xad, 0xb2, 0xc0, 0xce, 0xcf, 0xcf, 0xcf, 0xcf, 0xcf, 0xcf, 0xcf, 0xcf, 0xcf, 0xcf, 0xcf, 0xcf, 0xcf, 0xcf, 0xcf, 0xfa, 0xcf, 0xcf, 0xcf, 0xcf, 0xcf, 0xcf, 0xcf, 0xcf, 0xcf, 0xcf, 0xce, 0xc5, 0x89, 0xe6, 0xcd, 0xcf, 0xce, 0xcf, 0xcf, 
  0xce, 0xcf, 0xc8, 0xe5, 0xb8, 0xc3, 0xcd, 0xcb, 0xcc, 0xce, 0xcf, 0xfa, 0xc0, 0xcf, 0xce, 0xcf, 0xb2, 0xbe, 0xbc, 0xbe, 0xc4, 0xc8, 0xcb, 0xe7, 0xca, 0xcd, 0xe7, 0xcd, 0xc8, 0xb8, 0xb8, 0xca, 0xc8, 0xe6, 0xc7, 0xc4, 0xd7, 0xab, 0xc4, 0xe5, 0xc1, 0xe5, 0xc7, 0xc7, 0xc8, 0xc7, 0xcd, 0xcd, 0xcd, 0xca, 0xc7, 0xc4, 0xc4, 0xc4, 0xbd, 0xbf, 0xbf, 0xbf, 0xbb, 0xb7, 0xb6, 0xb3, 0xaf, 0xa9, 0xb3, 0xbd, 0xb6, 0xac, 0xa2, 0x61, 0x5a, 0x61, 0x86, 0xca, 0xce, 0xcd, 0xcb, 0xc8, 0xc8, 0xc4, 0xb8, 0xa3, 0xd0, 0x97, 0x99, 0x9d, 0xb8, 0xc7, 0xbd, 0xbf, 0xbb, 0xb7, 0xb6, 0xb3, 0xb8, 0xc8, 0xca, 0xc4, 0xb9, 0xb3, 0x80, 0xa9, 0x78, 0x80, 0xb9, 0xc8, 0xca, 0xc8, 0xc7, 0xc4, 0xc4, 0xbd, 0xbf, 0xbb, 0xbd, 0xb1, 0xaf, 0xa9, 0xaf, 0xaf, 0xb3, 0xaf, 0xb3, 0xb3, 0x8b, 0xc3, 0xcb, 0x75, 0x62, 0x87, 0xce, 0xcf, 0xcf, 0xcf, 0xcf, 0xcf, 0xcf, 0xcf, 0xcf, 0xfa, 0xcf, 0xcf, 0xcf, 0xcf, 0xcf, 0xcf, 0xcf, 0xce, 0xcd, 0xca, 0xc8, 0xc4, 0xc4, 0xc1, 0xca, 0xc6, 0x65, 0x59, 0x65, 0x73, 0x73, 0x8a, 0x94, 0x77, 0x55, 0x57, 0x55, 0x55, 0x5b, 0x80, 0xc3, 0xc1, 0xbe, 0xc1, 0xb3, 0xa7, 0xb3, 0xad, 0xac, 0xb2, 0xc1, 0xbb, 0xe0, 0xe2, 0xe2, 0xd4, 0xc0, 0xcd, 0xcd, 0xc7, 0xbc, 0xb1, 0xdd, 0xb7, 0xb1, 0xbd, 0xcb, 0xcb, 0xca, 0xca, 0xe7, 0xcb, 0xce, 0xce, 0xcf, 0xba, 0xc5, 0xce, 0xce, 0xc9, 0xce, 0xcd, 0xce, 0xba, 0x9e, 0xbe, 0xcd, 0xc8, 0x8f, 0xc0, 0x8b, 0xc0, 0xbe, 0xc6, 0xe7, 0xcb, 0xe6, 0xbd, 0xdd, 0xbb, 0xdd, 0xe0, 0xdc, 0xdc, 0xda, 0xdc, 0xb7, 0xbb, 0xc8, 0xcd, 0xce, 0xcb, 0xbc, 0xbb, 0xb7, 0xbb, 0xb7, 0xb4, 0xb4, 0xb7, 0xb4, 0xb7, 0xb5, 0xc7, 0xcd, 0xcd, 0xe2, 0xdd, 0xb7, 0xb7, 0xb4, 0xdc, 0xb4, 0xb4, 0xb4, 0xb4, 0xb1, 0xae, 0xb5, 0xca, 0xce, 0xce, 0xcb, 0xc3, 0xc1, 0xbb, 0xbf, 0xb1, 0xb1, 0xb6, 0xbd, 0xbd, 0xc1, 0xc2, 0xce, 0xfa, 0xcf, 0xcf, 0xcf, 0xcf, 0xcf, 0xcf, 0xcf, 0xcf, 0xcf, 0xcf, 0xcf, 0xcf, 0xcf, 0xcf, 0xcf, 0xcf, 0xcf, 0xcf, 0xcf, 0xcf, 0xcf, 0xcf, 0xcf, 0xcf, 0xcf, 0xc9, 0xc0, 0xe7, 0xce, 0xcf, 0xcf, 0xcf, 0xcf, 0xcf, 
  0xcf, 0xe7, 0xc5, 0xc4, 0xb9, 0xbc, 0xce, 0x94, 0xc9, 0xce, 0xce, 0xcf, 0xba, 0xcc, 0xce, 0xce, 0xac, 0xac, 0xbd, 0xc4, 0xe5, 0xc8, 0xcd, 0xca, 0xe6, 0xc6, 0xce, 0xcd, 0xc3, 0xb0, 0xc6, 0xcd, 0xcb, 0xca, 0xca, 0xc2, 0xb8, 0xc7, 0xe5, 0xc4, 0xbc, 0xb2, 0xe2, 0xb2, 0xe3, 0xe5, 0xb8, 0xe5, 0xca, 0xca, 0xc8, 0xc4, 0xc4, 0xc1, 0xc1, 0xbf, 0xbf, 0xbf, 0xbb, 0xbb, 0xb7, 0xbb, 0xb6, 0xaf, 0xb2, 0xc4, 0xc1, 0xc1, 0xbe, 0xc1, 0x86, 0x6c, 0x61, 0xa6, 0x8b, 0xce, 0xca, 0xe7, 0xca, 0xca, 0xc4, 0xc1, 0xb2, 0x9a, 0x98, 0x9a, 0xb2, 0xc7, 0xbf, 0xbb, 0xb7, 0xb7, 0xb1, 0xaf, 0xbc, 0xca, 0xc7, 0xb9, 0xaf, 0xa9, 0xa4, 0x70, 0x7d, 0xb9, 0xc6, 0xca, 0xca, 0xc8, 0xc7, 0xc4, 0xc1, 0xbf, 0xbf, 0xbf, 0xbf, 0xbb, 0xaf, 0xaf, 0xa9, 0xaf, 0xb3, 0xb3, 0xb3, 0xb3, 0xb9, 0x8f, 0x62, 0x62, 0x92, 0xce, 0xcf, 0xcf, 0xcf, 0xcf, 0xcf, 0xcf, 0xcf, 0xcf, 0xcf, 0xcf, 0xcf, 0xcf, 0xcf, 0xcf, 0xcf, 0xcf, 0xcf, 0xce, 0xcc, 0xe7, 0xc8, 0xc4, 0xe5, 0xc3, 0xca, 0x8f, 0x68, 0x5c, 0x6a, 0x79, 0x8a, 0x79, 0x58, 0x54, 0x96, 0x54, 0x5d, 0x71, 0xc3, 0xca, 0xc1, 0xbe, 0xa7, 0xac, 0xaf, 0xb3, 0xaf, 0xac, 0xb2, 0xcd, 0xbf, 0xe0, 0xe0, 0xe3, 0xd9, 0xab, 0xc0, 0xcd, 0xce, 0xca, 0xc1, 0xe0, 0xb7, 0xb7, 0xb4, 0xbd, 0xc8, 0xce, 0xcb, 0xe7, 0xca, 0xcb, 0xcd, 0xcf, 0xce, 0xcc, 0x94, 0xce, 0xce, 0xc9, 0xce, 0xce, 0xc0, 0x9e, 0xb8, 0xcd, 0xcb, 0xc6, 0xc3, 0x8f, 0x92, 0xc6, 0xca, 0xe7, 0xce, 0xce, 0xcd, 0xe3, 0xbb, 0xe0, 0xdd, 0xbb, 0xdc, 0xd8, 0xb4, 0xda, 0xdc, 0xbb, 0xc8, 0xce, 0xce, 0xce, 0xe5, 0xbb, 0xbb, 0xb7, 0xbb, 0xb7, 0xb4, 0xdc, 0xb7, 0xb7, 0xbf, 0xc1, 0xcd, 0xce, 0xc8, 0xe2, 0xb7, 0xe0, 0xbb, 0xb7, 0xb4, 0xdc, 0xb1, 0xb4, 0xb7, 0xb7, 0xbd, 0xca, 0xce, 0xce, 0xce, 0xe6, 0xc2, 0xbf, 0xbd, 0xbb, 0xae, 0xae, 0xaa, 0xae, 0xbd, 0xc8, 0xcd, 0xcf, 0xce, 0xcf, 0xcf, 0xcf, 0xcf, 0xcf, 0xcf, 0xcf, 0xcf, 0xcf, 0xcf, 0xcf, 0xcf, 0xcf, 0xcf, 0xcf, 0xcf, 0xcf, 0xcf, 0xcf, 0xfa, 0xcf, 0xfa, 0xcf, 0xce, 0xcb, 0xce, 0xce, 0xcf, 0xcf, 0xcf, 0xfa, 0xcf, 0xcf, 
  0xcf, 0xcf, 0xcd, 0xca, 0xc2, 0xb8, 0xcd, 0xcf, 0xc9, 0xce, 0xce, 0xcc, 0x89, 0xcb, 0xcf, 0xce, 0xac, 0xbd, 0xc1, 0xe5, 0xc7, 0xc7, 0xc7, 0xc8, 0xc7, 0xbe, 0xb8, 0x89, 0xb0, 0xc6, 0xce, 0xce, 0xce, 0xcd, 0xcb, 0xca, 0xca, 0xc8, 0xc7, 0xc4, 0xc7, 0xbc, 0xe2, 0xe3, 0xe3, 0xe3, 0xe2, 0xbc, 0xb5, 0xb2, 0xc1, 0xc1, 0xbf, 0xc1, 0xbf, 0xbf, 0xbb, 0xbb, 0xbd, 0xbb, 0xbd, 0xbb, 0xbd, 0xb6, 0xb2, 0xc7, 0xc7, 0xc7, 0xc4, 0xc7, 0xcb, 0xc8, 0xb2, 0x6c, 0x9f, 0x86, 0xca, 0xca, 0xcb, 0xe7, 0xc7, 0xc7, 0xca, 0xba, 0x9d, 0x99, 0x9f, 0xc4, 0xbf, 0xb7, 0xb7, 0xb1, 0xaa, 0xb3, 0xbd, 0xc8, 0xc4, 0xb3, 0xa9, 0xa4, 0x70, 0xa9, 0xb3, 0xc6, 0xcd, 0xcb, 0xca, 0xe6, 0xc7, 0xc4, 0xc1, 0xc1, 0xbf, 0xbb, 0xbf, 0xb7, 0xb5, 0xb1, 0xb6, 0xb6, 0xbe, 0xe5, 0xbe, 0xb8, 0x8f, 0x61, 0x9c, 0xcb, 0xce, 0xcf, 0xcf, 0xcf, 0xcf, 0xcf, 0xcf, 0xcf, 0xcf, 0xcf, 0xcf, 0xcf, 0xcf, 0xcf, 0xcf, 0xcf, 0xcf, 0xcf, 0xcf, 0xcf, 0xcd, 0xcb, 0xca, 0xc8, 0xe6, 0xc7, 0xcd, 0x8e, 0x5b, 0x6a, 0x73, 0x70, 0x57, 0x96, 0x5a, 0x61, 0x73, 0x7c, 0x8f, 0xcb, 0xc3, 0xb9, 0xa9, 0x80, 0xa9, 0xa9, 0x80, 0x86, 0xb2, 0xb3, 0xcd, 0xe5, 0xe0, 0xe0, 0xe3, 0xe0, 0xd3, 0xdb, 0xc5, 0xce, 0xce, 0xcd, 0xe5, 0xbd, 0xb7, 0xb7, 0xb6, 0xb1, 0xc5, 0xce, 0xce, 0xcb, 0xe7, 0xcb, 0xce, 0xcf, 0xcf, 0xcf, 0xcf, 0xcf, 0xce, 0xc5, 0xce, 0x89, 0x9c, 0x89, 0xce, 0xcb, 0xcb, 0xcb, 0xc8, 0xca, 0xc8, 0x94, 0xcd, 0xce, 0xcf, 0xce, 0xc8, 0xe2, 0xbf, 0xdd, 0xe0, 0xe0, 0xdd, 0xda, 0xda, 0xb4, 0xb4, 0xe0, 0xbc, 0xcd, 0xce, 0xce, 0xca, 0xb5, 0xbb, 0xbb, 0xbb, 0xbb, 0xb7, 0xb4, 0xb4, 0xb7, 0xbf, 0xc8, 0xce, 0xce, 0xce, 0xc8, 0xb5, 0xbb, 0xb7, 0xb7, 0xbf, 0xb4, 0xb4, 0xda, 0xb4, 0xb7, 0xbf, 0xcb, 0xce, 0xcf, 0xcf, 0xce, 0xcb, 0xca, 0xbb, 0xbb, 0xc1, 0xb6, 0xb7, 0xb6, 0xb1, 0xad, 0xb8, 0xc6, 0xce, 0xcf, 0xcf, 0xcf, 0xcf, 0xcf, 0xcf, 0xcf, 0xcf, 0xcf, 0xcf, 0xcf, 0xcf, 0xcf, 0xcf, 0xcf, 0xcf, 0xcf, 0xfa, 0xcf, 0xfa, 0xfa, 0xcf, 0xcf, 0xcf, 0xce, 0xcf, 0xcf, 0xcf, 0xcf, 0xcf, 0xcf, 0xce, 0xcf, 
  0xcf, 0xcf, 0xcf, 0xce, 0xcb, 0xc6, 0xe7, 0xce, 0xc6, 0xe7, 0xce, 0xc0, 0x7b, 0xcc, 0xce, 0xce, 0xab, 0xbe, 0xc8, 0xca, 0xc8, 0xca, 0xc8, 0xc8, 0xc8, 0x8f, 0x78, 0xa6, 0xcb, 0xce, 0xce, 0xcf, 0xcd, 0xcd, 0xe7, 0xe7, 0xca, 0xc8, 0xca, 0xc7, 0xc7, 0xe6, 0xc8, 0xe5, 0xe3, 0xe3, 0xe5, 0xe5, 0xc1, 0xb5, 0xd9, 0xbd, 0xb5, 0xb5, 0xb6, 0xbb, 0xbb, 0xbb, 0xc1, 0xc1, 0xc1, 0xbf, 0xc7, 0xbd, 0xb8, 0xc8, 0xca, 0xc8, 0xc7, 0xc7, 0xc7, 0xc8, 0xc7, 0xc3, 0xa9, 0x6c, 0xb2, 0xca, 0xc8, 0xcb, 0xc7, 0xe6, 0xcd, 0xcd, 0xb8, 0x9d, 0x9b, 0xad, 0xbf, 0xb7, 0xb7, 0xb4, 0xae, 0xb6, 0xc1, 0xc1, 0xb6, 0x80, 0xa4, 0xa9, 0xa1, 0x80, 0xb9, 0xe7, 0xce, 0xce, 0xcb, 0xc7, 0xc7, 0xe5, 0xc1, 0xc1, 0xc1, 0xc1, 0xbb, 0xbf, 0xb7, 0xb5, 0xb3, 0xbd, 0xc7, 0xca, 0xca, 0xca, 0xc3, 0x89, 0xcb, 0xcb, 0xce, 0xcf, 0xcf, 0xcf, 0xcf, 0xcf, 0xcf, 0xcf, 0xcf, 0xcf, 0xcf, 0xcf, 0xcf, 0xcf, 0xcf, 0xcf, 0xcf, 0xcf, 0xfa, 0xcf, 0xcf, 0xce, 0xcb, 0xe7, 0xca, 0xca, 0xcd, 0x85, 0x64, 0x68, 0x64, 0x68, 0x78, 0x8e, 0xc3, 0xc8, 0xca, 0xca, 0xca, 0x78, 0x6c, 0x7d, 0x70, 0xa9, 0x7d, 0x80, 0xb3, 0x8b, 0x8b, 0xcb, 0xca, 0xc1, 0xe3, 0xe0, 0xe3, 0xe2, 0xd9, 0xbc, 0xe6, 0xce, 0xce, 0xcf, 0xc8, 0xc1, 0xb5, 0xb4, 0xb7, 0xbd, 0xcb, 0xce, 0xce, 0xce, 0xcd, 0xcc, 0xcf, 0xcf, 0xcf, 0xcf, 0xce, 0xce, 0xcf, 0xcc, 0xcc, 0x75, 0xba, 0xce, 0xcc, 0xcd, 0xce, 0xcd, 0xe7, 0xe7, 0xcb, 0xce, 0xce, 0xcf, 0xcf, 0xce, 0xca, 0xc1, 0xe2, 0xbb, 0xe0, 0xdd, 0xb4, 0xdd, 0xda, 0xdc, 0xb7, 0xbb, 0xbc, 0xcd, 0xcf, 0xce, 0xcd, 0xe5, 0xb5, 0xbb, 0xbb, 0xbb, 0xb7, 0xb7, 0xb7, 0xb4, 0xbb, 0xbc, 0xe6, 0xce, 0xcf, 0xce, 0xe5, 0xbd, 0xbb, 0xb7, 0xbb, 0xbb, 0xb7, 0xb7, 0xda, 0xb1, 0xe0, 0xbc, 0xcb, 0xce, 0xcf, 0xcf, 0xce, 0xce, 0xc7, 0xbd, 0xbb, 0xbf, 0xbb, 0xb7, 0xbd, 0xbd, 0xc1, 0xb8, 0xcb, 0xcf, 0xcf, 0xcf, 0xcf, 0xcf, 0xcf, 0xcf, 0xcf, 0xcf, 0xcf, 0xcf, 0xcf, 0xcf, 0xcf, 0xcf, 0xcf, 0xcf, 0xcf, 0xfa, 0xfa, 0xcf, 0xcf, 0xcf, 0xcf, 0xcf, 0xcf, 0xcf, 0xcf, 0xce, 0xcc, 0xcf, 0xcf, 0xcf, 
  0xcf, 0xcf, 0xcf, 0xcf, 0xcf, 0xce, 0xc9, 0xca, 0xcb, 0xcb, 0xce, 0x8c, 0xba, 0xce, 0xcf, 0xcf, 0xc5, 0xcb, 0xcd, 0xcd, 0xcd, 0xcb, 0xcb, 0xe7, 0xcb, 0xc8, 0x89, 0x8b, 0xcd, 0xcd, 0xcf, 0xce, 0xcd, 0xcb, 0xe7, 0xe6, 0xc5, 0xe4, 0xe5, 0xe3, 0xe4, 0xe3, 0xe3, 0xe3, 0xe3, 0xe3, 0xe4, 0xe3, 0xe3, 0xe3, 0xe5, 0xc1, 0xc4, 0xc1, 0xb5, 0xb6, 0xbb, 0xc1, 0xc4, 0xc7, 0xc1, 0xc1, 0xc1, 0xbe, 0xe5, 0xcd, 0xcd, 0xca, 0xc8, 0xc8, 0xc8, 0xc7, 0xc7, 0xc4, 0xc7, 0xad, 0xac, 0xbe, 0xc8, 0xc8, 0xca, 0xc7, 0xc8, 0xc7, 0xc4, 0xb7, 0x9d, 0xa2, 0xbb, 0xb7, 0xb7, 0xb4, 0xb1, 0xbb, 0xbf, 0xbb, 0xaf, 0xa9, 0xa1, 0xa9, 0x80, 0xb9, 0xca, 0xcd, 0xce, 0xce, 0xca, 0xc8, 0xc3, 0xc3, 0xc4, 0xc4, 0xc4, 0xc1, 0xbf, 0xbf, 0xbb, 0xb5, 0xad, 0xb2, 0xc3, 0xca, 0xce, 0xce, 0xcf, 0xce, 0xcc, 0xcc, 0xcf, 0xcf, 0xcf, 0xcf, 0xcf, 0xcf, 0xcf, 0xcf, 0xfa, 0xcf, 0xfa, 0xcf, 0xcf, 0xcf, 0xcf, 0xcf, 0xcf, 0xcf, 0xcf, 0xcf, 0xcf, 0xcf, 0xce, 0xcd, 0xcd, 0xce, 0x92, 0x74, 0x68, 0x7c, 0xc6, 0xcd, 0xca, 0xc7, 0xc7, 0xc3, 0xc7, 0xb9, 0x77, 0x6c, 0x70, 0x70, 0x7d, 0x7d, 0xb3, 0x80, 0xb9, 0x83, 0xca, 0xcd, 0xc2, 0xc1, 0xbb, 0xe2, 0xe2, 0xdd, 0xe2, 0xe5, 0xce, 0xce, 0xcf, 0xce, 0xce, 0xc8, 0xb5, 0xb6, 0xbb, 0xe2, 0xc8, 0xce, 0xce, 0xcf, 0xcf, 0xcf, 0xcf, 0xcf, 0xcf, 0xfa, 0x94, 0xcf, 0xce, 0xc9, 0xcf, 0xce, 0xcf, 0xcd, 0xcf, 0xcf, 0xcf, 0xcf, 0xce, 0xcd, 0xcc, 0xcd, 0xcf, 0xcf, 0xcf, 0xce, 0xcd, 0xe4, 0xe3, 0xe0, 0xdd, 0xe0, 0xdd, 0xdc, 0xdc, 0xdc, 0xdc, 0xbb, 0xe7, 0xce, 0xce, 0xcf, 0xce, 0xca, 0xbc, 0xbb, 0xbb, 0xbf, 0xb7, 0xb7, 0xb4, 0xbb, 0xb7, 0xbf, 0xb8, 0xc5, 0xce, 0xce, 0xce, 0xbc, 0xbb, 0xb7, 0xb7, 0xb7, 0xb4, 0xb4, 0xb7, 0xb7, 0xb7, 0xbd, 0xb8, 0xcd, 0xcf, 0xcf, 0xcf, 0xce, 0xce, 0xc7, 0xc1, 0xbb, 0xbf, 0xbf, 0xb1, 0xb6, 0xbf, 0xc7, 0xcd, 0xcf, 0xcf, 0xfa, 0xfa, 0xcf, 0xcf, 0xcf, 0xcf, 0xcf, 0xcf, 0xcf, 0xcf, 0xcf, 0xcf, 0xcf, 0xcf, 0xcf, 0xcf, 0xcf, 0xcf, 0xcf, 0xcf, 0xcf, 0xcf, 0xcf, 0xcf, 0xcf, 0xcf, 0xcf, 0xe7, 0xc9, 0xce, 0xce, 
  0xcf, 0xcf, 0xcf, 0xcf, 0xcf, 0xce, 0xca, 0xc2, 0xca, 0xe7, 0xcb, 0xcd, 0xce, 0xcf, 0xce, 0xcf, 0xce, 0xcf, 0xcf, 0xce, 0xce, 0xe7, 0xc9, 0xca, 0xc8, 0x89, 0xa5, 0x7b, 0xc9, 0xcd, 0xce, 0xcd, 0xc9, 0xc8, 0xcd, 0xcd, 0xcd, 0xc8, 0xe5, 0xe4, 0xe3, 0xe4, 0xe3, 0xe3, 0xe3, 0xe3, 0xe1, 0xe2, 0xe5, 0xc1, 0xc7, 0xc4, 0xe5, 0xc4, 0xc1, 0xbb, 0xb5, 0xb5, 0xb5, 0xb9, 0xb2, 0xad, 0xa7, 0xa7, 0xb2, 0xc6, 0xca, 0xcd, 0xe7, 0xca, 0xc8, 0xc8, 0xc7, 0xc4, 0xc7, 0xc1, 0xb8, 0xbd, 0xc7, 0xc7, 0xc8, 0xc7, 0xc7, 0xc1, 0xbd, 0xbf, 0xb7, 0xb1, 0xb7, 0xbb, 0xb7, 0xb7, 0xbb, 0xbb, 0xbb, 0xb1, 0xaa, 0xa9, 0xa9, 0x80, 0xb6, 0xc3, 0xc8, 0xca, 0xc8, 0x8f, 0xc3, 0x8f, 0xbe, 0xbe, 0xc3, 0xc8, 0xc8, 0xc8, 0xc4, 0xc1, 0xbf, 0xc1, 0x9d, 0x9f, 0xb9, 0xc6, 0xce, 0xcf, 0xcf, 0xce, 0xcf, 0xce, 0xcf, 0xcf, 0xcf, 0xcf, 0xcf, 0xcf, 0xcf, 0xcf, 0xcf, 0xfa, 0xcf, 0xcf, 0xfa, 0xcf, 0xcf, 0xcf, 0xcf, 0xcf, 0xcf, 0xcf, 0xcf, 0xcf, 0xcf, 0xce, 0xcf, 0x89, 0x67, 0x6b, 0x8e, 0xce, 0xc8, 0xc5, 0xe5, 0xc3, 0xc7, 0xc4, 0xbe, 0x7d, 0x6c, 0x70, 0x70, 0x70, 0x7d, 0x80, 0x80, 0x7d, 0x83, 0xc6, 0xce, 0xcb, 0xc4, 0xe3, 0xe3, 0xe2, 0xc1, 0xd9, 0xb5, 0xb8, 0xcd, 0xcf, 0xcf, 0xcf, 0xce, 0xcb, 0xc4, 0xbd, 0xbf, 0xc1, 0xcb, 0xce, 0xce, 0xcf, 0xcf, 0xcf, 0xcf, 0xcf, 0xcf, 0xcf, 0x50, 0xce, 0xce, 0xc9, 0xcf, 0xcf, 0xcf, 0xcf, 0xcf, 0xfa, 0xcf, 0xcf, 0xcf, 0xce, 0xcf, 0xcf, 0xcf, 0xcf, 0xcf, 0xcf, 0xcd, 0xbc, 0xe2, 0xe0, 0xe0, 0xbb, 0xe0, 0xdc, 0xda, 0xdc, 0xb7, 0xbb, 0xc2, 0xcd, 0xcf, 0xce, 0xcf, 0xcd, 0xe5, 0xbb, 0xbf, 0xbb, 0xbf, 0xbb, 0xb4, 0xb7, 0xb7, 0xbf, 0xc4, 0xca, 0xce, 0xcf, 0xce, 0xcd, 0xc1, 0xbd, 0xbb, 0xbb, 0xb7, 0xb4, 0xb4, 0xb4, 0xbb, 0xbf, 0xc4, 0xce, 0xce, 0xcf, 0xcf, 0xcf, 0xce, 0xcd, 0xc1, 0xbb, 0xbb, 0xc1, 0xc1, 0xbb, 0xbb, 0xb8, 0xc7, 0xce, 0xcf, 0xcf, 0xfa, 0xcf, 0xcf, 0xcf, 0xcf, 0xcf, 0xcf, 0xcf, 0xcf, 0xcf, 0xcf, 0xcf, 0xcf, 0xcf, 0xcf, 0xcf, 0xcf, 0xcf, 0xcf, 0xcf, 0xcf, 0xcf, 0xcf, 0xfa, 0xcf, 0xcf, 0xce, 0xcc, 0xc0, 0xcc, 
  0xcf, 0xfa, 0xcd, 0xcd, 0xcd, 0xcb, 0xc6, 0xbc, 0xc8, 0xc8, 0xc9, 0xcb, 0xcf, 0xcf, 0xcf, 0xcf, 0xcf, 0xcf, 0xce, 0xcb, 0xe7, 0xca, 0xcd, 0xc9, 0xc8, 0x7b, 0xa5, 0xb0, 0xc6, 0xce, 0xc5, 0xcd, 0xce, 0xc5, 0xde, 0xc2, 0xca, 0xce, 0xcd, 0xca, 0xe6, 0xe5, 0xe4, 0xe1, 0xe1, 0xe3, 0xe5, 0xe3, 0xe2, 0xe0, 0xe1, 0xe2, 0xe2, 0xe2, 0xe2, 0xe3, 0xe3, 0xb5, 0xe2, 0xad, 0xa7, 0xa7, 0xa7, 0x9f, 0xa7, 0xac, 0xb2, 0xc4, 0xcb, 0xca, 0xca, 0xca, 0xc8, 0xc7, 0xc7, 0xc7, 0xc3, 0xc1, 0xc4, 0xc4, 0xc7, 0xc8, 0xc7, 0xc1, 0xbb, 0xbb, 0xbb, 0xbf, 0xbb, 0xbf, 0xbb, 0xbb, 0xb7, 0xb7, 0xb1, 0xaf, 0xaa, 0xaa, 0xaa, 0xb3, 0xb6, 0xbe, 0xb9, 0xb3, 0x80, 0x7d, 0x7d, 0x7d, 0x77, 0x7d, 0x86, 0xbe, 0xc7, 0xc7, 0xc8, 0xc7, 0xc4, 0xc1, 0xb8, 0x9a, 0xac, 0x8f, 0x94, 0xce, 0xce, 0xcc, 0xcf, 0xcf, 0xcf, 0xcf, 0xcf, 0xcf, 0xcf, 0xcf, 0xcf, 0xcf, 0xcf, 0xcf, 0xcf, 0xcf, 0xcf, 0xcf, 0xcf, 0xcf, 0xcf, 0xcf, 0xcf, 0xcf, 0xcf, 0xcf, 0xcf, 0xce, 0x81, 0x62, 0x7e, 0x8f, 0xce, 0x94, 0xca, 0xc8, 0xc8, 0xc8, 0xc3, 0x80, 0x6c, 0x77, 0x70, 0x70, 0x7d, 0x77, 0x7d, 0x80, 0x8b, 0x7c, 0x8e, 0xce, 0xcd, 0xc2, 0xe5, 0xbd, 0xe3, 0xc1, 0xe3, 0xe2, 0xbf, 0xe5, 0xce, 0xcf, 0xcf, 0xcf, 0xce, 0xcb, 0xc7, 0xc1, 0xc1, 0xc1, 0xc8, 0xcb, 0xce, 0xcf, 0xcf, 0xcf, 0xcf, 0xcf, 0xcf, 0xce, 0xcc, 0xce, 0xce, 0xc9, 0xcf, 0xcf, 0xcf, 0xcf, 0xcf, 0xcf, 0xcf, 0xfa, 0xcf, 0xcf, 0xcf, 0xcf, 0xcf, 0xcf, 0xcf, 0xce, 0xcf, 0xc0, 0xc1, 0xe2, 0xbb, 0xdd, 0xb7, 0xe0, 0xdc, 0xdc, 0xb4, 0xe0, 0xbc, 0xce, 0xcf, 0xcf, 0xcf, 0xcf, 0xc3, 0xbc, 0xbb, 0xbb, 0xbf, 0xbf, 0xbb, 0xb7, 0xdc, 0xb7, 0xbb, 0xca, 0xcd, 0xcf, 0xce, 0xcf, 0xcd, 0xe6, 0xbb, 0xbb, 0xbb, 0xbf, 0xb4, 0xb1, 0xdc, 0xb7, 0xbd, 0xcb, 0xce, 0xcf, 0xcf, 0xcf, 0xce, 0xc8, 0xc4, 0xc1, 0xc1, 0xbd, 0xbf, 0xc1, 0xc1, 0xc1, 0xb2, 0xc2, 0xce, 0xcf, 0xcf, 0x07, 0xfa, 0xcf, 0xcf, 0xcf, 0xcf, 0xcf, 0xcf, 0xcf, 0xcf, 0xcf, 0xcf, 0xcf, 0xcf, 0xcf, 0xcf, 0xcf, 0xcf, 0xcf, 0xcf, 0xcf, 0xcf, 0xcf, 0xfa, 0xfa, 0xcf, 0xce, 0xc9, 0xb8, 
  0xcf, 0xcf, 0xce, 0xcc, 0xe7, 0xc9, 0xca, 0xc2, 0xc8, 0xca, 0xce, 0xce, 0xcf, 0xcf, 0xcf, 0xfa, 0xcf, 0xcf, 0xcc, 0xcc, 0xcd, 0xcd, 0xc8, 0xca, 0xe6, 0xd7, 0xc2, 0x89, 0xc5, 0xcd, 0xc5, 0xc5, 0xce, 0xce, 0xe6, 0xde, 0xde, 0xe4, 0xe7, 0xcd, 0xcb, 0xc8, 0xe5, 0xe6, 0xe2, 0xe1, 0xe2, 0xe3, 0xe3, 0xe3, 0xe1, 0xdf, 0xe1, 0xe1, 0xe1, 0xe3, 0xe4, 0xc7, 0xc7, 0xc1, 0xb2, 0xbe, 0xc3, 0xc3, 0xb9, 0xb6, 0xb8, 0xc3, 0xc8, 0xca, 0xc8, 0xca, 0xc8, 0xc8, 0xe6, 0xc7, 0xc7, 0xc7, 0xc4, 0xc4, 0xc7, 0xc8, 0xc4, 0xbf, 0xbb, 0xbb, 0xbb, 0xbf, 0xbd, 0xc1, 0xbf, 0xbb, 0xb7, 0xb4, 0xb1, 0xaa, 0xae, 0xaf, 0xaf, 0xaf, 0xaf, 0xa9, 0xa9, 0xa9, 0x70, 0x6e, 0x68, 0x66, 0x64, 0x70, 0x6c, 0x70, 0x7c, 0x86, 0x83, 0xb9, 0xc3, 0xbe, 0xc7, 0x78, 0x9f, 0x8b, 0xc0, 0xce, 0x92, 0x8c, 0xcf, 0xcf, 0xcf, 0xcf, 0xcf, 0xcf, 0xcf, 0xcf, 0xcf, 0xcf, 0xcf, 0xfa, 0xcf, 0xcf, 0xcf, 0xcf, 0xcf, 0xcf, 0xcf, 0xcf, 0xcf, 0xcf, 0xcf, 0xcf, 0xcf, 0x75, 0x9e, 0xcc, 0x92, 0xcc, 0xce, 0xcb, 0xcb, 0xc8, 0xcb, 0xc3, 0x80, 0x70, 0x70, 0x70, 0x6a, 0x70, 0x79, 0x80, 0x7e, 0x86, 0x85, 0x83, 0xce, 0xce, 0xc8, 0xc3, 0xc4, 0xc1, 0xbc, 0xc1, 0xe2, 0xbb, 0xe2, 0xc4, 0xcd, 0xce, 0xcf, 0xce, 0x94, 0x8f, 0xb9, 0xb3, 0xc4, 0xe5, 0x8b, 0x8b, 0x92, 0x50, 0xce, 0xcf, 0xcf, 0xcf, 0xcf, 0xcf, 0xcc, 0xce, 0xce, 0xc9, 0xcf, 0xcf, 0xcf, 0xcf, 0xcf, 0xcf, 0xfa, 0xcf, 0xfa, 0xcf, 0xce, 0xcf, 0xcf, 0xcf, 0xcf, 0xcf, 0xce, 0xcd, 0xe5, 0xbf, 0xe0, 0xbb, 0xe0, 0xdc, 0xdd, 0xdc, 0xb7, 0xbb, 0xe5, 0xce, 0xce, 0xcf, 0xcf, 0xce, 0xcd, 0xc4, 0xbd, 0xbf, 0xbf, 0xbf, 0xbb, 0xbb, 0xb7, 0xb4, 0xb7, 0xb5, 0xca, 0xce, 0xcf, 0xcf, 0xcf, 0xce, 0xc1, 0xbd, 0xbb, 0xbf, 0xbf, 0xbb, 0xb4, 0xb4, 0xb5, 0xbc, 0xce, 0xce, 0xcf, 0xce, 0xcb, 0xe6, 0xe5, 0xc1, 0xc1, 0xe5, 0xc1, 0xbc, 0xc1, 0xc4, 0xc1, 0xe5, 0xce, 0xce, 0xcf, 0xfa, 0xcf, 0xcf, 0xcf, 0xcf, 0xcf, 0xcf, 0xcf, 0xcf, 0xcf, 0xcf, 0xcf, 0xcf, 0xcf, 0xcf, 0xcf, 0xcf, 0xcf, 0xcf, 0xcf, 0xcf, 0xcf, 0xfa, 0xfa, 0xcf, 0xfa, 0xcf, 0xcd, 0xe7, 
  0xcf, 0xcf, 0xcf, 0xce, 0xcf, 0xce, 0xce, 0xcf, 0xcc, 0xce, 0xcf, 0xcf, 0xcf, 0xcf, 0xfa, 0xcf, 0xcf, 0xcd, 0xce, 0xce, 0xce, 0xca, 0xe6, 0xc8, 0xbc, 0xe7, 0xe6, 0xb0, 0xc5, 0xcd, 0xce, 0xc2, 0xc5, 0xce, 0xce, 0xce, 0xc0, 0xdb, 0xde, 0xe2, 0xca, 0xe7, 0xca, 0xe6, 0xe5, 0xe6, 0xe3, 0xe1, 0xe1, 0xe2, 0xe3, 0xc1, 0xe2, 0xdf, 0xdb, 0xe8, 0xe1, 0xe3, 0xe1, 0xb5, 0xab, 0xa7, 0x83, 0xe6, 0xcb, 0xca, 0xc4, 0xc7, 0xc7, 0xc8, 0xc8, 0xc8, 0xca, 0xca, 0xca, 0xc8, 0xc7, 0xc7, 0xc7, 0xc4, 0xc4, 0xc7, 0xc1, 0xbd, 0xbb, 0xbf, 0xbf, 0xc1, 0xc1, 0xbf, 0xbb, 0xbb, 0xb7, 0xb7, 0xb4, 0xb7, 0xb1, 0xb4, 0xaf, 0xaf, 0xa9, 0xa9, 0xa9, 0x70, 0x6e, 0x70, 0x6e, 0x64, 0x66, 0x5d, 0x5e, 0x64, 0x64, 0x6c, 0x74, 0xac, 0xb3, 0xb9, 0xb9, 0x8f, 0x6c, 0x83, 0x8e, 0xcb, 0x8a, 0x89, 0xcf, 0xfa, 0xcf, 0xcf, 0xcf, 0xfa, 0x8c, 0xcf, 0xcf, 0xcf, 0xcf, 0xcf, 0xfa, 0xcf, 0xcf, 0xcf, 0xcf, 0xcf, 0xcf, 0xcf, 0xcf, 0xcf, 0x07, 0xcc, 0x00, 0x75, 0xcf, 0xce, 0xc9, 0xce, 0xcd, 0xcb, 0xca, 0xca, 0xb9, 0x77, 0x6c, 0x77, 0x70, 0x77, 0x77, 0x79, 0x7d, 0x85, 0x7d, 0x86, 0x85, 0xcb, 0xce, 0xce, 0xe5, 0xe5, 0xc1, 0xe3, 0xc4, 0xc7, 0xb5, 0xe0, 0xbf, 0xbd, 0xcb, 0xcb, 0xc6, 0xc6, 0x8b, 0x86, 0x7d, 0x74, 0xbe, 0xc4, 0x86, 0x8a, 0x8a, 0x8f, 0x92, 0xcc, 0xce, 0xcf, 0xcf, 0xfa, 0xcc, 0xce, 0xce, 0xcc, 0xcf, 0xfa, 0xcf, 0xcf, 0xcf, 0xcf, 0xcf, 0xcf, 0xcf, 0xcf, 0xcf, 0xcf, 0xcf, 0xcf, 0xcf, 0xcf, 0xce, 0xca, 0xe3, 0xbf, 0xdd, 0xbb, 0xe0, 0xdc, 0xdc, 0xb7, 0xb7, 0xbf, 0xcb, 0xce, 0xcf, 0xcf, 0xfa, 0xcf, 0xcf, 0xcd, 0xc1, 0xbb, 0xbf, 0xc1, 0xbf, 0xb7, 0xbf, 0xb7, 0xb5, 0xbd, 0xb8, 0xcb, 0xce, 0xcf, 0xcf, 0xce, 0xe7, 0xbc, 0xb5, 0xbb, 0xbb, 0xb7, 0xb7, 0xb7, 0xbb, 0xbd, 0xc2, 0xce, 0xce, 0xcb, 0xc8, 0xe5, 0xe5, 0xe5, 0xc6, 0xca, 0xcb, 0xca, 0xc2, 0xe5, 0xc1, 0xc4, 0xcd, 0xce, 0xcf, 0xcf, 0xfa, 0xfa, 0xcf, 0xcf, 0xcf, 0xcf, 0xcf, 0xcf, 0xcf, 0xcf, 0xcf, 0xcf, 0xcf, 0xcf, 0xcf, 0xcf, 0xcf, 0xcf, 0xcf, 0xcf, 0xcf, 0xcf, 0xcf, 0xcf, 0xcf, 0xcf, 0xcf, 0xce, 
  0xce, 0xcf, 0xce, 0xcf, 0xcf, 0xcf, 0xcf, 0xcf, 0xfa, 0xcf, 0xfa, 0xcf, 0xcf, 0xcf, 0xcf, 0xcf, 0xcf, 0xcf, 0xce, 0xcf, 0xe7, 0xc6, 0xca, 0xc2, 0xc5, 0xcd, 0xe4, 0xde, 0xe4, 0xcd, 0xce, 0xcb, 0xe4, 0xc5, 0xce, 0xce, 0xce, 0xe4, 0xdb, 0xdb, 0xde, 0xe6, 0xcd, 0xcb, 0xc8, 0xe6, 0xe6, 0xe5, 0xe3, 0xe2, 0xb5, 0xe2, 0xc7, 0xe5, 0xe3, 0xe8, 0xdb, 0xd6, 0xdb, 0xdb, 0xbc, 0xac, 0xa6, 0xa6, 0xb8, 0xc6, 0xc7, 0xc7, 0xe5, 0xc7, 0xe6, 0xe6, 0xca, 0xca, 0xca, 0xca, 0xc8, 0xc8, 0xc8, 0xc7, 0xe6, 0xc4, 0xc1, 0xbd, 0xc1, 0xbf, 0xc1, 0xc1, 0xc1, 0xbf, 0xbb, 0xb7, 0xb7, 0xb7, 0xb7, 0xb7, 0xb7, 0xb1, 0xaf, 0xaf, 0xaf, 0xa9, 0xa9, 0xa9, 0xa9, 0x70, 0x70, 0x70, 0x70, 0x70, 0x6a, 0x68, 0x64, 0x73, 0x86, 0x8b, 0xc3, 0xc6, 0xc3, 0xc3, 0x77, 0x7c, 0x8e, 0xcb, 0x8a, 0x48, 0xce, 0xcf, 0xcf, 0xcf, 0xcf, 0x91, 0x84, 0xcf, 0xcf, 0xcf, 0xcf, 0xcf, 0xcf, 0xcf, 0xcf, 0xcf, 0xcf, 0xcf, 0xcf, 0xcf, 0xcf, 0xcf, 0xcf, 0xfc, 0x81, 0xfa, 0xce, 0xcf, 0xce, 0xcd, 0xe7, 0xc9, 0xcb, 0xc6, 0x6c, 0x6c, 0x77, 0x7d, 0x77, 0x7d, 0x70, 0x7d, 0x7d, 0x8a, 0x80, 0x85, 0x92, 0xce, 0xcf, 0xce, 0xc7, 0xc4, 0xc1, 0xe5, 0xc8, 0xe5, 0xbf, 0xbf, 0xbf, 0xc1, 0xc4, 0xc6, 0xbe, 0xb9, 0x80, 0x77, 0x70, 0x5d, 0x7c, 0xc3, 0x7c, 0x79, 0x85, 0x8a, 0x8e, 0x8e, 0xc9, 0xcc, 0xcf, 0xce, 0xc9, 0xfa, 0xce, 0xcc, 0xce, 0xcf, 0xcf, 0xcf, 0xce, 0xcf, 0xce, 0xcf, 0xce, 0xcf, 0xcf, 0xcf, 0xcf, 0xcf, 0xcf, 0xcf, 0xce, 0xc8, 0xbd, 0xe0, 0xbb, 0xbb, 0xdd, 0xdd, 0xdc, 0xdd, 0xbb, 0xbd, 0xc2, 0xcd, 0xce, 0xcf, 0xcf, 0xcf, 0xce, 0xce, 0xc1, 0xc1, 0xbf, 0xc1, 0xc1, 0xbf, 0xb7, 0xbb, 0xbf, 0xbf, 0xc1, 0xe7, 0xce, 0xcf, 0xcf, 0xcf, 0xce, 0xcb, 0xc1, 0xbb, 0xbf, 0xbb, 0xb4, 0xb7, 0xbb, 0xbf, 0xc7, 0xcd, 0xcb, 0xc8, 0xe5, 0xe5, 0xc7, 0xc8, 0xcd, 0xce, 0xce, 0xce, 0xcd, 0xc8, 0xe5, 0xc2, 0xc7, 0xce, 0xce, 0xcf, 0xfa, 0xcf, 0xcf, 0xcf, 0xcf, 0xcf, 0xcf, 0xcf, 0xcf, 0xcf, 0xcf, 0xcf, 0xcf, 0xcf, 0xcf, 0xcf, 0xcf, 0xcf, 0xcf, 0xcf, 0xfa, 0xcf, 0xfa, 0xcf, 0xcf, 0xce, 0xfa, 0xcf, 
  0xca, 0xc5, 0xcf, 0xcf, 0xcf, 0xcf, 0xcf, 0xcf, 0xcf, 0xcf, 0xcf, 0xcf, 0xcf, 0xce, 0xcf, 0xcf, 0xce, 0xcf, 0xcf, 0xce, 0xe7, 0xc8, 0xca, 0xe7, 0xce, 0xcd, 0xe4, 0xde, 0xbc, 0xe7, 0xce, 0xcd, 0xc8, 0xe4, 0xe7, 0xce, 0xce, 0xce, 0xe6, 0xdb, 0xdb, 0xdb, 0xe4, 0xcd, 0xcd, 0xcb, 0xca, 0xc8, 0xe6, 0xc7, 0xc7, 0xe2, 0xe2, 0xdf, 0xc1, 0xe4, 0xe3, 0xe1, 0xe8, 0xd6, 0xa0, 0xd7, 0xde, 0xb8, 0xb0, 0xb8, 0xc8, 0xcc, 0xc8, 0xc6, 0xe6, 0xc8, 0xc8, 0xcb, 0xcb, 0xcb, 0xca, 0xca, 0xca, 0xca, 0xc8, 0xc7, 0xc4, 0xc4, 0xc1, 0xc1, 0xc4, 0xc1, 0xc1, 0xbf, 0xbb, 0xbb, 0xbb, 0xbb, 0xb7, 0xb7, 0xb4, 0xb1, 0xb1, 0xaf, 0xaf, 0x80, 0xa9, 0x80, 0xa9, 0x80, 0xaf, 0x80, 0x80, 0x80, 0x8a, 0x83, 0x8a, 0x8b, 0x8f, 0xc8, 0xe7, 0xcd, 0xce, 0xcb, 0x8b, 0x77, 0x8e, 0x92, 0x85, 0x8e, 0xcf, 0xcf, 0xcf, 0xcf, 0xce, 0xfc, 0x8c, 0xcf, 0xcf, 0xcf, 0xcf, 0xcf, 0x91, 0x50, 0xcf, 0xcf, 0xcf, 0xcf, 0xcf, 0xcf, 0xcf, 0xcf, 0xcf, 0xcf, 0xcf, 0xcf, 0xcf, 0xcf, 0xcd, 0xcc, 0xcd, 0xce, 0xc6, 0x86, 0x70, 0x70, 0x77, 0x7d, 0x70, 0x70, 0x7d, 0x80, 0x8b, 0x8b, 0x83, 0x8b, 0xcd, 0xce, 0xce, 0xc9, 0xe5, 0xe5, 0xc4, 0xc8, 0xc7, 0xc1, 0xc1, 0xe3, 0xc1, 0xc4, 0xc7, 0xbe, 0xb9, 0x86, 0x77, 0x6a, 0x6a, 0x5d, 0x6c, 0x8f, 0x77, 0x68, 0x79, 0x7e, 0x8a, 0x8a, 0x8e, 0x92, 0xcb, 0xfa, 0x94, 0xce, 0xce, 0xcc, 0xcf, 0xcc, 0xce, 0x94, 0x8e, 0x8f, 0xce, 0xce, 0xcf, 0xcf, 0xcf, 0xcf, 0xcf, 0xcf, 0xfa, 0xcf, 0xce, 0xcb, 0xbc, 0xbf, 0xc1, 0xdd, 0xbb, 0xdd, 0xb7, 0xb7, 0xbb, 0xb5, 0xc1, 0xcd, 0xce, 0xce, 0xce, 0xce, 0xce, 0xcd, 0xca, 0xbd, 0xbd, 0xc1, 0xc1, 0xc1, 0xbd, 0xe0, 0xbb, 0xbf, 0xc1, 0xcd, 0xce, 0xcf, 0xcf, 0xcf, 0xcf, 0xce, 0xcd, 0xc2, 0xbb, 0xbf, 0xbf, 0xbb, 0xb7, 0xbb, 0xbd, 0xc4, 0xc7, 0xc2, 0xc4, 0xc7, 0xcb, 0xce, 0xcf, 0xcf, 0xcf, 0xce, 0xcf, 0xce, 0xca, 0xc6, 0xc2, 0xca, 0xce, 0xcf, 0x07, 0xfa, 0xcf, 0xcf, 0xcf, 0xcf, 0xcf, 0xcf, 0xcf, 0xcf, 0xcf, 0xcf, 0xcf, 0xcf, 0xcf, 0xcf, 0xcf, 0xcf, 0xcf, 0xcf, 0xcf, 0xcf, 0xcf, 0xcf, 0xcf, 0xcf, 0xcf, 0xcf, 
  0xc6, 0xc0, 0xce, 0xcf, 0xc9, 0xfa, 0xcf, 0xcf, 0xcf, 0xcf, 0xcf, 0xcf, 0xcf, 0xcd, 0xce, 0xce, 0xfa, 0xcf, 0xce, 0xcb, 0xca, 0xca, 0xe7, 0xce, 0xcf, 0xce, 0xe4, 0xe1, 0xe4, 0xe9, 0xce, 0xce, 0xca, 0xe6, 0xc2, 0xcb, 0xcf, 0xcf, 0xcd, 0xc2, 0xdb, 0xdb, 0xd4, 0xb8, 0xe7, 0xce, 0xe7, 0xc8, 0xca, 0xe6, 0xe5, 0xe5, 0xe3, 0xe1, 0xdd, 0xe0, 0xe1, 0xe8, 0xe2, 0xde, 0xd4, 0xd1, 0x9e, 0xd7, 0xde, 0x83, 0xb8, 0xc6, 0xca, 0xcd, 0xca, 0xca, 0xcb, 0xe7, 0xcb, 0xcb, 0xcb, 0xe7, 0xca, 0xca, 0xca, 0xc7, 0xc7, 0xc4, 0xc4, 0xc4, 0xc1, 0xc1, 0xbf, 0xbf, 0xbf, 0xbf, 0xbb, 0xbb, 0xb7, 0xb7, 0xb6, 0xbb, 0xb6, 0xb6, 0xb9, 0xb6, 0xb9, 0xb3, 0x8f, 0xc3, 0xc3, 0xc3, 0xc6, 0xc6, 0xce, 0xce, 0xcd, 0xcb, 0xe7, 0xc6, 0x92, 0x92, 0x94, 0xce, 0x8b, 0x71, 0x74, 0x48, 0x8a, 0x90, 0xce, 0xcf, 0xcf, 0xcc, 0x50, 0x81, 0xfa, 0xcf, 0xcf, 0xcf, 0xce, 0x8c, 0x91, 0xcf, 0xcf, 0xcf, 0xfa, 0xcf, 0xcf, 0xcf, 0xfa, 0xcf, 0xfa, 0xcf, 0xcf, 0xcf, 0xce, 0xcc, 0xcf, 0xce, 0xce, 0x83, 0x78, 0x77, 0x77, 0x70, 0x77, 0x7d, 0x7d, 0x86, 0x80, 0x7d, 0x86, 0x86, 0x8b, 0xcc, 0xce, 0xce, 0xce, 0xcb, 0xc8, 0xc8, 0xc8, 0xc7, 0xca, 0xc4, 0xbd, 0xc1, 0xc1, 0xc4, 0xc3, 0xb9, 0xb3, 0x80, 0x70, 0x6a, 0x5d, 0x5d, 0x5d, 0x80, 0x79, 0x5b, 0x5b, 0x65, 0x71, 0x85, 0x8e, 0xc6, 0x94, 0xcd, 0xc9, 0xcf, 0xce, 0xcf, 0xcd, 0x92, 0x92, 0x7e, 0x78, 0x7e, 0x83, 0x8e, 0xce, 0xcf, 0xcf, 0x07, 0xcf, 0xfa, 0xcf, 0xce, 0xcf, 0xcd, 0xe5, 0xe3, 0xe3, 0xe0, 0xbb, 0xdd, 0xb4, 0xe0, 0xbb, 0xc1, 0xbd, 0xb2, 0x89, 0xc3, 0xba, 0x8b, 0xba, 0xb9, 0xb8, 0xb5, 0xc1, 0xbf, 0xc1, 0xc1, 0xbf, 0xbf, 0xb7, 0xbb, 0xbd, 0xbc, 0xce, 0xcf, 0xcf, 0xcf, 0xcf, 0xcf, 0xce, 0xcd, 0xc1, 0xb5, 0xc1, 0xbf, 0xb7, 0xb7, 0xbf, 0xbf, 0xc1, 0xc4, 0xc4, 0xe7, 0xce, 0xcf, 0xfa, 0xfa, 0xcf, 0xcf, 0xcf, 0xce, 0xcf, 0xcb, 0xc6, 0xc2, 0xce, 0xce, 0xcf, 0xfa, 0xcf, 0xcf, 0xcf, 0xcf, 0xcf, 0xfa, 0xcf, 0xcf, 0xcf, 0xcf, 0xcf, 0xcf, 0xcf, 0xcf, 0xcf, 0xcf, 0xcf, 0xcf, 0xfa, 0xcf, 0xcf, 0xcf, 0xcf, 0xcf, 0xcf, 0xcf, 
  0xcd, 0xc9, 0xcf, 0x91, 0xcc, 0xcf, 0xcf, 0xcf, 0xcf, 0xcf, 0xcf, 0xcf, 0xcf, 0xcf, 0xcf, 0xcf, 0xcf, 0xcf, 0xcf, 0xe7, 0xe7, 0xe7, 0xce, 0xcf, 0xcf, 0xcb, 0xe9, 0xe4, 0xe1, 0xc5, 0xce, 0xce, 0xe7, 0xc8, 0xe6, 0xeb, 0xce, 0xcf, 0xce, 0xce, 0xc5, 0xde, 0xdb, 0xd9, 0xde, 0xc5, 0xce, 0xcb, 0xc8, 0xe6, 0xe6, 0xe5, 0xe4, 0xe3, 0xe3, 0xdf, 0xe2, 0xe1, 0xd9, 0xdb, 0xe2, 0xdb, 0xd7, 0xa0, 0x9c, 0xa0, 0xd7, 0xb0, 0xbc, 0xcb, 0xcd, 0xce, 0xce, 0xce, 0xce, 0xce, 0xcd, 0xcb, 0xca, 0xca, 0xc7, 0xc7, 0xc8, 0xc7, 0xc7, 0xc4, 0xc4, 0xc4, 0xc1, 0xc1, 0xc1, 0xbf, 0xbd, 0xbf, 0xbd, 0xbf, 0xc1, 0xc1, 0xc4, 0xc1, 0xc6, 0xc8, 0xca, 0xcb, 0xcb, 0xce, 0xce, 0xce, 0xce, 0xce, 0x8c, 0x94, 0xce, 0xce, 0xcf, 0x94, 0x8e, 0x81, 0x76, 0x7e, 0x68, 0x5b, 0x57, 0x71, 0x85, 0x90, 0xce, 0xcf, 0x91, 0x90, 0x8c, 0x8c, 0xcf, 0xcf, 0xcf, 0xfa, 0x8c, 0x8c, 0xcf, 0xcf, 0xcf, 0xcf, 0xcf, 0xcf, 0xcf, 0xcf, 0xcf, 0xcf, 0xcf, 0xcf, 0xce, 0xcf, 0xce, 0xcf, 0xce, 0x84, 0x6f, 0x6b, 0x74, 0x77, 0x7d, 0x7d, 0x80, 0x86, 0x80, 0x80, 0x8a, 0x80, 0x80, 0x8b, 0xc0, 0xce, 0xce, 0xce, 0x89, 0x8f, 0xcb, 0xc8, 0xe6, 0xcb, 0xc7, 0xc1, 0xbe, 0xc1, 0xc7, 0xc7, 0xc1, 0xb9, 0xb3, 0x7d, 0x7d, 0x70, 0x6a, 0x64, 0x64, 0x70, 0x7d, 0x64, 0x65, 0x64, 0x68, 0x77, 0x85, 0x92, 0xce, 0xce, 0xcc, 0xce, 0xce, 0xcc, 0x8a, 0x7e, 0x73, 0x6c, 0x5b, 0x6c, 0x6c, 0x7e, 0x89, 0xce, 0xcf, 0xcf, 0xcf, 0xcf, 0xce, 0xce, 0xcd, 0xc2, 0xe2, 0xc1, 0xbf, 0xe0, 0xe3, 0xb7, 0xdd, 0xbb, 0xbb, 0xc1, 0xb6, 0xa7, 0xa9, 0xac, 0x7d, 0x83, 0x7c, 0xac, 0x78, 0xb8, 0xc1, 0xc1, 0xbf, 0xc1, 0xbb, 0xbb, 0xbf, 0xbb, 0xbb, 0xbc, 0xc2, 0xce, 0xcf, 0x07, 0xcf, 0xcf, 0xcf, 0xce, 0xe7, 0xbc, 0xbb, 0xbb, 0xbb, 0xb7, 0xbb, 0xbf, 0xc1, 0xc7, 0xc8, 0xce, 0xcf, 0xcf, 0xcf, 0xcf, 0xcf, 0xcf, 0xcf, 0xcf, 0xcf, 0xce, 0xce, 0xc5, 0xc5, 0xcd, 0xcf, 0xcf, 0xcf, 0xcf, 0xcf, 0xcf, 0xfa, 0xcf, 0xcf, 0xcf, 0xcf, 0xcf, 0xcf, 0xcf, 0xcf, 0xcf, 0xcf, 0xcf, 0xcf, 0xcf, 0xcf, 0xcf, 0xcf, 0xcf, 0xcf, 0xcf, 0xcf, 0xcf, 
  0xce, 0xcb, 0xc5, 0xcf, 0xce, 0xcf, 0xcf, 0xcf, 0xcf, 0xce, 0xce, 0xcf, 0xcf, 0xcf, 0xcf, 0xcf, 0xcf, 0xcf, 0xce, 0xcc, 0xcb, 0xcb, 0xcf, 0xcf, 0xce, 0xcb, 0xe4, 0xe1, 0xe4, 0xe9, 0xce, 0xce, 0xce, 0xca, 0xe6, 0xe6, 0xce, 0xcf, 0xcf, 0xcf, 0xce, 0xe6, 0xdb, 0xdb, 0xd7, 0xd7, 0xe9, 0xce, 0xeb, 0xeb, 0xeb, 0xe6, 0xe9, 0xe4, 0xe4, 0xe3, 0xe2, 0xe5, 0xe4, 0xe2, 0xdb, 0xd9, 0xb8, 0xe4, 0xd7, 0xd7, 0xa0, 0xa5, 0x83, 0xde, 0xc0, 0xc9, 0xcd, 0xcf, 0xce, 0xcf, 0xce, 0xcd, 0xca, 0xe6, 0xc7, 0xc8, 0xc8, 0xc8, 0xc8, 0xc7, 0xc7, 0xc4, 0xc4, 0xc4, 0xc4, 0xc4, 0xc4, 0xc4, 0xc1, 0xc4, 0xc1, 0xc4, 0xc4, 0xc7, 0xca, 0xcd, 0xce, 0xce, 0xce, 0xcf, 0xce, 0xcf, 0xcf, 0xcf, 0x8c, 0x81, 0xc0, 0x50, 0xce, 0x07, 0x92, 0x8a, 0x67, 0x5a, 0x57, 0x74, 0x74, 0x5b, 0x67, 0x8e, 0xcf, 0x93, 0x8c, 0x93, 0x81, 0xcf, 0xce, 0xcf, 0x91, 0xfd, 0x91, 0xfa, 0xcf, 0xcf, 0xcf, 0xcf, 0xcf, 0xcf, 0xcf, 0xcf, 0xcf, 0xcf, 0xcf, 0xcf, 0xce, 0xcf, 0x94, 0x84, 0x63, 0x63, 0x7b, 0x8e, 0x86, 0x7d, 0x86, 0x80, 0x79, 0x80, 0x86, 0x86, 0x86, 0x86, 0x85, 0x8f, 0xce, 0xce, 0x92, 0x7b, 0x62, 0xa0, 0xcb, 0xc5, 0xcb, 0xcb, 0xc4, 0xc4, 0xc1, 0xe5, 0xc8, 0xcb, 0xc6, 0x8f, 0xb9, 0x86, 0x80, 0x7d, 0x70, 0x77, 0x70, 0x70, 0x77, 0x6a, 0x77, 0x79, 0x85, 0x86, 0x85, 0x83, 0x8c, 0xcc, 0xce, 0xce, 0xcf, 0xcd, 0x76, 0x64, 0x5b, 0x7d, 0x6c, 0x80, 0x7d, 0x74, 0x89, 0xce, 0xce, 0xcf, 0xce, 0xce, 0xca, 0xc5, 0xbc, 0xb2, 0xbf, 0xc1, 0xbf, 0xe3, 0xbb, 0xe0, 0xe0, 0xbb, 0xbf, 0xbf, 0xbb, 0xaf, 0xb6, 0xb3, 0x86, 0x86, 0x8b, 0x8f, 0xcd, 0xc8, 0xbe, 0xc1, 0xc1, 0xc1, 0xc1, 0xbb, 0xbb, 0xbf, 0xbf, 0xc1, 0xc8, 0xce, 0xcf, 0xcf, 0xcf, 0xcf, 0xcf, 0xce, 0xce, 0xca, 0xc1, 0xbf, 0xc1, 0xbf, 0xe0, 0xbb, 0xe5, 0xc7, 0xcb, 0xce, 0xcf, 0xcf, 0xcf, 0xcf, 0xcf, 0xcf, 0xcf, 0xcf, 0xcf, 0xcf, 0xcf, 0xcd, 0xc2, 0xe6, 0xce, 0xcf, 0xcf, 0xcf, 0xcf, 0xcf, 0xcf, 0xcf, 0xcf, 0xcf, 0xcf, 0xfa, 0xcf, 0xcf, 0xcf, 0xcf, 0xcf, 0xcf, 0xcf, 0xcf, 0xcf, 0xcf, 0xcf, 0xcf, 0xcf, 0xcf, 0xcf, 0xcf, 
  0xcf, 0xc9, 0xcc, 0xce, 0xce, 0xcf, 0xce, 0xcf, 0xcf, 0xcf, 0xcf, 0xcf, 0xcf, 0xcf, 0xcf, 0xcf, 0xcf, 0xcf, 0xcf, 0xcc, 0xcb, 0xcf, 0xce, 0xcf, 0xcf, 0xe7, 0xe4, 0xe4, 0xe4, 0xe4, 0xcb, 0xce, 0xcd, 0xcd, 0xcb, 0xcb, 0xc5, 0xcd, 0xcf, 0xcf, 0xce, 0xce, 0xe6, 0xb8, 0xdb, 0xd7, 0xd7, 0xbc, 0xce, 0xcb, 0xe7, 0xeb, 0xeb, 0xe6, 0xe6, 0xe5, 0xe4, 0xb5, 0xe2, 0xe3, 0xe5, 0xde, 0xd4, 0xdb, 0xe5, 0xbc, 0xde, 0xd7, 0xa0, 0xa0, 0xb0, 0xca, 0x92, 0xc9, 0xce, 0xcf, 0xcf, 0xce, 0xca, 0xc7, 0xc7, 0xc8, 0xca, 0xca, 0xc8, 0xc8, 0xc7, 0xc7, 0xc4, 0xc4, 0xc7, 0xc4, 0xc7, 0xc4, 0xc4, 0xc1, 0xc4, 0xc4, 0xc1, 0xc1, 0xc7, 0xe7, 0xcb, 0xcb, 0xcd, 0xcd, 0xce, 0xce, 0xcf, 0xcf, 0xfa, 0x89, 0x81, 0x89, 0x47, 0xce, 0x90, 0x93, 0x8e, 0x68, 0xac, 0xbe, 0xc6, 0x7c, 0x67, 0x8d, 0x93, 0x87, 0x4d, 0x81, 0xce, 0x07, 0x91, 0x8c, 0xfe, 0xcf, 0xce, 0xcf, 0xcf, 0xcf, 0xcf, 0xcf, 0xcf, 0xcf, 0xcf, 0xcf, 0xcf, 0xce, 0xce, 0x8c, 0x89, 0x84, 0x9c, 0x1a, 0x9e, 0x93, 0xcd, 0x8a, 0x80, 0x86, 0x7d, 0x80, 0x86, 0x86, 0x86, 0x86, 0x86, 0x86, 0xc6, 0xcd, 0xcd, 0x8c, 0xa5, 0x62, 0x9c, 0xb9, 0xc8, 0xca, 0xc8, 0xca, 0xc8, 0xe5, 0xc7, 0xc7, 0xe7, 0xce, 0xce, 0xca, 0x8f, 0xb9, 0x86, 0x80, 0x7d, 0x80, 0x80, 0x80, 0x7d, 0x7d, 0x80, 0x86, 0x8f, 0xcb, 0xcb, 0xc0, 0x89, 0x89, 0x89, 0xce, 0xce, 0xce, 0x8a, 0x6c, 0x78, 0xb9, 0xc6, 0xc7, 0x8f, 0xa6, 0x76, 0x8b, 0xcd, 0xcd, 0xca, 0xc2, 0xbc, 0xc1, 0xc1, 0xc4, 0xbf, 0xbb, 0xbf, 0xbf, 0xbf, 0xbb, 0xdd, 0xbf, 0xbf, 0xbb, 0xbd, 0xb6, 0xb3, 0x86, 0xb8, 0x94, 0xce, 0xce, 0xce, 0xce, 0xc7, 0xe3, 0xc1, 0xc4, 0xc7, 0xc4, 0xbd, 0xbb, 0xc4, 0xc1, 0xcd, 0xce, 0xcf, 0xcf, 0xcf, 0xcf, 0xfa, 0xcf, 0xcf, 0xce, 0xca, 0xbc, 0xc1, 0xc1, 0xbf, 0xbd, 0xc1, 0xca, 0xcb, 0xce, 0xce, 0xce, 0xce, 0xce, 0xce, 0xce, 0xcf, 0xce, 0xcf, 0xce, 0xcf, 0xcf, 0xca, 0xba, 0xc9, 0xce, 0xcf, 0xcf, 0xfa, 0xcf, 0xcf, 0xcf, 0xcf, 0xcf, 0xcf, 0xcf, 0xcf, 0xcf, 0xcf, 0xcf, 0xcf, 0xcf, 0xcf, 0xcf, 0xcf, 0xfa, 0xcf, 0xcf, 0xcf, 0xcf, 0xcf, 0xcf, 
  0xce, 0xcc, 0xce, 0xcf, 0xcf, 0xce, 0xcc, 0xcc, 0xcc, 0xfa, 0xcf, 0xcf, 0xcf, 0xcf, 0xcf, 0xcf, 0xcf, 0xcf, 0xcf, 0xce, 0xcf, 0xce, 0xcf, 0xce, 0xce, 0xca, 0xe4, 0xe5, 0xe4, 0xe4, 0xeb, 0xce, 0xcd, 0xc9, 0xc5, 0xca, 0xca, 0xca, 0xce, 0xcf, 0xcf, 0xce, 0xce, 0xcd, 0xc2, 0xd9, 0xd7, 0xdb, 0xba, 0xcd, 0xce, 0xeb, 0xea, 0xe9, 0xe9, 0xe5, 0xe4, 0xc4, 0xe3, 0xbc, 0xe5, 0xcd, 0xe6, 0xdb, 0xd7, 0xdb, 0xdb, 0xe5, 0xb8, 0xa5, 0xa0, 0x7b, 0xb0, 0xca, 0xce, 0xcf, 0xcf, 0xce, 0xca, 0xc7, 0xc7, 0xca, 0xca, 0xca, 0xc8, 0xe6, 0xc7, 0xc7, 0xc4, 0xc7, 0xc4, 0xc4, 0xc4, 0xe5, 0xc1, 0xc1, 0xbf, 0xbd, 0xbf, 0xbf, 0xc1, 0xc1, 0xe5, 0xe5, 0xe5, 0xe6, 0xc8, 0xe7, 0xcd, 0xce, 0xce, 0xcf, 0x8c, 0x8e, 0x8c, 0x87, 0x81, 0x85, 0x8e, 0x6c, 0xac, 0xbe, 0xc7, 0x7e, 0x71, 0x71, 0x69, 0x88, 0x88, 0x93, 0x07, 0x84, 0x87, 0x50, 0xcf, 0x07, 0xcf, 0xcf, 0xcf, 0xcf, 0xcf, 0xcf, 0xce, 0xcf, 0xce, 0xcd, 0xba, 0x84, 0x7b, 0x7b, 0x7b, 0x63, 0x9e, 0x89, 0xfa, 0xce, 0x8b, 0x7e, 0x7c, 0x7d, 0x86, 0x8b, 0xb9, 0x80, 0x8a, 0x80, 0x7e, 0x8b, 0xcb, 0x89, 0x7b, 0x6b, 0x9e, 0x61, 0x83, 0xc8, 0xca, 0xc8, 0xc9, 0xcb, 0xc7, 0xc4, 0xc7, 0xe6, 0xce, 0xcf, 0xce, 0xce, 0xc8, 0x8f, 0x86, 0x86, 0x86, 0x80, 0x86, 0x8b, 0x8b, 0x8b, 0x8b, 0x8f, 0xc6, 0xc9, 0xce, 0xce, 0xce, 0x94, 0x89, 0xcc, 0xce, 0xcc, 0x7c, 0x7c, 0x8f, 0xca, 0xc8, 0xca, 0xc6, 0x83, 0x9f, 0x8b, 0xc8, 0xde, 0xb2, 0xbd, 0xc7, 0xc7, 0xc1, 0xbd, 0xe0, 0xbb, 0xbf, 0xc1, 0xbf, 0xbb, 0xb5, 0xbf, 0xc1, 0xbf, 0xbb, 0xb3, 0xb2, 0x92, 0xce, 0xce, 0xcf, 0xcf, 0xcf, 0xce, 0xc8, 0xe5, 0xc4, 0xc4, 0xc4, 0xc1, 0xc1, 0xbb, 0xbd, 0xc1, 0xc2, 0xce, 0xce, 0xcf, 0xcf, 0xcf, 0xcf, 0xfa, 0xfa, 0xcf, 0xce, 0xc8, 0xbd, 0xc1, 0xbf, 0xc1, 0xc1, 0xc8, 0xc8, 0xcb, 0xca, 0xc9, 0xca, 0xc9, 0xe7, 0xe7, 0xcb, 0xcb, 0xcd, 0xcd, 0xcf, 0xce, 0xce, 0xc9, 0x89, 0xce, 0xce, 0xcf, 0xcf, 0xcf, 0xce, 0xcf, 0xcf, 0xcf, 0xcf, 0x07, 0xcf, 0xcf, 0xcf, 0xcf, 0xcf, 0xcf, 0xcf, 0xfa, 0xcf, 0xcf, 0xcf, 0xcf, 0xcf, 0xcf, 0xcf, 0xcf, 
  0xcf, 0xfa, 0xcf, 0xcf, 0xcc, 0xcd, 0xc9, 0xcc, 0xcf, 0xcf, 0xcf, 0xcf, 0xfa, 0xcf, 0xfa, 0xcf, 0xcf, 0xcf, 0xcf, 0xcf, 0xcf, 0xcf, 0xce, 0xce, 0xc6, 0xe4, 0xe6, 0xe2, 0xe4, 0xe6, 0xca, 0xce, 0xcf, 0xce, 0xc9, 0xc2, 0xe6, 0xc8, 0xce, 0xcf, 0xcf, 0xcf, 0xce, 0xce, 0xca, 0xde, 0xdb, 0xdb, 0xdb, 0xe1, 0xe7, 0xcd, 0xe7, 0xe7, 0xe6, 0xe6, 0xe4, 0xe5, 0xe5, 0xe5, 0xe4, 0xcb, 0xce, 0xcd, 0xc5, 0xb0, 0xd4, 0xa0, 0xde, 0xc7, 0x89, 0xa0, 0x9e, 0xa5, 0x89, 0xce, 0xce, 0xce, 0xca, 0xe6, 0xc4, 0xc8, 0xe7, 0xe7, 0xc8, 0xc7, 0xc8, 0xe5, 0xc4, 0xc4, 0xc4, 0xc4, 0xe5, 0xc1, 0xc1, 0xbd, 0xbd, 0xbb, 0xbb, 0xb7, 0xbb, 0xb7, 0xbb, 0xbb, 0xbb, 0xbb, 0xbd, 0xc1, 0xc4, 0xc8, 0xca, 0xce, 0xcd, 0x87, 0xce, 0xce, 0x8e, 0x7e, 0x71, 0x83, 0x80, 0xc4, 0xb9, 0x74, 0x5a, 0x5f, 0x62, 0x7a, 0x93, 0x8d, 0x75, 0x81, 0x90, 0x07, 0xcc, 0xcf, 0xcf, 0xce, 0xcf, 0xcf, 0xcf, 0xce, 0xcc, 0xce, 0xd7, 0xdb, 0xa5, 0xd7, 0x7b, 0xa5, 0x62, 0x7b, 0x50, 0xce, 0xce, 0x8e, 0x7e, 0x80, 0x80, 0x86, 0x80, 0x80, 0x86, 0x86, 0x86, 0x80, 0x8b, 0xc6, 0x89, 0xa0, 0x6b, 0xa0, 0xa6, 0x7b, 0x9e, 0x89, 0xcd, 0xc6, 0xcd, 0xcb, 0xc7, 0xc7, 0xe5, 0xc5, 0xce, 0xcf, 0xcf, 0xce, 0x94, 0xbe, 0x8b, 0x86, 0x86, 0x86, 0x86, 0x86, 0xb9, 0xbe, 0xc3, 0xe6, 0xcb, 0xcd, 0xce, 0xcf, 0xcf, 0xce, 0xcf, 0xcf, 0xcf, 0xce, 0x7e, 0x7e, 0xcb, 0xce, 0xce, 0xce, 0xcc, 0xca, 0x8b, 0xb2, 0xac, 0xb3, 0xc4, 0xc4, 0xc1, 0xbd, 0xbc, 0xbc, 0xc4, 0xc1, 0xc1, 0xc1, 0xbf, 0xbf, 0xbb, 0xbf, 0xc1, 0xc4, 0xbb, 0xc1, 0xcd, 0xcf, 0xce, 0xcf, 0xcf, 0xfa, 0xcf, 0xce, 0xcd, 0xc7, 0xc7, 0xc4, 0xc4, 0xc4, 0xbb, 0xbf, 0xbb, 0xc1, 0xc1, 0xe6, 0xce, 0xcf, 0xcf, 0xcf, 0xcf, 0xcf, 0xcf, 0xcf, 0xce, 0xcd, 0xc7, 0xbd, 0xbd, 0xbd, 0xbd, 0xc7, 0xe6, 0xc6, 0xe5, 0xe5, 0xc3, 0xe5, 0xc7, 0xc7, 0xe6, 0xc6, 0xc8, 0xe7, 0xcc, 0xce, 0xcf, 0xce, 0xc9, 0xb0, 0xc0, 0xca, 0xce, 0xce, 0xce, 0xce, 0xcf, 0x07, 0xcf, 0xcf, 0xcf, 0xcf, 0xcf, 0xcf, 0xcf, 0xcf, 0xcf, 0xcf, 0xcf, 0xcf, 0xcf, 0xcf, 0xcf, 0x07, 0xcc, 0x93, 
  0xcf, 0xcf, 0xcf, 0xcf, 0xcf, 0xcc, 0xce, 0xce, 0xcf, 0xcf, 0xcf, 0xcf, 0xcf, 0xcf, 0xfa, 0xcf, 0xfa, 0xcf, 0xfa, 0xcf, 0xcf, 0xcf, 0xce, 0xc5, 0xc0, 0xc7, 0xc7, 0xe4, 0xc8, 0xeb, 0xe6, 0xce, 0xce, 0xcf, 0xce, 0xca, 0xc5, 0xc8, 0xcb, 0xce, 0xcf, 0xcf, 0xcf, 0xcf, 0xce, 0xca, 0xdb, 0xdb, 0xd9, 0xde, 0xe1, 0xc5, 0xce, 0xcb, 0xcd, 0xe7, 0xca, 0xe6, 0xe4, 0xe5, 0xe1, 0xdb, 0xc5, 0xce, 0xce, 0xcd, 0xc5, 0xdb, 0xa5, 0xd7, 0xb8, 0xca, 0x89, 0xa0, 0x7b, 0xee, 0xc9, 0xce, 0xcb, 0xc4, 0xc2, 0xc4, 0xca, 0xcb, 0xca, 0xc8, 0xe6, 0xc7, 0xc4, 0xe5, 0xc4, 0xc4, 0xc4, 0xc7, 0xc4, 0xc1, 0xbf, 0xc1, 0xbb, 0xbb, 0xb7, 0xb7, 0xb7, 0xb7, 0xb7, 0xb7, 0xb7, 0xbd, 0xbd, 0xc1, 0xc7, 0xc6, 0xce, 0x89, 0x76, 0x8e, 0x90, 0x85, 0x6b, 0x8b, 0xe5, 0xb8, 0xc3, 0xb9, 0x85, 0x85, 0x73, 0x71, 0x7a, 0x7e, 0x43, 0x8d, 0x47, 0x92, 0x07, 0xcf, 0xcf, 0xce, 0xce, 0xce, 0xce, 0xc0, 0xdb, 0xb0, 0xd7, 0xde, 0xc2, 0xab, 0x62, 0x9e, 0x81, 0xce, 0xce, 0xce, 0x92, 0x83, 0x7e, 0x86, 0x86, 0x80, 0x86, 0x80, 0x86, 0x86, 0x86, 0x86, 0x92, 0xc3, 0xa6, 0xa6, 0x83, 0x89, 0x7e, 0xa6, 0xa6, 0xca, 0xca, 0xcb, 0xcd, 0xcb, 0xe6, 0xc7, 0xc7, 0xc8, 0xce, 0xcf, 0xce, 0xce, 0xcb, 0xc6, 0x8b, 0x86, 0x86, 0xb3, 0x86, 0xb9, 0x8f, 0xc7, 0xc8, 0xca, 0xcb, 0xce, 0xcf, 0xfa, 0xcf, 0xcf, 0xcf, 0xce, 0xfa, 0xce, 0x89, 0x86, 0xce, 0xce, 0xcf, 0xce, 0xce, 0xcd, 0xc3, 0xb3, 0xb6, 0xc8, 0xc4, 0xc1, 0xc1, 0xc7, 0xc8, 0xcb, 0xc7, 0xc4, 0xc4, 0xc1, 0xbf, 0xbd, 0xbf, 0xe3, 0xc1, 0xc1, 0xbd, 0xe5, 0xce, 0xce, 0xce, 0xce, 0xcf, 0xcf, 0xcf, 0xcf, 0xcd, 0xc5, 0xc7, 0xc7, 0xc4, 0xc4, 0xc1, 0xbb, 0xbf, 0xc1, 0xc1, 0xe5, 0xe7, 0xcf, 0xcf, 0xcf, 0xce, 0xcf, 0xcf, 0xcf, 0xce, 0xce, 0xe7, 0xbc, 0xc1, 0xbf, 0xbf, 0xc1, 0xca, 0xc8, 0xc8, 0xe6, 0xe6, 0xc8, 0xc8, 0xc8, 0xca, 0xe7, 0xe7, 0xcb, 0xcd, 0xcf, 0xcf, 0xcf, 0xce, 0xc0, 0xb0, 0x89, 0xc0, 0xc5, 0xc5, 0xcb, 0xce, 0xcf, 0xce, 0xce, 0xce, 0xce, 0xcf, 0xce, 0xcf, 0xcf, 0xcf, 0xcf, 0xcf, 0xcf, 0xcf, 0xcf, 0xce, 0xcf, 0xfa, 0xc9, 
  0xcf, 0xcf, 0xcf, 0xcf, 0xcf, 0xce, 0xcf, 0xcf, 0xcf, 0xcf, 0xcf, 0xcf, 0xcf, 0xcf, 0xcf, 0xcf, 0xcf, 0xcf, 0xcf, 0xfa, 0xcf, 0xcf, 0xc9, 0x89, 0xc2, 0xcb, 0xc7, 0xe6, 0xc8, 0xe4, 0xe4, 0xe7, 0xcf, 0xcc, 0xe7, 0xcd, 0xcb, 0xc8, 0xc5, 0xcb, 0xcf, 0xcf, 0xcf, 0xcf, 0xcf, 0xce, 0xc5, 0xbc, 0xdb, 0xd9, 0xdb, 0xdb, 0xe6, 0xce, 0xeb, 0xe7, 0xeb, 0xe9, 0xe5, 0xe9, 0xe5, 0xe4, 0xbc, 0xe7, 0xcd, 0xce, 0xce, 0xe7, 0xc5, 0x7b, 0xa0, 0xab, 0xc7, 0xba, 0xa5, 0xd7, 0x89, 0xca, 0xe5, 0xc3, 0xbd, 0xc1, 0xc8, 0xca, 0xe7, 0xca, 0xc8, 0xc8, 0xc7, 0xc7, 0xc1, 0xe5, 0xc4, 0xc7, 0xc7, 0xc7, 0xc7, 0xc4, 0xc4, 0xc1, 0xc1, 0xbd, 0xbd, 0xbb, 0xb7, 0xae, 0xb6, 0xb1, 0xb6, 0xb3, 0xb3, 0xb9, 0xb9, 0x85, 0x67, 0x67, 0x71, 0x74, 0x76, 0x8b, 0xc3, 0xc1, 0xcb, 0xe7, 0x86, 0x7e, 0x7e, 0x7a, 0x82, 0x48, 0x88, 0x82, 0x87, 0xcf, 0xcf, 0xcf, 0xcf, 0xce, 0xce, 0xc2, 0xde, 0xde, 0xde, 0xdb, 0xe5, 0xbc, 0xa0, 0x99, 0x9e, 0x89, 0xce, 0xcf, 0xce, 0xcc, 0x86, 0x7e, 0x80, 0x79, 0x80, 0x85, 0x86, 0x8b, 0x86, 0x86, 0x80, 0x8b, 0x8f, 0x83, 0x7b, 0x8b, 0x83, 0xa6, 0xa6, 0xa6, 0xa6, 0xc3, 0xce, 0xe7, 0xce, 0xca, 0xc6, 0xc4, 0xb9, 0x8f, 0x92, 0x92, 0x8f, 0x8f, 0xc6, 0xc3, 0x8f, 0xb3, 0xb9, 0x86, 0x8b, 0xb9, 0xc4, 0xc6, 0xc8, 0xcb, 0xce, 0xce, 0xcf, 0xcf, 0xcf, 0xcf, 0xcf, 0xcf, 0xcf, 0xce, 0xc6, 0xc4, 0xc8, 0xcb, 0xcf, 0xce, 0xcb, 0xc6, 0xc3, 0xbe, 0xcc, 0xc8, 0xc7, 0xcc, 0xcd, 0xcd, 0xcd, 0xcd, 0xca, 0xc7, 0xc1, 0xbd, 0xc1, 0xc1, 0xbb, 0xc1, 0xc1, 0xc1, 0xc1, 0xc1, 0xbe, 0xc2, 0xc2, 0xcb, 0xcd, 0xce, 0xcf, 0xce, 0xce, 0xc5, 0xe6, 0xc7, 0xc7, 0xc7, 0xc7, 0xbc, 0xbb, 0xbf, 0xc4, 0xe6, 0xe7, 0xcf, 0xce, 0xcf, 0xcf, 0xcf, 0xcf, 0xcf, 0xce, 0xcc, 0xcd, 0xca, 0xc1, 0xbf, 0xc1, 0xc1, 0xcb, 0xce, 0xce, 0xce, 0xce, 0xce, 0xce, 0xcf, 0xce, 0xcf, 0xce, 0xcf, 0xcf, 0xcf, 0xcf, 0xcf, 0xcf, 0xce, 0xcc, 0xc9, 0xce, 0xc9, 0xc5, 0xc2, 0xc2, 0xc2, 0xe5, 0xc8, 0xe6, 0xc8, 0xca, 0xcb, 0xcd, 0xce, 0xce, 0xcf, 0xcf, 0xcf, 0xcf, 0xcf, 0xcf, 0xcf, 0xcf, 0xcf, 
  0xcf, 0xcf, 0xcf, 0xcf, 0xcf, 0xcf, 0xcf, 0xcf, 0xcf, 0xcf, 0xcf, 0xcf, 0xcf, 0xcf, 0xfa, 0xcf, 0xcf, 0xcf, 0xcf, 0xcf, 0xcf, 0xcf, 0xcd, 0xe7, 0xcb, 0xca, 0xe6, 0xc8, 0xe5, 0xe4, 0xe4, 0xe7, 0xce, 0xcf, 0xcb, 0xcb, 0xcd, 0xcd, 0xc8, 0xc9, 0xce, 0xcf, 0xcf, 0xcf, 0xcf, 0xcf, 0xce, 0xcd, 0xe4, 0xdb, 0xe1, 0xdb, 0xd7, 0xeb, 0xce, 0xcb, 0xcb, 0xe7, 0xe6, 0xe4, 0xe4, 0xe4, 0xe4, 0xde, 0xc5, 0xce, 0xcd, 0xcd, 0xce, 0xe7, 0xde, 0xa0, 0xa0, 0xbc, 0xc8, 0xa5, 0xa0, 0xa5, 0xbe, 0xc7, 0xc1, 0xc1, 0xe5, 0xca, 0xcb, 0xcb, 0xca, 0xca, 0xcb, 0xca, 0xe6, 0xc4, 0xc3, 0xc4, 0xc4, 0xc4, 0xc4, 0xc7, 0xc8, 0xca, 0xc8, 0xc7, 0xc7, 0xbc, 0xbd, 0xbd, 0xb7, 0xb6, 0xb6, 0xaf, 0xad, 0x7d, 0x70, 0x77, 0x7e, 0x65, 0x5f, 0x7e, 0x8e, 0xca, 0xcd, 0xc8, 0xca, 0xc6, 0x8f, 0x8b, 0x8a, 0x7e, 0x7a, 0x88, 0x7a, 0x3f, 0x8c, 0xcf, 0xcf, 0xcf, 0xce, 0x92, 0xde, 0xde, 0xbc, 0xe1, 0xe5, 0xe6, 0xd7, 0x9c, 0x5a, 0x75, 0xc9, 0xce, 0xcf, 0xce, 0xce, 0xc6, 0x86, 0x7d, 0x80, 0x80, 0x85, 0x86, 0x8b, 0x8b, 0x86, 0x80, 0x86, 0xc3, 0x92, 0x8b, 0x83, 0xb9, 0x83, 0x7e, 0xac, 0x76, 0xa6, 0xc6, 0xcd, 0xcc, 0xcd, 0xc9, 0xc8, 0xc6, 0x7c, 0x7d, 0x80, 0x86, 0x8b, 0x8b, 0x80, 0x83, 0xb3, 0x80, 0x7c, 0x80, 0xb9, 0xc3, 0xc8, 0xca, 0xc8, 0xca, 0xe7, 0xce, 0xce, 0xce, 0xcf, 0xcf, 0xcf, 0xcf, 0xcf, 0xce, 0xca, 0xc4, 0xc3, 0xc2, 0xce, 0xce, 0xce, 0xb8, 0x83, 0xb9, 0xb8, 0xb8, 0xba, 0x89, 0x89, 0xba, 0x89, 0x89, 0xbc, 0xbe, 0xc4, 0xc1, 0xc4, 0xc4, 0xbd, 0xc1, 0xc7, 0xc4, 0xc7, 0xc7, 0xc4, 0xc4, 0xe5, 0xe5, 0xc8, 0xc5, 0xcd, 0xce, 0xce, 0xce, 0xcb, 0xe6, 0xc7, 0xc7, 0xc7, 0xc7, 0xbd, 0xbd, 0xc4, 0xc7, 0xce, 0xce, 0xcf, 0xcf, 0xcf, 0xcf, 0xcf, 0xce, 0xcd, 0xce, 0xcd, 0xce, 0xc8, 0xbc, 0xc1, 0xbc, 0xc8, 0xce, 0xce, 0xcf, 0xcf, 0xcf, 0xcf, 0xcf, 0xfa, 0xcf, 0xcf, 0xcf, 0xcf, 0xcf, 0xcf, 0xcf, 0xcf, 0xcf, 0xcf, 0xce, 0xcf, 0xce, 0xce, 0xcd, 0xca, 0xe5, 0xe5, 0xe5, 0xe5, 0xe6, 0xe6, 0xe6, 0xca, 0xc9, 0xcb, 0xcd, 0xce, 0xcf, 0xce, 0xcf, 0xcf, 0xcf, 0xcf, 0xcf, 
  0xcf, 0xcf, 0xcf, 0xcf, 0xcf, 0xcf, 0xcf, 0xcf, 0xcf, 0xcf, 0xcf, 0xcf, 0xcf, 0xcf, 0xcf, 0xcf, 0xcf, 0xcf, 0xcf, 0xfa, 0xcf, 0xcf, 0xcf, 0xce, 0xcd, 0xc6, 0xe6, 0xc8, 0xe5, 0xe6, 0xe6, 0xe6, 0xce, 0xcf, 0xce, 0xe7, 0xc8, 0xcd, 0xce, 0xe7, 0xce, 0xcf, 0xcf, 0xcf, 0xcf, 0xcf, 0xce, 0xce, 0xca, 0xde, 0xbc, 0xe2, 0xdb, 0xd9, 0xe7, 0xce, 0xce, 0xce, 0xcd, 0xce, 0xeb, 0xe4, 0xba, 0xbc, 0xde, 0xba, 0xcb, 0xce, 0xcf, 0xce, 0xcd, 0xc2, 0xd7, 0xa0, 0xde, 0xc8, 0xbc, 0xa5, 0x9f, 0xb8, 0xc1, 0xc4, 0xc4, 0xca, 0xcb, 0xcd, 0xe7, 0xcb, 0xcd, 0xce, 0xce, 0xe7, 0xe6, 0xe5, 0xc1, 0xbf, 0xc1, 0xc1, 0xc4, 0xc8, 0xcb, 0xcd, 0xce, 0xc8, 0x83, 0xbe, 0xc8, 0xc4, 0xc2, 0xc3, 0xb8, 0x83, 0x80, 0x77, 0x79, 0x77, 0x5a, 0x7e, 0xcb, 0xcd, 0xce, 0xce, 0xe7, 0xcb, 0xcd, 0xcd, 0x8f, 0x8f, 0x92, 0x8a, 0x82, 0x7e, 0x90, 0xcf, 0xce, 0xce, 0xc2, 0xb8, 0xde, 0xbc, 0xe4, 0xc7, 0xde, 0x9e, 0x9c, 0x75, 0xc5, 0xce, 0xcd, 0xcb, 0xca, 0xc3, 0x8f, 0x86, 0x7c, 0x86, 0x80, 0x86, 0x80, 0x86, 0xb9, 0x86, 0xb3, 0xb9, 0xc3, 0xca, 0xca, 0xc3, 0xb8, 0x8f, 0x8f, 0x8b, 0x76, 0x78, 0x83, 0xca, 0xcb, 0xcd, 0xcd, 0xc8, 0xcd, 0x86, 0x64, 0x6a, 0x74, 0x77, 0x78, 0x7d, 0x80, 0xb3, 0xbe, 0xbe, 0xbe, 0xb3, 0xb2, 0xb3, 0xb9, 0xbe, 0xc8, 0xc8, 0xca, 0xe7, 0xc6, 0x92, 0xc8, 0xce, 0xcf, 0xcf, 0xcf, 0xcf, 0xc2, 0xe7, 0xcd, 0xc0, 0xcb, 0xcd, 0x8e, 0xa6, 0xb8, 0xb8, 0xc6, 0xc9, 0xc8, 0x94, 0xcb, 0x94, 0xc0, 0xba, 0x89, 0xdb, 0xbc, 0xc4, 0xc7, 0xc4, 0xc1, 0xc1, 0xc7, 0xe5, 0xa7, 0xa7, 0xb6, 0xc1, 0xc7, 0xc7, 0xc8, 0xc7, 0xe6, 0xc8, 0xcd, 0xcd, 0xcd, 0xe5, 0xc8, 0xc8, 0xc7, 0xc7, 0xc4, 0xc1, 0xc1, 0xe5, 0xcb, 0xce, 0xcf, 0xfa, 0xcf, 0xcf, 0xcf, 0xcf, 0xcf, 0xcf, 0xcf, 0xce, 0xce, 0xe7, 0xbe, 0xc4, 0xc2, 0xcd, 0xcf, 0xcf, 0xcf, 0xcf, 0xcf, 0xcf, 0xcf, 0xcf, 0xcf, 0xcf, 0xcf, 0xcf, 0xfa, 0xcf, 0xfa, 0xcf, 0xcf, 0xcf, 0xcf, 0xcf, 0xcf, 0xce, 0xcf, 0xce, 0xce, 0xcb, 0xca, 0xe6, 0xe6, 0xc5, 0xc8, 0xca, 0xca, 0xca, 0xe7, 0xe7, 0xcd, 0xce, 0xcf, 0xcf, 0xcf, 0xcf, 
  0xcf, 0xcf, 0xcf, 0xcf, 0xcf, 0xcf, 0xcf, 0xcf, 0xcf, 0xcf, 0xcf, 0xcf, 0xcf, 0xcf, 0xcf, 0xcf, 0xcf, 0xcf, 0xcf, 0xcf, 0xcf, 0xcf, 0xcf, 0xcf, 0xce, 0xce, 0xc8, 0xc8, 0xca, 0xc8, 0xe4, 0xe4, 0xce, 0xce, 0xcd, 0xcd, 0xeb, 0xc5, 0xcb, 0x94, 0xe7, 0xce, 0xcf, 0xcf, 0xfa, 0xcf, 0xcf, 0xce, 0xce, 0xe6, 0xe4, 0xe4, 0xe1, 0xdb, 0xba, 0xeb, 0xce, 0xc9, 0xc9, 0xeb, 0xcb, 0xe7, 0xcb, 0xe6, 0xe6, 0xe4, 0xc6, 0xce, 0xce, 0xcf, 0xcd, 0xcd, 0xca, 0xd7, 0xa0, 0xd7, 0x8f, 0xc7, 0xab, 0xab, 0xb2, 0xbc, 0xe5, 0xc7, 0xcd, 0xce, 0xcb, 0xc9, 0xcd, 0xce, 0xcf, 0xce, 0xcd, 0xc8, 0xc1, 0xbd, 0xbd, 0xbd, 0xc1, 0xc1, 0xc8, 0xcb, 0xce, 0xce, 0xc6, 0xb0, 0xb8, 0xca, 0xcd, 0xcd, 0xca, 0xc6, 0x86, 0x79, 0x7d, 0x7e, 0x73, 0x83, 0xc6, 0xe7, 0xce, 0xce, 0xcf, 0xcd, 0xcc, 0xe7, 0xcb, 0xca, 0x85, 0x7e, 0x7e, 0x88, 0xfa, 0xce, 0xce, 0xb0, 0xb8, 0xde, 0xc1, 0xc7, 0xc4, 0xa0, 0x99, 0x9e, 0x89, 0xce, 0xce, 0xce, 0xc6, 0xc3, 0x89, 0xb9, 0xb3, 0x86, 0x80, 0x7d, 0x80, 0x8b, 0xb9, 0xb3, 0x86, 0x86, 0xb3, 0xc3, 0xc8, 0xc3, 0xbe, 0x86, 0xb2, 0x86, 0xa6, 0x61, 0x80, 0x7e, 0x78, 0xc6, 0xcd, 0xcd, 0xcb, 0xc6, 0xcd, 0x7c, 0x5b, 0x64, 0x80, 0x8f, 0x8b, 0x86, 0x78, 0xa1, 0xa7, 0xa7, 0xaf, 0xb6, 0xb9, 0xc1, 0xc3, 0xbd, 0x8b, 0xbc, 0x8b, 0xb2, 0xac, 0xb2, 0x8f, 0xe6, 0xcb, 0xce, 0xce, 0xce, 0xcb, 0x8f, 0xba, 0xc6, 0xce, 0x89, 0xa5, 0x89, 0xcc, 0xc8, 0xce, 0xcd, 0xce, 0xce, 0xce, 0xce, 0xce, 0xcd, 0xcd, 0xc8, 0xc3, 0xca, 0xc8, 0xc4, 0xc4, 0xc4, 0xc1, 0xc7, 0xbe, 0xab, 0x9f, 0x9f, 0xa6, 0xab, 0xb8, 0xc1, 0xc8, 0xc7, 0xc3, 0xc8, 0xcb, 0xc3, 0xc7, 0xc7, 0xca, 0xc4, 0xc1, 0xc7, 0xbc, 0xc4, 0xc9, 0xce, 0xcf, 0xcf, 0xcf, 0xfa, 0xcf, 0xfa, 0xcf, 0xcf, 0xcf, 0xcf, 0xcf, 0xce, 0xca, 0xc2, 0xe5, 0xe7, 0xce, 0xcf, 0xcf, 0xcf, 0xcf, 0xcf, 0xcf, 0xcf, 0xcf, 0xcf, 0xcf, 0xcf, 0xcf, 0xfa, 0xfa, 0xcf, 0xcf, 0xcf, 0xcf, 0xcf, 0xcf, 0xcf, 0x07, 0xcf, 0xcf, 0xce, 0xce, 0xcd, 0xcd, 0xca, 0xc9, 0xc8, 0xe7, 0xca, 0xcb, 0xca, 0xcb, 0xe7, 0xcd, 0xcf, 0xcf, 0xcf, 
  0xce, 0xcf, 0xcf, 0xcf, 0xcf, 0x07, 0xcf, 0xfa, 0xcf, 0xcf, 0xcf, 0xcf, 0xcf, 0xcf, 0xcf, 0xcf, 0xcf, 0xcf, 0xcf, 0xcf, 0xcf, 0xcf, 0xcf, 0xcf, 0xcf, 0xce, 0xca, 0xca, 0xca, 0xe6, 0xe4, 0xe4, 0xe7, 0xce, 0xcf, 0xcf, 0xce, 0xc9, 0xc5, 0xcb, 0xc9, 0xce, 0xcf, 0xcf, 0xcf, 0xfa, 0xfa, 0xcf, 0xce, 0xce, 0xcb, 0xe6, 0xbc, 0xe1, 0xe2, 0xde, 0xc8, 0xce, 0xe7, 0xc5, 0xe9, 0xe4, 0xe4, 0xc8, 0xc8, 0xc2, 0xd7, 0xb8, 0xce, 0xce, 0xcb, 0xcb, 0xce, 0xce, 0xc2, 0xb0, 0xa0, 0xb0, 0xb8, 0xa6, 0xab, 0xbe, 0xe5, 0xca, 0xcb, 0xce, 0xce, 0xe7, 0xc9, 0xcb, 0xce, 0xcf, 0xce, 0xce, 0xc8, 0xe5, 0xbd, 0xbd, 0xbb, 0xbd, 0xc1, 0xc7, 0xca, 0xce, 0xce, 0xcb, 0xc0, 0x7e, 0x76, 0x85, 0x8e, 0x94, 0x8f, 0x7e, 0x85, 0x79, 0x7e, 0x8b, 0xc8, 0xca, 0xcc, 0xce, 0xce, 0xcd, 0xc9, 0xe7, 0xcd, 0xb0, 0xa6, 0x89, 0xcc, 0xce, 0xcf, 0xce, 0xc0, 0xde, 0xbc, 0xc4, 0xe6, 0x83, 0x9c, 0x5a, 0xa5, 0xc5, 0xce, 0xce, 0xcb, 0x8f, 0xb2, 0x86, 0xb3, 0x80, 0x78, 0x7d, 0x86, 0x80, 0xb3, 0x86, 0xb9, 0xb9, 0x86, 0xb3, 0xb9, 0xc4, 0xbe, 0x8b, 0x80, 0x80, 0x7c, 0x74, 0x7c, 0x77, 0x73, 0x78, 0x80, 0xc6, 0xcd, 0xcd, 0xcb, 0xc8, 0xcb, 0x7c, 0x5b, 0x68, 0x8a, 0xcd, 0xce, 0xcb, 0xc8, 0xbe, 0xb3, 0xad, 0xa7, 0xa2, 0xa9, 0xa7, 0xa9, 0x80, 0xaf, 0x86, 0xad, 0xac, 0xac, 0xaf, 0xb2, 0xbe, 0xc7, 0xca, 0xce, 0xcb, 0xc0, 0xb8, 0xc6, 0xce, 0xba, 0x89, 0xce, 0xce, 0xce, 0xcb, 0xcb, 0xcd, 0xc9, 0xce, 0xce, 0xce, 0xe7, 0xcd, 0xcd, 0xcd, 0xcb, 0xcd, 0xc8, 0xc4, 0xc4, 0xc4, 0xc1, 0xbc, 0xca, 0xcd, 0xca, 0xbc, 0xb0, 0xa6, 0xa6, 0x9f, 0xa7, 0xac, 0xb8, 0xc3, 0xc4, 0xbc, 0xc4, 0xc7, 0xc7, 0xc8, 0xc4, 0xc1, 0xc7, 0xc2, 0xc8, 0xce, 0xcf, 0xcf, 0xcf, 0xcf, 0xfa, 0xcf, 0xcf, 0xcf, 0xcf, 0xcf, 0xcf, 0xcf, 0xce, 0xca, 0xc2, 0xc7, 0xce, 0xcf, 0xcf, 0xcf, 0xcf, 0xcf, 0xcf, 0xcf, 0xcf, 0xcf, 0xcf, 0xcf, 0xcf, 0xfa, 0xcf, 0xfa, 0xcf, 0xcf, 0xcf, 0xcf, 0xcf, 0xcf, 0xcf, 0xcf, 0xcf, 0xcf, 0xcf, 0xcf, 0xcf, 0xce, 0xce, 0xce, 0xcb, 0xc9, 0xe7, 0xcb, 0xcb, 0xcb, 0xe7, 0xe7, 0xcc, 0xcd, 
  0xce, 0xce, 0xcf, 0xcf, 0xcf, 0xcf, 0xfa, 0xcf, 0xfa, 0xcf, 0xcf, 0xcf, 0xcf, 0xcf, 0xcf, 0xcf, 0xcf, 0xcf, 0xcf, 0xcf, 0xcf, 0xfa, 0xcf, 0xcf, 0xcf, 0xcd, 0xc6, 0xe6, 0xc8, 0xc8, 0xe5, 0xe4, 0xc5, 0xcf, 0xcf, 0xcf, 0xce, 0xce, 0xca, 0xc8, 0xcb, 0xcc, 0xcf, 0xcf, 0xcf, 0xfa, 0xcf, 0xfa, 0xcf, 0xcf, 0xce, 0xe7, 0xe5, 0xe3, 0xe5, 0xe1, 0xde, 0xca, 0xce, 0xcd, 0xe7, 0xe5, 0xe4, 0xe4, 0xe6, 0xe6, 0xbc, 0xb0, 0xba, 0xcd, 0xcd, 0xcd, 0xce, 0xcc, 0xce, 0xcb, 0xc3, 0xa0, 0xab, 0xc3, 0xab, 0xa0, 0xb2, 0xe5, 0xcd, 0xce, 0xce, 0xcb, 0xc8, 0xe7, 0xcc, 0xcf, 0xcf, 0xce, 0xcd, 0xc8, 0xc4, 0xbf, 0xbf, 0xbb, 0xbf, 0xe3, 0xc6, 0xe7, 0xce, 0xce, 0xce, 0xc6, 0x81, 0x71, 0x76, 0x7e, 0x8a, 0x85, 0x79, 0x77, 0x7d, 0x83, 0xc3, 0xca, 0xcd, 0xce, 0xcf, 0xce, 0xce, 0xce, 0xe7, 0xc6, 0xc8, 0x92, 0x92, 0xcf, 0xce, 0x8c, 0xb0, 0xb9, 0xe5, 0xb2, 0xd1, 0x99, 0x9f, 0xc0, 0xcd, 0xce, 0xce, 0xc9, 0xc0, 0x8b, 0xb3, 0xb3, 0x80, 0xa9, 0x7d, 0x80, 0x86, 0x80, 0x8b, 0xb3, 0x8b, 0xb3, 0x86, 0xbe, 0x8f, 0xb8, 0x78, 0xa1, 0x74, 0x80, 0x8f, 0xbe, 0x8b, 0x7d, 0x7d, 0x77, 0xac, 0xc4, 0xce, 0xce, 0xca, 0xe6, 0xc6, 0x77, 0x73, 0x73, 0x92, 0xce, 0xcf, 0xce, 0xcb, 0xc8, 0xc4, 0xbd, 0xbd, 0xbd, 0xb6, 0xb3, 0xb3, 0x80, 0xb3, 0xb3, 0xbe, 0xc4, 0xc1, 0xbd, 0xb6, 0xc1, 0xc1, 0xe5, 0xc8, 0xe7, 0xc7, 0xc3, 0xcd, 0xce, 0x8f, 0xcb, 0xcf, 0xcf, 0xce, 0xcc, 0xe7, 0xc9, 0xca, 0xce, 0xce, 0xe7, 0xc6, 0xc5, 0xc6, 0xc5, 0xe7, 0xcb, 0xe6, 0xc7, 0xc4, 0xc4, 0xc7, 0xe5, 0xc8, 0xcd, 0xcd, 0xce, 0xcd, 0xe7, 0xc4, 0xb8, 0xac, 0xa7, 0x78, 0xa7, 0xa6, 0xa7, 0xbc, 0xc7, 0xc7, 0xc7, 0xc7, 0xc1, 0xe5, 0xca, 0xc8, 0xce, 0xcf, 0xcf, 0xcf, 0xcf, 0xfa, 0xcf, 0xcf, 0xcf, 0xcf, 0xcf, 0xfa, 0xfa, 0xce, 0xce, 0xe5, 0xe5, 0xce, 0xcf, 0xfa, 0xfa, 0xcf, 0xcf, 0xcf, 0xcf, 0xcf, 0xcf, 0xcf, 0xcf, 0xcf, 0x07, 0xfa, 0xcf, 0xcf, 0xcf, 0xcf, 0xcf, 0xcf, 0xcf, 0xcf, 0x07, 0xcf, 0xcf, 0xcf, 0xcf, 0xcf, 0xcf, 0xcf, 0xcf, 0xce, 0xce, 0xcd, 0xcd, 0xcd, 0xcd, 0xcd, 0xcb, 0xe7, 0xcb, 
};

const lv_img_dsc_t bild_3 = {
  .header.cf = LV_IMG_CF_INDEXED_8BIT,
  .header.always_zero = 0,
  .header.reserved = 0,
  .header.w = 320,
  .header.h = 172,
  .data_size = 56064,
  .data = bild_3_map,
};
