#ifdef __has_include
    #if __has_include("lvgl.h")
        #ifndef LV_LVGL_H_INCLUDE_SIMPLE
            #define LV_LVGL_H_INCLUDE_SIMPLE
        #endif
    #endif
#endif

#if defined(LV_LVGL_H_INCLUDE_SIMPLE)
    #include "lvgl.h"
#else
    #include "lvgl/lvgl.h"
#endif


#ifndef LV_ATTRIBUTE_MEM_ALIGN
#define LV_ATTRIBUTE_MEM_ALIGN
#endif

#ifndef LV_ATTRIBUTE_IMG_BILD_2
#define LV_ATTRIBUTE_IMG_BILD_2
#endif

const LV_ATTRIBUTE_MEM_ALIGN LV_ATTRIBUTE_LARGE_CONST LV_ATTRIBUTE_IMG_BILD_2 uint8_t bild_2_map[] = {
  0x15, 0x15, 0x18, 0xff, 	/*Color of index 0*/
  0x02, 0x03, 0x0a, 0xff, 	/*Color of index 1*/
  0x3a, 0x64, 0x6d, 0xff, 	/*Color of index 2*/
  0x2f, 0x47, 0x4b, 0xff, 	/*Color of index 3*/
  0x16, 0x2b, 0x33, 0xff, 	/*Color of index 4*/
  0x20, 0x26, 0x27, 0xff, 	/*Color of index 5*/
  0x12, 0x1b, 0x21, 0xff, 	/*Color of index 6*/
  0x0c, 0x17, 0x19, 0xff, 	/*Color of index 7*/
  0x0b, 0x0e, 0x10, 0xff, 	/*Color of index 8*/
  0x02, 0x0a, 0x0f, 0xff, 	/*Color of index 9*/
  0xb1, 0xd4, 0xd4, 0xff, 	/*Color of index 10*/
  0xa4, 0xc6, 0xc1, 0xff, 	/*Color of index 11*/
  0xa4, 0xbd, 0xb7, 0xff, 	/*Color of index 12*/
  0x9a, 0xb7, 0xb4, 0xff, 	/*Color of index 13*/
  0x9d, 0xb3, 0xaa, 0xff, 	/*Color of index 14*/
  0x7b, 0xb5, 0xa8, 0xff, 	/*Color of index 15*/
  0x99, 0xad, 0xa5, 0xff, 	/*Color of index 16*/
  0x90, 0xa9, 0xa1, 0xff, 	/*Color of index 17*/
  0x70, 0xa6, 0xa7, 0xff, 	/*Color of index 18*/
  0x80, 0xa7, 0x9c, 0xff, 	/*Color of index 19*/
  0x92, 0xa3, 0x9e, 0xff, 	/*Color of index 20*/
  0x8a, 0xa0, 0x9b, 0xff, 	/*Color of index 21*/
  0x6d, 0xa1, 0x8e, 0xff, 	/*Color of index 22*/
  0x81, 0x99, 0x99, 0xff, 	/*Color of index 23*/
  0x83, 0x98, 0x8e, 0xff, 	/*Color of index 24*/
  0x83, 0x94, 0x91, 0xff, 	/*Color of index 25*/
  0x7b, 0x92, 0x8a, 0xff, 	/*Color of index 26*/
  0x62, 0x94, 0x85, 0xff, 	/*Color of index 27*/
  0x6f, 0x92, 0x84, 0xff, 	/*Color of index 28*/
  0x7c, 0x8c, 0x85, 0xff, 	/*Color of index 29*/
  0x5f, 0x8f, 0x7b, 0xff, 	/*Color of index 30*/
  0x73, 0x8a, 0x85, 0xff, 	/*Color of index 31*/
  0x6b, 0x87, 0x82, 0xff, 	/*Color of index 32*/
  0x53, 0x87, 0x7f, 0xff, 	/*Color of index 33*/
  0x74, 0x83, 0x81, 0xff, 	/*Color of index 34*/
  0x6f, 0x82, 0x7a, 0xff, 	/*Color of index 35*/
  0x66, 0x7f, 0x75, 0xff, 	/*Color of index 36*/
  0x52, 0x81, 0x73, 0xff, 	/*Color of index 37*/
  0x5b, 0x7c, 0x74, 0xff, 	/*Color of index 38*/
  0x6a, 0x7a, 0x75, 0xff, 	/*Color of index 39*/
  0x3a, 0x82, 0x67, 0xff, 	/*Color of index 40*/
  0x62, 0x74, 0x72, 0xff, 	/*Color of index 41*/
  0x57, 0x73, 0x6c, 0xff, 	/*Color of index 42*/
  0x63, 0x6f, 0x6a, 0xff, 	/*Color of index 43*/
  0x4a, 0x6e, 0x66, 0xff, 	/*Color of index 44*/
  0x5b, 0x6b, 0x64, 0xff, 	/*Color of index 45*/
  0x54, 0x67, 0x62, 0xff, 	/*Color of index 46*/
  0x5a, 0x64, 0x62, 0xff, 	/*Color of index 47*/
  0x1f, 0x6d, 0x57, 0xff, 	/*Color of index 48*/
  0x47, 0x60, 0x62, 0xff, 	/*Color of index 49*/
  0x43, 0x63, 0x54, 0xff, 	/*Color of index 50*/
  0x55, 0x5d, 0x5a, 0xff, 	/*Color of index 51*/
  0x4b, 0x5c, 0x58, 0xff, 	/*Color of index 52*/
  0x42, 0x5b, 0x52, 0xff, 	/*Color of index 53*/
  0x35, 0x57, 0x56, 0xff, 	/*Color of index 54*/
  0x4b, 0x54, 0x51, 0xff, 	/*Color of index 55*/
  0x43, 0x54, 0x51, 0xff, 	/*Color of index 56*/
  0x28, 0x59, 0x49, 0xff, 	/*Color of index 57*/
  0x42, 0x4c, 0x49, 0xff, 	/*Color of index 58*/
  0x3b, 0x4b, 0x49, 0xff, 	/*Color of index 59*/
  0x33, 0x4b, 0x43, 0xff, 	/*Color of index 60*/
  0x21, 0x4e, 0x39, 0xff, 	/*Color of index 61*/
  0x3b, 0x44, 0x40, 0xff, 	/*Color of index 62*/
  0x34, 0x44, 0x40, 0xff, 	/*Color of index 63*/
  0x27, 0x42, 0x3d, 0xff, 	/*Color of index 64*/
  0x17, 0x46, 0x34, 0xff, 	/*Color of index 65*/
  0x32, 0x3c, 0x39, 0xff, 	/*Color of index 66*/
  0x23, 0x3c, 0x34, 0xff, 	/*Color of index 67*/
  0x2c, 0x39, 0x39, 0xff, 	/*Color of index 68*/
  0x1c, 0x37, 0x35, 0xff, 	/*Color of index 69*/
  0x2b, 0x34, 0x31, 0xff, 	/*Color of index 70*/
  0x11, 0x37, 0x2a, 0xff, 	/*Color of index 71*/
  0x1d, 0x35, 0x2a, 0xff, 	/*Color of index 72*/
  0x24, 0x31, 0x31, 0xff, 	/*Color of index 73*/
  0x24, 0x2c, 0x29, 0xff, 	/*Color of index 74*/
  0x1d, 0x2a, 0x2a, 0xff, 	/*Color of index 75*/
  0x12, 0x2c, 0x21, 0xff, 	/*Color of index 76*/
  0x1c, 0x24, 0x21, 0xff, 	/*Color of index 77*/
  0x16, 0x22, 0x20, 0xff, 	/*Color of index 78*/
  0x0d, 0x24, 0x1a, 0xff, 	/*Color of index 79*/
  0x1a, 0x1f, 0x1f, 0xff, 	/*Color of index 80*/
  0x13, 0x1c, 0x18, 0xff, 	/*Color of index 81*/
  0x06, 0x1a, 0x11, 0xff, 	/*Color of index 82*/
  0x06, 0x12, 0x12, 0xff, 	/*Color of index 83*/
  0x00, 0x01, 0x01, 0xff, 	/*Color of index 84*/
  0x92, 0xa5, 0x95, 0xff, 	/*Color of index 85*/
  0x83, 0xa3, 0x90, 0xff, 	/*Color of index 86*/
  0x8b, 0x9c, 0x91, 0xff, 	/*Color of index 87*/
  0x7c, 0x9c, 0x88, 0xff, 	/*Color of index 88*/
  0x6a, 0x9c, 0x80, 0xff, 	/*Color of index 89*/
  0x83, 0x92, 0x8a, 0xff, 	/*Color of index 90*/
  0x80, 0x91, 0x82, 0xff, 	/*Color of index 91*/
  0x71, 0x8d, 0x7c, 0xff, 	/*Color of index 92*/
  0x5e, 0x8f, 0x6f, 0xff, 	/*Color of index 93*/
  0x78, 0x87, 0x7a, 0xff, 	/*Color of index 94*/
  0x6a, 0x89, 0x74, 0xff, 	/*Color of index 95*/
  0x50, 0x8b, 0x6a, 0xff, 	/*Color of index 96*/
  0x6f, 0x82, 0x73, 0xff, 	/*Color of index 97*/
  0x60, 0x83, 0x69, 0xff, 	/*Color of index 98*/
  0x72, 0x7d, 0x75, 0xff, 	/*Color of index 99*/
  0x5d, 0x7d, 0x66, 0xff, 	/*Color of index 100*/
  0x50, 0x7d, 0x65, 0xff, 	/*Color of index 101*/
  0x61, 0x79, 0x68, 0xff, 	/*Color of index 102*/
  0x4d, 0x7f, 0x5a, 0xff, 	/*Color of index 103*/
  0x6a, 0x74, 0x6c, 0xff, 	/*Color of index 104*/
  0x5a, 0x75, 0x5c, 0xff, 	/*Color of index 105*/
  0x58, 0x72, 0x62, 0xff, 	/*Color of index 106*/
  0x4f, 0x75, 0x5a, 0xff, 	/*Color of index 107*/
  0x63, 0x6c, 0x63, 0xff, 	/*Color of index 108*/
  0x4a, 0x71, 0x58, 0xff, 	/*Color of index 109*/
  0x5b, 0x6b, 0x5b, 0xff, 	/*Color of index 110*/
  0x54, 0x6b, 0x5b, 0xff, 	/*Color of index 111*/
  0x3a, 0x70, 0x52, 0xff, 	/*Color of index 112*/
  0x49, 0x6b, 0x5a, 0xff, 	/*Color of index 113*/
  0x52, 0x69, 0x51, 0xff, 	/*Color of index 114*/
  0x47, 0x69, 0x51, 0xff, 	/*Color of index 115*/
  0x59, 0x64, 0x5a, 0xff, 	/*Color of index 116*/
  0x52, 0x62, 0x5a, 0xff, 	/*Color of index 117*/
  0x4c, 0x62, 0x55, 0xff, 	/*Color of index 118*/
  0x53, 0x62, 0x52, 0xff, 	/*Color of index 119*/
  0x47, 0x62, 0x4b, 0xff, 	/*Color of index 120*/
  0x3a, 0x62, 0x4e, 0xff, 	/*Color of index 121*/
  0x52, 0x5a, 0x53, 0xff, 	/*Color of index 122*/
  0x4b, 0x5b, 0x51, 0xff, 	/*Color of index 123*/
  0x36, 0x5e, 0x42, 0xff, 	/*Color of index 124*/
  0x42, 0x5c, 0x43, 0xff, 	/*Color of index 125*/
  0x4b, 0x59, 0x4a, 0xff, 	/*Color of index 126*/
  0x50, 0x56, 0x51, 0xff, 	/*Color of index 127*/
  0x43, 0x59, 0x4a, 0xff, 	/*Color of index 128*/
  0x3d, 0x56, 0x48, 0xff, 	/*Color of index 129*/
  0x43, 0x52, 0x4a, 0xff, 	/*Color of index 130*/
  0x3d, 0x54, 0x3c, 0xff, 	/*Color of index 131*/
  0x42, 0x51, 0x43, 0xff, 	/*Color of index 132*/
  0x48, 0x4e, 0x49, 0xff, 	/*Color of index 133*/
  0x32, 0x55, 0x38, 0xff, 	/*Color of index 134*/
  0x39, 0x51, 0x43, 0xff, 	/*Color of index 135*/
  0x2e, 0x4e, 0x3d, 0xff, 	/*Color of index 136*/
  0x3c, 0x4b, 0x41, 0xff, 	/*Color of index 137*/
  0x3b, 0x49, 0x3a, 0xff, 	/*Color of index 138*/
  0x41, 0x46, 0x41, 0xff, 	/*Color of index 139*/
  0x33, 0x49, 0x3a, 0xff, 	/*Color of index 140*/
  0x33, 0x4b, 0x32, 0xff, 	/*Color of index 141*/
  0x28, 0x4c, 0x2b, 0xff, 	/*Color of index 142*/
  0x29, 0x48, 0x34, 0xff, 	/*Color of index 143*/
  0x34, 0x42, 0x3a, 0xff, 	/*Color of index 144*/
  0x33, 0x41, 0x34, 0xff, 	/*Color of index 145*/
  0x38, 0x3e, 0x38, 0xff, 	/*Color of index 146*/
  0x2a, 0x41, 0x32, 0xff, 	/*Color of index 147*/
  0x26, 0x41, 0x2c, 0xff, 	/*Color of index 148*/
  0x17, 0x42, 0x29, 0xff, 	/*Color of index 149*/
  0x2d, 0x39, 0x31, 0xff, 	/*Color of index 150*/
  0x2c, 0x39, 0x2b, 0xff, 	/*Color of index 151*/
  0x23, 0x3a, 0x2a, 0xff, 	/*Color of index 152*/
  0x30, 0x36, 0x30, 0xff, 	/*Color of index 153*/
  0x21, 0x38, 0x23, 0xff, 	/*Color of index 154*/
  0x2b, 0x32, 0x2b, 0xff, 	/*Color of index 155*/
  0x25, 0x31, 0x29, 0xff, 	/*Color of index 156*/
  0x1c, 0x33, 0x21, 0xff, 	/*Color of index 157*/
  0x11, 0x33, 0x20, 0xff, 	/*Color of index 158*/
  0x22, 0x30, 0x23, 0xff, 	/*Color of index 159*/
  0x1e, 0x29, 0x21, 0xff, 	/*Color of index 160*/
  0x13, 0x2b, 0x16, 0xff, 	/*Color of index 161*/
  0x12, 0x29, 0x1a, 0xff, 	/*Color of index 162*/
  0x1b, 0x27, 0x1c, 0xff, 	/*Color of index 163*/
  0x1b, 0x21, 0x1b, 0xff, 	/*Color of index 164*/
  0x15, 0x21, 0x19, 0xff, 	/*Color of index 165*/
  0x0c, 0x21, 0x13, 0xff, 	/*Color of index 166*/
  0x14, 0x1f, 0x13, 0xff, 	/*Color of index 167*/
  0x0d, 0x1a, 0x11, 0xff, 	/*Color of index 168*/
  0x0a, 0x17, 0x0c, 0xff, 	/*Color of index 169*/
  0x0c, 0x14, 0x0f, 0xff, 	/*Color of index 170*/
  0x07, 0x10, 0x09, 0xff, 	/*Color of index 171*/
  0x06, 0x0a, 0x08, 0xff, 	/*Color of index 172*/
  0x04, 0x08, 0x04, 0xff, 	/*Color of index 173*/
  0x03, 0x05, 0x03, 0xff, 	/*Color of index 174*/
  0x7d, 0x93, 0x7a, 0xff, 	/*Color of index 175*/
  0x78, 0x86, 0x68, 0xff, 	/*Color of index 176*/
  0x6e, 0x82, 0x6b, 0xff, 	/*Color of index 177*/
  0x6c, 0x7a, 0x6a, 0xff, 	/*Color of index 178*/
  0x65, 0x73, 0x63, 0xff, 	/*Color of index 179*/
  0x64, 0x73, 0x59, 0xff, 	/*Color of index 180*/
  0x62, 0x69, 0x5b, 0xff, 	/*Color of index 181*/
  0x5b, 0x69, 0x54, 0xff, 	/*Color of index 182*/
  0x60, 0x64, 0x5a, 0xff, 	/*Color of index 183*/
  0x5b, 0x62, 0x54, 0xff, 	/*Color of index 184*/
  0x5c, 0x63, 0x4c, 0xff, 	/*Color of index 185*/
  0x52, 0x60, 0x4c, 0xff, 	/*Color of index 186*/
  0x58, 0x5d, 0x52, 0xff, 	/*Color of index 187*/
  0x53, 0x5d, 0x44, 0xff, 	/*Color of index 188*/
  0x51, 0x59, 0x4c, 0xff, 	/*Color of index 189*/
  0x4b, 0x59, 0x44, 0xff, 	/*Color of index 190*/
  0x50, 0x54, 0x4a, 0xff, 	/*Color of index 191*/
  0x4b, 0x52, 0x4a, 0xff, 	/*Color of index 192*/
  0x4a, 0x51, 0x45, 0xff, 	/*Color of index 193*/
  0x4a, 0x51, 0x3e, 0xff, 	/*Color of index 194*/
  0x40, 0x50, 0x3b, 0xff, 	/*Color of index 195*/
  0x48, 0x4c, 0x42, 0xff, 	/*Color of index 196*/
  0x43, 0x4a, 0x42, 0xff, 	/*Color of index 197*/
  0x42, 0x49, 0x3c, 0xff, 	/*Color of index 198*/
  0x42, 0x49, 0x34, 0xff, 	/*Color of index 199*/
  0x3a, 0x49, 0x34, 0xff, 	/*Color of index 200*/
  0x40, 0x44, 0x3a, 0xff, 	/*Color of index 201*/
  0x3b, 0x42, 0x3a, 0xff, 	/*Color of index 202*/
  0x3a, 0x41, 0x34, 0xff, 	/*Color of index 203*/
  0x32, 0x41, 0x2d, 0xff, 	/*Color of index 204*/
  0x37, 0x3c, 0x32, 0xff, 	/*Color of index 205*/
  0x33, 0x3b, 0x32, 0xff, 	/*Color of index 206*/
  0x27, 0x41, 0x21, 0xff, 	/*Color of index 207*/
  0x36, 0x3b, 0x2c, 0xff, 	/*Color of index 208*/
  0x32, 0x39, 0x2d, 0xff, 	/*Color of index 209*/
  0x32, 0x39, 0x25, 0xff, 	/*Color of index 210*/
  0x2a, 0x39, 0x24, 0xff, 	/*Color of index 211*/
  0x2f, 0x34, 0x2b, 0xff, 	/*Color of index 212*/
  0x2b, 0x31, 0x26, 0xff, 	/*Color of index 213*/
  0x29, 0x2e, 0x28, 0xff, 	/*Color of index 214*/
  0x2a, 0x31, 0x1b, 0xff, 	/*Color of index 215*/
  0x27, 0x2c, 0x24, 0xff, 	/*Color of index 216*/
  0x23, 0x2a, 0x22, 0xff, 	/*Color of index 217*/
  0x21, 0x28, 0x1e, 0xff, 	/*Color of index 218*/
  0x21, 0x25, 0x20, 0xff, 	/*Color of index 219*/
  0x1f, 0x23, 0x1c, 0xff, 	/*Color of index 220*/
  0x19, 0x22, 0x16, 0xff, 	/*Color of index 221*/
  0x1d, 0x1f, 0x1a, 0xff, 	/*Color of index 222*/
  0x19, 0x1d, 0x18, 0xff, 	/*Color of index 223*/
  0x18, 0x1b, 0x15, 0xff, 	/*Color of index 224*/
  0x14, 0x19, 0x12, 0xff, 	/*Color of index 225*/
  0x11, 0x18, 0x0e, 0xff, 	/*Color of index 226*/
  0x0a, 0x1b, 0x01, 0xff, 	/*Color of index 227*/
  0x12, 0x15, 0x10, 0xff, 	/*Color of index 228*/
  0x10, 0x13, 0x0d, 0xff, 	/*Color of index 229*/
  0x0c, 0x11, 0x0b, 0xff, 	/*Color of index 230*/
  0x0d, 0x0f, 0x0b, 0xff, 	/*Color of index 231*/
  0x09, 0x10, 0x05, 0xff, 	/*Color of index 232*/
  0x09, 0x0d, 0x08, 0xff, 	/*Color of index 233*/
  0x08, 0x0b, 0x05, 0xff, 	/*Color of index 234*/
  0x58, 0x5b, 0x4c, 0xff, 	/*Color of index 235*/
  0x50, 0x54, 0x43, 0xff, 	/*Color of index 236*/
  0x48, 0x4c, 0x3b, 0xff, 	/*Color of index 237*/
  0x40, 0x43, 0x34, 0xff, 	/*Color of index 238*/
  0x3d, 0x3e, 0x33, 0xff, 	/*Color of index 239*/
  0x3b, 0x40, 0x2b, 0xff, 	/*Color of index 240*/
  0x36, 0x37, 0x31, 0xff, 	/*Color of index 241*/
  0x34, 0x36, 0x2c, 0xff, 	/*Color of index 242*/
  0x30, 0x34, 0x24, 0xff, 	/*Color of index 243*/
  0x2d, 0x2d, 0x25, 0xff, 	/*Color of index 244*/
  0x28, 0x2a, 0x1e, 0xff, 	/*Color of index 245*/
  0x27, 0x26, 0x21, 0xff, 	/*Color of index 246*/
  0x25, 0x26, 0x1c, 0xff, 	/*Color of index 247*/
  0x22, 0x26, 0x14, 0xff, 	/*Color of index 248*/
  0x25, 0x25, 0x08, 0xff, 	/*Color of index 249*/
  0x1c, 0x1d, 0x13, 0xff, 	/*Color of index 250*/
  0x19, 0x1a, 0x08, 0xff, 	/*Color of index 251*/
  0x15, 0x16, 0x12, 0xff, 	/*Color of index 252*/
  0x14, 0x15, 0x0c, 0xff, 	/*Color of index 253*/
  0x12, 0x14, 0x05, 0xff, 	/*Color of index 254*/
  0x11, 0x0d, 0x02, 0xff, 	/*Color of index 255*/

  0xad, 0xa6, 0x9d, 0xdd, 0x54, 0x54, 0xad, 0x54, 0xad, 0xac, 0xae, 0xad, 0xac, 0xe9, 0xe9, 0xe9, 0xe9, 0xad, 0x54, 0x54, 0xae, 0x54, 0xae, 0x54, 0xae, 0x54, 0xae, 0xae, 0xae, 0xae, 0xae, 0xae, 0xae, 0xae, 0xae, 0xae, 0xae, 0xae, 0x54, 0x54, 0x54, 0x54, 0x54, 0x54, 0x54, 0xae, 0x54, 0x07, 0x91, 0xcd, 0x9b, 0xce, 0xce, 0xcd, 0xcd, 0xc9, 0xcb, 0x05, 0xa0, 0xe6, 0x54, 0x54, 0x54, 0x54, 0x54, 0x54, 0xae, 0xaa, 0xe0, 0xdf, 0xa4, 0xe4, 0x50, 0x4d, 0xd8, 0xf2, 0xd5, 0xd5, 0x97, 0xd5, 0xd4, 0x97, 0xf0, 0x97, 0xd0, 0x97, 0xce, 0xcc, 0x98, 0x9c, 0xcc, 0x88, 0x84, 0x88, 0x42, 0x86, 0x78, 0x88, 0x87, 0x8d, 0x94, 0x32, 0x3c, 0x54, 0x98, 0x9a, 0x48, 0x94, 0x43, 0x8f, 0x4c, 0x07, 0x93, 0x72, 0x66, 0xb1, 0xb2, 0xb2, 0x66, 0x69, 0xb6, 0xbc, 0xbc, 0xbc, 0xc2, 0xd2, 0xd7, 0xd2, 0xd7, 0xf8, 0xd7, 0xf8, 0xf9, 0xf8, 0xfb, 0xfb, 0xf9, 0xfe, 0xe8, 0xff, 0xea, 0xae, 0xad, 0xad, 0xad, 0xad, 0xad, 0xae, 0xe5, 0xa7, 0xa7, 0xa7, 0xe1, 0xa7, 0xa7, 0xa7, 0xa8, 0xe2, 0xad, 0xea, 0xa9, 0xe2, 0xa9, 0xe5, 0xde, 0xf1, 0xee, 0xc2, 0xc6, 0xc7, 0xee, 0xc2, 0xc2, 0xee, 0xee, 0xc4, 0xec, 0xed, 0xef, 0xf2, 0xd4, 0x9b, 0x92, 0x3e, 0x3e, 0xec, 0xc4, 0xc6, 0xbf, 0xbf, 0xc4, 0xbf, 0xc6, 0xeb, 0xbe, 0xfa, 0xad, 0xe6, 0xe1, 0x91, 0x93, 0xc4, 0x84, 0x93, 0xb2, 0x69, 0x35, 0x35, 0x4b, 0x54, 0xae, 0xb4, 0xb4, 0xb1, 0x6e, 0x69, 0x62, 0x8a, 0x3b, 0x6d, 0x71, 0x6b, 0x1e, 0x65, 0x25, 0x6b, 0x48, 0x6b, 0x1e, 0x5f, 0x93, 0x83, 0x78, 0x7d, 0x8a, 0xa7, 0xbe, 0x8d, 0xed, 0x76, 0xbe, 0x6e, 0xba, 0x6a, 0x7b, 0x6d, 0x75, 0x87, 0x04, 0x09, 0x05, 0x97, 0xd0, 0x96, 0xce, 0x97, 0xd4, 0xd4, 0x96, 0xcd, 0xcd, 0xca, 0xc5, 0xbc, 0xc9, 0xc5, 0xd1, 0xcd, 0xc7, 0xdc, 0x54, 0xe9, 0xab, 0xab, 0xab, 0xe6, 0xab, 0xe6, 0xe6, 0xab, 0xe7, 0xa7, 0xf3, 0xf3, 0x97, 0x97, 0xdf, 0x4f, 0xdd, 0xe1, 0xa6, 0xa8, 0xe6, 0xac, 0xa8, 0xa3, 0xdd, 0xe0, 0xa3, 0xdd, 0xe2, 0xdd, 0xa8, 0xa7, 0xa8, 0xae, 0xae, 0xae, 0xe1, 0xa7, 0xdc, 0xdd, 0xa7, 0xdd, 0xdd, 0xa3, 0xa7, 0xa3, 0xd9, 0xa3, 
  0xae, 0x54, 0xe5, 0x4c, 0xa3, 0xea, 0x54, 0xae, 0xae, 0xac, 0xae, 0xe9, 0xac, 0xab, 0xab, 0xe9, 0xae, 0x54, 0xae, 0xae, 0xae, 0xae, 0xae, 0xae, 0xae, 0xad, 0xae, 0xae, 0xae, 0xae, 0xae, 0xad, 0xad, 0xae, 0xae, 0xae, 0xae, 0xae, 0xae, 0xae, 0xae, 0x54, 0x54, 0x54, 0x54, 0x54, 0xae, 0x54, 0xd6, 0xcd, 0xce, 0xce, 0xce, 0xce, 0x90, 0xc6, 0xca, 0x89, 0x92, 0xa4, 0x50, 0x50, 0xac, 0xae, 0x54, 0x54, 0x54, 0xac, 0xe4, 0x51, 0xde, 0xdf, 0xa0, 0x05, 0xdc, 0xd4, 0x97, 0xd4, 0xd4, 0xd4, 0xd4, 0xcc, 0x8a, 0xcb, 0x97, 0xf3, 0x9f, 0xf6, 0xcc, 0x8c, 0x3f, 0x93, 0x8c, 0x78, 0x76, 0x81, 0x88, 0x78, 0x35, 0x39, 0x83, 0x48, 0x89, 0x4a, 0x4f, 0x9d, 0x98, 0x94, 0x8f, 0xa2, 0x44, 0x73, 0x64, 0xb1, 0x61, 0xb3, 0xb6, 0xbe, 0xc3, 0x94, 0xd9, 0xfa, 0x51, 0xac, 0x54, 0x54, 0x54, 0x54, 0x54, 0x54, 0x54, 0x54, 0x54, 0x54, 0x54, 0x54, 0x54, 0x54, 0xae, 0xae, 0xad, 0xad, 0xae, 0xad, 0xae, 0xad, 0xae, 0xe9, 0xa7, 0xa7, 0xa7, 0xe1, 0xa8, 0xdd, 0xa7, 0xfa, 0xa8, 0xe5, 0x54, 0xae, 0xe9, 0xe2, 0xe2, 0xea, 0xd1, 0xc0, 0xc4, 0x8a, 0xec, 0xc6, 0xee, 0xf0, 0xcd, 0xf0, 0xcd, 0xee, 0xc9, 0xc9, 0xc9, 0xcd, 0xd4, 0xdb, 0x42, 0x7e, 0xc0, 0xc1, 0xc1, 0xc1, 0xbb, 0xc3, 0xbf, 0xed, 0xed, 0xb9, 0xd0, 0x54, 0xa7, 0x54, 0x4d, 0x90, 0x84, 0xc8, 0x92, 0x3b, 0x66, 0xb4, 0x8c, 0x35, 0x3f, 0x54, 0x54, 0xb9, 0xb4, 0x64, 0x64, 0x72, 0x6e, 0x6b, 0x7d, 0x79, 0x79, 0x65, 0x65, 0x25, 0x62, 0x73, 0x79, 0x73, 0x60, 0x1e, 0x79, 0x3b, 0x81, 0x88, 0x8c, 0xe0, 0xd8, 0xc7, 0xcf, 0xbc, 0x87, 0x77, 0xba, 0x76, 0x74, 0x80, 0x6f, 0x76, 0x2c, 0x87, 0x40, 0x50, 0xa4, 0xf3, 0x97, 0xce, 0xce, 0xce, 0xce, 0xce, 0x91, 0xce, 0x96, 0xca, 0x89, 0x3f, 0xf2, 0x96, 0xf2, 0xf7, 0x54, 0xad, 0xad, 0xea, 0xab, 0xa9, 0xe6, 0xaa, 0xa9, 0xe6, 0xab, 0xea, 0xdd, 0x97, 0xd0, 0xd0, 0x97, 0xda, 0xa2, 0xa5, 0xe2, 0xa6, 0xa8, 0xe2, 0xab, 0xa7, 0xa2, 0xa5, 0xa7, 0xa5, 0xa8, 0xa8, 0xa7, 0xa7, 0xe1, 0xaa, 0xab, 0x54, 0xa7, 0xa7, 0xa7, 0xa7, 0x51, 0xdd, 0x51, 0xa5, 0xa6, 0xa3, 0x9f, 0xa3, 
  0x54, 0xac, 0x54, 0x54, 0xa7, 0x4f, 0xab, 0xae, 0xae, 0xad, 0xac, 0xac, 0xab, 0xe9, 0xac, 0x54, 0xae, 0xad, 0xac, 0xad, 0xad, 0xad, 0xad, 0xae, 0xad, 0xae, 0xad, 0xad, 0xae, 0xad, 0xad, 0xae, 0xae, 0xad, 0xae, 0xad, 0xae, 0xae, 0xae, 0xae, 0xae, 0xae, 0xae, 0x54, 0xae, 0x54, 0x54, 0x07, 0x46, 0x96, 0xce, 0xca, 0x90, 0xce, 0xca, 0xc6, 0xca, 0xc4, 0xca, 0xf6, 0x51, 0xd8, 0x4d, 0x4e, 0xad, 0x54, 0x54, 0xae, 0xe7, 0xe0, 0xa4, 0xde, 0x4b, 0x4a, 0x05, 0xd5, 0xf2, 0xd4, 0xd4, 0x97, 0xd5, 0xf2, 0x97, 0xd4, 0xd1, 0x90, 0x97, 0xd6, 0x96, 0xc8, 0x35, 0x32, 0x80, 0x89, 0x82, 0x71, 0x71, 0x87, 0x87, 0x7d, 0x88, 0x87, 0x96, 0x43, 0x4b, 0x4c, 0x45, 0x48, 0x9c, 0x87, 0x65, 0x62, 0x69, 0x72, 0x7c, 0xce, 0x95, 0x88, 0x88, 0x8f, 0x43, 0x93, 0x91, 0x9c, 0x4b, 0x4d, 0xf5, 0xdb, 0xff, 0x54, 0x54, 0x54, 0xae, 0xae, 0xae, 0xae, 0xad, 0xad, 0xad, 0xad, 0xad, 0xad, 0xad, 0xad, 0xad, 0xad, 0xae, 0xe6, 0xe0, 0xa7, 0xe0, 0xe0, 0xdd, 0xa7, 0xa8, 0xa7, 0xa8, 0xe9, 0x54, 0x54, 0xad, 0xe2, 0xa8, 0xea, 0xf6, 0xed, 0xbf, 0xed, 0xc6, 0xc4, 0x96, 0x92, 0xc5, 0xc1, 0xc0, 0xc0, 0xc1, 0xc1, 0xca, 0xc9, 0xc9, 0x85, 0xbb, 0xbb, 0xc4, 0xeb, 0xbf, 0xc1, 0xbd, 0xc6, 0xc0, 0xed, 0xeb, 0xc2, 0x54, 0xe2, 0xae, 0xd4, 0xc4, 0x90, 0xee, 0x8a, 0x3b, 0x2c, 0x6f, 0xb2, 0x77, 0x89, 0x3f, 0x54, 0x54, 0xd2, 0xb6, 0x69, 0xb3, 0x72, 0xb4, 0x6f, 0x6a, 0x79, 0x35, 0x79, 0x6d, 0x62, 0x7c, 0x79, 0x81, 0x73, 0x65, 0x65, 0x25, 0x35, 0x81, 0x32, 0x87, 0x8f, 0x9f, 0xdd, 0xf3, 0xc8, 0x84, 0x8a, 0x72, 0xc2, 0x71, 0xec, 0x76, 0xbb, 0xba, 0x2e, 0x80, 0x81, 0x3f, 0x96, 0x9b, 0x97, 0x97, 0x48, 0x9b, 0x9c, 0xd4, 0xd6, 0x99, 0xcd, 0x8b, 0xc9, 0x90, 0xf1, 0x08, 0xea, 0xac, 0xad, 0x54, 0x54, 0x54, 0xad, 0xe9, 0xe5, 0xe6, 0xe6, 0xfe, 0xaa, 0x54, 0xa7, 0xd0, 0x97, 0xce, 0x91, 0x96, 0xa0, 0xa9, 0xdd, 0xe2, 0xa6, 0xaa, 0xa8, 0xa5, 0xa5, 0xa3, 0xa5, 0xa5, 0xe2, 0xa6, 0xa8, 0xa8, 0xa8, 0xea, 0x54, 0xe0, 0xa8, 0xe0, 0xa8, 0xa7, 0xa7, 0xa7, 0xdd, 0x4f, 0xda, 0x4c, 0xd9, 
  0x54, 0x54, 0x54, 0x54, 0x54, 0xae, 0xaa, 0xab, 0xae, 0xad, 0xe9, 0xe9, 0xab, 0xad, 0xad, 0xac, 0xe9, 0xac, 0xad, 0xae, 0xae, 0xae, 0xae, 0xad, 0xad, 0xad, 0xad, 0xae, 0xea, 0xae, 0xae, 0xad, 0xad, 0xae, 0xae, 0xae, 0xae, 0xae, 0xae, 0xae, 0xae, 0xae, 0xae, 0xae, 0x54, 0xae, 0x54, 0x07, 0x42, 0x93, 0x96, 0xce, 0x8b, 0x90, 0xcb, 0xc6, 0x3e, 0xc6, 0x90, 0xd8, 0xdb, 0xdf, 0xa3, 0xa4, 0x50, 0xe5, 0xae, 0x54, 0x54, 0xe9, 0xe1, 0xe0, 0x05, 0x45, 0xd6, 0xdf, 0x97, 0xd1, 0xd5, 0xd4, 0x99, 0xd5, 0xdc, 0xa4, 0x9f, 0xd1, 0x90, 0x8a, 0xcb, 0x42, 0x92, 0x90, 0xbe, 0x35, 0x8a, 0x54, 0x9d, 0x3c, 0x42, 0x3b, 0x43, 0x40, 0x8c, 0x96, 0xd9, 0x54, 0xad, 0x4b, 0x3d, 0x73, 0x78, 0x8f, 0x39, 0x7c, 0x32, 0x73, 0x71, 0x79, 0x7d, 0x90, 0x88, 0x8c, 0x96, 0x90, 0x92, 0x91, 0xf2, 0xd4, 0x06, 0x07, 0x53, 0x09, 0x54, 0xae, 0xad, 0xad, 0xae, 0xad, 0xad, 0xad, 0xad, 0xad, 0xad, 0xae, 0xad, 0xae, 0xea, 0xa8, 0xdf, 0xe0, 0xe1, 0xdd, 0xa5, 0xa7, 0xdd, 0xa7, 0xe5, 0xae, 0xae, 0xae, 0x54, 0xe6, 0xa8, 0xe5, 0xae, 0xf2, 0xc4, 0xbf, 0xc4, 0xc9, 0xc6, 0xc4, 0xc6, 0xc6, 0xee, 0xcd, 0xf4, 0xf4, 0xca, 0xc1, 0xc0, 0x6e, 0x2f, 0xed, 0xbb, 0xeb, 0xc6, 0xbd, 0xc6, 0xc9, 0xbf, 0xec, 0xf0, 0xdf, 0xae, 0xa8, 0x54, 0x90, 0xc9, 0x42, 0x38, 0x82, 0xd7, 0x6a, 0x29, 0xbc, 0x6e, 0x44, 0x08, 0xae, 0xe5, 0x54, 0xc7, 0xb4, 0x69, 0x6a, 0xb8, 0x72, 0xb3, 0x6d, 0x88, 0x3c, 0x69, 0x79, 0x6f, 0x6b, 0x87, 0x93, 0x6f, 0x6d, 0x5f, 0x71, 0xd9, 0x8c, 0x8c, 0x8c, 0x93, 0x48, 0xe4, 0xf3, 0xd2, 0xd2, 0xec, 0x83, 0x84, 0x32, 0xec, 0x76, 0x7e, 0x77, 0x80, 0x7b, 0x32, 0x3a, 0x3f, 0x90, 0x49, 0x9c, 0xcd, 0x3e, 0xcb, 0x92, 0xce, 0xcd, 0x96, 0xcd, 0xc9, 0xce, 0xe5, 0x54, 0x54, 0xea, 0xad, 0xae, 0x54, 0x54, 0x54, 0xe9, 0xad, 0xac, 0xab, 0xe9, 0xe6, 0xe2, 0xd7, 0x97, 0x97, 0xd1, 0xce, 0x9c, 0xa5, 0xa7, 0xa6, 0xa8, 0xa8, 0xe6, 0xa8, 0x4f, 0xa7, 0xa7, 0xa3, 0xa5, 0xa8, 0xa6, 0xe2, 0xa8, 0xea, 0x54, 0xea, 0xa8, 0xa8, 0xa8, 0xe0, 0xa8, 0xa8, 0x51, 0xdd, 0xa0, 0xa0, 0xd8, 
  0x98, 0x97, 0x9c, 0x4c, 0xa5, 0xab, 0xe9, 0xab, 0xe9, 0x54, 0xac, 0xab, 0xad, 0xac, 0xac, 0xac, 0xac, 0xac, 0xac, 0xe9, 0xe6, 0xaa, 0xaa, 0xaa, 0xe4, 0xe4, 0xaa, 0xe5, 0xaa, 0xe4, 0xe5, 0xe7, 0xe9, 0xe9, 0xea, 0xad, 0xad, 0xae, 0xad, 0xae, 0xae, 0xae, 0xae, 0xae, 0xae, 0x54, 0xae, 0x54, 0x9c, 0x92, 0xd1, 0x96, 0x91, 0x3e, 0x92, 0xc6, 0x90, 0xc5, 0xca, 0xc6, 0xee, 0xe4, 0xa5, 0xdf, 0xa5, 0xdc, 0xe0, 0x54, 0x54, 0xac, 0xfc, 0xfc, 0x44, 0x85, 0x42, 0x54, 0xde, 0x9f, 0x92, 0xc5, 0x92, 0xd6, 0x46, 0x9b, 0xdf, 0xa3, 0xf4, 0xd0, 0xcd, 0x89, 0xca, 0x4d, 0x4d, 0x49, 0x2c, 0x2d, 0x26, 0x26, 0x13, 0x20, 0x24, 0x64, 0x79, 0x40, 0x03, 0x36, 0x03, 0x79, 0x65, 0x2a, 0x32, 0x03, 0x8f, 0x42, 0x8e, 0x94, 0x3f, 0x90, 0x44, 0x8c, 0xc9, 0x42, 0x3f, 0xc9, 0xee, 0xd0, 0x99, 0x46, 0x46, 0x49, 0x4a, 0x4a, 0x06, 0x54, 0x54, 0x54, 0xad, 0xad, 0xad, 0xad, 0xad, 0xad, 0xad, 0xad, 0xad, 0xae, 0xe9, 0x51, 0xa7, 0xe0, 0xa5, 0xdd, 0xdd, 0xa7, 0xfa, 0xaa, 0xad, 0x54, 0xae, 0xae, 0xae, 0xea, 0xad, 0xd8, 0x42, 0xc9, 0xc4, 0xf2, 0xf4, 0xd5, 0xf4, 0xf5, 0xf4, 0xf5, 0xf6, 0xf6, 0xcd, 0xbd, 0xc4, 0xc1, 0xb7, 0xb7, 0xbf, 0xeb, 0xb8, 0xc4, 0xec, 0xbd, 0xed, 0xeb, 0xb9, 0xee, 0x54, 0xad, 0xa9, 0xe6, 0x54, 0x9c, 0x46, 0xc5, 0x7e, 0x9f, 0x3a, 0x6c, 0xb2, 0x84, 0xb9, 0x34, 0x01, 0xae, 0xab, 0xe9, 0x54, 0xb9, 0x69, 0x69, 0x6a, 0xb6, 0xb6, 0x72, 0x97, 0x7d, 0x87, 0x64, 0x6d, 0x7d, 0x32, 0x07, 0x71, 0x6f, 0x6b, 0x2a, 0x35, 0x83, 0x87, 0x93, 0x48, 0xf3, 0xaa, 0x54, 0xe2, 0xd7, 0xd2, 0xc7, 0xf0, 0x84, 0x84, 0x7e, 0x7e, 0xec, 0x7b, 0xc4, 0x81, 0x81, 0xc1, 0x89, 0xc5, 0x3b, 0x96, 0x92, 0xca, 0xce, 0xd1, 0xf1, 0xd4, 0x96, 0xce, 0xd1, 0x43, 0x9c, 0x07, 0xea, 0xea, 0xad, 0xae, 0x54, 0x54, 0x54, 0x54, 0x54, 0x54, 0x54, 0xae, 0xae, 0xea, 0x9f, 0xd0, 0x97, 0x97, 0xce, 0x99, 0xe8, 0xa7, 0xa9, 0xa7, 0xa9, 0xa8, 0xa7, 0xdd, 0x51, 0xa7, 0xa7, 0xa7, 0xa9, 0xa8, 0xa9, 0xab, 0xea, 0xa9, 0xa6, 0xa9, 0xe2, 0xa8, 0xa8, 0xa9, 0xa8, 0xa6, 0xd9, 0xa0, 0x4c, 
  0x9c, 0x9c, 0x97, 0x97, 0x98, 0x9f, 0x4f, 0xe9, 0xac, 0x53, 0xad, 0xac, 0xab, 0x53, 0xaa, 0xaa, 0xaa, 0xa8, 0xa8, 0xa8, 0xe1, 0xe1, 0xe1, 0xe1, 0xe1, 0xe1, 0xe1, 0xe2, 0xe4, 0xe5, 0xe4, 0xe5, 0xe5, 0xe9, 0xea, 0xea, 0xad, 0xad, 0xae, 0xae, 0xad, 0xae, 0xae, 0xae, 0x54, 0xae, 0xae, 0x54, 0xaa, 0x42, 0x91, 0x99, 0x92, 0x8a, 0xce, 0xc6, 0x8b, 0x8a, 0xca, 0xc4, 0x8a, 0xdc, 0xe1, 0xdf, 0x51, 0xe0, 0x51, 0xaa, 0x54, 0xac, 0x54, 0x4b, 0x3b, 0x38, 0x8a, 0x4a, 0x9c, 0x4a, 0x46, 0xd1, 0xcd, 0x91, 0xef, 0xcc, 0xcd, 0xcd, 0x96, 0x05, 0xac, 0x50, 0x42, 0x29, 0x2a, 0x1f, 0x1c, 0x1c, 0x1e, 0x5c, 0x21, 0x5e, 0x5f, 0x35, 0x82, 0x71, 0x21, 0x21, 0x21, 0x25, 0x69, 0x1e, 0x21, 0x1e, 0x5c, 0x21, 0x2e, 0x3f, 0xce, 0x08, 0xce, 0x46, 0x97, 0xcb, 0xcb, 0xd1, 0xd4, 0x91, 0x92, 0xd0, 0xcd, 0xd0, 0x97, 0xf3, 0x4d, 0x07, 0x07, 0x08, 0x54, 0xad, 0xad, 0xad, 0xad, 0xad, 0xad, 0xad, 0xad, 0xad, 0xe1, 0xde, 0xe1, 0x51, 0xdc, 0xdd, 0xa4, 0xdd, 0xe1, 0xae, 0x54, 0xae, 0xae, 0xae, 0xae, 0xac, 0x54, 0x4a, 0x85, 0xbf, 0x8b, 0xf4, 0xd6, 0xd5, 0xcd, 0xef, 0xef, 0xcb, 0xc5, 0xec, 0xbb, 0xbd, 0xc9, 0xb8, 0xb7, 0xed, 0xec, 0xb7, 0xec, 0xc4, 0xbf, 0xeb, 0xec, 0xec, 0xee, 0x54, 0xe6, 0xe5, 0xa9, 0x54, 0xd6, 0x37, 0xce, 0x90, 0xca, 0x8b, 0x2b, 0x2b, 0xb4, 0x2e, 0xc7, 0x76, 0x06, 0x54, 0xea, 0xa9, 0x54, 0xf5, 0xb1, 0x6a, 0xb4, 0x6e, 0x6a, 0x97, 0x48, 0x8a, 0x7d, 0x65, 0x81, 0x81, 0x81, 0x98, 0x72, 0x73, 0x6f, 0x6b, 0x6a, 0x97, 0x84, 0x81, 0x89, 0x98, 0x96, 0x51, 0x54, 0xa9, 0xf8, 0xf8, 0xd2, 0xd2, 0xc6, 0x89, 0x84, 0xc6, 0x84, 0x82, 0xc8, 0x89, 0x82, 0xc5, 0x8b, 0x8b, 0x3e, 0x96, 0xce, 0x9b, 0x9c, 0xd4, 0x99, 0xf1, 0x99, 0x99, 0xce, 0x91, 0xa0, 0x54, 0xad, 0xea, 0xae, 0x54, 0xae, 0x54, 0x54, 0x54, 0x54, 0x54, 0x54, 0x54, 0xae, 0xff, 0xda, 0xd2, 0xcc, 0xd0, 0x91, 0x9c, 0xab, 0xa8, 0xa8, 0xa9, 0xa8, 0xa8, 0xa8, 0xa7, 0xa8, 0xa7, 0xa5, 0xa9, 0xa8, 0xa9, 0xa9, 0xe8, 0xaa, 0xa6, 0xa9, 0xa8, 0xe2, 0xa8, 0xe2, 0x52, 0xdd, 0xa0, 0xd8, 0xa3, 
  0xe2, 0xa7, 0xa7, 0xfc, 0xfc, 0xa6, 0x4e, 0x47, 0x45, 0x47, 0x4f, 0x4f, 0xa6, 0xa7, 0xa8, 0xa7, 0xa7, 0xa8, 0xe0, 0xa8, 0xe1, 0xa8, 0xe4, 0xe2, 0xe4, 0xfd, 0xe4, 0xe4, 0xe4, 0xfd, 0xe5, 0xe6, 0xe6, 0xe7, 0xe7, 0xea, 0xad, 0xad, 0xad, 0xae, 0xae, 0xae, 0xae, 0x54, 0xae, 0x54, 0xae, 0x54, 0x05, 0xce, 0xcb, 0x42, 0xce, 0x8b, 0x90, 0xcd, 0xc5, 0xc6, 0xcb, 0xc6, 0xed, 0xf4, 0x07, 0x51, 0xe1, 0xa8, 0xfc, 0x51, 0x51, 0x54, 0x07, 0x3b, 0x82, 0x82, 0x89, 0x46, 0x96, 0x42, 0x9c, 0x4d, 0xa0, 0xd6, 0xd5, 0xd9, 0xd8, 0x50, 0x50, 0x3b, 0x2e, 0x36, 0x66, 0x29, 0x6e, 0x2a, 0x76, 0x6d, 0x32, 0x71, 0x35, 0x6d, 0x86, 0x3f, 0x2a, 0x16, 0x65, 0x5d, 0x65, 0x1e, 0x26, 0x7d, 0x78, 0x2c, 0x66, 0x5c, 0x59, 0x1c, 0x5f, 0x6a, 0x81, 0x96, 0x96, 0xfc, 0x06, 0x49, 0x42, 0xc9, 0xcb, 0xce, 0xd4, 0x99, 0x99, 0xce, 0x96, 0x9b, 0x48, 0x4b, 0x51, 0x54, 0xad, 0xad, 0xad, 0xad, 0xad, 0xad, 0xad, 0xae, 0x51, 0x51, 0xe0, 0xa4, 0xdd, 0xdc, 0xa7, 0xe1, 0xab, 0x54, 0xae, 0xae, 0xae, 0xae, 0xae, 0xad, 0x54, 0x54, 0x3e, 0xef, 0x9b, 0xd0, 0xef, 0xef, 0xee, 0xef, 0xc5, 0xbf, 0xc6, 0xeb, 0xec, 0xcd, 0xeb, 0xeb, 0xc6, 0xed, 0xb8, 0xbf, 0xed, 0xeb, 0xbb, 0xeb, 0xf2, 0x54, 0xea, 0xab, 0xe6, 0xe8, 0xe4, 0x54, 0x3e, 0xc5, 0xef, 0x3a, 0x7a, 0x3f, 0x6c, 0x2e, 0xba, 0x6e, 0x42, 0x8b, 0xe9, 0xac, 0xe8, 0xe5, 0xe2, 0x54, 0xc3, 0xb3, 0x6d, 0x77, 0x6a, 0x82, 0x54, 0xc3, 0x78, 0x83, 0x32, 0x72, 0x8c, 0x98, 0x78, 0x78, 0x73, 0x76, 0x66, 0x03, 0xf4, 0x96, 0xcc, 0x91, 0x91, 0x91, 0xa3, 0xac, 0xad, 0x54, 0xfa, 0xd7, 0xd2, 0x91, 0xee, 0xc6, 0xc7, 0x89, 0x89, 0xc9, 0x8a, 0x8c, 0xc9, 0x91, 0xce, 0xc6, 0x92, 0xce, 0x42, 0x99, 0xcd, 0x99, 0x9b, 0xd4, 0xd6, 0x46, 0x9b, 0xdb, 0xea, 0xae, 0xea, 0xae, 0x54, 0xae, 0x54, 0xae, 0x54, 0x54, 0x54, 0x54, 0x54, 0x54, 0xaa, 0xd7, 0xd3, 0xf3, 0x97, 0xc8, 0x9d, 0xa9, 0xa9, 0xa6, 0xa9, 0xa9, 0xa6, 0xa7, 0xa8, 0xa8, 0x4f, 0xa3, 0xa9, 0xa9, 0xab, 0xad, 0xa9, 0x52, 0xa9, 0xa9, 0xa8, 0xaa, 0xa9, 0xa8, 0xa5, 0xa0, 0x4f, 0xa3, 
  0xe9, 0x08, 0x51, 0x4c, 0x48, 0x45, 0x8f, 0x43, 0x48, 0x45, 0x9e, 0x4c, 0xa7, 0xe2, 0xa8, 0xe4, 0xa8, 0xa8, 0xe2, 0xe2, 0xe1, 0xe4, 0xa8, 0xe2, 0xe4, 0xe2, 0xe4, 0xa9, 0xfd, 0xaa, 0xfd, 0xe5, 0xe5, 0xe7, 0xe6, 0xff, 0xe9, 0xad, 0xad, 0xad, 0xae, 0xae, 0xae, 0xae, 0xae, 0xae, 0xae, 0x54, 0x4d, 0xce, 0x97, 0xcd, 0x91, 0x8a, 0xc6, 0x96, 0xc6, 0xc6, 0xca, 0xc6, 0xc9, 0xc8, 0xd1, 0xe1, 0xe4, 0x51, 0xfc, 0xe2, 0x51, 0x54, 0x3b, 0x34, 0x85, 0x38, 0x85, 0x3c, 0x92, 0x46, 0x9b, 0x9c, 0x96, 0x96, 0x9b, 0x4d, 0x44, 0x85, 0x31, 0x2b, 0x36, 0xb8, 0x76, 0xc5, 0x7b, 0x3f, 0x72, 0x82, 0x77, 0x81, 0x2e, 0x78, 0x3c, 0x6f, 0x12, 0x62, 0x62, 0x59, 0x25, 0x28, 0x59, 0x20, 0x82, 0x81, 0x81, 0x80, 0x7d, 0x69, 0x6a, 0x61, 0x62, 0x6d, 0x77, 0x73, 0xc4, 0x91, 0x99, 0xa0, 0xa0, 0xf2, 0x97, 0xd0, 0xcc, 0xd1, 0xf3, 0xd5, 0xf4, 0xd5, 0x4a, 0x07, 0xab, 0x54, 0xad, 0xad, 0xad, 0xad, 0xae, 0xfc, 0xdf, 0xe1, 0xa4, 0xa7, 0xde, 0xdd, 0xe0, 0xae, 0x54, 0xae, 0xae, 0xae, 0xae, 0xae, 0xae, 0x54, 0xe1, 0xd9, 0xf2, 0xd5, 0xf4, 0xf4, 0xf4, 0xf1, 0xc9, 0xed, 0xc2, 0xd1, 0xc6, 0xc1, 0xef, 0xc4, 0xc2, 0xc6, 0xc4, 0xeb, 0xec, 0xed, 0xc7, 0xee, 0xec, 0xf6, 0xad, 0xab, 0xfe, 0xaa, 0xe8, 0xe6, 0xe6, 0x54, 0x51, 0x44, 0xcd, 0x38, 0x3a, 0xd5, 0xb5, 0x66, 0xbb, 0xb9, 0x82, 0xae, 0xae, 0xab, 0xab, 0xe6, 0xa8, 0x54, 0xe1, 0xb4, 0xb9, 0xb6, 0x6f, 0xc6, 0x9d, 0x7d, 0x8f, 0x73, 0x7d, 0x81, 0x84, 0x4e, 0x8a, 0xbe, 0x81, 0x7d, 0x6a, 0x2a, 0x43, 0xef, 0xce, 0x9f, 0xd5, 0x9a, 0x9f, 0xae, 0x54, 0x54, 0xac, 0xd7, 0xf5, 0x9f, 0x9b, 0xcd, 0x8a, 0xee, 0xc3, 0x84, 0x91, 0x91, 0xce, 0xcb, 0xce, 0x42, 0x3e, 0x97, 0xf2, 0x92, 0xca, 0x42, 0xf1, 0x9b, 0xf4, 0xd6, 0x99, 0x46, 0x4a, 0xe7, 0xae, 0xea, 0xae, 0x54, 0x54, 0x54, 0x54, 0x54, 0x54, 0x54, 0x54, 0xae, 0x54, 0x54, 0xf4, 0xd3, 0xd2, 0xcf, 0xcc, 0x9a, 0xaa, 0xa9, 0xa9, 0x52, 0xa9, 0xa7, 0xa6, 0xe5, 0xa7, 0xa2, 0xa2, 0xe6, 0xab, 0xe9, 0xa9, 0x52, 0xa9, 0xa9, 0xe2, 0xa9, 0x52, 0xe6, 0xa6, 0x4d, 0xa3, 0xa3, 
  0xa3, 0x48, 0x98, 0x48, 0x9d, 0x8f, 0x48, 0xa5, 0x40, 0x48, 0x98, 0xa2, 0xa2, 0xa8, 0xaa, 0xab, 0xe6, 0xe6, 0xe6, 0xe7, 0xab, 0xaa, 0xe5, 0xe2, 0xaa, 0xac, 0xe6, 0xe5, 0xe5, 0xe7, 0xe6, 0xe5, 0xfd, 0xe7, 0xe8, 0xe7, 0xe9, 0xad, 0xae, 0xad, 0xae, 0xae, 0xae, 0xae, 0x54, 0xae, 0xae, 0x54, 0x09, 0x9b, 0xd1, 0xcc, 0x92, 0xca, 0xc5, 0x92, 0xc9, 0x8b, 0xcb, 0xc6, 0xcb, 0xc6, 0xee, 0xe0, 0xaa, 0xe1, 0xa9, 0xfc, 0xac, 0x49, 0x38, 0x37, 0x3a, 0x3e, 0x80, 0x90, 0x96, 0xce, 0xd4, 0xcc, 0x96, 0x9b, 0x04, 0x38, 0x2d, 0x7f, 0xba, 0x3c, 0xc4, 0xbd, 0xd0, 0xba, 0x89, 0x81, 0x8a, 0x82, 0x75, 0x80, 0x32, 0x82, 0x2c, 0x13, 0x1b, 0x5f, 0x1b, 0x5d, 0x1e, 0x65, 0x60, 0x16, 0x19, 0x80, 0x32, 0x72, 0x80, 0x81, 0x91, 0x03, 0xb6, 0x72, 0x7e, 0x7b, 0x72, 0xbe, 0xbc, 0xec, 0x90, 0xee, 0xef, 0xd5, 0xd8, 0xf4, 0xf4, 0xd4, 0xce, 0xd1, 0x96, 0x97, 0xd6, 0xa3, 0xab, 0xae, 0xad, 0xad, 0xae, 0xfc, 0x51, 0xa4, 0xe0, 0xa7, 0xdf, 0xe2, 0xea, 0xae, 0xae, 0xad, 0xae, 0xae, 0xae, 0xae, 0xae, 0x54, 0x42, 0xc9, 0xdc, 0xe0, 0xde, 0xda, 0xf1, 0xc6, 0xd0, 0xd5, 0xd4, 0xcd, 0xed, 0xd4, 0xc9, 0xbe, 0xee, 0xc2, 0xef, 0xf3, 0xed, 0xf0, 0xfa, 0xac, 0xea, 0x54, 0xa8, 0xe6, 0xab, 0xe8, 0xe6, 0xab, 0xea, 0x08, 0x90, 0x92, 0x8a, 0xc9, 0x97, 0x34, 0x6c, 0xb3, 0xb8, 0xc2, 0x7b, 0x4b, 0x54, 0xab, 0xfe, 0xe2, 0xa8, 0xe2, 0xe2, 0x9f, 0xb6, 0xb6, 0x77, 0x72, 0x7d, 0x8d, 0x8d, 0x73, 0x8c, 0xcc, 0x84, 0x9f, 0x9c, 0x7e, 0xc2, 0x80, 0xba, 0x6a, 0x3b, 0xf6, 0xca, 0xef, 0xf1, 0x9b, 0xdb, 0x53, 0x54, 0xae, 0xad, 0xa7, 0xf8, 0xf5, 0xf5, 0xd5, 0xd9, 0xf3, 0xd2, 0xc7, 0xc4, 0xc8, 0xce, 0x97, 0xce, 0xd4, 0x92, 0x8b, 0x99, 0xf2, 0x92, 0xd1, 0x9b, 0xd1, 0x42, 0x9b, 0x05, 0xd9, 0xd6, 0xa4, 0x54, 0xad, 0xad, 0x54, 0xae, 0x54, 0xae, 0x54, 0xae, 0x54, 0x54, 0x54, 0x54, 0x54, 0xe2, 0xd7, 0xd3, 0xd2, 0xcf, 0xcf, 0x9a, 0xa8, 0xa9, 0x52, 0xa9, 0x52, 0xa7, 0xa6, 0xe6, 0xdd, 0xa2, 0xa2, 0xe9, 0xad, 0xa9, 0xa9, 0xe8, 0xaa, 0x52, 0xe2, 0x52, 0xa9, 0xa5, 0x4e, 0xa3, 0x51, 
  0x9d, 0x4f, 0xa8, 0x4c, 0x8f, 0x9e, 0x54, 0x40, 0x40, 0xa2, 0x3c, 0xa3, 0xdd, 0xa2, 0xdd, 0xaa, 0xea, 0xe9, 0xab, 0xad, 0xac, 0xad, 0xad, 0xae, 0xae, 0x54, 0x54, 0xae, 0xac, 0x54, 0xae, 0xac, 0xe9, 0xae, 0xae, 0xad, 0xad, 0x54, 0x54, 0xae, 0xae, 0xae, 0xae, 0xae, 0xae, 0xae, 0xae, 0xae, 0x54, 0x06, 0x99, 0x96, 0xcb, 0xcb, 0xc5, 0x3e, 0xcb, 0xc9, 0xca, 0xc9, 0xcd, 0x90, 0xc7, 0xa4, 0xe9, 0xaa, 0xfc, 0xab, 0x07, 0x3b, 0x37, 0x7e, 0x3a, 0x38, 0x75, 0x34, 0x85, 0x43, 0x96, 0x89, 0x7f, 0x38, 0x34, 0xb6, 0xc4, 0x3f, 0x87, 0x91, 0xc1, 0xef, 0x84, 0x8a, 0x42, 0xc3, 0x87, 0x35, 0x35, 0x78, 0x80, 0x87, 0x12, 0x16, 0x1b, 0x1b, 0x1e, 0x60, 0x59, 0x25, 0x60, 0x67, 0x1b, 0x20, 0x3a, 0x82, 0x77, 0x81, 0x7e, 0x89, 0x3e, 0x89, 0x7e, 0xc3, 0x89, 0x84, 0xc6, 0xec, 0xbc, 0xed, 0xc3, 0xc3, 0xc9, 0xcd, 0xcd, 0xd2, 0xf2, 0xd7, 0xd8, 0xf5, 0xd7, 0xf3, 0x4d, 0x54, 0x54, 0xae, 0xe7, 0x51, 0xde, 0xe0, 0xaa, 0xe1, 0xaa, 0x54, 0xae, 0xae, 0xad, 0xae, 0xae, 0xae, 0xae, 0xae, 0x54, 0x54, 0xd9, 0xdc, 0xae, 0xdc, 0xf3, 0xd0, 0xf2, 0xfa, 0xde, 0xd4, 0xf8, 0xf1, 0xf2, 0xf2, 0xc9, 0xc7, 0xef, 0xf5, 0xad, 0xe5, 0xfa, 0x54, 0xac, 0xe5, 0xe9, 0xab, 0xe6, 0xfe, 0xe9, 0xab, 0xe8, 0xe1, 0x54, 0x49, 0xc0, 0xc9, 0xc9, 0xc1, 0x89, 0xb7, 0x6c, 0xb8, 0x6e, 0xc2, 0xbd, 0x4b, 0x54, 0xe6, 0xe5, 0xa9, 0xe0, 0xa7, 0xa3, 0x54, 0xf0, 0xb9, 0xb9, 0x74, 0x7b, 0xcc, 0x7d, 0x83, 0x8c, 0xc3, 0xc8, 0x97, 0x9b, 0xbe, 0xc3, 0xc3, 0x84, 0xba, 0x75, 0x40, 0xde, 0xd4, 0xd4, 0xf2, 0x99, 0x9c, 0xe0, 0x54, 0xad, 0x54, 0xdd, 0x9f, 0xf7, 0x9f, 0xde, 0xfa, 0xe0, 0xd7, 0xf0, 0xd4, 0xd2, 0xef, 0xd1, 0xcd, 0xf3, 0xef, 0xcb, 0x9b, 0xd4, 0xca, 0xd4, 0xd9, 0xcb, 0xca, 0xce, 0xd6, 0xd6, 0xd6, 0xa5, 0xad, 0xad, 0xad, 0x54, 0x54, 0x54, 0x54, 0x54, 0x54, 0x54, 0x54, 0x54, 0xae, 0x54, 0xae, 0xd7, 0xd7, 0xd3, 0xcf, 0xcf, 0x9a, 0xa7, 0xe8, 0x52, 0xa9, 0x52, 0xa7, 0xa8, 0xa9, 0xa3, 0xa2, 0xa6, 0x54, 0xaa, 0xa9, 0xab, 0xa9, 0xe2, 0xaa, 0x52, 0xa9, 0xa5, 0x4e, 0xdd, 0xa8, 
  0xe6, 0xe6, 0x9a, 0x94, 0x4f, 0x54, 0x4c, 0x8c, 0x4c, 0x4c, 0x87, 0x4c, 0xe5, 0xdd, 0xa3, 0x9f, 0xa5, 0xac, 0xad, 0xe7, 0xab, 0xae, 0xae, 0xae, 0x54, 0xe9, 0x54, 0x54, 0x54, 0x54, 0x54, 0x54, 0x54, 0x54, 0x54, 0x54, 0x54, 0x54, 0x54, 0x54, 0x54, 0x54, 0xae, 0x54, 0xae, 0x54, 0xae, 0xae, 0x54, 0x50, 0x43, 0x97, 0x92, 0x91, 0xee, 0x8b, 0xce, 0x90, 0xc9, 0xc9, 0x96, 0xc9, 0xef, 0xa5, 0xe6, 0x53, 0xe2, 0xad, 0x4e, 0x82, 0xbf, 0x37, 0x38, 0x2a, 0xb2, 0x61, 0xb2, 0x68, 0xb3, 0x2b, 0x34, 0x7e, 0x33, 0xc7, 0x92, 0x87, 0x97, 0xc7, 0xd0, 0x8c, 0x8c, 0xe7, 0x4c, 0x87, 0x32, 0x79, 0x81, 0x76, 0x34, 0x5f, 0x13, 0x59, 0x16, 0x26, 0x16, 0x62, 0x1b, 0x1b, 0x25, 0x1b, 0x67, 0x1c, 0x1c, 0x44, 0x80, 0x82, 0x89, 0x8a, 0x91, 0x99, 0xd6, 0xed, 0xc7, 0xc7, 0x8a, 0xee, 0xf0, 0xc7, 0xc7, 0xc7, 0x83, 0xed, 0x8a, 0xcb, 0xcd, 0xf2, 0xd5, 0xf3, 0xf3, 0xd4, 0xd5, 0xda, 0xe2, 0xae, 0xaa, 0x4d, 0xdf, 0xe5, 0xe4, 0xe7, 0xae, 0xad, 0xae, 0xae, 0x54, 0xae, 0xae, 0xae, 0x54, 0xae, 0x54, 0xae, 0xe5, 0xdf, 0xd8, 0xf3, 0xf8, 0xff, 0x54, 0x54, 0xf4, 0xfd, 0x46, 0x92, 0xd9, 0xd0, 0xd4, 0xf5, 0xe2, 0x08, 0xe0, 0xfc, 0xe7, 0xfc, 0xe5, 0xe5, 0xe5, 0xad, 0xab, 0xab, 0xe8, 0xab, 0xe5, 0xab, 0x54, 0x4a, 0x92, 0xee, 0x85, 0x80, 0xf1, 0xbb, 0xb5, 0xbf, 0xb9, 0x85, 0x92, 0xfc, 0xea, 0xe5, 0xe6, 0xdd, 0xa2, 0xa3, 0xa7, 0xdd, 0x54, 0xd7, 0xbc, 0xb9, 0x7b, 0x7d, 0x8d, 0x8c, 0x8c, 0x83, 0xc8, 0xd8, 0xd4, 0xc8, 0xc9, 0x84, 0x8a, 0xc1, 0x81, 0x31, 0xf6, 0xd4, 0xf4, 0xf7, 0xf6, 0xf6, 0x4e, 0x54, 0x54, 0x54, 0xa7, 0xd8, 0xd7, 0xda, 0xe0, 0xfa, 0xe4, 0xe5, 0xfa, 0xae, 0xfd, 0xf7, 0xd0, 0xf3, 0xde, 0xf8, 0xf4, 0xd4, 0xd6, 0xf5, 0xf1, 0xd6, 0xf7, 0xf5, 0x9b, 0xf2, 0xd5, 0x9b, 0xd6, 0xa4, 0xad, 0xe9, 0xfe, 0xad, 0xae, 0xea, 0xae, 0x54, 0x54, 0x54, 0x54, 0xae, 0xae, 0xad, 0xe9, 0xf9, 0xd2, 0xcf, 0xcf, 0xcf, 0x9a, 0x51, 0xea, 0xa9, 0xa9, 0xa8, 0xa6, 0xa8, 0xa6, 0xdd, 0xa2, 0xa2, 0xe8, 0xa9, 0xab, 0x52, 0xaa, 0xa9, 0xa9, 0xa9, 0xa5, 0xa5, 0xa5, 0xaa, 
  0xa9, 0x9f, 0x9a, 0xa8, 0x54, 0xe2, 0x48, 0x40, 0xa6, 0x9c, 0x88, 0x48, 0xe8, 0xa7, 0xa7, 0xa3, 0xd8, 0xa0, 0xe2, 0xae, 0x54, 0xe9, 0xe1, 0xdc, 0xe1, 0x4e, 0xa4, 0xae, 0x07, 0xaa, 0x54, 0x08, 0x54, 0x54, 0x54, 0x54, 0x54, 0x54, 0xae, 0xae, 0x54, 0xae, 0x54, 0xae, 0xae, 0x54, 0xae, 0xae, 0x54, 0xe4, 0x96, 0x98, 0x91, 0x92, 0x91, 0x89, 0xc9, 0xf1, 0xc9, 0xca, 0xce, 0x8a, 0xd0, 0xd5, 0xde, 0xaa, 0xe4, 0xae, 0x44, 0x36, 0x37, 0x7b, 0x33, 0x74, 0x68, 0x68, 0x68, 0x27, 0x6c, 0x84, 0xc6, 0x7b, 0xc6, 0xd0, 0x3c, 0xf0, 0xd1, 0xd0, 0xf5, 0xa8, 0xac, 0xae, 0x9b, 0xce, 0xce, 0x3b, 0x2b, 0x3c, 0x24, 0x12, 0x59, 0x59, 0x1b, 0x23, 0x13, 0x1e, 0x6b, 0x1b, 0x26, 0x1e, 0x21, 0x6d, 0x13, 0x20, 0x3b, 0x76, 0x35, 0x81, 0xc1, 0xcc, 0xd4, 0x9b, 0xf0, 0xef, 0xcb, 0xc3, 0x8a, 0xef, 0xee, 0xf0, 0xd0, 0xf0, 0xf0, 0xd0, 0xee, 0xc8, 0xcd, 0xd0, 0xf3, 0xf5, 0xf5, 0xf5, 0xf5, 0xe1, 0x51, 0x50, 0xe9, 0xe5, 0xad, 0x54, 0x54, 0x54, 0x54, 0x54, 0x08, 0xae, 0x54, 0x54, 0xae, 0x54, 0x54, 0xe7, 0xdf, 0xa4, 0xfb, 0x54, 0x09, 0x06, 0x4b, 0x42, 0x42, 0x92, 0x82, 0x89, 0xc9, 0x97, 0xdc, 0xfc, 0xe0, 0xe0, 0xe4, 0xe4, 0xfc, 0xe5, 0xe6, 0xfc, 0xe8, 0xea, 0xea, 0xab, 0xab, 0xab, 0xe8, 0xad, 0xdf, 0x06, 0x92, 0x82, 0xc4, 0xc9, 0xcd, 0xb7, 0x68, 0xbd, 0xeb, 0xbe, 0xe0, 0x54, 0xaa, 0xe8, 0xe2, 0xa3, 0xa0, 0xf8, 0xdd, 0xa7, 0xa7, 0xac, 0xad, 0xc7, 0xb9, 0xbd, 0x93, 0x7d, 0x91, 0xed, 0xc3, 0x9f, 0xd9, 0xab, 0x9c, 0xed, 0x8a, 0xed, 0xcb, 0x81, 0x43, 0xdc, 0xf4, 0xd4, 0xf4, 0xdb, 0xd9, 0xde, 0x54, 0x54, 0xea, 0xa5, 0xf5, 0xda, 0xe0, 0xfa, 0xe0, 0xe5, 0xe6, 0xe4, 0xab, 0xae, 0xe7, 0xfd, 0xe7, 0xe6, 0xfa, 0xf7, 0xf4, 0xa5, 0xdf, 0xd9, 0xf6, 0xe0, 0xde, 0xf5, 0xdb, 0xf5, 0xd4, 0xd6, 0xdc, 0xea, 0xa9, 0xe6, 0xe9, 0xab, 0xe8, 0xac, 0xae, 0xae, 0xae, 0x54, 0xae, 0x54, 0x54, 0x54, 0xf9, 0xd7, 0xcf, 0xcf, 0xd3, 0xcf, 0x4f, 0xea, 0xa9, 0x52, 0xa7, 0x52, 0xa9, 0xa2, 0xa7, 0x4f, 0xa9, 0xa9, 0xe8, 0x52, 0x07, 0xab, 0x52, 0xa9, 0x51, 0x4f, 0xa5, 0xa9, 
  0xa0, 0xa1, 0xa9, 0x54, 0xe9, 0xa6, 0x98, 0x43, 0xfe, 0x47, 0x3c, 0xcd, 0xe2, 0xa9, 0xa9, 0xa7, 0xa5, 0xa3, 0xd9, 0xa5, 0xe5, 0xac, 0xa5, 0xd9, 0xd9, 0xdc, 0xd8, 0xd9, 0xa0, 0x05, 0x51, 0xa0, 0xdf, 0x01, 0xfc, 0xaa, 0x54, 0x54, 0x54, 0x54, 0xae, 0x54, 0xae, 0x54, 0x54, 0xae, 0x54, 0xae, 0xae, 0x54, 0x51, 0x96, 0x93, 0x97, 0x92, 0xc9, 0xc1, 0x9b, 0x92, 0xef, 0x96, 0xc9, 0xd0, 0xd1, 0xdf, 0xe1, 0xe2, 0x09, 0x03, 0x7a, 0xbf, 0x7b, 0x84, 0x82, 0x2d, 0x2a, 0x6f, 0x2d, 0x7b, 0x8b, 0x77, 0x84, 0xf0, 0xca, 0xf0, 0xd7, 0xa7, 0xfe, 0x54, 0x54, 0x05, 0x99, 0x92, 0x3b, 0x2e, 0x2d, 0x75, 0x2e, 0x12, 0x16, 0x60, 0x1b, 0x16, 0x5f, 0x59, 0x1e, 0x73, 0x1e, 0x1b, 0x1d, 0x1b, 0x65, 0x71, 0x1c, 0x2b, 0x91, 0x38, 0x8a, 0xc9, 0xce, 0xf3, 0x9f, 0xdb, 0xd7, 0xf2, 0xf3, 0xc7, 0xc3, 0xd0, 0xee, 0xc7, 0xf0, 0xd2, 0xf0, 0xf3, 0xd2, 0xd0, 0xf2, 0x97, 0xf3, 0xda, 0xdc, 0xa7, 0xde, 0x50, 0xae, 0x54, 0x54, 0xae, 0xe6, 0x00, 0xdf, 0x4d, 0x05, 0x4a, 0x50, 0x50, 0x08, 0x54, 0x54, 0xe9, 0x51, 0xfd, 0x4d, 0x4a, 0xf1, 0x3b, 0xc5, 0x3a, 0xc4, 0x8b, 0x8b, 0x82, 0x82, 0x8a, 0xf3, 0xf5, 0xde, 0xfc, 0xfc, 0xe4, 0xe4, 0xe5, 0xe6, 0xfc, 0xfd, 0xab, 0xad, 0xea, 0xe9, 0xad, 0xad, 0x51, 0x05, 0x50, 0xca, 0xbd, 0xc6, 0xc6, 0xc9, 0x7a, 0xb7, 0xb5, 0xbb, 0xc2, 0xbd, 0xdc, 0x54, 0xe6, 0xe4, 0xe1, 0xa3, 0xa3, 0xa5, 0xf8, 0xdd, 0xa7, 0xa7, 0xac, 0xe1, 0xf0, 0xed, 0x83, 0x94, 0x8a, 0xbc, 0x97, 0xd0, 0xd8, 0xae, 0xd9, 0xc8, 0xee, 0x8a, 0xf2, 0x84, 0x3e, 0xd9, 0xf7, 0xda, 0xf5, 0xf5, 0xd8, 0xd5, 0xa4, 0x54, 0xae, 0x54, 0xf8, 0xf5, 0xdf, 0xfa, 0xe1, 0xe5, 0xe4, 0xfd, 0xe6, 0xe5, 0xad, 0xad, 0xe7, 0xe9, 0xab, 0xdf, 0xdb, 0xe1, 0xe4, 0xe0, 0xdc, 0x4d, 0xdc, 0xa4, 0xe1, 0xe0, 0xa4, 0xf5, 0xf4, 0xdc, 0xe9, 0xe8, 0xe8, 0xe9, 0xe9, 0xe9, 0xea, 0xad, 0xae, 0xae, 0x54, 0xae, 0xae, 0xae, 0x54, 0xe3, 0xd7, 0xcf, 0xd3, 0xcf, 0xd3, 0x4f, 0xea, 0x52, 0xa9, 0xa8, 0xa8, 0xa6, 0x4c, 0xa9, 0x52, 0xab, 0xaa, 0xa8, 0x52, 0xe6, 0x52, 0xa9, 0xa7, 0x4f, 0xa8, 0xa6, 
  0xf8, 0xa8, 0xad, 0x54, 0xa9, 0xa7, 0x43, 0x47, 0xe7, 0x9d, 0x40, 0x90, 0xa8, 0xe5, 0xaa, 0xa9, 0xa7, 0xa7, 0xdd, 0xa3, 0xa3, 0xe2, 0xe9, 0xa4, 0x9f, 0xd6, 0xda, 0x9f, 0x4a, 0xd5, 0xd8, 0xd5, 0x9c, 0xdb, 0x9b, 0x9f, 0xde, 0xaa, 0xa0, 0xac, 0x54, 0x54, 0x54, 0xae, 0x54, 0xae, 0x54, 0x54, 0x54, 0xae, 0x54, 0x46, 0x90, 0x96, 0x91, 0x3e, 0x84, 0xc9, 0xd4, 0xcd, 0xcd, 0x91, 0xf2, 0xd4, 0xf7, 0xaa, 0xe0, 0x07, 0x3b, 0x77, 0x82, 0x92, 0x46, 0x33, 0x6f, 0x6a, 0x2d, 0xb8, 0xc0, 0x37, 0xeb, 0xc7, 0xd5, 0xdd, 0xa7, 0xad, 0x54, 0x54, 0xac, 0x9b, 0xcd, 0xc9, 0x7e, 0x7b, 0x81, 0x90, 0x45, 0x1b, 0x16, 0x25, 0x1b, 0x59, 0x79, 0x16, 0x59, 0x62, 0x65, 0x62, 0x1c, 0x2c, 0x2a, 0x1e, 0x6a, 0x88, 0x23, 0x2a, 0x90, 0x81, 0x87, 0x91, 0xd4, 0xdd, 0xa9, 0xaa, 0xa2, 0xa3, 0xdd, 0xf0, 0x8a, 0xd2, 0xf0, 0xee, 0xf0, 0xf3, 0xd0, 0xd0, 0xf3, 0xd2, 0xf2, 0xd5, 0xf3, 0x9f, 0xe4, 0xdf, 0xe9, 0x54, 0xad, 0xe4, 0xdf, 0xd9, 0x05, 0x99, 0x99, 0x46, 0x99, 0x9b, 0xf1, 0x06, 0x54, 0xae, 0xae, 0xe9, 0x54, 0xa4, 0xc5, 0xc4, 0xc0, 0xc5, 0xed, 0xc1, 0x8b, 0x90, 0x7b, 0x85, 0xf3, 0xf4, 0xf7, 0xfa, 0xfc, 0xfc, 0xfd, 0xe4, 0xe5, 0xfc, 0xfd, 0xe5, 0xe9, 0xea, 0xac, 0xad, 0xe1, 0x4d, 0x4a, 0x46, 0x4a, 0x85, 0xc2, 0xef, 0xbf, 0xc5, 0x7a, 0xb7, 0xbd, 0xb7, 0xc2, 0xed, 0xe0, 0xea, 0xe4, 0xe4, 0xe1, 0xdc, 0xa3, 0xf8, 0xa5, 0xa7, 0xdd, 0xa9, 0xe2, 0x53, 0xa7, 0xee, 0xcc, 0x34, 0x74, 0x7b, 0xcc, 0xd4, 0xd0, 0xa5, 0xe4, 0x91, 0xc9, 0xee, 0xf2, 0xcb, 0x90, 0x96, 0xdb, 0xf5, 0xf6, 0xa4, 0xde, 0xa4, 0xfc, 0x54, 0xad, 0xae, 0xe4, 0x9f, 0xdc, 0xe1, 0xe1, 0xfd, 0xe6, 0xe5, 0xe7, 0xe6, 0xe6, 0xe9, 0xe9, 0xe9, 0xe9, 0xe1, 0xa8, 0xe4, 0xe4, 0xe2, 0xdf, 0xd9, 0xa0, 0xa4, 0xe4, 0xfc, 0xe9, 0xe5, 0xe0, 0xf7, 0xdd, 0xea, 0xe6, 0xe8, 0xea, 0xe9, 0xea, 0xea, 0xad, 0xae, 0xae, 0x54, 0xae, 0x54, 0xae, 0x54, 0x54, 0xf9, 0x9a, 0x9a, 0xd3, 0x9a, 0xe2, 0xad, 0x52, 0xa8, 0x52, 0xa8, 0xa1, 0xa6, 0x52, 0xa9, 0xa9, 0x51, 0x53, 0x52, 0x52, 0xa8, 0x4f, 0xa5, 0xa8, 0xa6, 
  0xa6, 0xe9, 0x54, 0xad, 0xa9, 0xa5, 0x95, 0xa0, 0xe6, 0x4f, 0x98, 0x90, 0x9c, 0xe8, 0xe2, 0xe7, 0xa8, 0xa7, 0xa8, 0xfa, 0xe1, 0xa7, 0xac, 0xe5, 0xdf, 0xdb, 0xd8, 0xd9, 0xd9, 0xf6, 0x9f, 0xd9, 0xd4, 0xd4, 0xd5, 0xd1, 0x4a, 0xd8, 0xd4, 0x4a, 0xe4, 0xe9, 0xae, 0x54, 0xae, 0xae, 0xad, 0xad, 0xae, 0xea, 0x54, 0x4e, 0x97, 0x92, 0x91, 0xc9, 0x89, 0xc4, 0xd1, 0xd1, 0x90, 0xcb, 0xd4, 0xf2, 0xdb, 0xaa, 0xe8, 0x4b, 0x38, 0xc0, 0x4a, 0x44, 0x34, 0x6f, 0x75, 0x7b, 0x82, 0x92, 0xa3, 0xa4, 0xd5, 0xfd, 0x54, 0x54, 0x54, 0x54, 0xad, 0x54, 0xad, 0x4b, 0x96, 0xcd, 0x90, 0x82, 0x36, 0x2e, 0x1a, 0x1e, 0x2c, 0x5d, 0x1c, 0x21, 0x29, 0x1e, 0x13, 0x71, 0x65, 0x2a, 0x65, 0x1c, 0x2a, 0x2c, 0x64, 0x26, 0x6f, 0x5a, 0x7a, 0xd8, 0x8b, 0x8c, 0xd4, 0xf7, 0xa7, 0xfd, 0xe2, 0xe4, 0xe9, 0xe1, 0x46, 0xa5, 0xd8, 0xd2, 0xd0, 0xcb, 0xd0, 0xd2, 0xd0, 0xf2, 0x9f, 0xf5, 0xd8, 0xf7, 0xdc, 0xad, 0x54, 0xae, 0xe0, 0x49, 0x9b, 0x46, 0x9b, 0x9b, 0x99, 0xce, 0xf1, 0xf1, 0xcd, 0x05, 0xdb, 0xae, 0x54, 0x54, 0xae, 0x54, 0xd4, 0x8b, 0xec, 0x85, 0xc4, 0xbf, 0xc9, 0xc9, 0x38, 0xcd, 0xd5, 0xf5, 0xfa, 0xfc, 0xe4, 0xe5, 0xfc, 0xfc, 0xe1, 0xfc, 0xe5, 0xe6, 0xe9, 0xad, 0x54, 0x07, 0x46, 0x99, 0x42, 0xf1, 0x42, 0x4a, 0xc9, 0xc0, 0xc0, 0xc9, 0xbb, 0xbb, 0xc2, 0xb7, 0xc4, 0x54, 0xaa, 0xe5, 0xe6, 0xe1, 0xe0, 0xa3, 0xdc, 0xa7, 0xdd, 0xe2, 0xa7, 0xa9, 0xaa, 0xf8, 0xdc, 0xd0, 0xd7, 0x2d, 0x34, 0x8a, 0xed, 0x9f, 0xcd, 0xd6, 0x54, 0xdf, 0xce, 0xef, 0xd4, 0xce, 0x99, 0x96, 0xd9, 0xe4, 0xf7, 0xf6, 0xdc, 0xdf, 0xdf, 0xe5, 0x54, 0xac, 0xad, 0xe7, 0xfa, 0xfa, 0xfd, 0xe4, 0xfd, 0xe6, 0xe7, 0xe6, 0xe9, 0xe7, 0xab, 0xe6, 0xe9, 0xe1, 0x51, 0xe2, 0xe4, 0xe4, 0x51, 0xda, 0xa0, 0xdc, 0xe1, 0xe2, 0xf6, 0x51, 0x01, 0x54, 0x54, 0x54, 0x54, 0xae, 0x54, 0x54, 0xae, 0x54, 0x54, 0xad, 0x54, 0x54, 0x54, 0x54, 0x54, 0x54, 0x54, 0xae, 0xf9, 0xa1, 0x9a, 0x9a, 0x9a, 0xa3, 0xea, 0xa9, 0xa6, 0xa9, 0xa7, 0xa2, 0x52, 0x52, 0x52, 0x4e, 0xe6, 0xa8, 0x52, 0xa6, 0xa5, 0xa6, 0xa9, 0xa9, 
  0xa9, 0x54, 0x54, 0xab, 0xaa, 0x4f, 0x43, 0xa7, 0xe6, 0xdc, 0x9f, 0x90, 0x96, 0xe8, 0xa8, 0xe5, 0xab, 0xe1, 0xa7, 0xe1, 0xe2, 0xe4, 0xe6, 0xac, 0xdf, 0xdd, 0xda, 0x4a, 0xd5, 0x4a, 0xd8, 0xd9, 0xd9, 0xd4, 0x9f, 0xd5, 0xd0, 0xd9, 0xf3, 0x9b, 0xdb, 0xd8, 0xd5, 0xe9, 0xae, 0xae, 0xea, 0xab, 0xea, 0xad, 0xad, 0x54, 0x9f, 0x91, 0x91, 0x91, 0xc6, 0x82, 0xc9, 0xd4, 0xc9, 0xce, 0xd0, 0xd4, 0xd9, 0x50, 0xae, 0x90, 0x38, 0x4a, 0x92, 0x37, 0x75, 0x76, 0xba, 0x7e, 0x3e, 0x54, 0xdd, 0xe2, 0xae, 0xea, 0xe9, 0xe9, 0xea, 0xad, 0x54, 0x00, 0x49, 0x4a, 0x92, 0x3b, 0x82, 0x71, 0x84, 0x26, 0x16, 0x25, 0x59, 0x1e, 0x25, 0x17, 0x1b, 0x58, 0x59, 0x62, 0x3a, 0x81, 0x64, 0x1c, 0x24, 0x1c, 0x6a, 0x6f, 0x6a, 0x24, 0x5e, 0x7b, 0x92, 0xc5, 0x9b, 0xdf, 0xe2, 0xe4, 0xac, 0xac, 0xe5, 0xaa, 0xe2, 0xde, 0xe0, 0xdc, 0xde, 0xd4, 0x9f, 0xd6, 0x97, 0x9f, 0xdc, 0xd6, 0xd5, 0x4d, 0xfc, 0xaa, 0xe5, 0xad, 0x05, 0xce, 0x92, 0xca, 0xca, 0x49, 0x99, 0x3e, 0xf2, 0xca, 0xce, 0xf2, 0xf1, 0xae, 0xae, 0x54, 0xe4, 0x99, 0x8b, 0xc5, 0xc4, 0xbf, 0x85, 0xc0, 0xca, 0x8b, 0x8a, 0xd4, 0xf4, 0xfa, 0xfc, 0xac, 0xfd, 0xe0, 0xdf, 0xe4, 0xfc, 0xe5, 0xe5, 0xe7, 0xad, 0xe4, 0x4a, 0x9b, 0x42, 0x42, 0x92, 0x44, 0x92, 0x42, 0xb8, 0xec, 0xc6, 0xc6, 0xb8, 0xbb, 0xed, 0xeb, 0xbf, 0x54, 0xe7, 0xe5, 0xe4, 0xe1, 0xe0, 0xfa, 0x51, 0xe5, 0xe5, 0xad, 0xa8, 0xe6, 0xa8, 0x9f, 0xf7, 0xf5, 0xc6, 0xed, 0xcb, 0xc9, 0xed, 0xce, 0xdb, 0xdf, 0x54, 0xac, 0x99, 0xd0, 0xd5, 0xd1, 0x9c, 0xd6, 0xd4, 0xde, 0xe5, 0xe0, 0xde, 0xdc, 0xf6, 0xd6, 0xaa, 0xae, 0xea, 0xae, 0xe6, 0xfa, 0xe1, 0xe6, 0xe5, 0xe5, 0xe5, 0xe4, 0xe9, 0xe8, 0xe7, 0xe6, 0xe9, 0xe5, 0x51, 0xe1, 0xe4, 0xaa, 0xe0, 0xdb, 0xa0, 0xdb, 0xa7, 0xe5, 0xd2, 0xc6, 0xee, 0x42, 0x9c, 0xd9, 0xd9, 0xdb, 0xa3, 0xdb, 0x9f, 0x99, 0xda, 0xd8, 0x9f, 0xaa, 0x4f, 0xa9, 0xae, 0xac, 0x54, 0x54, 0x54, 0x54, 0xa6, 0xd7, 0x9a, 0x98, 0xa2, 0xac, 0x52, 0x52, 0xab, 0x4f, 0xa6, 0xa9, 0x51, 0x52, 0x08, 0x52, 0xa9, 0xa5, 0x4f, 0xa9, 0xa9, 0xa9, 
  0xae, 0x54, 0xad, 0xaa, 0xe6, 0x4c, 0x98, 0xe1, 0xab, 0xa7, 0xa3, 0x98, 0x96, 0xa5, 0xe5, 0xe2, 0xea, 0xe6, 0xe2, 0xe2, 0xe1, 0xfd, 0xe7, 0xae, 0xe5, 0xdb, 0xda, 0xd8, 0x9c, 0xd4, 0x99, 0x9c, 0xdb, 0xdb, 0xd5, 0xa0, 0x97, 0xd1, 0xa0, 0xcd, 0x9c, 0xda, 0x9b, 0xda, 0x4d, 0xda, 0xae, 0xea, 0xea, 0xe9, 0xad, 0xae, 0x54, 0x9b, 0x91, 0x90, 0x3e, 0xc5, 0x85, 0x97, 0x91, 0xcd, 0xcc, 0xd1, 0xd8, 0xda, 0xad, 0x44, 0x35, 0x7f, 0xbd, 0x84, 0x34, 0x76, 0x82, 0xbe, 0xd4, 0xa8, 0xdd, 0xa8, 0xe2, 0xe6, 0xab, 0xab, 0xea, 0xad, 0x50, 0x42, 0x92, 0xc5, 0xc5, 0x85, 0x7e, 0x9f, 0x34, 0x26, 0x26, 0x1e, 0x25, 0x2c, 0x17, 0x6d, 0x24, 0x0f, 0x1e, 0x5c, 0x6d, 0x3f, 0x2a, 0x1c, 0x2d, 0x6f, 0x1c, 0x2d, 0x3f, 0x35, 0x69, 0x61, 0x90, 0xcb, 0x84, 0xce, 0xda, 0xe1, 0xe7, 0xac, 0xaa, 0xe1, 0xa7, 0xe1, 0xfa, 0xdc, 0xda, 0xdc, 0xf3, 0xd4, 0xd9, 0xd6, 0xd4, 0xd8, 0xdc, 0xde, 0xa4, 0xe0, 0xe7, 0xad, 0xe0, 0x42, 0xca, 0xca, 0xca, 0x92, 0xce, 0x8b, 0xcd, 0xc5, 0xcd, 0xcd, 0xce, 0x54, 0xae, 0xac, 0xde, 0xc4, 0x85, 0xbf, 0x8b, 0xc5, 0xc1, 0x85, 0xcd, 0x92, 0xf2, 0xf4, 0xde, 0xe0, 0xe5, 0xe5, 0xe0, 0xe0, 0xe5, 0xe1, 0xfc, 0xe5, 0xe7, 0xae, 0x54, 0x4a, 0xca, 0x99, 0x92, 0x92, 0xf1, 0xca, 0x8b, 0xc5, 0x7f, 0xc1, 0xed, 0xc6, 0xeb, 0xbb, 0xeb, 0xeb, 0x85, 0x54, 0xe5, 0xe5, 0xe5, 0xe2, 0xe1, 0xe1, 0xe2, 0xe6, 0xae, 0x54, 0xae, 0xad, 0xa4, 0xce, 0xfa, 0xd1, 0xc1, 0xd0, 0xca, 0xc0, 0x96, 0xee, 0xd5, 0xd8, 0xae, 0xae, 0xd9, 0xcd, 0xf2, 0xd4, 0xd6, 0xdb, 0xda, 0xdb, 0xe0, 0xfd, 0xe4, 0xe4, 0xe2, 0xdc, 0xde, 0x54, 0xad, 0xad, 0xae, 0xe5, 0xe4, 0xe5, 0xe5, 0xe7, 0xe7, 0xfc, 0xe4, 0xe7, 0xe6, 0xe5, 0xe6, 0xe6, 0xe1, 0xaa, 0xe1, 0xe4, 0xe1, 0xa4, 0xd9, 0xdb, 0xa7, 0xea, 0x54, 0xfb, 0xd2, 0xee, 0xed, 0xc6, 0xc6, 0xca, 0x99, 0xd4, 0xa0, 0xd8, 0x9f, 0xa5, 0xa0, 0x9f, 0xdd, 0xa3, 0xa7, 0xa8, 0xe6, 0xea, 0xea, 0x54, 0x54, 0xae, 0xa8, 0xa1, 0x9d, 0xa2, 0xa8, 0x52, 0xa9, 0xa8, 0xa6, 0xa9, 0xa6, 0x53, 0xe8, 0x52, 0xa8, 0x4f, 0xa8, 0x52, 0xa9, 0xab, 
  0x54, 0x54, 0xab, 0xaa, 0xe6, 0x4c, 0x9d, 0xa8, 0xe6, 0xfc, 0xa5, 0xa3, 0xce, 0xa0, 0xe8, 0xa8, 0xaa, 0xea, 0x54, 0xe6, 0xe1, 0xe2, 0xe6, 0xad, 0x54, 0xe1, 0xa3, 0xdb, 0xd9, 0x4a, 0xd4, 0x99, 0xd4, 0xd9, 0xdc, 0xd9, 0xdb, 0xd1, 0x9f, 0xd8, 0xcd, 0xa3, 0xd4, 0x9b, 0xd9, 0x97, 0xd9, 0xae, 0xae, 0xad, 0xad, 0xac, 0x54, 0x05, 0x43, 0xee, 0x8a, 0xc5, 0xbf, 0x3e, 0x97, 0xd0, 0x91, 0xd0, 0xd5, 0xa0, 0xe9, 0x49, 0x7f, 0x77, 0xc3, 0x89, 0x76, 0x80, 0xbf, 0x74, 0xed, 0xaa, 0xa7, 0xa8, 0xe5, 0xab, 0xe6, 0xe9, 0xe6, 0x54, 0x05, 0xd4, 0xf3, 0x92, 0x3e, 0x3b, 0x7f, 0x34, 0x26, 0x26, 0x72, 0x81, 0x6f, 0x1c, 0x25, 0x2d, 0x24, 0x13, 0x1e, 0x69, 0x64, 0x7b, 0x2c, 0x25, 0x26, 0x2d, 0x75, 0x66, 0x2d, 0x76, 0x82, 0xb2, 0x6f, 0x96, 0xcd, 0xcd, 0x99, 0xf4, 0xd8, 0xda, 0xdf, 0xdf, 0xe0, 0xdf, 0xa3, 0xf7, 0xda, 0xd5, 0xd8, 0xda, 0xd6, 0xf4, 0xda, 0xdc, 0xdc, 0xf7, 0xe1, 0xe7, 0xae, 0x05, 0xc9, 0x85, 0xc5, 0x8b, 0xc5, 0xca, 0x44, 0xcb, 0x8b, 0xc6, 0xcd, 0x8b, 0xf2, 0x05, 0xd8, 0x9f, 0xa3, 0xca, 0xc1, 0xc4, 0xc4, 0xef, 0xc9, 0x8b, 0xf1, 0xf2, 0xd5, 0xdc, 0xfa, 0xe0, 0xe7, 0xe9, 0xfc, 0xe4, 0xe4, 0xe1, 0xe4, 0xe4, 0x54, 0x05, 0x4a, 0xce, 0x92, 0x44, 0xca, 0xf1, 0x42, 0xc5, 0x8b, 0x3a, 0xbf, 0xb8, 0xc9, 0xbd, 0xbf, 0xeb, 0xb5, 0xc1, 0xf4, 0x54, 0xe5, 0xe5, 0xe6, 0xfc, 0xe4, 0xe4, 0xe6, 0xad, 0xae, 0xae, 0xae, 0x54, 0x05, 0xc5, 0xf5, 0xed, 0xc6, 0xc5, 0xc1, 0x7e, 0xcb, 0xce, 0xd0, 0xd4, 0xfa, 0x54, 0xe4, 0xdc, 0xd5, 0xd6, 0xf4, 0xdc, 0xdc, 0xde, 0xfa, 0xe5, 0xe5, 0xe5, 0xe5, 0xe7, 0xe7, 0xae, 0xae, 0xad, 0xae, 0xae, 0xae, 0xe7, 0xe5, 0xfc, 0xfc, 0xe7, 0xaa, 0xe4, 0xe6, 0xe5, 0xe6, 0xe7, 0xe4, 0xe2, 0x07, 0xe2, 0xe4, 0xa5, 0xd9, 0xa4, 0xe1, 0xe6, 0xa9, 0xad, 0x54, 0x54, 0xf8, 0xf2, 0xc7, 0xc6, 0xee, 0x91, 0xd4, 0xa3, 0x53, 0xac, 0x54, 0xea, 0xa9, 0xaa, 0xa8, 0xa7, 0xa7, 0xa8, 0x52, 0xa9, 0xad, 0xae, 0x54, 0x54, 0xe8, 0xa2, 0xa1, 0x4f, 0x52, 0xab, 0xa2, 0x52, 0xa6, 0x08, 0x52, 0xa8, 0x4f, 0xa7, 0xa8, 0xa9, 0xe9, 0xa1, 
  0x54, 0xad, 0xab, 0xe6, 0xe5, 0x4c, 0x9d, 0xe1, 0xac, 0xaa, 0xa7, 0xa4, 0x9d, 0x99, 0xe2, 0xe5, 0xe2, 0xe5, 0xad, 0x54, 0xae, 0xe8, 0xfd, 0xea, 0xae, 0xac, 0xdf, 0xd9, 0xd5, 0xd4, 0x97, 0x96, 0xce, 0x42, 0x99, 0x9f, 0xdf, 0xdc, 0xd1, 0xd9, 0x97, 0x9b, 0xd9, 0xcd, 0xda, 0x9f, 0xd4, 0xa5, 0xdb, 0xe9, 0xae, 0xea, 0xae, 0xea, 0x9c, 0x8f, 0x91, 0x89, 0x7e, 0x38, 0xce, 0x97, 0xc8, 0x91, 0x9b, 0xf8, 0x53, 0x89, 0x82, 0x7e, 0xc1, 0x82, 0x34, 0x7e, 0xba, 0xb8, 0xed, 0x54, 0xdd, 0xa8, 0xa9, 0xe5, 0xab, 0xe9, 0x54, 0x53, 0x04, 0x99, 0x42, 0x87, 0x75, 0x37, 0x3b, 0x61, 0x26, 0x2a, 0xbe, 0x71, 0x1c, 0x25, 0x27, 0x17, 0x17, 0x5c, 0x5f, 0x62, 0x32, 0x44, 0x71, 0x6a, 0x26, 0x5f, 0x61, 0x76, 0x6f, 0x2b, 0x76, 0xba, 0x6a, 0x2d, 0x89, 0x90, 0xd1, 0xd6, 0xd8, 0xd8, 0xd8, 0xa4, 0xdc, 0xdf, 0xdf, 0xde, 0xdc, 0xde, 0xa4, 0xf7, 0xde, 0xfc, 0xe1, 0xde, 0xdf, 0xab, 0xac, 0xe4, 0xaa, 0xfc, 0x8b, 0x7f, 0xbf, 0x85, 0x85, 0xc4, 0x3e, 0x99, 0xc4, 0x8b, 0x92, 0xc5, 0xf2, 0xef, 0xce, 0x9c, 0x9b, 0xdb, 0xc9, 0xc9, 0xca, 0xf1, 0xf2, 0xf1, 0x9b, 0xf5, 0xf6, 0xfa, 0xe0, 0xe4, 0xe7, 0xfc, 0xe0, 0xfc, 0xe0, 0xfc, 0xfc, 0xe7, 0xe4, 0x3e, 0xc9, 0x42, 0xc9, 0x92, 0x92, 0xf1, 0xc5, 0x3e, 0x85, 0xc4, 0xb5, 0xb6, 0xc5, 0xbb, 0xbf, 0xbf, 0xb5, 0xc6, 0x54, 0xe1, 0xe6, 0xe7, 0xe5, 0xe4, 0xe5, 0xe7, 0xae, 0xae, 0x54, 0xae, 0xac, 0x54, 0xc9, 0xc9, 0xf0, 0x84, 0xcd, 0x7e, 0xc1, 0xc6, 0xc1, 0xd5, 0xd0, 0xd6, 0xfd, 0xac, 0xe9, 0xae, 0xf5, 0xd5, 0xd5, 0xdc, 0xdc, 0xfa, 0xe0, 0xfc, 0xe7, 0xe5, 0xe7, 0xe5, 0xe0, 0xe5, 0x54, 0xae, 0xae, 0x54, 0xae, 0xae, 0xe7, 0xe6, 0xe0, 0xdb, 0xde, 0xe5, 0xe6, 0xe5, 0xe5, 0xe6, 0xe4, 0xa8, 0xe4, 0xe1, 0xaa, 0xa4, 0xd9, 0xdb, 0xa8, 0xfe, 0xe5, 0xa9, 0xe2, 0xab, 0x54, 0x54, 0xdd, 0xd2, 0xc6, 0xbe, 0xbe, 0x7e, 0xc3, 0xc8, 0xcd, 0x9f, 0xa5, 0xac, 0x54, 0xac, 0xab, 0xe4, 0xe6, 0xa9, 0xa6, 0xa9, 0xa9, 0xab, 0xae, 0x54, 0xa8, 0xa6, 0xa6, 0x52, 0xa2, 0xa6, 0xa6, 0xa9, 0x52, 0xa6, 0xa5, 0x52, 0xab, 0xa9, 0xa1, 0x9a, 
  0x54, 0xac, 0xab, 0xaa, 0xab, 0xa2, 0x9f, 0xa9, 0x54, 0xe1, 0xa7, 0xe0, 0xa5, 0x97, 0xa5, 0xa9, 0xfd, 0xaa, 0xe8, 0x54, 0x54, 0xae, 0xea, 0xae, 0xad, 0x54, 0xae, 0xd9, 0xd5, 0xd5, 0xd4, 0x96, 0xcd, 0xc9, 0x8a, 0x89, 0x91, 0x4d, 0xda, 0xf4, 0xdb, 0xd1, 0xa0, 0x9b, 0xd4, 0xa3, 0xd4, 0xa0, 0xd9, 0xa0, 0xae, 0x54, 0xad, 0x54, 0xac, 0x48, 0x91, 0x8a, 0x8a, 0x7b, 0x84, 0x97, 0xee, 0x8f, 0xd1, 0x99, 0x07, 0x85, 0x7e, 0xbf, 0xec, 0x87, 0x2e, 0x7b, 0xba, 0xeb, 0xd5, 0xad, 0x4f, 0xe1, 0xa9, 0xe5, 0xab, 0xea, 0x4d, 0x42, 0x3a, 0x82, 0xc0, 0x82, 0xc3, 0xf1, 0x34, 0x24, 0xb4, 0x32, 0x72, 0x24, 0x66, 0x29, 0x17, 0x2e, 0x58, 0x1c, 0xb1, 0x62, 0x71, 0x9c, 0x36, 0x6e, 0x5f, 0x75, 0x61, 0x5c, 0x7b, 0x7b, 0x75, 0x7b, 0xbc, 0x2d, 0xbc, 0x8a, 0x89, 0x91, 0x46, 0xd9, 0xdb, 0xe0, 0x51, 0xdf, 0x51, 0xdf, 0xdf, 0xe0, 0xdf, 0x51, 0xfc, 0x51, 0xdf, 0x51, 0xaa, 0xdf, 0x4d, 0xa4, 0xdf, 0x08, 0x51, 0xc5, 0xbf, 0x7f, 0xbd, 0xbf, 0xbf, 0x99, 0xc0, 0xc5, 0x8b, 0x85, 0x92, 0xc9, 0x99, 0xd5, 0xd4, 0x96, 0xef, 0xf1, 0xf1, 0xf2, 0x9b, 0xf4, 0xf6, 0xdc, 0xde, 0xde, 0xe0, 0xfc, 0xe1, 0xf6, 0xfc, 0xe1, 0xe0, 0xfc, 0xfc, 0x54, 0x4a, 0x8b, 0xef, 0xca, 0x8b, 0x3e, 0x99, 0x3e, 0xc5, 0x85, 0xbf, 0x3a, 0xc1, 0xeb, 0xc2, 0xbb, 0xec, 0xb8, 0xb8, 0xf1, 0x54, 0xfc, 0xe7, 0xe6, 0xe5, 0xe7, 0xe7, 0xea, 0xae, 0xae, 0xae, 0xae, 0xae, 0xe6, 0x46, 0xf0, 0x84, 0xee, 0xc9, 0x84, 0xc6, 0x91, 0xee, 0xc9, 0xd5, 0x9b, 0xe7, 0xad, 0xe5, 0xad, 0xa4, 0xf2, 0xd8, 0xfa, 0xa4, 0xfc, 0xe1, 0xfd, 0xe4, 0xe6, 0xe5, 0xe7, 0xe5, 0xe1, 0xae, 0x54, 0x54, 0xae, 0x54, 0x54, 0xad, 0xe5, 0xfc, 0xde, 0xd6, 0xd6, 0x51, 0xe9, 0xfd, 0xe5, 0xe5, 0xe1, 0xe2, 0x51, 0xaa, 0xdf, 0x4d, 0xd9, 0xe1, 0xab, 0xaa, 0xfe, 0xaa, 0xe5, 0xa9, 0xe6, 0xae, 0xad, 0xa7, 0xd2, 0xc1, 0xbe, 0xba, 0x7e, 0xbe, 0xc3, 0x89, 0x8a, 0x8a, 0x9c, 0xa5, 0xa8, 0xa8, 0xac, 0x54, 0xab, 0xab, 0x52, 0x52, 0xe9, 0x52, 0x4f, 0xa9, 0xa9, 0x4f, 0xa2, 0x52, 0xa6, 0x52, 0x4f, 0xa6, 0xab, 0xa6, 0x9e, 0x9a, 0xa1, 
  0xae, 0xe9, 0xe6, 0xab, 0xe5, 0x4c, 0x4c, 0xfb, 0x01, 0xe2, 0xe1, 0xa8, 0xa8, 0x9f, 0xda, 0xac, 0xe2, 0xe2, 0xe9, 0x54, 0x54, 0x54, 0x54, 0x54, 0xae, 0xae, 0x54, 0xea, 0xa5, 0x9f, 0xd8, 0x9b, 0x9c, 0x97, 0xcd, 0xce, 0x8c, 0x8a, 0x43, 0xd9, 0xe1, 0xd8, 0xd1, 0x4d, 0xd1, 0xa0, 0x9f, 0xd4, 0xda, 0xa0, 0xa4, 0x4e, 0xae, 0xae, 0x54, 0x08, 0xce, 0x90, 0xc3, 0xc4, 0x7e, 0x91, 0xcc, 0xc9, 0xcc, 0xd4, 0xe1, 0x89, 0x7e, 0x81, 0x89, 0x80, 0x75, 0xbc, 0x7e, 0xb9, 0xd0, 0xad, 0xdd, 0xa8, 0xa9, 0xfd, 0xe8, 0x53, 0x9b, 0xcb, 0xef, 0x49, 0x4a, 0xcd, 0x92, 0x31, 0x66, 0x72, 0xba, 0x7e, 0x80, 0x74, 0x2a, 0x5c, 0x24, 0x75, 0x5e, 0x56, 0x27, 0x64, 0x66, 0x91, 0x49, 0x71, 0x2a, 0x2a, 0x74, 0x24, 0x64, 0xc0, 0x3f, 0x42, 0x84, 0xba, 0xbb, 0xc2, 0xca, 0xc9, 0x91, 0xcd, 0xd1, 0xd5, 0x9c, 0x96, 0x97, 0x9b, 0x99, 0x96, 0xd6, 0xd6, 0x46, 0x46, 0xd6, 0x49, 0x9c, 0x4b, 0xdb, 0x4d, 0x51, 0xdc, 0xc9, 0x7a, 0xbb, 0xc0, 0xeb, 0x33, 0x33, 0xc6, 0xc5, 0xc6, 0x85, 0xc6, 0xc4, 0xc9, 0xd4, 0xd9, 0xda, 0xd4, 0xef, 0xf2, 0xd4, 0xf4, 0xf5, 0xf6, 0xdc, 0xde, 0xde, 0xdc, 0xdf, 0xde, 0xdc, 0xf6, 0xfc, 0xdf, 0xe0, 0xe2, 0x00, 0x9b, 0x44, 0xc9, 0xcb, 0xca, 0x8b, 0x92, 0xca, 0x85, 0xc0, 0x85, 0xc5, 0x85, 0xf6, 0xb9, 0xbc, 0xbb, 0xc2, 0xb7, 0xef, 0xae, 0xe6, 0xe9, 0xe9, 0xe7, 0xe7, 0xe9, 0xe7, 0xe7, 0xac, 0xae, 0xae, 0xae, 0xad, 0x54, 0x51, 0xc2, 0xee, 0xd0, 0xc1, 0xc9, 0x84, 0xc4, 0xd5, 0xc9, 0xd1, 0xd4, 0xd9, 0x54, 0xaa, 0xea, 0xe6, 0xe0, 0xf5, 0xde, 0xde, 0xe2, 0xfc, 0xe4, 0xfd, 0xe5, 0xe7, 0xe5, 0xe7, 0xe7, 0xad, 0x54, 0xae, 0x54, 0xae, 0x54, 0xae, 0xea, 0xe0, 0xdc, 0xde, 0xd9, 0xd6, 0x51, 0xe6, 0xe4, 0xe5, 0xe1, 0xe1, 0xe1, 0xe2, 0x51, 0xdb, 0xa4, 0xa8, 0xe2, 0xaa, 0xe6, 0xab, 0xfe, 0xe6, 0xa9, 0xe2, 0xa9, 0xe9, 0x54, 0xe6, 0xf4, 0x8a, 0xc2, 0x8c, 0xed, 0x83, 0xed, 0xc3, 0xc6, 0x8a, 0xc3, 0x91, 0x97, 0x9c, 0xa3, 0xdd, 0xa5, 0xa7, 0x4c, 0xa2, 0x4f, 0x4c, 0x52, 0xa9, 0xa1, 0x4f, 0xa6, 0xa6, 0xa6, 0x53, 0xa6, 0xa1, 0xa1, 0xa1, 0x4f, 
  0xad, 0xab, 0xe6, 0xab, 0xa9, 0xa2, 0x4c, 0xfb, 0x54, 0xac, 0xe4, 0xe2, 0xa8, 0xa7, 0xda, 0xe4, 0xab, 0xe6, 0xa9, 0xad, 0x54, 0x54, 0x54, 0x54, 0x54, 0x54, 0xae, 0x54, 0x54, 0xa8, 0x9f, 0x97, 0xcb, 0x90, 0x91, 0x90, 0xca, 0x8a, 0x84, 0x89, 0x96, 0xa4, 0xd5, 0x9f, 0xd6, 0xd1, 0xdb, 0x97, 0x9f, 0xd4, 0x9f, 0xa4, 0xdc, 0xae, 0xae, 0x54, 0x9c, 0x93, 0xcb, 0x82, 0x7e, 0x84, 0x97, 0xc8, 0x93, 0xf3, 0xa0, 0x89, 0x7e, 0xc2, 0xc6, 0x35, 0x76, 0x7e, 0x7b, 0xb9, 0xf3, 0xad, 0xa5, 0xa8, 0xa9, 0xaa, 0xe6, 0xe4, 0x4e, 0x05, 0x9f, 0x3e, 0x3a, 0xc1, 0x3e, 0x2a, 0x6f, 0xb9, 0x7d, 0x84, 0x3f, 0x66, 0x24, 0x6c, 0x1c, 0x1c, 0x5c, 0x5c, 0x5f, 0x6e, 0x6d, 0xcc, 0xa0, 0x75, 0x2e, 0x66, 0x23, 0x2c, 0xb8, 0x74, 0x7b, 0xc1, 0xc6, 0xbd, 0x7b, 0xb9, 0x82, 0xcd, 0xcd, 0xef, 0xd0, 0xd0, 0xcd, 0x96, 0xce, 0xce, 0x96, 0x46, 0xce, 0x96, 0xd4, 0xd1, 0xd4, 0xd5, 0x4a, 0xd6, 0xa0, 0xa4, 0xde, 0xe9, 0xef, 0xbf, 0xeb, 0x33, 0xbf, 0x7a, 0xb7, 0x33, 0xd1, 0xc9, 0xbf, 0xc5, 0xec, 0xc9, 0x46, 0x92, 0xce, 0x05, 0xd4, 0xf1, 0xf4, 0xf4, 0xd9, 0xde, 0xde, 0xdc, 0xf6, 0xdc, 0xf6, 0xf4, 0xf4, 0xde, 0xe1, 0xdf, 0xe0, 0xe9, 0x9b, 0x8b, 0x92, 0xc4, 0xc9, 0xc9, 0x3e, 0xf2, 0x3a, 0x85, 0xc5, 0x85, 0xbd, 0xbf, 0xe0, 0xbf, 0xeb, 0xbd, 0xec, 0xbd, 0xe7, 0x54, 0xe8, 0xad, 0xea, 0xe7, 0xe7, 0xe7, 0xe7, 0xe5, 0xe9, 0xae, 0xae, 0xae, 0xab, 0x54, 0xc9, 0xc6, 0xd5, 0xc1, 0xc6, 0xee, 0xbf, 0x84, 0xd1, 0x9b, 0xc6, 0x9b, 0xd6, 0x54, 0xe6, 0xab, 0xea, 0xae, 0xe0, 0xdc, 0xdd, 0xfc, 0xfd, 0xe5, 0xe4, 0xfc, 0xe7, 0xe7, 0xe5, 0xe5, 0xe9, 0x54, 0x54, 0xae, 0x54, 0xad, 0xea, 0xe9, 0xe7, 0xfa, 0xd9, 0xf4, 0xf4, 0xd9, 0xfc, 0xe5, 0xfd, 0xe1, 0xa8, 0x51, 0x51, 0xe1, 0xa3, 0xa4, 0xa9, 0xaa, 0xfe, 0xa9, 0xa9, 0xa9, 0xa9, 0xa9, 0xa9, 0xa9, 0x54, 0xae, 0x54, 0x54, 0x54, 0x9f, 0xed, 0x83, 0xc6, 0xc8, 0x89, 0xc3, 0x84, 0x8a, 0x8a, 0x8a, 0x91, 0xce, 0x96, 0x98, 0x9a, 0x9f, 0xa2, 0x51, 0x52, 0x4c, 0xaa, 0xea, 0xa2, 0x4f, 0xa6, 0xa8, 0xa1, 0xa1, 0x9e, 0xa6, 0xa6, 0xe8, 
  0xea, 0xe6, 0xab, 0xab, 0xe5, 0x4f, 0x9d, 0xe7, 0x54, 0xea, 0xe4, 0xaa, 0xe2, 0xe4, 0xa3, 0xa7, 0xe6, 0xab, 0xe5, 0xe6, 0x54, 0x54, 0x54, 0x54, 0x54, 0xae, 0xad, 0xea, 0xad, 0xea, 0xa5, 0xa0, 0x97, 0x91, 0xcd, 0x91, 0xca, 0x8a, 0xc5, 0x82, 0x7e, 0x3b, 0x99, 0x9b, 0xf6, 0x97, 0x9b, 0x9c, 0xd4, 0x9f, 0x96, 0xdd, 0xd9, 0xa5, 0xad, 0xac, 0x54, 0x9c, 0xc8, 0x8a, 0xec, 0x7b, 0xee, 0xcc, 0xee, 0x98, 0x99, 0x3b, 0xc2, 0x87, 0xc9, 0x32, 0x7b, 0x81, 0xb9, 0xbe, 0xfd, 0xaa, 0xa7, 0xa8, 0xe5, 0xa9, 0x51, 0x49, 0x44, 0xef, 0xc4, 0xc5, 0xc5, 0x03, 0x75, 0x76, 0xba, 0xbc, 0xec, 0x80, 0x6a, 0x24, 0x6e, 0x5f, 0x24, 0x26, 0x15, 0x66, 0x61, 0x6a, 0xc5, 0x52, 0x4d, 0x76, 0x35, 0x24, 0x6a, 0x1a, 0x2d, 0xc2, 0xb8, 0x7b, 0xc0, 0xed, 0xc2, 0xbe, 0xba, 0xc3, 0xcb, 0xd1, 0x99, 0xf2, 0xf2, 0xf2, 0xcd, 0xd4, 0xd4, 0xd1, 0x96, 0x96, 0xce, 0x46, 0xd5, 0x9f, 0xd8, 0xda, 0xda, 0xa4, 0xdd, 0xe6, 0xe9, 0xca, 0xc0, 0xeb, 0xb8, 0xeb, 0x7f, 0xb7, 0xc5, 0xc9, 0xbf, 0x8b, 0xc2, 0x92, 0x92, 0xc9, 0xcb, 0x92, 0xcd, 0xef, 0xf2, 0xf4, 0xd6, 0xf5, 0xdb, 0xd6, 0xd9, 0xd8, 0xf2, 0xf1, 0xd4, 0x4d, 0xa4, 0xe0, 0xe0, 0x01, 0x92, 0xc9, 0xc9, 0xc4, 0x92, 0xc4, 0xf1, 0x90, 0x85, 0x3a, 0x7a, 0x7a, 0x7a, 0xbb, 0xdc, 0xed, 0xb8, 0xec, 0xec, 0x9b, 0x54, 0xab, 0xac, 0xe9, 0xe6, 0xe6, 0xe6, 0xe7, 0xe5, 0xe5, 0xe7, 0x54, 0xad, 0xae, 0xad, 0xae, 0xc9, 0xd1, 0xc6, 0xed, 0xf2, 0xed, 0xc9, 0xc9, 0xc6, 0xf5, 0x92, 0x99, 0xac, 0xe7, 0xe8, 0xe6, 0xe9, 0xe9, 0xac, 0xf7, 0xf6, 0xfd, 0xe5, 0xfd, 0xe5, 0xe4, 0xfd, 0xe5, 0xe7, 0xe5, 0xe0, 0xe9, 0x54, 0xad, 0xe9, 0xe9, 0xab, 0xe7, 0xab, 0xe7, 0xe1, 0xdb, 0xf4, 0xd5, 0xa0, 0xe1, 0xe5, 0xe1, 0x51, 0xfc, 0xa8, 0xdf, 0xa0, 0xa4, 0xde, 0xa9, 0xe1, 0xa9, 0xe5, 0xe2, 0xa9, 0xae, 0x54, 0x54, 0x40, 0x82, 0x3c, 0x3c, 0x50, 0x54, 0xe7, 0x9f, 0xee, 0x8a, 0xc3, 0xca, 0x8a, 0xc8, 0x93, 0xce, 0x93, 0x96, 0xd3, 0xa0, 0xe1, 0xa8, 0xa6, 0xa7, 0x54, 0xa6, 0xa2, 0x54, 0xe6, 0x4c, 0x4f, 0x4f, 0x4f, 0xa9, 0xa9, 0xe8, 0xab, 0xa9, 
  0xae, 0xe9, 0xab, 0xe6, 0xe5, 0xa6, 0x9d, 0xa9, 0x54, 0xac, 0xaa, 0xaa, 0xaa, 0xaa, 0xa7, 0xdd, 0xe9, 0xe5, 0xe5, 0xea, 0x54, 0x54, 0x54, 0x54, 0x54, 0xae, 0xea, 0xe9, 0xea, 0xea, 0xae, 0xaa, 0x51, 0x99, 0x91, 0x93, 0x91, 0x90, 0x90, 0x8a, 0x3e, 0x82, 0x82, 0x89, 0x43, 0xf6, 0xf2, 0xd9, 0xce, 0x9c, 0x97, 0x9c, 0xa3, 0xd8, 0xa5, 0x51, 0x54, 0x54, 0x97, 0xc3, 0x89, 0xbe, 0x84, 0xcc, 0xcc, 0xd0, 0x48, 0xc8, 0xc4, 0xed, 0x8c, 0x35, 0x7e, 0xba, 0xba, 0xd0, 0x54, 0xa8, 0x51, 0xe2, 0xaa, 0xfd, 0x50, 0xd6, 0xd2, 0xf1, 0x92, 0x3a, 0x3a, 0x75, 0x74, 0x72, 0xba, 0x7e, 0x84, 0x80, 0x2e, 0x77, 0x2a, 0x5f, 0x76, 0x6e, 0x5b, 0x62, 0x66, 0x27, 0xba, 0xdf, 0xaa, 0x87, 0x35, 0xb2, 0x2a, 0x27, 0x64, 0x7b, 0xc4, 0x77, 0xbd, 0xc2, 0xed, 0xec, 0xbe, 0x7e, 0xc7, 0xee, 0xcc, 0xcd, 0x96, 0xd4, 0x9b, 0xf3, 0x96, 0x91, 0x91, 0xd5, 0x9b, 0xce, 0xd4, 0xd6, 0xf5, 0xd8, 0xdd, 0xe9, 0xe9, 0xae, 0xae, 0xcd, 0x7f, 0xeb, 0x7a, 0xbb, 0xb7, 0x33, 0x7a, 0x92, 0xc4, 0xc4, 0xec, 0x92, 0xca, 0xce, 0x96, 0xca, 0x85, 0xc9, 0xf1, 0xf1, 0xd4, 0x9b, 0xf4, 0xd4, 0x9b, 0xcd, 0xef, 0xcd, 0xf1, 0xca, 0xa4, 0xaa, 0x50, 0x46, 0xce, 0xc9, 0xc9, 0x8b, 0xc9, 0x92, 0x92, 0x7a, 0x7a, 0xbb, 0x7a, 0xc4, 0xbf, 0xcd, 0x54, 0xec, 0xb9, 0xeb, 0xc7, 0x54, 0xad, 0xab, 0xe8, 0xe5, 0xe5, 0xfd, 0xe6, 0xe6, 0xe4, 0xfc, 0xe7, 0xae, 0xae, 0xad, 0x54, 0xaa, 0xdc, 0xcb, 0xc2, 0xf3, 0xcd, 0xc7, 0xc9, 0xef, 0xc9, 0xce, 0xd5, 0x92, 0x08, 0xea, 0xab, 0xe6, 0xe9, 0xab, 0xae, 0xfc, 0xfc, 0xfd, 0xe5, 0xe4, 0xe5, 0xe5, 0xe5, 0xe5, 0xe5, 0xe7, 0xfd, 0xe5, 0xae, 0xe9, 0xe9, 0xab, 0xe7, 0xe6, 0xe6, 0xe7, 0xe4, 0xde, 0xf7, 0xd9, 0xd5, 0xda, 0xe1, 0xe4, 0x51, 0xa7, 0xdf, 0xa3, 0xd9, 0xd9, 0x4e, 0xfe, 0xa8, 0xfd, 0xa8, 0xa7, 0x54, 0x91, 0x89, 0x90, 0x2d, 0x6a, 0x6a, 0x76, 0x81, 0x4a, 0xab, 0x01, 0x4f, 0xf5, 0xd8, 0xa3, 0x9b, 0x48, 0xf6, 0xa0, 0x4b, 0xa2, 0x54, 0x54, 0xea, 0xe6, 0x54, 0xa8, 0xaa, 0xac, 0x4f, 0xa6, 0xa6, 0xa2, 0x9e, 0xa2, 0xa1, 0xa1, 0x9e, 0xa1, 0x4c, 0xa6, 
  0xad, 0xab, 0xe6, 0xab, 0xaa, 0xa6, 0x9d, 0xfd, 0x54, 0xad, 0xe5, 0xe2, 0xe5, 0xe5, 0xe6, 0xa3, 0xe4, 0xab, 0xe6, 0xa9, 0x54, 0x54, 0x54, 0x54, 0x54, 0xad, 0xea, 0xea, 0xea, 0xe9, 0xe9, 0xea, 0xad, 0x4a, 0x96, 0x91, 0x90, 0x3e, 0x8a, 0x89, 0x89, 0x84, 0x81, 0x35, 0x35, 0x87, 0x42, 0xd6, 0x9f, 0xcd, 0x9f, 0xce, 0xd9, 0xd5, 0xda, 0xe5, 0xe4, 0x54, 0x08, 0x91, 0x84, 0x81, 0x7e, 0xc8, 0x91, 0xcc, 0xcb, 0x89, 0xc7, 0x8c, 0x8b, 0x78, 0x76, 0xbc, 0xbe, 0xf3, 0x54, 0xa8, 0xe2, 0xa9, 0xe0, 0x52, 0x4e, 0x4b, 0x46, 0xc5, 0x38, 0xc4, 0x3b, 0x2e, 0xbc, 0xba, 0x7e, 0xbc, 0xd1, 0x44, 0x37, 0x6f, 0x62, 0x76, 0x1f, 0xb1, 0xb2, 0x5b, 0xb3, 0x66, 0xb6, 0xd2, 0x54, 0x4b, 0x74, 0x2c, 0x24, 0x29, 0xec, 0x6e, 0x7e, 0x89, 0xc9, 0xc2, 0xc2, 0xc7, 0xbf, 0xc2, 0xc2, 0xc6, 0xef, 0xd2, 0x97, 0xd0, 0xd5, 0x93, 0xee, 0x97, 0xd4, 0x97, 0xdc, 0xdd, 0xd9, 0xa0, 0xe6, 0xe1, 0xe4, 0xae, 0xae, 0xae, 0x54, 0xc9, 0xbf, 0xeb, 0xb7, 0xbb, 0xbb, 0xb7, 0xb7, 0xc9, 0xcd, 0xc1, 0xc1, 0x92, 0x8b, 0xf1, 0x4a, 0xd6, 0xef, 0xc9, 0x8b, 0xc9, 0xef, 0xf1, 0xd4, 0xf1, 0xef, 0x8b, 0xef, 0xca, 0xee, 0x9b, 0xe1, 0xe1, 0x4a, 0x8b, 0x8b, 0xc6, 0xc9, 0xc5, 0x92, 0x92, 0xbb, 0x74, 0x7a, 0xc0, 0xc4, 0xbf, 0xc9, 0x54, 0x54, 0xec, 0xb9, 0xec, 0xf5, 0x54, 0xaa, 0xfe, 0xa9, 0xfd, 0xe2, 0xe4, 0xe5, 0xe5, 0xfc, 0xfc, 0xe4, 0xad, 0xae, 0xae, 0xae, 0xa8, 0xab, 0xc9, 0xf2, 0xd5, 0xee, 0xef, 0xca, 0xc9, 0xf1, 0xc9, 0x9b, 0xef, 0xdc, 0x54, 0xe5, 0xe6, 0xab, 0xea, 0xe9, 0x54, 0x54, 0xe5, 0xe5, 0xfd, 0xe6, 0xe5, 0xe6, 0xfd, 0xe7, 0xe5, 0xe5, 0xe9, 0xae, 0xea, 0xea, 0xe9, 0xe9, 0xe7, 0xe7, 0xe6, 0xab, 0xe7, 0xa4, 0xf5, 0xd8, 0xd6, 0xa0, 0xe4, 0xe1, 0xdb, 0x46, 0xda, 0xd8, 0xd6, 0xa8, 0xe2, 0xa9, 0xa7, 0xa9, 0x54, 0xa0, 0x6e, 0xb3, 0x6a, 0x6a, 0x6a, 0x6f, 0x74, 0x76, 0x7b, 0x88, 0xa8, 0x54, 0x54, 0xd7, 0xc7, 0x90, 0x8a, 0x43, 0x49, 0x4b, 0x4b, 0x48, 0x43, 0x4c, 0xa1, 0x4c, 0x4e, 0x4f, 0xa2, 0xa6, 0x9e, 0x48, 0x52, 0x4c, 0x47, 0x4c, 0xe2, 0xa8, 0xa2, 0xdd, 0xa2, 
  0xae, 0xea, 0xe6, 0xe9, 0xe6, 0xa6, 0x4c, 0xe8, 0x54, 0x54, 0x54, 0xe6, 0xe6, 0xaa, 0xe6, 0xe0, 0xa8, 0xe5, 0xe9, 0xe2, 0xe8, 0x54, 0x54, 0x54, 0xad, 0xea, 0xe9, 0xe9, 0xea, 0xe9, 0xff, 0xe7, 0xe7, 0xad, 0xe9, 0x4e, 0xf4, 0x94, 0x8a, 0x90, 0xc9, 0x89, 0x89, 0x87, 0x81, 0x80, 0x35, 0x87, 0x44, 0xf3, 0xf3, 0x97, 0x93, 0xd8, 0x48, 0xdc, 0xdf, 0xe4, 0x01, 0xa5, 0x8c, 0xbe, 0x80, 0x84, 0xcc, 0xcc, 0x91, 0x89, 0xc9, 0xee, 0x3c, 0x76, 0x7d, 0xbe, 0xbe, 0xd7, 0xac, 0xa8, 0xa8, 0x51, 0xa8, 0x4b, 0x03, 0xc9, 0xc2, 0xc1, 0x8b, 0xf1, 0x34, 0x74, 0xbc, 0xba, 0xbe, 0xbe, 0xfa, 0x90, 0x6f, 0x24, 0x76, 0x23, 0x5f, 0x1f, 0x5c, 0xb3, 0xb1, 0x74, 0x82, 0xa3, 0x54, 0x9c, 0x6f, 0x74, 0x24, 0x2b, 0xb3, 0xbd, 0x7e, 0xb6, 0x84, 0xcb, 0xc2, 0xc7, 0xc3, 0xed, 0xc7, 0xed, 0xee, 0xee, 0xd1, 0xf3, 0xd5, 0xf4, 0x97, 0xce, 0x9f, 0xd8, 0xe1, 0xad, 0xe6, 0xe5, 0xae, 0xae, 0xad, 0xea, 0xad, 0xad, 0x54, 0x54, 0xf1, 0xbf, 0xbb, 0xb5, 0xb7, 0x33, 0xb7, 0x7f, 0x9b, 0xec, 0xc5, 0x8b, 0xc4, 0xcd, 0x4a, 0xdf, 0xef, 0xc9, 0xc4, 0xc9, 0xc5, 0xef, 0xf1, 0xca, 0xc4, 0xc9, 0xc9, 0xc9, 0xef, 0xa4, 0xe4, 0x53, 0x99, 0xca, 0xc6, 0xc9, 0xc9, 0xc6, 0xf1, 0xbd, 0x7b, 0xc5, 0xc1, 0xbf, 0xbb, 0xbb, 0x85, 0xf6, 0x54, 0xec, 0xb9, 0xc9, 0x54, 0xe9, 0xa9, 0xa9, 0xe2, 0xe2, 0xdf, 0xfc, 0xe5, 0xe4, 0xe4, 0xe1, 0xe4, 0x54, 0xae, 0xae, 0xad, 0xaa, 0xdc, 0xee, 0xd8, 0xd4, 0xc9, 0xd1, 0xca, 0xef, 0xf2, 0xcd, 0xcd, 0x9b, 0xde, 0xae, 0xe6, 0xe6, 0xe7, 0xe9, 0xad, 0xad, 0xae, 0xae, 0xe4, 0xfd, 0xe7, 0xe5, 0xe7, 0xe4, 0xfd, 0xe7, 0xe5, 0xe4, 0xe5, 0xad, 0xe9, 0xe9, 0xe9, 0xe7, 0xe8, 0xe7, 0xe7, 0xe6, 0xe7, 0xfa, 0xd9, 0xd8, 0xd4, 0xd8, 0xe4, 0xdd, 0xcb, 0x9b, 0x9c, 0x46, 0xa9, 0xe2, 0xa7, 0x54, 0xd6, 0x82, 0x7e, 0xb3, 0xb2, 0xb3, 0x6a, 0xb3, 0x6f, 0x6f, 0x6f, 0x77, 0x80, 0x8a, 0xe1, 0x54, 0x54, 0xa4, 0xf0, 0xc7, 0xc2, 0x89, 0x89, 0x93, 0x93, 0x8f, 0x48, 0x4c, 0x9d, 0x47, 0x9f, 0x9e, 0xa2, 0x98, 0x41, 0x54, 0x54, 0x4f, 0x9e, 0x9e, 0x52, 0x54, 0xad, 0xa6, 
  0x54, 0xac, 0xab, 0xab, 0xe9, 0xa8, 0x9f, 0xad, 0x54, 0x54, 0x54, 0xe6, 0xe6, 0xe6, 0xe5, 0xa9, 0xe0, 0xe6, 0xe5, 0xe6, 0xab, 0x54, 0x54, 0xad, 0xea, 0xe9, 0xea, 0xe9, 0xe9, 0xe9, 0xe9, 0xe9, 0xe8, 0xe7, 0xfe, 0xe9, 0xe5, 0x9f, 0xc8, 0x8c, 0x8a, 0xc8, 0xc3, 0x89, 0xc3, 0x84, 0x7d, 0x35, 0x73, 0x36, 0x90, 0xd9, 0xcc, 0x9b, 0x97, 0x9f, 0x9f, 0xa3, 0xe5, 0x54, 0xa3, 0xc3, 0x81, 0x7d, 0xce, 0xd0, 0xd3, 0xc9, 0x91, 0xcb, 0x87, 0x7b, 0x7e, 0xbc, 0xed, 0xae, 0xe2, 0xa8, 0x4f, 0xa3, 0x4c, 0x96, 0xca, 0xc6, 0x92, 0x3e, 0x3e, 0x34, 0x6e, 0x7e, 0xbe, 0xbd, 0xbc, 0xc9, 0xd9, 0x74, 0x6a, 0x75, 0x64, 0x5c, 0x7f, 0x24, 0x1f, 0x72, 0xb3, 0xb3, 0x89, 0x09, 0x54, 0x4a, 0x75, 0x76, 0x23, 0x80, 0xb2, 0xb2, 0x8a, 0x7e, 0xb9, 0xec, 0xef, 0xc7, 0xed, 0xc3, 0xee, 0xc3, 0xc2, 0xcc, 0xf0, 0xcb, 0xd2, 0xd4, 0xd4, 0xd8, 0xd4, 0xd9, 0x54, 0x54, 0x54, 0x54, 0xe7, 0xab, 0xe9, 0xea, 0xea, 0xae, 0xad, 0x54, 0x9b, 0xc0, 0xeb, 0x33, 0xb5, 0x6c, 0x2f, 0x7a, 0x92, 0xc2, 0x8b, 0xc0, 0x85, 0xee, 0x42, 0x54, 0xef, 0x8b, 0xc4, 0xc4, 0x8b, 0xc9, 0xcd, 0x8b, 0xc9, 0xc5, 0xc1, 0xc9, 0xd8, 0xe9, 0x50, 0xd6, 0x96, 0xc9, 0xc5, 0xc6, 0xc9, 0xef, 0x82, 0x33, 0x7f, 0xb8, 0xb7, 0xbb, 0xbf, 0xc1, 0xef, 0xe5, 0x54, 0xec, 0xb9, 0xde, 0x54, 0xe1, 0xfe, 0xe2, 0xe1, 0xf6, 0x4a, 0xe1, 0xe5, 0xe4, 0xfc, 0xe1, 0xe7, 0x54, 0xae, 0x54, 0xad, 0xab, 0xde, 0xd5, 0xce, 0xee, 0xf2, 0xf1, 0x8b, 0xf1, 0xf1, 0xd4, 0x92, 0xdf, 0xae, 0xe9, 0xe9, 0xe6, 0xe6, 0xea, 0xad, 0xae, 0xae, 0xae, 0xad, 0xea, 0xe7, 0xe6, 0xe6, 0xe7, 0xfd, 0xe5, 0xe5, 0xfc, 0xe4, 0x54, 0xad, 0xe8, 0xe9, 0xe9, 0xe9, 0xe9, 0xe6, 0xe5, 0xa9, 0xfd, 0xe0, 0xf5, 0xd5, 0xd5, 0xdb, 0xaa, 0xcc, 0x90, 0x96, 0x9c, 0xfd, 0xa8, 0xae, 0xe0, 0x74, 0x66, 0x6e, 0x63, 0xb3, 0x66, 0x6a, 0x76, 0x2d, 0x6a, 0x75, 0x76, 0x7b, 0x8a, 0xe4, 0x54, 0xad, 0x54, 0x53, 0x48, 0xc8, 0x8d, 0x83, 0x86, 0x94, 0x4b, 0x9a, 0x98, 0xa2, 0x9c, 0x95, 0x8f, 0x47, 0x9e, 0x4f, 0x54, 0xab, 0x54, 0xe8, 0xa2, 0x9e, 0xa2, 0xa9, 0x54, 
  0x54, 0xea, 0xe9, 0xe9, 0xe6, 0xa8, 0xa0, 0x54, 0x54, 0x54, 0x54, 0xac, 0xaa, 0xe6, 0xaa, 0xab, 0xe1, 0xa9, 0xac, 0xe5, 0xab, 0x54, 0xae, 0xea, 0xea, 0xea, 0xe8, 0xea, 0xe8, 0xea, 0xe8, 0xe9, 0xe7, 0xe6, 0xe5, 0xfe, 0xe5, 0xe2, 0xdc, 0x9f, 0xd0, 0x8c, 0x8a, 0xc3, 0x89, 0x89, 0xc3, 0x84, 0x80, 0x78, 0x71, 0x35, 0x8c, 0x99, 0xd3, 0x97, 0xf3, 0x9c, 0xa7, 0xe1, 0x54, 0x9c, 0x83, 0x80, 0x84, 0xd4, 0xcc, 0x91, 0x91, 0xce, 0x87, 0x7b, 0xbe, 0xec, 0xd7, 0xad, 0xa8, 0xe2, 0xa5, 0xa8, 0x4e, 0x99, 0xce, 0x42, 0x3a, 0xbd, 0x37, 0x75, 0xba, 0xbc, 0xeb, 0xbc, 0xd5, 0xe7, 0x96, 0x75, 0x76, 0x6a, 0x5c, 0x6e, 0x64, 0x6f, 0xb0, 0x66, 0x77, 0x66, 0x77, 0xa3, 0x54, 0x06, 0x3b, 0x71, 0x6a, 0x2e, 0x2d, 0x6e, 0xb8, 0x84, 0xc0, 0xec, 0xf3, 0xd8, 0xc7, 0xee, 0xc8, 0x8a, 0xc2, 0xed, 0xd2, 0xd1, 0xd0, 0xc8, 0xcb, 0xd5, 0xcb, 0xed, 0x46, 0xda, 0xce, 0x08, 0x54, 0x54, 0xea, 0xac, 0xea, 0xad, 0xae, 0x54, 0xdb, 0xc6, 0xeb, 0xb7, 0xb8, 0xb7, 0x6c, 0xb5, 0xc5, 0xc9, 0xc9, 0x37, 0xc6, 0xc5, 0xcd, 0xd6, 0xc4, 0x85, 0xc4, 0x85, 0xc4, 0xca, 0xef, 0xc5, 0xc6, 0xc1, 0xc6, 0xca, 0x9b, 0x54, 0xd6, 0xce, 0xce, 0x92, 0xc9, 0xc6, 0xef, 0x8b, 0x27, 0xb3, 0x6c, 0x74, 0xc1, 0xc5, 0xc4, 0x92, 0xfc, 0x54, 0xea, 0xc2, 0xf0, 0x54, 0xe5, 0xfe, 0xa9, 0xde, 0x05, 0xf1, 0x4a, 0xe5, 0xaa, 0xfc, 0xe1, 0xe1, 0xe4, 0xae, 0x54, 0xae, 0x54, 0xe9, 0xfc, 0xe5, 0xcd, 0xcb, 0xd5, 0xee, 0xca, 0xd4, 0xcd, 0xf4, 0xf1, 0xda, 0x54, 0xab, 0xea, 0xab, 0xe7, 0xe9, 0xae, 0xae, 0xae, 0xae, 0xae, 0xae, 0xe7, 0xe5, 0xe5, 0xe6, 0xe5, 0xe5, 0xe7, 0xe5, 0xde, 0xa4, 0xac, 0xae, 0xad, 0xad, 0xe9, 0xe7, 0xe9, 0xe9, 0xea, 0xea, 0xe9, 0xe1, 0xda, 0xd8, 0xd6, 0xe0, 0x99, 0xc3, 0x42, 0xd8, 0xaa, 0xad, 0x54, 0x7f, 0x69, 0x6a, 0xb4, 0xb3, 0x6a, 0x69, 0x7b, 0x6c, 0x66, 0x2d, 0x6e, 0x77, 0x81, 0xe7, 0x54, 0x54, 0x54, 0xe6, 0xe0, 0x08, 0x09, 0xe1, 0xa3, 0x98, 0x8e, 0x94, 0xa5, 0xa1, 0x98, 0xa3, 0x47, 0x43, 0xa1, 0x95, 0x9d, 0xa6, 0xad, 0xab, 0xae, 0xae, 0xe9, 0xa6, 0x4f, 0x4f, 
  0x54, 0xe9, 0xab, 0xe9, 0xe6, 0xa8, 0xf8, 0xae, 0x54, 0x54, 0x54, 0x54, 0xe9, 0xaa, 0xe6, 0xab, 0xe6, 0xe1, 0xe9, 0xe9, 0xe1, 0xea, 0x54, 0x54, 0xae, 0xae, 0xad, 0xad, 0xad, 0xea, 0xad, 0xad, 0xad, 0xad, 0xe6, 0xe6, 0xe8, 0xe6, 0xfd, 0xe6, 0xe2, 0x9f, 0xd0, 0xc8, 0x8a, 0xc8, 0xc3, 0xed, 0xc3, 0xec, 0x7e, 0x6f, 0x6d, 0x35, 0x91, 0xd4, 0x9d, 0x97, 0x9f, 0xa5, 0xa8, 0x54, 0xce, 0x83, 0x35, 0x91, 0xd3, 0xcd, 0x91, 0xd1, 0x81, 0x7e, 0x84, 0xc2, 0xa5, 0xe6, 0xa9, 0xa9, 0xa8, 0xab, 0x4b, 0x90, 0xc4, 0x7b, 0xbb, 0xef, 0x31, 0xb8, 0xbc, 0xeb, 0xb9, 0xc1, 0x54, 0xe4, 0x54, 0x90, 0xb6, 0xb2, 0xb6, 0x66, 0x23, 0x6e, 0xb3, 0x64, 0xb8, 0xb6, 0xb6, 0xd3, 0x09, 0xad, 0x4e, 0x2d, 0x2e, 0x2e, 0x27, 0x74, 0xec, 0xbb, 0xbb, 0x8b, 0x54, 0xad, 0xd1, 0xee, 0x97, 0xc8, 0x91, 0xed, 0xc3, 0xd0, 0xd2, 0xd4, 0xd0, 0xc8, 0xef, 0xc6, 0xc4, 0xf2, 0xc9, 0xcd, 0xd4, 0xdb, 0xae, 0xe9, 0x54, 0xae, 0xae, 0xae, 0x54, 0xde, 0xc9, 0xc1, 0xb8, 0xb7, 0xb7, 0xb7, 0xbb, 0xef, 0x3e, 0xbd, 0xc9, 0xc0, 0xce, 0xf2, 0xef, 0xc4, 0x85, 0xc4, 0xc4, 0xca, 0xc9, 0xc5, 0xc1, 0xc0, 0xcb, 0x92, 0xdb, 0x54, 0xdb, 0x9b, 0xc9, 0xc9, 0xc6, 0x8b, 0xd4, 0x6c, 0xb3, 0xc0, 0xc4, 0xc5, 0xbd, 0xbb, 0xc4, 0xf7, 0x54, 0xac, 0xae, 0xd7, 0x54, 0x54, 0xea, 0xe6, 0xdb, 0x46, 0xf1, 0x3e, 0x3e, 0xa4, 0xe7, 0xe1, 0x00, 0xe1, 0xe4, 0xae, 0x54, 0xae, 0x54, 0xaa, 0xe2, 0xfc, 0xcb, 0xf2, 0xd4, 0xcd, 0xca, 0xd4, 0xd4, 0xd4, 0xf4, 0xd8, 0x54, 0xe9, 0xea, 0xe9, 0xe9, 0xab, 0xad, 0xad, 0xae, 0xae, 0xae, 0x54, 0xae, 0xe5, 0xe9, 0xe5, 0xe6, 0xe5, 0xe5, 0xe7, 0xf6, 0xd8, 0xdc, 0xfc, 0x51, 0xe0, 0xe4, 0x53, 0xe0, 0x51, 0x07, 0x07, 0xe9, 0x54, 0xe6, 0xdf, 0xda, 0xd8, 0xa3, 0xbf, 0x87, 0xd6, 0xea, 0xe5, 0x3b, 0x6e, 0x6e, 0x6e, 0xb3, 0x66, 0x6e, 0x7d, 0x29, 0x24, 0x2b, 0x6a, 0x74, 0x80, 0xd9, 0xe5, 0x01, 0xa3, 0x4f, 0xa7, 0xa3, 0xa6, 0xa7, 0xab, 0xe8, 0x54, 0xa8, 0x9a, 0xcf, 0xa7, 0x9d, 0x43, 0x4c, 0x54, 0x8e, 0x8f, 0x3d, 0x4f, 0xe9, 0xea, 0xac, 0xab, 0xae, 0xac, 0xea, 0xa9, 
  0xae, 0xe9, 0xab, 0xac, 0xab, 0x51, 0xdd, 0x54, 0x54, 0x54, 0x54, 0x54, 0xad, 0xe5, 0xe6, 0xe6, 0xe6, 0xe2, 0xe5, 0xad, 0xa9, 0xe5, 0x54, 0x54, 0xae, 0xae, 0xad, 0xae, 0xae, 0x54, 0xae, 0x54, 0x54, 0xae, 0xae, 0xae, 0x54, 0xea, 0xa9, 0xab, 0xac, 0xa9, 0xa8, 0x4d, 0xd4, 0x8c, 0xc3, 0x88, 0x84, 0x81, 0x81, 0xbe, 0x7b, 0x72, 0x71, 0x80, 0x90, 0xd5, 0xf3, 0x9f, 0xd9, 0x53, 0xe9, 0x91, 0x83, 0x81, 0xd4, 0xcc, 0x46, 0xce, 0x81, 0xc2, 0x83, 0xbe, 0xa7, 0xac, 0xe2, 0xa9, 0xe9, 0x4b, 0x3f, 0xc0, 0x7f, 0xc0, 0xca, 0x38, 0x2b, 0xbe, 0xbe, 0xbc, 0xbb, 0xf5, 0xab, 0xe8, 0x50, 0x7b, 0x6e, 0x74, 0x6f, 0x61, 0x2d, 0x5e, 0x6a, 0xb3, 0x6e, 0x7b, 0xce, 0xe0, 0x51, 0x54, 0x49, 0x6f, 0x76, 0x2b, 0x2e, 0x23, 0x75, 0xc8, 0x7a, 0xba, 0x92, 0x54, 0xac, 0xf3, 0xf0, 0xcc, 0xc8, 0x97, 0xc3, 0xed, 0xc8, 0xcb, 0x97, 0xf0, 0xc7, 0xd1, 0xc6, 0xc9, 0xd0, 0xc9, 0xd0, 0xc9, 0x9b, 0x9b, 0xd8, 0x54, 0x54, 0xad, 0xad, 0x54, 0xde, 0xed, 0xc1, 0xbb, 0xb8, 0xb7, 0xbb, 0x8b, 0xca, 0xbd, 0xc4, 0x7f, 0xef, 0xcd, 0xf2, 0xc6, 0xc0, 0xc4, 0xc1, 0xc9, 0x8b, 0xc4, 0xc0, 0xc6, 0xc6, 0xd5, 0x4d, 0x50, 0xd6, 0xd4, 0x92, 0xc9, 0xc6, 0xd5, 0x2e, 0x24, 0x74, 0xbb, 0x2f, 0xb5, 0xeb, 0xc5, 0xd0, 0xd5, 0xac, 0xad, 0xae, 0x54, 0xae, 0xe9, 0x4a, 0x9b, 0x44, 0x3e, 0x8b, 0x37, 0xc0, 0xd9, 0xac, 0xfc, 0xe1, 0x00, 0xe7, 0x54, 0x54, 0x54, 0x54, 0xfc, 0xe4, 0xa4, 0xd4, 0xd4, 0xcd, 0xd4, 0xef, 0xf1, 0xd9, 0xf2, 0xf6, 0xa4, 0xad, 0xe8, 0xea, 0xe9, 0xea, 0xe9, 0xe9, 0xae, 0xae, 0xae, 0xad, 0xe6, 0xe4, 0xdf, 0xe4, 0xe9, 0xe5, 0xe7, 0xfd, 0xe7, 0xd9, 0xf2, 0xda, 0xdb, 0xa0, 0xd8, 0x9c, 0xd9, 0xdb, 0xa0, 0xd9, 0x4a, 0x4d, 0xdc, 0x4e, 0xd9, 0xd9, 0xa0, 0xe0, 0x81, 0x74, 0x96, 0x54, 0x81, 0x74, 0x6e, 0x6a, 0xb6, 0x6a, 0x72, 0x87, 0x27, 0x24, 0xb3, 0xb3, 0x6a, 0x80, 0xdf, 0x4f, 0x94, 0x9a, 0x9a, 0x9d, 0x9f, 0x9d, 0x48, 0x9a, 0x9e, 0x9a, 0x9e, 0x9e, 0x9d, 0x9a, 0xcf, 0x03, 0x36, 0x54, 0xa1, 0x3d, 0x9e, 0x8e, 0x9e, 0x54, 0xe9, 0xea, 0xe9, 0xea, 0xe9, 0xae, 0xac, 
  0x54, 0xae, 0xab, 0xab, 0x08, 0xa7, 0xdd, 0x54, 0x54, 0x54, 0x54, 0x54, 0xae, 0xab, 0xe5, 0xe6, 0xe6, 0xe6, 0xa9, 0xe9, 0xea, 0xab, 0x54, 0xae, 0x54, 0xae, 0xad, 0xad, 0xad, 0xae, 0xae, 0x54, 0xae, 0x54, 0xae, 0x54, 0xae, 0xae, 0x54, 0x54, 0x54, 0xab, 0xe8, 0x54, 0x54, 0xe4, 0xa0, 0x97, 0x8a, 0x84, 0xc1, 0x80, 0x7d, 0x80, 0xba, 0x6d, 0x73, 0x80, 0x93, 0x9c, 0x9f, 0x9f, 0xe4, 0x07, 0x91, 0xc3, 0x93, 0x9b, 0x48, 0xcd, 0x84, 0x8a, 0xbe, 0x97, 0x54, 0xaa, 0xe2, 0xab, 0xa8, 0x9d, 0x3e, 0xc5, 0x89, 0x8b, 0x37, 0x2d, 0xb5, 0xeb, 0xbc, 0xed, 0xd5, 0xab, 0xa7, 0x54, 0x89, 0x77, 0x77, 0x77, 0xb2, 0x6e, 0x2d, 0xb1, 0x66, 0xb9, 0x6a, 0x74, 0x92, 0x54, 0xde, 0xad, 0x05, 0x75, 0x7b, 0x68, 0x2d, 0x2b, 0xb3, 0xbf, 0xc6, 0xc1, 0xbd, 0xf7, 0x54, 0x01, 0xf3, 0xcd, 0xc8, 0xcc, 0xcb, 0xc3, 0xc8, 0xcc, 0xc8, 0xd0, 0xd2, 0x92, 0x96, 0xee, 0xcd, 0xc6, 0x92, 0xd0, 0xca, 0xd4, 0xc6, 0xce, 0x07, 0xaa, 0x09, 0xe9, 0x54, 0xf4, 0xec, 0xbd, 0xbd, 0xb8, 0xb8, 0xc1, 0xc4, 0xc1, 0xbf, 0x7b, 0xc9, 0x92, 0xf6, 0xee, 0xc9, 0x85, 0xc4, 0x8b, 0xc5, 0xc1, 0x8a, 0xc4, 0xcd, 0xfc, 0x4d, 0xd6, 0xf1, 0x99, 0xef, 0xc9, 0xd5, 0x3a, 0x1a, 0x1d, 0x63, 0xb3, 0xbb, 0xc4, 0xef, 0xd5, 0xdb, 0xea, 0xea, 0xae, 0xae, 0xae, 0x54, 0xd9, 0x3f, 0x8b, 0x3a, 0x3a, 0x37, 0x7b, 0x85, 0x46, 0xe9, 0xfc, 0x00, 0xe1, 0xac, 0x54, 0xae, 0x54, 0xae, 0xe2, 0xe4, 0xe0, 0xdb, 0xd4, 0xd5, 0xf2, 0xcd, 0xd4, 0xf5, 0x9b, 0xdb, 0x54, 0xab, 0xea, 0xe9, 0xea, 0xea, 0xe9, 0xea, 0xac, 0xad, 0xe4, 0xe1, 0xe0, 0xe1, 0xe0, 0xdf, 0xe1, 0xe7, 0xfc, 0xe5, 0xe5, 0xfa, 0xf1, 0x92, 0xda, 0xd9, 0xd9, 0x99, 0x99, 0x9b, 0xd4, 0xd6, 0xd8, 0x9b, 0xd6, 0xd8, 0xd9, 0x9b, 0x9b, 0x05, 0x91, 0x6f, 0x81, 0xd6, 0x6f, 0x6e, 0x6e, 0x6e, 0x2d, 0x72, 0x7b, 0x63, 0x61, 0xb2, 0x63, 0x6c, 0x90, 0x98, 0x94, 0xcc, 0x94, 0x94, 0x94, 0x94, 0x98, 0x48, 0x9d, 0xa0, 0x9d, 0x9f, 0xd3, 0x95, 0xcf, 0x95, 0x8e, 0x79, 0x8f, 0x9e, 0x4c, 0x95, 0x4f, 0x98, 0x95, 0xe6, 0x54, 0xab, 0xea, 0xab, 0xe9, 0x52, 0xa8, 
  0x54, 0xae, 0xab, 0xe9, 0xaa, 0xa9, 0xe1, 0x54, 0x54, 0x54, 0x54, 0x54, 0x54, 0x54, 0xab, 0xe7, 0xe9, 0xe7, 0xe5, 0xe6, 0xac, 0xfe, 0xe8, 0x54, 0xae, 0xae, 0xae, 0xae, 0xae, 0xae, 0xae, 0xae, 0xae, 0xae, 0xae, 0xae, 0xad, 0xae, 0xad, 0xae, 0xad, 0xae, 0xae, 0xea, 0xab, 0xad, 0xae, 0xab, 0x51, 0x48, 0x91, 0x8a, 0x80, 0x7b, 0x73, 0xba, 0x73, 0x6f, 0x71, 0x80, 0xcd, 0x9f, 0xd9, 0xa5, 0x4f, 0xc8, 0xc8, 0x9f, 0xd6, 0x93, 0x89, 0xc8, 0x87, 0xdd, 0xae, 0xe2, 0xa9, 0xe7, 0x52, 0x05, 0xc9, 0x8b, 0x85, 0x89, 0x2f, 0x2d, 0xbb, 0xbc, 0xbc, 0xda, 0xae, 0xa6, 0xfe, 0x07, 0x7f, 0x7b, 0xc1, 0xb3, 0x6e, 0x74, 0xb3, 0xeb, 0xb2, 0xb6, 0xb7, 0x6e, 0x84, 0x53, 0xe1, 0xe1, 0xae, 0x3b, 0x2d, 0x6a, 0x2e, 0x2f, 0x84, 0xb6, 0xbd, 0xc0, 0xc6, 0xf6, 0x54, 0xe9, 0xdf, 0xd0, 0x91, 0xc8, 0xd3, 0xcb, 0xc7, 0xc8, 0xd0, 0xc8, 0xcc, 0xc9, 0x37, 0x92, 0x99, 0xd1, 0xc6, 0xce, 0xc6, 0xcb, 0xd8, 0xc9, 0x91, 0x51, 0x51, 0xac, 0xab, 0x54, 0xf6, 0xc2, 0xeb, 0xeb, 0xeb, 0xba, 0xc5, 0xca, 0x7a, 0x82, 0xc6, 0x8b, 0xd4, 0xc9, 0xc9, 0xc6, 0x8b, 0xca, 0xc6, 0xc9, 0xc1, 0x8b, 0xf5, 0xdf, 0xe4, 0xd4, 0x99, 0x42, 0xcd, 0xcb, 0x92, 0x1f, 0x23, 0xb6, 0x7f, 0xc4, 0x85, 0x82, 0xc9, 0xf4, 0xe5, 0xe8, 0xe9, 0xae, 0x54, 0x08, 0xd6, 0x3f, 0x82, 0x85, 0x35, 0x37, 0x7e, 0x34, 0xb5, 0xc4, 0x54, 0xe1, 0xfc, 0xfc, 0xe7, 0x54, 0x54, 0xae, 0x54, 0xad, 0xfc, 0xe4, 0xe9, 0xd5, 0xf6, 0xd5, 0xd0, 0xf4, 0xd6, 0xf6, 0xdb, 0xad, 0xe9, 0xea, 0xea, 0xe9, 0xad, 0xea, 0xe9, 0xe1, 0xe0, 0xe0, 0xe1, 0xe0, 0xdf, 0xdf, 0xdf, 0xde, 0xe4, 0x54, 0xe7, 0xe7, 0xe1, 0xf6, 0xc9, 0x92, 0xf4, 0xd5, 0x4e, 0xd9, 0x05, 0xe4, 0x4d, 0x4a, 0xfa, 0xfe, 0xdf, 0xa4, 0xe2, 0xa4, 0xf4, 0xd5, 0x6e, 0x6f, 0x7e, 0x6e, 0x6f, 0xb4, 0x6f, 0x81, 0x7b, 0x27, 0x61, 0xb2, 0xb5, 0x7b, 0x84, 0x94, 0xcc, 0x8d, 0x86, 0x8d, 0x8d, 0x8d, 0x8f, 0x94, 0xa5, 0xdf, 0xdd, 0x9d, 0x8e, 0x8e, 0x95, 0x9e, 0x94, 0x8f, 0x86, 0x7c, 0x8e, 0x53, 0x95, 0x4f, 0x94, 0x95, 0xa7, 0x54, 0xe9, 0xab, 0xaa, 0x52, 0xaa, 0x53, 
  0x54, 0xad, 0xab, 0xab, 0xe6, 0x51, 0xe9, 0x54, 0x54, 0x54, 0x54, 0x54, 0x54, 0x54, 0xe9, 0xe6, 0xe7, 0xe9, 0xab, 0xe5, 0xea, 0xab, 0xe8, 0x54, 0x54, 0xae, 0xae, 0xad, 0xad, 0xad, 0x54, 0x54, 0x54, 0xae, 0xae, 0x54, 0x54, 0xae, 0xae, 0xae, 0xae, 0xae, 0xad, 0xad, 0xad, 0xea, 0xe8, 0xe8, 0x54, 0x54, 0x54, 0xfe, 0xf7, 0xcc, 0xc3, 0x80, 0x78, 0xbc, 0x6f, 0x69, 0x6d, 0x81, 0x46, 0xdc, 0xdf, 0x9f, 0x8f, 0x97, 0xa0, 0xce, 0x91, 0xc3, 0xcc, 0x54, 0xe6, 0xe2, 0xe2, 0xa9, 0xad, 0xce, 0xc5, 0x82, 0x3a, 0x34, 0x2b, 0xba, 0xeb, 0xba, 0xc9, 0xa9, 0xdd, 0xa8, 0xaa, 0xa5, 0x4d, 0x3b, 0x74, 0x6c, 0x7e, 0xb5, 0x2e, 0xb8, 0xb8, 0xb6, 0xba, 0xb6, 0x77, 0xd8, 0x07, 0xdf, 0xe7, 0x09, 0x2e, 0x2b, 0x6c, 0x2b, 0xb2, 0xc2, 0xbb, 0xb8, 0x8b, 0x54, 0xae, 0xe5, 0xfd, 0xdc, 0xde, 0xcd, 0xc8, 0xd1, 0xcc, 0xed, 0xcc, 0xd0, 0xc8, 0xd0, 0x85, 0x33, 0x85, 0x05, 0xd4, 0xc9, 0xce, 0x8b, 0xd4, 0xd9, 0x92, 0x96, 0x91, 0x4a, 0x54, 0xad, 0x54, 0xf4, 0xc2, 0xeb, 0xbe, 0xbe, 0x84, 0xf1, 0x7f, 0xc6, 0xc4, 0xc5, 0xd5, 0xc9, 0xc9, 0x8b, 0xc9, 0xc9, 0xc9, 0xc1, 0x8b, 0xf2, 0x9b, 0x50, 0x4a, 0xf1, 0xf1, 0x42, 0xd1, 0xf8, 0x2d, 0x20, 0x2b, 0x6c, 0x6a, 0x6c, 0x74, 0xeb, 0xc9, 0xdf, 0xae, 0xe5, 0xae, 0xad, 0x54, 0x96, 0xbd, 0x82, 0x33, 0x34, 0x33, 0x7a, 0x75, 0x6c, 0x2d, 0xcb, 0x09, 0xfc, 0xfc, 0x00, 0xad, 0x54, 0x54, 0xae, 0x54, 0xad, 0xe1, 0xe4, 0xe1, 0xd8, 0xdf, 0xf4, 0xf2, 0xdc, 0xf4, 0xdb, 0xe0, 0xea, 0xe9, 0xe8, 0xe9, 0xad, 0xe9, 0xe5, 0xe4, 0xfc, 0xfc, 0xfc, 0xfc, 0xe7, 0xe1, 0xdf, 0xa4, 0xe0, 0xde, 0xa4, 0xe1, 0xe5, 0xe7, 0xdc, 0xf2, 0xc9, 0xd1, 0xd8, 0xd1, 0x89, 0x82, 0xbf, 0xbf, 0xc4, 0x3e, 0x3e, 0xcd, 0xd8, 0xe9, 0xae, 0xe0, 0xd7, 0x6a, 0xb4, 0x80, 0xb6, 0x77, 0x72, 0x7e, 0x77, 0x63, 0x61, 0xb2, 0x6e, 0xd6, 0xa5, 0x40, 0xc8, 0x88, 0xc3, 0x86, 0x8d, 0xcf, 0xa0, 0xa7, 0xd7, 0xcc, 0x8e, 0x7c, 0x86, 0x8e, 0xa1, 0xa8, 0x98, 0x7c, 0x86, 0x86, 0x86, 0x8e, 0x9a, 0x95, 0xe4, 0x95, 0x98, 0x9e, 0x07, 0x52, 0xaa, 0xa9, 0xab, 0xad, 0x54, 
  0x54, 0x54, 0xac, 0xab, 0xab, 0xa5, 0xe6, 0x54, 0x54, 0x54, 0x54, 0x54, 0x54, 0x54, 0xae, 0xac, 0xe6, 0xe9, 0xac, 0xe6, 0xab, 0xe9, 0xea, 0x54, 0xae, 0x54, 0x54, 0x54, 0x54, 0x54, 0xac, 0xac, 0x09, 0x54, 0xae, 0xfc, 0xab, 0xae, 0xae, 0xea, 0xea, 0xea, 0xae, 0xad, 0xe9, 0xe9, 0xea, 0xe9, 0xab, 0xe6, 0xac, 0xad, 0x54, 0x54, 0xad, 0xa7, 0x9f, 0x93, 0x83, 0x72, 0x69, 0x64, 0x69, 0x80, 0x4d, 0x54, 0x97, 0xcc, 0xa0, 0xd4, 0xc8, 0x8c, 0xa5, 0xae, 0xe2, 0xa6, 0xa7, 0xea, 0xa8, 0x42, 0x3e, 0x3e, 0x82, 0x2b, 0x74, 0xeb, 0xb9, 0xc1, 0xa8, 0xdc, 0xa7, 0xa8, 0xa7, 0xae, 0x00, 0x7a, 0x74, 0x7e, 0xbd, 0x2b, 0xb5, 0x68, 0xeb, 0xba, 0x77, 0x7b, 0xc6, 0x4a, 0xdf, 0x4d, 0xe4, 0x07, 0x2f, 0x2e, 0x2b, 0x2e, 0x63, 0xbb, 0x84, 0xec, 0xeb, 0xd1, 0x54, 0xe9, 0xe4, 0xfa, 0xde, 0xda, 0xcb, 0xee, 0x97, 0xd0, 0xc2, 0xee, 0x98, 0xee, 0xbf, 0xb8, 0x33, 0x33, 0x42, 0x9b, 0xd6, 0x91, 0x8a, 0xce, 0xcd, 0xd8, 0xd9, 0x96, 0xd9, 0xe0, 0xe7, 0x54, 0xf3, 0xed, 0xec, 0xbe, 0xc2, 0x8a, 0x82, 0xee, 0x7a, 0x3e, 0xd8, 0x92, 0xcb, 0xee, 0xcd, 0x8b, 0xed, 0xc4, 0xcb, 0xcd, 0x50, 0xf7, 0x9b, 0x99, 0xce, 0xca, 0xff, 0x2d, 0x15, 0x19, 0x22, 0x66, 0xb7, 0xba, 0xc9, 0xf3, 0xdc, 0xe6, 0xa9, 0xe8, 0x54, 0xe7, 0x54, 0xc5, 0x77, 0xbb, 0x2d, 0x2d, 0x2f, 0x75, 0x2b, 0x6c, 0xeb, 0x53, 0xfc, 0xe4, 0xfc, 0xe5, 0x54, 0x54, 0xae, 0x54, 0x54, 0xe7, 0xe0, 0xe4, 0xe4, 0xdc, 0xde, 0xd8, 0xf3, 0xe0, 0xdb, 0xde, 0xae, 0xe9, 0xe8, 0xea, 0xea, 0xe6, 0xe4, 0xfc, 0xe1, 0xde, 0xde, 0xe1, 0xd6, 0x49, 0xdc, 0x05, 0xd8, 0xd6, 0x4a, 0xf1, 0xd9, 0xae, 0xe5, 0xdf, 0xd9, 0xf2, 0xc2, 0xc9, 0xd1, 0x8d, 0x77, 0x77, 0xec, 0x84, 0x8b, 0x99, 0xa4, 0xe9, 0xe9, 0xab, 0x54, 0x54, 0xbe, 0x7d, 0x83, 0xb9, 0x7d, 0xed, 0x74, 0x24, 0x63, 0x27, 0x6a, 0xbe, 0xc3, 0x86, 0x7d, 0x86, 0x83, 0x8e, 0xd7, 0xa1, 0x9f, 0x8d, 0x7c, 0x73, 0x70, 0x78, 0x86, 0xa2, 0x54, 0x09, 0x93, 0x88, 0x7d, 0x7c, 0x8e, 0x86, 0x41, 0x8e, 0x9e, 0xa5, 0x9a, 0x9e, 0xd3, 0x52, 0xa9, 0xa9, 0xab, 0xa9, 0x52, 0xaa, 
  0x54, 0x54, 0xae, 0x53, 0xe6, 0xe1, 0xad, 0x54, 0x54, 0x54, 0x54, 0x54, 0x54, 0x54, 0x54, 0x54, 0xab, 0xe7, 0xe9, 0xea, 0xe6, 0xe9, 0xfe, 0xae, 0x54, 0x54, 0xab, 0x07, 0x53, 0x08, 0x53, 0xd9, 0xa0, 0x4e, 0x07, 0x51, 0xa4, 0x51, 0x08, 0xe9, 0xaa, 0xaa, 0xe5, 0xe9, 0xe6, 0xaa, 0xaa, 0x53, 0xe9, 0x53, 0xe2, 0xaa, 0xaa, 0xaa, 0xe7, 0x54, 0x54, 0x54, 0x54, 0x51, 0x9a, 0x83, 0x6f, 0x64, 0x62, 0x82, 0x01, 0x9f, 0x9b, 0x48, 0xc8, 0x48, 0xae, 0x51, 0xa7, 0xa3, 0xa9, 0x54, 0x4d, 0x46, 0x8b, 0x3a, 0x2e, 0x33, 0xbe, 0xbf, 0xc9, 0xf6, 0xa8, 0xd9, 0x51, 0xa9, 0xdd, 0x54, 0xca, 0x74, 0xbd, 0xbd, 0xb6, 0xb7, 0xb8, 0x6a, 0x74, 0xeb, 0x77, 0x77, 0xd9, 0x53, 0xa5, 0x4d, 0xa4, 0x51, 0x75, 0x6e, 0x2b, 0x2b, 0xb5, 0xba, 0xbf, 0xc1, 0xec, 0xec, 0xe4, 0xae, 0xe7, 0xdf, 0xd5, 0xfd, 0x53, 0xce, 0xd0, 0xf3, 0xcc, 0xed, 0xc8, 0xd3, 0xc4, 0x33, 0x7a, 0xb7, 0x2f, 0x37, 0x4b, 0xa4, 0xcd, 0x3e, 0x8a, 0x96, 0xe1, 0xdc, 0xd9, 0xda, 0xdb, 0xae, 0x54, 0xd0, 0xec, 0xbe, 0xec, 0x7b, 0xc0, 0x92, 0x7a, 0xca, 0xf2, 0xf1, 0xcb, 0xcd, 0xf1, 0xc4, 0xc6, 0x8a, 0xee, 0xd9, 0xfc, 0xf4, 0xf1, 0x9b, 0xca, 0x2f, 0x38, 0x18, 0x5c, 0x2a, 0x6c, 0x2d, 0x2d, 0xc4, 0xf1, 0xdc, 0xac, 0xfe, 0xa9, 0xea, 0xae, 0x54, 0x49, 0x82, 0xb6, 0x74, 0x68, 0x29, 0x74, 0x27, 0x2b, 0x6c, 0x2b, 0x82, 0xe4, 0xe4, 0xfc, 0xe7, 0xae, 0x54, 0x54, 0xae, 0x54, 0xe6, 0xe1, 0xe4, 0xe5, 0xe7, 0xda, 0xdc, 0xd9, 0xe0, 0xde, 0xdf, 0xae, 0xe9, 0xea, 0xe9, 0xe6, 0xe4, 0xe1, 0xde, 0xe0, 0xde, 0xa4, 0xe0, 0xde, 0x4a, 0xd8, 0xde, 0xde, 0xd4, 0xd8, 0xdb, 0xf2, 0xd9, 0xac, 0xad, 0xfa, 0xef, 0xec, 0xc1, 0xf1, 0xf0, 0x9b, 0xdf, 0x54, 0xad, 0x54, 0x54, 0x54, 0xea, 0xe9, 0xab, 0xae, 0xe7, 0xc8, 0xc3, 0xbc, 0x7d, 0x9f, 0x75, 0x5c, 0xb2, 0x5f, 0x73, 0x05, 0x4c, 0x97, 0xcc, 0x8d, 0xcc, 0x9c, 0x8f, 0x81, 0x7d, 0x72, 0x73, 0x6d, 0x78, 0x86, 0x98, 0xf3, 0x9d, 0x97, 0x8f, 0x8f, 0x8f, 0x7c, 0x8e, 0x95, 0xc3, 0x88, 0x86, 0xa1, 0xa2, 0x9a, 0xdd, 0x9a, 0xaa, 0xa7, 0xa9, 0xa9, 0xad, 0xab, 0xa9, 
  0x54, 0x54, 0xad, 0xe6, 0xa9, 0xfc, 0x54, 0x54, 0x54, 0x54, 0x54, 0x54, 0x54, 0x54, 0x54, 0x54, 0xe9, 0xe9, 0xe9, 0xac, 0xe9, 0xe8, 0xe9, 0x54, 0x01, 0x54, 0x51, 0x97, 0x96, 0x49, 0x4b, 0xa3, 0x97, 0x97, 0x9c, 0x51, 0xa7, 0xdc, 0xa3, 0xa5, 0xe1, 0xa7, 0xa7, 0xdd, 0x51, 0xa7, 0xdd, 0xdd, 0xa5, 0xa7, 0x4e, 0xdd, 0xa3, 0xa5, 0xa3, 0xa0, 0xa0, 0x9f, 0xa3, 0xa3, 0x07, 0x01, 0x54, 0x46, 0x7b, 0x6b, 0x6a, 0x98, 0xe2, 0xd7, 0x9d, 0x54, 0x54, 0x54, 0xe8, 0xa9, 0xad, 0xac, 0x4d, 0x3f, 0x3e, 0x2f, 0x33, 0xc1, 0xbf, 0xef, 0x07, 0xa7, 0xdd, 0xa3, 0xa7, 0xa8, 0xa7, 0xae, 0x89, 0xbd, 0xc1, 0x7b, 0x74, 0xeb, 0xbb, 0xb8, 0x77, 0x77, 0xb7, 0x77, 0x90, 0x07, 0x4d, 0xe0, 0xdc, 0x51, 0x3a, 0x2e, 0x6c, 0x2a, 0x2d, 0xbd, 0xbd, 0xbd, 0x85, 0xef, 0xde, 0x54, 0xe6, 0xf5, 0xa4, 0xea, 0x51, 0x43, 0xc8, 0xcd, 0xd0, 0xcc, 0xc4, 0xcc, 0x97, 0xbf, 0x7a, 0x33, 0xbb, 0x2f, 0x75, 0x42, 0x08, 0xd4, 0x90, 0x89, 0xd4, 0x9c, 0xd6, 0x9c, 0x9b, 0xdb, 0xfc, 0xaa, 0xc7, 0xbd, 0xc2, 0x7e, 0x3b, 0x8b, 0x7a, 0xc9, 0x92, 0xee, 0xef, 0xd0, 0xca, 0x89, 0x84, 0xee, 0x8b, 0x96, 0xf6, 0xd4, 0x46, 0xf2, 0x8b, 0x31, 0xb2, 0x1f, 0x23, 0x5e, 0x61, 0xb2, 0xb9, 0xc4, 0xe8, 0x08, 0xa9, 0xa9, 0xe8, 0xe9, 0x54, 0x00, 0xb5, 0x75, 0x68, 0x2b, 0x63, 0x2b, 0x2f, 0x22, 0x68, 0x68, 0x68, 0xbb, 0x54, 0xe1, 0xfc, 0xe7, 0xae, 0x54, 0xae, 0x54, 0x54, 0xae, 0xe9, 0xfc, 0xe5, 0xe6, 0xde, 0xe1, 0xde, 0xfa, 0xe0, 0xe1, 0xad, 0xe9, 0xab, 0xe6, 0xe4, 0xe0, 0xdf, 0xe0, 0xfc, 0xe1, 0xe0, 0xe0, 0xe0, 0xe1, 0xf6, 0xd6, 0xde, 0xdc, 0xd4, 0xdc, 0xd5, 0xef, 0xd5, 0xf4, 0xdc, 0xf4, 0xc9, 0xc2, 0xc2, 0xcd, 0xf2, 0x97, 0xf7, 0x54, 0xe5, 0xfd, 0xe6, 0xab, 0xea, 0xab, 0x54, 0x9f, 0xc3, 0xc3, 0x83, 0xc9, 0x2d, 0x5c, 0xb1, 0xb1, 0x32, 0x4c, 0x86, 0x7d, 0x7c, 0x7d, 0xc3, 0x80, 0x72, 0x69, 0x6b, 0x69, 0x6b, 0x73, 0x7d, 0x88, 0xc8, 0x98, 0x94, 0x9d, 0x8c, 0x8f, 0x93, 0xcf, 0x78, 0x48, 0x93, 0x8d, 0x88, 0x93, 0x48, 0x9d, 0x9e, 0xe2, 0x9d, 0xa6, 0xa8, 0xe6, 0xa6, 0xad, 0xad, 0xac, 
  0x54, 0x54, 0xad, 0xab, 0xaa, 0xfd, 0x54, 0x54, 0x54, 0x54, 0x54, 0x54, 0x54, 0x54, 0x54, 0x54, 0xae, 0xad, 0xe8, 0xad, 0xae, 0x54, 0xa9, 0xd6, 0x48, 0x49, 0x4d, 0xa0, 0xd5, 0x97, 0x42, 0x9b, 0xd9, 0xd5, 0xce, 0xcd, 0xd9, 0xdc, 0xf5, 0x9f, 0x9f, 0xa0, 0xf5, 0x9f, 0x9f, 0x9f, 0x9f, 0x9d, 0xd5, 0x97, 0x48, 0x9b, 0x98, 0x97, 0x48, 0x97, 0x48, 0x97, 0x98, 0xd1, 0x94, 0xcd, 0x93, 0x46, 0x4b, 0x3e, 0x71, 0x2c, 0x2a, 0x35, 0xe4, 0x3f, 0x38, 0x87, 0x42, 0x54, 0x54, 0xdf, 0x44, 0xce, 0x85, 0x31, 0xed, 0x85, 0xcb, 0x50, 0xda, 0xdc, 0xa5, 0xa3, 0xa5, 0xa7, 0xa8, 0x51, 0x50, 0x90, 0x7e, 0x74, 0xbe, 0xbd, 0x2b, 0xba, 0xbb, 0xba, 0x74, 0x77, 0xc6, 0x51, 0x4a, 0x4e, 0xe1, 0xdf, 0x09, 0x7f, 0xb3, 0x2e, 0x2d, 0xb9, 0xbf, 0xeb, 0xbb, 0xce, 0x54, 0xad, 0xa4, 0xda, 0xfa, 0xea, 0x42, 0x88, 0x48, 0xc8, 0xcd, 0xf3, 0xd1, 0xc3, 0x97, 0xc2, 0xbd, 0xb8, 0x74, 0x6e, 0x2b, 0x2b, 0x34, 0x49, 0xe1, 0xd4, 0x3e, 0x96, 0x92, 0xd5, 0xce, 0xd6, 0xf1, 0x08, 0xf8, 0xed, 0xec, 0x84, 0x7e, 0x37, 0x89, 0x85, 0xce, 0xde, 0x96, 0xf3, 0xc5, 0xeb, 0x8a, 0x91, 0xca, 0xd8, 0xf4, 0xd5, 0x92, 0xf2, 0x3e, 0x38, 0x1f, 0x15, 0x1a, 0xb1, 0xb6, 0xbc, 0xed, 0xd4, 0x54, 0xa9, 0xe5, 0xa9, 0xea, 0x08, 0x54, 0x42, 0x2d, 0xb5, 0x27, 0x68, 0x22, 0x2b, 0x2b, 0x23, 0x68, 0x68, 0x68, 0x8b, 0x54, 0xdf, 0xe7, 0xad, 0xae, 0xae, 0xae, 0x54, 0xae, 0x54, 0xe7, 0xe1, 0xe5, 0xe7, 0xe4, 0xe1, 0xe0, 0xfc, 0xe5, 0xac, 0xe5, 0xe7, 0xe6, 0xfc, 0xe0, 0xe4, 0xfc, 0xfc, 0xe1, 0xfc, 0xe0, 0xdf, 0xfa, 0xde, 0xde, 0xdb, 0x9b, 0xda, 0xf7, 0xd8, 0xd9, 0xcd, 0xd1, 0xf2, 0xcb, 0xdc, 0xf5, 0xc9, 0xbc, 0xb9, 0xc1, 0xd0, 0xc8, 0xf7, 0x54, 0xfd, 0xe8, 0xe9, 0xea, 0x54, 0xe0, 0xc8, 0xc3, 0x8d, 0xc8, 0x6e, 0xb1, 0x6f, 0x6f, 0x35, 0xc3, 0xba, 0xbe, 0x82, 0x8c, 0x84, 0x6d, 0x69, 0x69, 0x72, 0x72, 0x6b, 0xbe, 0x7d, 0x83, 0x8c, 0xce, 0x94, 0xd3, 0x97, 0x94, 0x8c, 0x88, 0x86, 0x73, 0xa0, 0x8f, 0x88, 0x8f, 0x87, 0x4c, 0x9a, 0xa2, 0xe5, 0x9a, 0xa3, 0xa8, 0xe8, 0xa7, 0xa9, 0xad, 0xad, 
  0x54, 0x54, 0x54, 0x09, 0xa9, 0xe5, 0x54, 0x54, 0x54, 0x54, 0x54, 0x54, 0x54, 0x54, 0x54, 0x54, 0x54, 0x54, 0xe9, 0xaa, 0x06, 0x51, 0x50, 0xa0, 0x97, 0x92, 0x91, 0x46, 0x9f, 0x9c, 0x97, 0x93, 0x91, 0x97, 0x9f, 0xd1, 0x93, 0x97, 0x9c, 0x9f, 0x9b, 0x98, 0x48, 0x97, 0x97, 0x97, 0x91, 0xcc, 0xcd, 0xd0, 0xcc, 0xce, 0x97, 0x99, 0xd0, 0x90, 0xd1, 0xce, 0x90, 0x89, 0x80, 0x76, 0x6f, 0x66, 0x64, 0x64, 0x62, 0x60, 0x0f, 0x10, 0x35, 0x35, 0x35, 0x2c, 0x6a, 0x35, 0x46, 0x06, 0x99, 0xf2, 0x3a, 0xcb, 0xc9, 0xf1, 0xab, 0xde, 0x4a, 0xa3, 0xe0, 0xa3, 0xa5, 0xa7, 0xa3, 0xe8, 0xaa, 0x85, 0x7e, 0xbd, 0xc2, 0xb8, 0x74, 0xb6, 0xbd, 0xeb, 0x77, 0x7e, 0xc8, 0x07, 0xf6, 0xa0, 0x50, 0xfc, 0x54, 0x82, 0x2d, 0x2d, 0x2e, 0xb8, 0xbd, 0xc0, 0xbd, 0xbf, 0xdc, 0x54, 0xe4, 0xe0, 0xfd, 0x4b, 0x89, 0x8a, 0x93, 0xa0, 0xd0, 0x97, 0x97, 0xcd, 0xc6, 0xed, 0xc1, 0xc1, 0xbf, 0x7f, 0xbd, 0x33, 0x2d, 0x2f, 0x3a, 0x4e, 0xd8, 0x9b, 0x42, 0x9b, 0xd1, 0x9b, 0xd4, 0x9b, 0x09, 0xd5, 0xc2, 0xc2, 0xbf, 0x33, 0xcd, 0x84, 0xd4, 0xd8, 0xcd, 0xd8, 0xc4, 0x82, 0xc9, 0x84, 0xd8, 0xe0, 0xd6, 0x9b, 0xf1, 0xca, 0x7f, 0x34, 0x27, 0xb1, 0xb4, 0xb6, 0xbc, 0xc7, 0xa3, 0x54, 0xab, 0xaa, 0xa9, 0xa9, 0x54, 0xe5, 0x54, 0xf1, 0x6e, 0x6c, 0xb2, 0x27, 0x23, 0x2b, 0x68, 0x23, 0xb2, 0xb2, 0x77, 0x54, 0xe0, 0xe1, 0xe7, 0xad, 0xae, 0xae, 0xae, 0xae, 0xae, 0x54, 0xe5, 0xe2, 0xe5, 0xe7, 0xe7, 0xe5, 0xe5, 0xe5, 0xe7, 0xac, 0xad, 0xae, 0xac, 0xe7, 0xe6, 0xe7, 0xe6, 0xfc, 0xe0, 0xe0, 0xdf, 0xde, 0xde, 0xdc, 0xdc, 0xdc, 0xf7, 0xd6, 0xd6, 0xd8, 0xd9, 0xd8, 0xf4, 0x4a, 0xef, 0xd4, 0xf4, 0xc1, 0xbf, 0xb8, 0xb3, 0xc2, 0xd3, 0xc3, 0xdf, 0x54, 0xe5, 0xea, 0xae, 0x54, 0x96, 0xc8, 0x8d, 0xcc, 0x81, 0xb1, 0x66, 0x2c, 0x2e, 0x8f, 0xc3, 0x3c, 0x87, 0x7e, 0x34, 0x67, 0xb4, 0x73, 0x73, 0x72, 0x73, 0xc3, 0x3c, 0x83, 0xc9, 0xce, 0x98, 0xd4, 0x96, 0x4c, 0x94, 0x88, 0x88, 0x7c, 0x73, 0xa1, 0x8d, 0x86, 0x8c, 0x8f, 0x97, 0x9d, 0xdd, 0xe6, 0x9a, 0xa7, 0xa8, 0xad, 0xa8, 0xe2, 0xe9, 0xad, 
  0x54, 0x54, 0x54, 0x09, 0xe1, 0xe9, 0x54, 0x54, 0x54, 0x54, 0x54, 0x54, 0x54, 0x54, 0x54, 0x54, 0x54, 0x54, 0x54, 0x53, 0xd8, 0x96, 0x43, 0x48, 0x9c, 0xd5, 0x97, 0xce, 0x90, 0xcd, 0x91, 0x99, 0x91, 0xcb, 0x91, 0xce, 0xf2, 0x91, 0xcd, 0x91, 0x97, 0x97, 0x97, 0xf3, 0xce, 0x97, 0x9f, 0xd5, 0xd5, 0xd4, 0x97, 0xce, 0x89, 0x87, 0x81, 0x76, 0x2c, 0x2a, 0x66, 0x62, 0x25, 0x5c, 0x5d, 0x62, 0x62, 0x5f, 0x1c, 0x59, 0x13, 0x58, 0x5f, 0x5c, 0x6f, 0x35, 0x81, 0x78, 0x32, 0x42, 0xf4, 0x42, 0xca, 0xf1, 0x9b, 0xe6, 0xfc, 0xdf, 0xa0, 0xdb, 0xa7, 0xdd, 0xa5, 0xa7, 0xa3, 0xad, 0x42, 0xc0, 0x7e, 0xec, 0xbd, 0xba, 0xbf, 0x74, 0xbd, 0xc1, 0xba, 0x42, 0x00, 0x4d, 0x4e, 0xdb, 0x4d, 0xdf, 0x54, 0x8b, 0x2e, 0x75, 0x6c, 0xb7, 0xba, 0xbf, 0xc1, 0x85, 0xf5, 0x54, 0xe9, 0xdc, 0xe2, 0x3f, 0x89, 0x89, 0x8a, 0x9f, 0x9f, 0xcd, 0x97, 0xd0, 0xee, 0xc4, 0xec, 0xc0, 0xeb, 0x7b, 0x77, 0x74, 0x74, 0x6e, 0x2d, 0x34, 0x44, 0xe1, 0xdc, 0x99, 0xd6, 0xd1, 0xd4, 0xd0, 0x46, 0x4a, 0xc7, 0xc2, 0x7e, 0x7b, 0xca, 0xc4, 0xd1, 0xd6, 0xd1, 0xf1, 0x82, 0x84, 0x84, 0x90, 0xa4, 0xf6, 0xf1, 0xd5, 0x92, 0x29, 0x6a, 0x34, 0x6c, 0xb1, 0xb4, 0xc0, 0x4d, 0x01, 0xa9, 0xaa, 0xa9, 0xa8, 0xa6, 0xab, 0xad, 0x54, 0x9b, 0x37, 0x6c, 0xb6, 0x68, 0x23, 0x2b, 0x7a, 0x61, 0x22, 0x61, 0x2b, 0x34, 0x46, 0xe0, 0xdf, 0xe0, 0xe1, 0xe5, 0xea, 0xae, 0x54, 0xae, 0x54, 0xe6, 0xe5, 0xe5, 0xe7, 0xe9, 0xe7, 0xe5, 0xe6, 0xe9, 0xac, 0xad, 0x54, 0xe9, 0xe5, 0xe5, 0xe4, 0xe5, 0xe4, 0xfc, 0xe0, 0xe0, 0xde, 0xde, 0xde, 0xde, 0xdc, 0xde, 0xdc, 0xf6, 0xf4, 0xd6, 0x99, 0xf1, 0x9b, 0xd4, 0x99, 0xf7, 0xc4, 0xb8, 0xbb, 0xb5, 0x63, 0xeb, 0xd0, 0x8a, 0xe7, 0xad, 0xe9, 0x54, 0xe0, 0xd5, 0xcc, 0xc7, 0x35, 0x64, 0x6a, 0x6a, 0xba, 0x80, 0x89, 0x3c, 0x72, 0x6f, 0x72, 0x6d, 0x73, 0x80, 0x78, 0x72, 0x7d, 0xca, 0x3c, 0xc3, 0xcc, 0x96, 0x98, 0xd4, 0x48, 0x4f, 0x98, 0x88, 0x40, 0x3d, 0x7c, 0x86, 0x51, 0x8d, 0x3d, 0x8c, 0x88, 0x43, 0x4c, 0xa3, 0xa9, 0xd7, 0xa6, 0xfe, 0xad, 0xa9, 0xa9, 0xab, 0xad, 
  0x54, 0x54, 0x54, 0xac, 0xa8, 0xea, 0x54, 0x54, 0x54, 0x54, 0x54, 0x54, 0x54, 0x54, 0x54, 0x54, 0xae, 0x53, 0x4e, 0xa0, 0x9f, 0xd4, 0x97, 0x90, 0x90, 0x93, 0x99, 0xcd, 0x91, 0xcb, 0xc9, 0x8a, 0xca, 0x97, 0xd1, 0xd0, 0x97, 0xf6, 0x9f, 0xd9, 0x91, 0x43, 0xd4, 0x43, 0xce, 0x3c, 0x89, 0x81, 0x35, 0x71, 0x32, 0x6f, 0x65, 0x66, 0x65, 0x66, 0x25, 0x62, 0x25, 0x64, 0x64, 0x64, 0x66, 0x66, 0x5c, 0x26, 0x16, 0x59, 0x12, 0x5d, 0x77, 0x75, 0x5f, 0x24, 0x2c, 0x3a, 0x87, 0x46, 0xf6, 0xca, 0x99, 0xd4, 0xae, 0xac, 0xfc, 0x51, 0xdb, 0xa4, 0xe6, 0xdd, 0xdf, 0xa8, 0xa5, 0xad, 0x89, 0xeb, 0x83, 0xc2, 0xbb, 0xc1, 0x7a, 0xbd, 0x74, 0xc4, 0xbd, 0x84, 0x50, 0x05, 0x50, 0x4d, 0x50, 0x50, 0xe6, 0x4a, 0x33, 0x2d, 0x2e, 0xb7, 0xb9, 0xbf, 0xec, 0x92, 0xea, 0x54, 0xe5, 0x54, 0x9c, 0x82, 0x8a, 0x89, 0xc3, 0x91, 0xdd, 0xcc, 0x9f, 0xd4, 0x97, 0xc9, 0xbc, 0xec, 0xc2, 0xeb, 0xbb, 0x75, 0x74, 0x6e, 0x2f, 0x29, 0x29, 0x31, 0x05, 0xfb, 0xf5, 0x96, 0xd5, 0xce, 0xef, 0x96, 0xa4, 0xc2, 0xc2, 0x7b, 0x37, 0xee, 0xcd, 0xf4, 0xd1, 0xcb, 0xc0, 0x82, 0x84, 0x9c, 0xe4, 0xd4, 0xd4, 0xff, 0x2a, 0x20, 0x7b, 0x2e, 0x31, 0xc1, 0x9c, 0x01, 0x54, 0xa8, 0xa5, 0xab, 0xa8, 0x4f, 0xa9, 0x54, 0xac, 0x54, 0xc4, 0x74, 0x6c, 0x6e, 0xb3, 0x22, 0x82, 0x2f, 0x5b, 0x5e, 0x63, 0x2d, 0x6c, 0x7f, 0x54, 0xdf, 0xe0, 0xe0, 0xe0, 0xa8, 0xfc, 0xab, 0xe9, 0xaa, 0xe4, 0xfc, 0xe2, 0xe4, 0xe5, 0xe5, 0xe5, 0xe7, 0xe7, 0xe4, 0xfc, 0xac, 0xe7, 0xfc, 0xfc, 0xe1, 0xfc, 0xe0, 0xdc, 0xdc, 0xde, 0xdb, 0xd6, 0xd6, 0xdb, 0xd9, 0xd6, 0xd9, 0xdb, 0xde, 0xdb, 0xdc, 0xf5, 0xd4, 0xf2, 0xcd, 0xca, 0x9b, 0xc4, 0xb8, 0xb9, 0xb2, 0x5e, 0x77, 0xee, 0x91, 0x54, 0xae, 0x54, 0xd9, 0xcc, 0xf3, 0x87, 0x6f, 0x73, 0xec, 0xc3, 0x87, 0x35, 0x72, 0x69, 0x64, 0xb6, 0x72, 0x78, 0x7e, 0x7d, 0x7d, 0xc3, 0x44, 0x3f, 0xcd, 0xd5, 0x9c, 0xd8, 0xa0, 0x4c, 0xa5, 0x9d, 0x87, 0x3d, 0x83, 0x86, 0x7c, 0xcf, 0x54, 0x88, 0x86, 0x9f, 0x8f, 0x94, 0xa0, 0xa3, 0xe4, 0x4c, 0xa8, 0xab, 0xad, 0xa9, 0xe5, 0xfe, 0xac, 
  0x54, 0x54, 0x54, 0xae, 0xa8, 0xad, 0x54, 0x54, 0x54, 0x54, 0x54, 0x54, 0x54, 0x54, 0x54, 0x54, 0x01, 0xa5, 0x9c, 0x43, 0x42, 0x93, 0x96, 0x97, 0x93, 0xce, 0x93, 0x91, 0xcd, 0xce, 0x97, 0x90, 0x89, 0x8b, 0x3c, 0x82, 0x87, 0x3c, 0x80, 0x80, 0x38, 0x2e, 0x71, 0x76, 0x71, 0x6f, 0x6d, 0x66, 0x6b, 0x6f, 0x6d, 0x6a, 0x6d, 0x71, 0x6f, 0x69, 0x69, 0x6a, 0x72, 0x6f, 0x2d, 0x6a, 0x24, 0x21, 0x23, 0x1b, 0x16, 0x1e, 0x0f, 0xaf, 0x5f, 0x54, 0xd8, 0x76, 0x2a, 0x66, 0x38, 0x00, 0xf1, 0x99, 0xcd, 0x4d, 0x54, 0xe6, 0xe4, 0xfc, 0xdb, 0x4d, 0xea, 0xe2, 0xa7, 0xe4, 0xe2, 0xe6, 0xce, 0x90, 0xc1, 0xbf, 0xc1, 0xc1, 0x2e, 0xbf, 0xb8, 0xbf, 0xed, 0xec, 0xdc, 0x4e, 0x4e, 0x4d, 0xa4, 0xe0, 0xa4, 0x00, 0x9c, 0x2d, 0x74, 0xbb, 0xba, 0xbb, 0xec, 0xcb, 0x01, 0xe6, 0xe1, 0x07, 0x89, 0x85, 0x8a, 0x89, 0x8a, 0x8a, 0xd9, 0xd0, 0x97, 0xda, 0xf2, 0xcc, 0xc4, 0xba, 0x85, 0xec, 0x2f, 0x6c, 0x2f, 0xb7, 0x75, 0x74, 0x2d, 0x2b, 0x2f, 0x03, 0xde, 0xd9, 0xf2, 0x9b, 0xce, 0xca, 0xd6, 0x96, 0xed, 0xbe, 0x34, 0xca, 0xce, 0xd6, 0xf3, 0xca, 0x82, 0x84, 0x90, 0x00, 0xd8, 0x99, 0xf5, 0x2e, 0x5c, 0x22, 0x7b, 0x37, 0x34, 0x06, 0xad, 0xa5, 0xac, 0xaa, 0xa5, 0xa8, 0xa2, 0xa5, 0xe9, 0xac, 0xae, 0x54, 0x82, 0xeb, 0x75, 0x68, 0x6e, 0x27, 0x84, 0x63, 0x5a, 0x61, 0x68, 0xb7, 0xb7, 0xce, 0xe6, 0xdc, 0xdf, 0x51, 0xe1, 0xe0, 0xe0, 0xe1, 0xe1, 0xe1, 0xe0, 0xa7, 0xdf, 0xe0, 0xe1, 0xfc, 0xe4, 0xe5, 0xe4, 0xfc, 0xe0, 0xe4, 0xe7, 0xe4, 0xe4, 0xfc, 0xfc, 0xe0, 0xdf, 0xdc, 0xd8, 0xf4, 0xf4, 0xf1, 0x92, 0xf1, 0xcd, 0xca, 0xc5, 0x3a, 0x3e, 0x92, 0x44, 0x99, 0x46, 0x9b, 0xd6, 0xd4, 0xd6, 0xf1, 0xc2, 0xc2, 0x7b, 0x68, 0x81, 0xef, 0xd5, 0x54, 0xad, 0xf2, 0x9f, 0xc8, 0x78, 0xbe, 0xc3, 0x80, 0x7d, 0x72, 0x6f, 0x72, 0xb6, 0x7e, 0x7d, 0xc3, 0x82, 0xc3, 0x9a, 0x4b, 0x4b, 0x46, 0xa2, 0x4d, 0xa0, 0xa3, 0x4d, 0xa0, 0x4d, 0xa0, 0x94, 0x88, 0x98, 0x70, 0x8d, 0x7c, 0x95, 0x54, 0x3d, 0xc3, 0x93, 0x8f, 0x43, 0x9f, 0xdd, 0xe2, 0xe2, 0xa9, 0xe9, 0xea, 0xa9, 0xab, 0xab, 0xe9, 
  0x54, 0x54, 0x54, 0xae, 0xa8, 0xae, 0x54, 0x54, 0x54, 0x54, 0x54, 0x54, 0x54, 0x54, 0x01, 0x4f, 0x9d, 0x9f, 0xa0, 0x9f, 0xd4, 0x96, 0x90, 0x3f, 0x3f, 0x89, 0x38, 0x81, 0x3c, 0x35, 0x77, 0xbe, 0x81, 0xb6, 0x72, 0x7b, 0x7b, 0x72, 0x76, 0x7e, 0x76, 0x73, 0x76, 0x72, 0x71, 0x78, 0x76, 0x78, 0x7b, 0x73, 0x73, 0x71, 0x72, 0x6e, 0x72, 0x7e, 0x76, 0x80, 0x72, 0x2e, 0x73, 0x6f, 0x6e, 0x2d, 0x1b, 0x56, 0x7c, 0x12, 0x0f, 0x64, 0x59, 0xc6, 0x54, 0x54, 0xe2, 0x82, 0x31, 0xd9, 0xf4, 0xd6, 0xf6, 0xe9, 0x54, 0xae, 0xe6, 0xe4, 0xa4, 0xdc, 0xe9, 0xe9, 0xe5, 0xe6, 0xa9, 0xe0, 0xae, 0x9b, 0xc0, 0xc4, 0xc4, 0xc4, 0xb8, 0xbd, 0xc1, 0xeb, 0xc5, 0x92, 0xdc, 0x50, 0x4d, 0x50, 0x4d, 0x51, 0xdf, 0xe4, 0x08, 0x75, 0x74, 0x75, 0x7a, 0xec, 0x7f, 0xc2, 0xf6, 0xaa, 0xfd, 0x44, 0x89, 0xc5, 0x3f, 0x8a, 0x8a, 0xcd, 0xd9, 0x97, 0x91, 0xd7, 0x9c, 0xda, 0xd8, 0xc1, 0xeb, 0xef, 0xef, 0xc4, 0xb8, 0x2d, 0x2b, 0x2b, 0x68, 0x29, 0x27, 0x27, 0x2f, 0x99, 0xf7, 0xf4, 0xce, 0x91, 0xc8, 0x9b, 0xed, 0x7e, 0x7b, 0x82, 0xef, 0xd1, 0xd9, 0x8b, 0x7b, 0x84, 0x46, 0xe0, 0xce, 0xf6, 0x82, 0x5f, 0x61, 0x6a, 0x3f, 0x75, 0xbd, 0x44, 0xa3, 0x4c, 0xe9, 0xae, 0xa6, 0x52, 0x4c, 0xa8, 0x54, 0x54, 0x54, 0x54, 0xee, 0xbb, 0xbd, 0x2d, 0x77, 0x2d, 0xc4, 0x5e, 0x5e, 0x2f, 0xbb, 0xb5, 0x33, 0xae, 0xa7, 0xa4, 0xa3, 0xf7, 0xda, 0xa4, 0xa4, 0xa4, 0xdd, 0xde, 0xdf, 0xdf, 0xdd, 0xdd, 0xdf, 0xa7, 0xdf, 0xe7, 0xfc, 0xdf, 0xa4, 0xa4, 0xe6, 0xe4, 0xe1, 0xfc, 0xe1, 0xfc, 0xdf, 0xde, 0xdc, 0xdc, 0xf6, 0xf4, 0xd6, 0xd4, 0xf1, 0x92, 0xcb, 0x92, 0xca, 0xc4, 0x37, 0xbb, 0x75, 0x34, 0x34, 0x38, 0x3b, 0x49, 0x44, 0x92, 0xa7, 0xf9, 0xc3, 0xcc, 0xd0, 0x51, 0xe1, 0x97, 0x97, 0x83, 0xbe, 0xbe, 0x7d, 0x72, 0x7d, 0xc6, 0xc8, 0xd2, 0x00, 0xd8, 0x51, 0x4d, 0x9c, 0x4a, 0x49, 0xd6, 0x99, 0xd4, 0xd4, 0xd4, 0x9b, 0x46, 0xd4, 0xd4, 0x46, 0x93, 0x3d, 0x93, 0x8f, 0x79, 0x83, 0x8e, 0x4f, 0xa1, 0x8d, 0x8e, 0x43, 0x93, 0x8f, 0x9f, 0xdc, 0xa9, 0xe5, 0xaa, 0xad, 0xad, 0xa9, 0xab, 0xfe, 0xe9, 
  0x54, 0x54, 0x54, 0xae, 0xa9, 0x54, 0x54, 0x54, 0x54, 0x54, 0x54, 0x54, 0x54, 0xac, 0x52, 0xdd, 0x9f, 0x9d, 0x98, 0xce, 0x90, 0x3c, 0x82, 0x81, 0x35, 0x35, 0x82, 0x89, 0x7e, 0x7e, 0x84, 0x84, 0xba, 0x7d, 0x84, 0x81, 0xeb, 0x82, 0x84, 0x78, 0xba, 0x7d, 0x78, 0x83, 0x35, 0x78, 0x81, 0xba, 0x71, 0x78, 0x77, 0x72, 0xbc, 0xc6, 0x9b, 0x4a, 0x42, 0x3a, 0x76, 0x35, 0x6e, 0x77, 0x31, 0x1b, 0x56, 0x6d, 0x2e, 0x0d, 0x58, 0x64, 0x62, 0x69, 0x54, 0xa5, 0xe9, 0x54, 0x50, 0xf4, 0xd8, 0xdf, 0x54, 0xe9, 0xe9, 0xae, 0xe9, 0xe5, 0x50, 0xdc, 0xe9, 0xe9, 0xe9, 0xe8, 0xe5, 0xe2, 0xae, 0xca, 0xc9, 0xca, 0xc4, 0xc6, 0x7e, 0xbd, 0xee, 0xc5, 0xee, 0x01, 0xdf, 0xdf, 0x05, 0x4e, 0xdf, 0x50, 0xdf, 0x51, 0x54, 0x38, 0x33, 0x74, 0xbb, 0xc0, 0xc1, 0x92, 0xa4, 0x54, 0x00, 0x3b, 0xc9, 0xc5, 0x8a, 0xc9, 0x89, 0xd8, 0xdd, 0x97, 0x91, 0xf3, 0xda, 0xe4, 0x54, 0xe4, 0xc9, 0xcb, 0x54, 0xf7, 0x8b, 0x37, 0x7a, 0xb8, 0x2e, 0x2e, 0x2d, 0x2d, 0x29, 0x2a, 0x7b, 0xf6, 0xf4, 0xcd, 0x91, 0xcd, 0x96, 0xed, 0x77, 0x31, 0xd0, 0x99, 0xd6, 0x3a, 0x7b, 0x8c, 0xd6, 0xd5, 0xd5, 0xbf, 0x62, 0x62, 0x69, 0x76, 0x92, 0x7b, 0xbb, 0x3f, 0x52, 0xa2, 0x4b, 0xa5, 0xa6, 0x9f, 0x49, 0xac, 0xdc, 0x05, 0x4a, 0x3f, 0x85, 0xb7, 0xc1, 0xb7, 0x7b, 0x82, 0xbb, 0x23, 0xb5, 0xb8, 0xb3, 0x2b, 0x49, 0xe0, 0xd9, 0xdb, 0xa3, 0xdc, 0xa4, 0xa4, 0xdf, 0xa5, 0xa4, 0xa3, 0xa3, 0xa3, 0xdc, 0xa3, 0xdc, 0xa3, 0xdb, 0xa0, 0xe0, 0xa4, 0xdb, 0xdf, 0xe9, 0xea, 0xe1, 0xfc, 0xfc, 0xe0, 0xfa, 0xde, 0xdc, 0xf6, 0xf4, 0xf4, 0x9b, 0xf2, 0xd1, 0xf2, 0xef, 0xee, 0xc9, 0xc4, 0xc2, 0xeb, 0xbb, 0xb8, 0x6c, 0xb5, 0x27, 0x5c, 0x23, 0x27, 0x68, 0x29, 0x34, 0x7b, 0xcd, 0x4a, 0x9c, 0x9b, 0xc8, 0xc3, 0xc3, 0xc3, 0xc3, 0x89, 0x42, 0x81, 0x35, 0x38, 0x2c, 0x2e, 0x31, 0x2e, 0x35, 0x38, 0x82, 0x89, 0xd1, 0xd6, 0x9b, 0x9b, 0xf2, 0x9b, 0x9b, 0x49, 0xd8, 0x41, 0x8c, 0x8c, 0x79, 0x35, 0x86, 0x3d, 0x54, 0xad, 0xd0, 0x88, 0x47, 0x93, 0x93, 0x9c, 0xdd, 0xe6, 0xa9, 0xe5, 0xad, 0xea, 0xe5, 0xab, 0xab, 0xab, 
  0x54, 0x54, 0x54, 0xae, 0xaa, 0x54, 0x54, 0x54, 0xae, 0x54, 0x54, 0x54, 0x53, 0xa2, 0xa0, 0x98, 0x43, 0x42, 0x91, 0x90, 0x8a, 0x3e, 0x90, 0xc6, 0x8a, 0xcb, 0x89, 0x80, 0x84, 0x89, 0x81, 0xbe, 0x87, 0x85, 0x7e, 0xbf, 0x84, 0x78, 0x78, 0x35, 0x35, 0x7d, 0xbe, 0x76, 0x7d, 0xbe, 0x78, 0x80, 0x83, 0x7d, 0xbe, 0xf8, 0x54, 0x49, 0x87, 0x35, 0x6f, 0x6a, 0x6d, 0x6a, 0x6f, 0x66, 0x16, 0x59, 0xb0, 0x93, 0x58, 0x0d, 0x1f, 0x5f, 0x64, 0x6d, 0xae, 0xe7, 0xdc, 0xa5, 0xe4, 0x4a, 0xdb, 0x54, 0xea, 0xac, 0xea, 0xe6, 0xe7, 0xe6, 0xdf, 0xa4, 0xea, 0xe9, 0xe7, 0xe9, 0xe6, 0xab, 0xe1, 0x42, 0xcd, 0x8b, 0xc9, 0xca, 0xc1, 0xec, 0xc6, 0xc9, 0xc9, 0xde, 0xfc, 0xdf, 0x05, 0x05, 0x4d, 0x51, 0xdf, 0x4d, 0xe7, 0x05, 0x38, 0x75, 0x7a, 0xc1, 0xc6, 0xde, 0x54, 0xae, 0x42, 0x3a, 0x91, 0x8b, 0x8b, 0x91, 0xc6, 0x97, 0xf7, 0xf5, 0xd7, 0xd4, 0xda, 0xae, 0xdf, 0x05, 0x42, 0x3e, 0xc4, 0x85, 0x9b, 0xf2, 0xc1, 0x92, 0x7b, 0x6f, 0x6a, 0x24, 0x5f, 0x24, 0x23, 0x6f, 0x90, 0x4a, 0xd1, 0xcb, 0x91, 0xd1, 0xc3, 0x75, 0x8b, 0xd4, 0x99, 0x3a, 0x81, 0x4a, 0xdc, 0xf6, 0xd0, 0x64, 0x65, 0x69, 0x32, 0x84, 0x42, 0x37, 0x34, 0x89, 0x03, 0x90, 0x40, 0x3f, 0x34, 0x33, 0x8b, 0xc6, 0xc5, 0xc5, 0x92, 0xc0, 0xc1, 0x75, 0xbf, 0x7a, 0x7f, 0xf3, 0x6c, 0x6c, 0xb9, 0x68, 0x63, 0xba, 0xb8, 0x9b, 0xdf, 0xdf, 0xa8, 0xe0, 0xa7, 0xa5, 0xdf, 0xfc, 0xa7, 0xdf, 0xa3, 0x9f, 0x9f, 0xf3, 0x9d, 0xd6, 0x51, 0x4a, 0x4e, 0xd9, 0xdc, 0xe1, 0xfc, 0x54, 0xae, 0xe5, 0xe4, 0xfc, 0xe1, 0xde, 0xf6, 0xf6, 0xd8, 0xd4, 0xf2, 0xf2, 0xcd, 0xc6, 0xc6, 0xc6, 0xed, 0xec, 0xec, 0xc2, 0xeb, 0xb9, 0xb8, 0xb2, 0xb4, 0xb2, 0x68, 0x24, 0x5e, 0x24, 0x77, 0x7d, 0xee, 0x8c, 0x3c, 0xf3, 0xc8, 0xc3, 0x83, 0x2c, 0x66, 0x64, 0x5f, 0x2a, 0x1e, 0x26, 0x2e, 0x6a, 0x75, 0x84, 0x8a, 0xcd, 0xd5, 0xd9, 0xd9, 0xd6, 0x4a, 0xa0, 0xd6, 0x9b, 0x99, 0xd6, 0x9a, 0x93, 0x3c, 0x93, 0x79, 0x86, 0x87, 0x94, 0xab, 0x54, 0x8e, 0xcc, 0x8f, 0x9f, 0x48, 0x9f, 0xa7, 0xe6, 0xa9, 0xe8, 0xae, 0xad, 0xab, 0xe8, 0xe8, 0xe6, 
  0xea, 0x54, 0x54, 0xae, 0xa9, 0x54, 0xae, 0x54, 0x54, 0x54, 0x09, 0x4e, 0x48, 0x97, 0x98, 0xce, 0x9b, 0x97, 0xd1, 0x9c, 0xd4, 0xcd, 0x91, 0x91, 0xc9, 0x87, 0x84, 0x8a, 0x89, 0x80, 0xec, 0x8a, 0x37, 0x81, 0xc3, 0x87, 0x78, 0x7d, 0x84, 0x81, 0x83, 0xec, 0x80, 0xbe, 0xc7, 0xbe, 0x83, 0xcf, 0xd7, 0xdf, 0x54, 0x01, 0x05, 0x46, 0x8a, 0x84, 0xc3, 0xc1, 0x81, 0x81, 0x2e, 0x16, 0x5d, 0x5f, 0x72, 0x2c, 0x13, 0x11, 0x1c, 0x6d, 0x5f, 0x27, 0x46, 0xae, 0x51, 0xe0, 0x4a, 0xf6, 0xae, 0xad, 0xac, 0xea, 0xac, 0xad, 0xe5, 0xe5, 0x51, 0xa4, 0xad, 0xae, 0xae, 0xae, 0xe6, 0xfc, 0xdf, 0x46, 0x92, 0x8b, 0xf1, 0xcb, 0x85, 0xed, 0xc5, 0xcd, 0xee, 0xdc, 0x08, 0x51, 0xdc, 0x05, 0x4d, 0x50, 0xe0, 0xde, 0xdb, 0x54, 0x3e, 0x7a, 0x7f, 0xc4, 0xc9, 0xdb, 0x54, 0x4d, 0x89, 0x89, 0x92, 0x90, 0xc9, 0x92, 0x91, 0xf2, 0x9c, 0x42, 0x46, 0x3a, 0x38, 0xd6, 0xd4, 0x37, 0x75, 0x7a, 0x85, 0xb7, 0x2f, 0xc5, 0x77, 0x34, 0xc7, 0xb8, 0xc2, 0xc5, 0xbb, 0xba, 0x64, 0x61, 0x66, 0x84, 0x46, 0xf4, 0x91, 0xce, 0xd0, 0x76, 0x7b, 0xd1, 0x99, 0x38, 0x3a, 0xdd, 0xf6, 0x8a, 0x62, 0x67, 0x72, 0x87, 0xa4, 0x3e, 0x82, 0xbd, 0x7b, 0x38, 0x29, 0x38, 0x8b, 0x75, 0x7b, 0x8b, 0x96, 0x3e, 0x3a, 0x3e, 0xd6, 0xc4, 0xc5, 0x7f, 0x7f, 0xc4, 0xc5, 0x91, 0xb7, 0xb6, 0x2b, 0x2b, 0xc2, 0xb5, 0xc6, 0xae, 0xa8, 0xdf, 0xdd, 0xa3, 0xa4, 0xa7, 0xa4, 0xa3, 0xda, 0xa0, 0xa3, 0xa3, 0xf5, 0x9f, 0xa3, 0xa4, 0x9b, 0xd8, 0xce, 0xef, 0xd9, 0xd4, 0xd6, 0xfc, 0xaa, 0x54, 0xac, 0xe7, 0xe5, 0xfc, 0xf6, 0xf5, 0xf4, 0xf3, 0xd4, 0x99, 0xee, 0xd0, 0xd5, 0xcd, 0xc7, 0xd0, 0xd1, 0xed, 0xc7, 0xcd, 0x7e, 0xbe, 0xc3, 0x87, 0x7e, 0x81, 0x8d, 0xcf, 0x83, 0x78, 0x87, 0x81, 0x7d, 0xcc, 0xf5, 0xd3, 0xf0, 0x7e, 0x73, 0x77, 0x78, 0x77, 0x8b, 0xed, 0xef, 0xf2, 0x96, 0xd4, 0xd8, 0xd8, 0xd8, 0xd9, 0x4d, 0xd9, 0xd4, 0xce, 0x96, 0x46, 0x90, 0xd4, 0x48, 0x89, 0x88, 0x81, 0x86, 0x87, 0x88, 0xac, 0xe9, 0xad, 0x9a, 0x94, 0x98, 0x9f, 0x48, 0x48, 0xa5, 0xe8, 0xaa, 0xad, 0x54, 0xea, 0xe6, 0xab, 0xab, 0xab, 
  0xe8, 0xe9, 0xea, 0xac, 0xe9, 0x54, 0x54, 0x54, 0x07, 0x4b, 0x9d, 0x97, 0xd7, 0xd9, 0xda, 0xa3, 0x9b, 0x48, 0xd9, 0x99, 0x90, 0x91, 0x91, 0x8b, 0x8a, 0x89, 0xc9, 0x81, 0xec, 0x8a, 0x8a, 0x82, 0xc3, 0x8d, 0x84, 0x87, 0xed, 0xc3, 0x83, 0x8a, 0xc4, 0x81, 0xc7, 0xf0, 0xd0, 0x9f, 0xda, 0xe4, 0x54, 0x00, 0x90, 0x81, 0x7b, 0x34, 0x75, 0x75, 0x32, 0x74, 0x76, 0x2a, 0x16, 0x1c, 0xb1, 0xb0, 0x48, 0x26, 0x13, 0x13, 0x5c, 0x64, 0x69, 0x5f, 0x7b, 0x54, 0x9c, 0x50, 0xdc, 0x50, 0x54, 0xea, 0xe9, 0xe9, 0xe9, 0xac, 0xe9, 0xfc, 0xe5, 0xdf, 0x4e, 0x51, 0x07, 0x07, 0xe1, 0xe1, 0xaa, 0xaa, 0x49, 0xf1, 0xd5, 0x92, 0xc4, 0xef, 0xc9, 0xcd, 0xef, 0xdc, 0xac, 0x00, 0xde, 0x4e, 0xdb, 0x4d, 0x4d, 0xdf, 0x50, 0x54, 0x05, 0xc0, 0xc1, 0x8b, 0xce, 0x00, 0x46, 0x90, 0x3e, 0x3e, 0xce, 0x3e, 0x8a, 0x3e, 0x92, 0xc5, 0x38, 0x34, 0x38, 0x90, 0x44, 0x92, 0xce, 0x92, 0xbf, 0x74, 0x7f, 0xc4, 0xb7, 0x6c, 0xbf, 0xba, 0xbf, 0xc6, 0xbb, 0x99, 0xbf, 0xc6, 0xbc, 0x6e, 0x66, 0xb2, 0x6e, 0x89, 0x99, 0x48, 0xcb, 0x83, 0x76, 0x96, 0x3e, 0x81, 0x92, 0xad, 0xc5, 0x5f, 0x66, 0xc3, 0x49, 0x05, 0xd6, 0x8b, 0x2d, 0x2e, 0x7e, 0x89, 0xeb, 0x7b, 0xca, 0x96, 0x4b, 0x44, 0x89, 0xc4, 0xc5, 0xf1, 0xfd, 0xc4, 0x85, 0xc4, 0xbd, 0xef, 0x92, 0xbd, 0x6c, 0x68, 0x2d, 0xc7, 0x6c, 0xbb, 0xab, 0xe4, 0xa3, 0xdf, 0xe1, 0xe1, 0xaa, 0xe6, 0xe1, 0xa5, 0xda, 0xdd, 0xdd, 0x9f, 0xa0, 0x99, 0x92, 0xce, 0x3e, 0xc9, 0xc6, 0xd1, 0xca, 0x92, 0xdf, 0xdc, 0xd9, 0xe5, 0xea, 0xac, 0xae, 0xac, 0x4d, 0xde, 0xe5, 0xd8, 0xf6, 0xe4, 0xd8, 0xa4, 0xe7, 0xe5, 0xe0, 0xaa, 0xe8, 0xe7, 0x54, 0xfc, 0xc8, 0x89, 0xbe, 0x7e, 0xb6, 0x6e, 0x74, 0x81, 0x2e, 0x6a, 0x81, 0x73, 0x71, 0x7d, 0xd1, 0x07, 0xdc, 0xe1, 0xff, 0xf7, 0xd8, 0xf3, 0x97, 0xf6, 0xd5, 0xd4, 0xf4, 0xda, 0xd9, 0xda, 0xdb, 0xda, 0x99, 0xce, 0x99, 0xef, 0xca, 0xca, 0x91, 0x9f, 0x3c, 0x87, 0x9f, 0x79, 0xc3, 0x8f, 0x86, 0x01, 0xad, 0x54, 0xa8, 0x94, 0x96, 0x97, 0x48, 0x9b, 0x4f, 0xe6, 0xa9, 0xae, 0x54, 0xab, 0xab, 0xe8, 0xe6, 0xe8, 
  0xad, 0xac, 0xac, 0xea, 0xad, 0xaa, 0x4c, 0x4b, 0x9c, 0xa1, 0xa7, 0xfe, 0x54, 0xe8, 0xa8, 0xe1, 0xa3, 0xe2, 0xdd, 0x97, 0xf2, 0x9f, 0xd0, 0x89, 0xcb, 0xcd, 0x84, 0xc3, 0xcb, 0xcb, 0xc3, 0xed, 0xcb, 0xcb, 0xc7, 0xc7, 0xf0, 0xd4, 0xd1, 0x99, 0xd9, 0xfa, 0xa1, 0xa5, 0xea, 0xea, 0xe8, 0xff, 0xff, 0x4d, 0xc3, 0x89, 0x84, 0x82, 0x81, 0xbe, 0x7b, 0x87, 0x26, 0x1b, 0x5f, 0x64, 0xb0, 0x78, 0x54, 0x20, 0x16, 0x11, 0x5c, 0x64, 0x24, 0x6f, 0xba, 0x01, 0xe1, 0x48, 0x05, 0xac, 0xae, 0xe9, 0xe9, 0xe7, 0xe9, 0xe9, 0xe9, 0xaa, 0xe2, 0xe0, 0xa0, 0xa0, 0xda, 0x04, 0x4e, 0xaa, 0xe0, 0xdf, 0xd6, 0x9b, 0xf4, 0xcd, 0xc5, 0xf1, 0x92, 0xcd, 0xdf, 0xe7, 0x08, 0xe4, 0xe0, 0xdf, 0x4d, 0x50, 0x4d, 0x05, 0xe1, 0x54, 0xac, 0x8b, 0x3a, 0xc5, 0x99, 0x54, 0x85, 0x38, 0xc5, 0xcd, 0x92, 0x3e, 0x3e, 0x84, 0x3a, 0xbf, 0xba, 0xeb, 0x7b, 0x7b, 0xc5, 0x99, 0x49, 0x4a, 0x99, 0x3e, 0xc4, 0x92, 0xf3, 0xee, 0x85, 0xee, 0xc1, 0x8b, 0x84, 0xec, 0x8a, 0xba, 0xcb, 0x8d, 0xd0, 0xb9, 0xb6, 0x6e, 0x7e, 0x8a, 0x49, 0xd0, 0x71, 0x3f, 0x89, 0x34, 0x05, 0xc6, 0x69, 0x72, 0x93, 0xe0, 0xa0, 0xd3, 0x92, 0xc6, 0xc4, 0x2b, 0x7b, 0xc4, 0x74, 0xc4, 0x54, 0x4b, 0x92, 0xc6, 0xc6, 0xc5, 0x99, 0x05, 0x92, 0x3a, 0xc4, 0xca, 0x7f, 0xef, 0xd1, 0x2b, 0x27, 0x74, 0xed, 0x2b, 0xbb, 0xe8, 0xa8, 0xe4, 0xa9, 0xae, 0x54, 0xae, 0x54, 0x54, 0x54, 0xe9, 0xea, 0x46, 0xce, 0x9c, 0xc6, 0xbf, 0x7b, 0x7f, 0xc4, 0xc9, 0xc5, 0x84, 0x89, 0xa4, 0xa8, 0xe0, 0xe1, 0xe0, 0xe1, 0xe2, 0xe5, 0xe6, 0xea, 0xad, 0xac, 0xe8, 0xea, 0xe8, 0xab, 0xfe, 0xe2, 0xa7, 0xfe, 0xe8, 0xe1, 0x9f, 0xc9, 0x84, 0x7e, 0x76, 0x7e, 0x81, 0xc3, 0x9d, 0xbf, 0x22, 0x66, 0x1c, 0x2c, 0x65, 0x6b, 0xbc, 0x7d, 0xc3, 0xf7, 0xd0, 0xd1, 0xd8, 0xdb, 0xde, 0xf6, 0xda, 0xde, 0xdc, 0xd8, 0xdc, 0xa4, 0xdc, 0xde, 0xd9, 0xf2, 0xcd, 0x4a, 0xf2, 0xcd, 0x92, 0x97, 0x96, 0x81, 0x8c, 0x93, 0x32, 0x88, 0x94, 0x97, 0xe2, 0xad, 0x54, 0xf8, 0x94, 0x96, 0x9c, 0x48, 0x9f, 0xa7, 0xe9, 0xac, 0x54, 0xae, 0xe9, 0xab, 0xe5, 0xe6, 0xe6, 
  0xea, 0xea, 0xac, 0xea, 0xea, 0xa6, 0xa1, 0xdd, 0xff, 0x54, 0x54, 0x54, 0x54, 0xae, 0x54, 0x54, 0x54, 0x54, 0xad, 0xe8, 0xe8, 0xae, 0xa8, 0xda, 0xa3, 0x51, 0x97, 0xf3, 0xa0, 0xdd, 0xd2, 0xf3, 0xdd, 0xff, 0xf7, 0xf5, 0xe4, 0x54, 0xae, 0x54, 0x54, 0x08, 0xe4, 0xfc, 0xdd, 0xfa, 0xde, 0x4b, 0x40, 0x3f, 0x90, 0x3b, 0x80, 0x82, 0x34, 0x34, 0x82, 0x23, 0x1c, 0x62, 0x64, 0xb4, 0xb4, 0xff, 0x35, 0x1b, 0x17, 0x13, 0x61, 0x6e, 0x62, 0x26, 0x7b, 0x06, 0x50, 0xe1, 0x46, 0x4a, 0x54, 0xe9, 0xe9, 0xe6, 0xe6, 0xe7, 0xe9, 0xe5, 0xe1, 0xdf, 0xfa, 0xa7, 0xdd, 0xf7, 0x49, 0xdc, 0xfc, 0x05, 0x9b, 0xf4, 0xd6, 0x9b, 0xc9, 0xcd, 0x9b, 0xf2, 0xe7, 0xe7, 0xe7, 0xe7, 0x00, 0xfc, 0x50, 0xdf, 0xde, 0x4d, 0xde, 0xac, 0x54, 0x9b, 0x8b, 0x8b, 0xd5, 0xac, 0x3a, 0x34, 0x7a, 0x38, 0xd4, 0xca, 0x91, 0xcd, 0xd6, 0xd6, 0xed, 0xbd, 0xba, 0xbb, 0xbf, 0x82, 0xc0, 0x37, 0x90, 0xf5, 0x4d, 0x85, 0x3b, 0x46, 0x42, 0xd8, 0xd8, 0xca, 0xf6, 0xf3, 0xf9, 0xd0, 0xc2, 0xc6, 0xc3, 0x97, 0xcc, 0x83, 0xb9, 0x78, 0x83, 0x44, 0x81, 0x71, 0x38, 0x3b, 0x8b, 0x6d, 0x7d, 0x97, 0xcd, 0x93, 0xd4, 0xda, 0x46, 0x37, 0x97, 0x75, 0x34, 0xc3, 0x75, 0xc1, 0x3e, 0xcd, 0xcd, 0xca, 0xef, 0xf1, 0xe5, 0x49, 0x37, 0x85, 0xc1, 0xef, 0xc0, 0xd1, 0x8b, 0x2f, 0xed, 0xed, 0x68, 0xb5, 0x7f, 0x92, 0xe5, 0x54, 0x54, 0xae, 0xad, 0x54, 0xe4, 0xa0, 0x49, 0x90, 0x82, 0x2d, 0x33, 0xc4, 0x74, 0xbd, 0x85, 0x7a, 0xca, 0xc1, 0x7e, 0xc0, 0xee, 0x9b, 0xd1, 0x97, 0xd5, 0x9f, 0xdc, 0xa7, 0xe2, 0xa9, 0xfe, 0xa9, 0xa9, 0xa9, 0xe2, 0xe2, 0xa9, 0xfd, 0xe5, 0x54, 0x01, 0x05, 0xde, 0xd0, 0xed, 0x7b, 0x7e, 0x7f, 0x7b, 0xec, 0x89, 0x2d, 0x18, 0x58, 0x20, 0x5c, 0x26, 0x5c, 0x5f, 0x26, 0xbe, 0x72, 0x7b, 0xd7, 0xcc, 0xcc, 0xd0, 0x9f, 0xde, 0xde, 0xf7, 0xdc, 0xe0, 0xfa, 0xe1, 0x54, 0xac, 0xe0, 0xdf, 0xdc, 0xe4, 0xe0, 0xd5, 0xd4, 0x9a, 0x80, 0x8c, 0x98, 0x81, 0x79, 0x8c, 0x8f, 0x51, 0xab, 0xe6, 0xae, 0xe4, 0x9a, 0xd4, 0x9f, 0x9c, 0x9f, 0x51, 0xab, 0x54, 0xae, 0xe9, 0xea, 0xe6, 0xe5, 0xe6, 0xe5, 
  0xe6, 0xe9, 0xea, 0xe9, 0xea, 0xae, 0x54, 0x54, 0xad, 0xe5, 0xe8, 0xae, 0x54, 0x54, 0x54, 0xae, 0x54, 0x54, 0x54, 0x54, 0x54, 0x54, 0x54, 0x54, 0x54, 0x54, 0x54, 0xac, 0xea, 0xea, 0xac, 0xae, 0xac, 0xe5, 0xab, 0xea, 0xae, 0xad, 0xad, 0xab, 0x00, 0xdd, 0xde, 0xf8, 0xfa, 0xe0, 0x3f, 0x7e, 0x7b, 0x7b, 0x76, 0x76, 0x76, 0x7e, 0x80, 0x3a, 0x5f, 0x5c, 0x62, 0xb4, 0x64, 0x72, 0x54, 0x06, 0x2c, 0x1c, 0x13, 0x5c, 0xb1, 0x1d, 0x6f, 0x62, 0x66, 0x05, 0x44, 0x4a, 0xdc, 0x49, 0x08, 0xad, 0xe6, 0xe6, 0xe5, 0xe4, 0xe7, 0xe6, 0xe0, 0xfa, 0xa7, 0xa4, 0xfd, 0x4e, 0x9b, 0x46, 0xd9, 0xdf, 0xdb, 0xd6, 0xf4, 0xf4, 0xf2, 0xf1, 0xf4, 0xd6, 0xe0, 0xfc, 0xe4, 0xe7, 0xe7, 0xe5, 0xfc, 0x00, 0xe0, 0xdc, 0xde, 0xe9, 0x54, 0x4d, 0x42, 0xca, 0xf4, 0xe7, 0x92, 0x2d, 0x34, 0x2b, 0x34, 0xd5, 0xee, 0xcb, 0xe0, 0x54, 0x08, 0xde, 0xf2, 0xc2, 0x7b, 0x7b, 0x34, 0x7f, 0x38, 0x2e, 0x27, 0x27, 0x29, 0x27, 0x27, 0x22, 0x2b, 0x29, 0x31, 0x38, 0x34, 0x44, 0xa7, 0xdc, 0xf9, 0xd7, 0xf8, 0xfa, 0x8d, 0xc2, 0xc3, 0x84, 0xd0, 0x71, 0x34, 0x90, 0xc3, 0x9f, 0x51, 0xd9, 0xe3, 0xf6, 0x9c, 0x96, 0x05, 0xc0, 0xca, 0x7a, 0x74, 0xc0, 0x7b, 0xbf, 0x85, 0xd6, 0xf2, 0x4a, 0x01, 0x54, 0xae, 0xcd, 0xcd, 0xc6, 0xc0, 0xcd, 0xc5, 0xf1, 0x7f, 0xc2, 0xc1, 0x68, 0x6c, 0xbd, 0xbf, 0x42, 0x54, 0xae, 0xe9, 0xad, 0xe6, 0x49, 0x90, 0x38, 0x75, 0x82, 0x2b, 0x2b, 0xbf, 0x2f, 0x6e, 0xc0, 0x7a, 0xce, 0x7f, 0x6e, 0xbd, 0x82, 0xcb, 0xa4, 0xdc, 0xd8, 0x9f, 0xd9, 0xdd, 0xfa, 0xa8, 0xfe, 0xa9, 0xfe, 0xe8, 0xe8, 0xea, 0xad, 0xac, 0xac, 0xae, 0xf2, 0x84, 0xc1, 0x8a, 0xc9, 0x89, 0x84, 0x7e, 0xbc, 0x81, 0x6f, 0x5b, 0x57, 0x5f, 0x1a, 0x5c, 0x29, 0x23, 0x5c, 0x1d, 0x61, 0x65, 0x80, 0x66, 0x7b, 0xd8, 0x97, 0xcc, 0x97, 0x9f, 0xdc, 0x51, 0xfd, 0xe0, 0xfc, 0xae, 0x54, 0xad, 0xe7, 0xe7, 0xe1, 0xe0, 0xae, 0x01, 0xa0, 0x8c, 0x8c, 0xa0, 0x3c, 0x88, 0x88, 0x93, 0x93, 0x52, 0x54, 0xae, 0xe5, 0x08, 0x9f, 0x97, 0x9f, 0x9c, 0xa0, 0xe1, 0xad, 0xae, 0xe6, 0xea, 0x54, 0xab, 0xa9, 0xe5, 0xe5, 
  0xe8, 0xab, 0xe9, 0xab, 0xe9, 0xad, 0xad, 0xad, 0xae, 0x54, 0x54, 0x54, 0x54, 0x54, 0xae, 0x54, 0xae, 0xae, 0x54, 0xae, 0x54, 0xae, 0xae, 0xae, 0xae, 0xac, 0xe7, 0xe4, 0xe4, 0xfc, 0xe5, 0xe2, 0xe1, 0xe2, 0xe1, 0xfd, 0xe9, 0xac, 0xe9, 0x08, 0xe4, 0xa4, 0xdc, 0xfa, 0xe6, 0xdf, 0xa4, 0xd1, 0xcc, 0x91, 0x8b, 0x89, 0x82, 0x7b, 0x75, 0x26, 0x5c, 0x64, 0x64, 0xb4, 0xb4, 0x9a, 0x54, 0x54, 0x2d, 0x15, 0x21, 0x18, 0x66, 0xb4, 0x23, 0xb6, 0xb0, 0x8c, 0x54, 0x42, 0x42, 0x4e, 0x54, 0xe7, 0xe5, 0xe5, 0xe4, 0xe4, 0xe5, 0xe6, 0x51, 0xa7, 0xdf, 0xa7, 0xe2, 0xa0, 0x99, 0x4a, 0xcd, 0x4a, 0x50, 0xf1, 0x50, 0xf4, 0x92, 0xd8, 0xd6, 0xdb, 0xe5, 0xe4, 0xfc, 0xfd, 0xe7, 0xe7, 0xe7, 0xe5, 0xe5, 0xe0, 0xe1, 0xac, 0x54, 0x07, 0x42, 0x8b, 0xd9, 0xdf, 0xf6, 0x2f, 0x2d, 0x2b, 0x23, 0x31, 0xc6, 0xcb, 0xdc, 0xea, 0xe2, 0xe8, 0xad, 0xd9, 0xcb, 0xc4, 0x84, 0x3a, 0x37, 0x31, 0x2f, 0x2f, 0x2b, 0x2b, 0x27, 0x2b, 0x29, 0x20, 0x19, 0x15, 0x17, 0x20, 0x1a, 0x1c, 0x2a, 0x66, 0x2c, 0x82, 0x93, 0xcb, 0x97, 0x98, 0xcc, 0xba, 0x1c, 0x3b, 0x93, 0x82, 0x88, 0x87, 0x2e, 0x76, 0x2e, 0x61, 0x34, 0x75, 0xc5, 0x85, 0xb5, 0xc0, 0xc4, 0xbb, 0x8b, 0xa5, 0xd9, 0x97, 0xd4, 0x54, 0x53, 0xca, 0xc6, 0xca, 0x85, 0xcb, 0xca, 0x92, 0xc2, 0xb7, 0x29, 0xb7, 0xba, 0xc4, 0xef, 0x54, 0x54, 0xab, 0xac, 0x4d, 0x42, 0x3b, 0x37, 0x29, 0x2e, 0x7f, 0x2b, 0x75, 0xc0, 0x29, 0x7b, 0x85, 0x3b, 0x2d, 0xb2, 0x6c, 0xb8, 0xbf, 0xa4, 0xe0, 0x4d, 0x54, 0xae, 0xe9, 0xe9, 0xe8, 0xe8, 0xe9, 0xea, 0xad, 0xae, 0x54, 0x54, 0xae, 0x54, 0x54, 0x01, 0xcd, 0x83, 0xec, 0x83, 0xbe, 0xbc, 0xbe, 0xc7, 0xc6, 0xb3, 0x5c, 0x1a, 0x5f, 0x66, 0x58, 0x5f, 0x24, 0x1f, 0x24, 0x1a, 0x27, 0xb2, 0x78, 0x6f, 0x64, 0x84, 0xdc, 0xdf, 0xda, 0xd9, 0xd5, 0xf2, 0xd8, 0xe5, 0x54, 0x54, 0xae, 0xe7, 0xe4, 0xe5, 0xfc, 0xfa, 0xac, 0xa7, 0x94, 0x46, 0x9d, 0x3c, 0x81, 0x8f, 0x91, 0x94, 0x53, 0xad, 0x54, 0xe9, 0xe1, 0xe5, 0xdf, 0x98, 0xd5, 0x9b, 0x9f, 0xab, 0x54, 0xad, 0xe6, 0xae, 0xae, 0xfd, 0xaa, 0xfd, 0xaa, 
  0xac, 0xe8, 0xe9, 0xad, 0xe9, 0xae, 0xad, 0x54, 0x54, 0x54, 0x54, 0x54, 0x54, 0x54, 0x54, 0x54, 0x54, 0x54, 0xae, 0x54, 0xae, 0x54, 0x54, 0x54, 0xae, 0xe6, 0xe1, 0xe2, 0xe4, 0xfd, 0xe1, 0xe2, 0xe1, 0xe2, 0xe2, 0xe8, 0xad, 0xe9, 0xac, 0xe7, 0x00, 0xdc, 0xa4, 0xd9, 0x40, 0x82, 0x80, 0x7b, 0x34, 0x77, 0x6f, 0xb6, 0x7b, 0x38, 0x5f, 0x5c, 0x64, 0x69, 0xb4, 0x78, 0xd0, 0x54, 0x54, 0x3f, 0x1c, 0x1c, 0x5c, 0x17, 0x2a, 0x77, 0xb0, 0x26, 0x76, 0x8b, 0x50, 0xfe, 0x46, 0x3f, 0x50, 0xae, 0xe4, 0xe4, 0xe4, 0xe4, 0xe5, 0xe7, 0xde, 0xde, 0xe5, 0xe1, 0xe0, 0xa0, 0x3f, 0xd9, 0x99, 0xcd, 0x9b, 0xd6, 0xde, 0xd9, 0xf2, 0xf7, 0xf4, 0xe5, 0xad, 0xe7, 0xe7, 0xe9, 0xe5, 0xe5, 0xe5, 0xfc, 0xfc, 0xe4, 0xe5, 0xad, 0xae, 0xad, 0x4a, 0x90, 0xf6, 0xe0, 0xda, 0x2f, 0x29, 0x2b, 0x27, 0x22, 0x2e, 0xef, 0xf7, 0x54, 0xdd, 0xe2, 0xfd, 0x54, 0x54, 0x54, 0xc9, 0xc2, 0xeb, 0xb6, 0x74, 0x2f, 0x6c, 0x6c, 0x29, 0x20, 0x17, 0x15, 0x17, 0x1c, 0x17, 0x11, 0x13, 0x55, 0x0f, 0x0e, 0x56, 0x1e, 0x5f, 0x5f, 0x62, 0x6d, 0x7d, 0x23, 0x0d, 0x66, 0x83, 0x23, 0x5b, 0x5c, 0x5c, 0x5c, 0x62, 0x2d, 0x7e, 0x2f, 0xb8, 0xc4, 0x74, 0xc1, 0xc6, 0x33, 0xc6, 0xc9, 0x83, 0x8d, 0x93, 0x42, 0xaa, 0xd4, 0xc5, 0xef, 0x85, 0xca, 0xf1, 0xc9, 0x27, 0x68, 0xeb, 0xb7, 0xbf, 0xc5, 0xdc, 0x54, 0xe7, 0xfc, 0xa0, 0x42, 0x35, 0x8b, 0x2d, 0x2b, 0xeb, 0xb8, 0x29, 0xc0, 0x2f, 0x2d, 0xf4, 0x37, 0xb2, 0x23, 0xb3, 0x6e, 0xbb, 0x7e, 0xcd, 0xe1, 0x9f, 0xdf, 0xe9, 0xe2, 0xe6, 0xac, 0x54, 0xae, 0x54, 0xae, 0x54, 0xae, 0xad, 0x54, 0x4d, 0x3e, 0x82, 0xca, 0x99, 0x92, 0x92, 0xca, 0xd0, 0xf3, 0xcb, 0x6a, 0x5e, 0xb1, 0x69, 0xb4, 0x23, 0x5f, 0x24, 0x5a, 0x63, 0x22, 0x1f, 0x1a, 0x18, 0x35, 0x7e, 0x66, 0x6a, 0x76, 0xac, 0xd9, 0xd8, 0xd9, 0xd8, 0xd8, 0xde, 0x54, 0x54, 0xac, 0xfc, 0xe5, 0xe7, 0xe1, 0xfc, 0xe7, 0x4c, 0xd6, 0x98, 0xee, 0x8f, 0x3c, 0x94, 0x98, 0x98, 0x54, 0xad, 0xea, 0xfd, 0xfc, 0xe6, 0xe0, 0xd5, 0xd9, 0x96, 0xa0, 0xae, 0xae, 0xab, 0xea, 0x54, 0xac, 0xa9, 0xe4, 0xe2, 0xe2, 
  0xae, 0xae, 0xae, 0x54, 0xae, 0xad, 0xad, 0xad, 0xad, 0x54, 0x54, 0x54, 0x54, 0x54, 0x54, 0xae, 0x54, 0xae, 0x54, 0x54, 0x54, 0xae, 0xae, 0x54, 0xe9, 0xfc, 0xe1, 0xfc, 0xe1, 0xfc, 0xe2, 0xe2, 0xfa, 0xe2, 0xfd, 0xea, 0xac, 0xac, 0xe9, 0x08, 0x51, 0xde, 0xe7, 0xce, 0x7b, 0x77, 0x34, 0x77, 0x7e, 0x81, 0xec, 0x8a, 0xca, 0x64, 0x5f, 0x66, 0xb3, 0xb4, 0xb4, 0xc8, 0x54, 0xe2, 0x01, 0x2c, 0x1f, 0x5c, 0x17, 0x20, 0x61, 0x5f, 0x80, 0xb1, 0xb1, 0x96, 0x46, 0x42, 0xe1, 0x96, 0x46, 0xae, 0xe5, 0xe4, 0xe4, 0xe4, 0xe7, 0xe0, 0xa4, 0xe7, 0xab, 0xdd, 0xe1, 0x4a, 0x3c, 0x96, 0xdf, 0xce, 0xce, 0x4a, 0xe0, 0xf6, 0xd6, 0xdf, 0xdc, 0xe5, 0xe7, 0xe7, 0xe7, 0xe9, 0xac, 0xe9, 0xe7, 0xe7, 0xe7, 0xe5, 0xe5, 0xe7, 0xea, 0xae, 0xde, 0x46, 0xd6, 0xe1, 0xd8, 0x75, 0x1f, 0x27, 0x27, 0x1f, 0x22, 0x23, 0x7f, 0x54, 0xa7, 0xe1, 0xe8, 0xe5, 0xe6, 0x54, 0xde, 0xf3, 0xef, 0xd7, 0xeb, 0x6e, 0xb7, 0x2f, 0x5e, 0x17, 0x18, 0x1d, 0x18, 0x57, 0x56, 0x58, 0x58, 0x10, 0x56, 0x58, 0x58, 0xaf, 0xaf, 0x62, 0x64, 0x74, 0x22, 0x56, 0x56, 0x15, 0xb3, 0x91, 0xd1, 0xb8, 0x66, 0xb4, 0xb2, 0x23, 0x7e, 0xed, 0x75, 0x7a, 0x37, 0xc1, 0xbf, 0xbf, 0xc9, 0xd4, 0x9c, 0x9f, 0xdd, 0x9c, 0x49, 0xce, 0xc4, 0xef, 0xc6, 0x92, 0xf5, 0x2f, 0x2b, 0xec, 0xb3, 0x68, 0xc1, 0x4a, 0x54, 0xe7, 0x07, 0x4c, 0x44, 0x7b, 0x68, 0x34, 0x74, 0x6c, 0xbd, 0x2b, 0x2e, 0xc4, 0x2f, 0xd1, 0x75, 0x5e, 0x5e, 0xb2, 0xb3, 0x74, 0xc0, 0xa0, 0xe4, 0x9b, 0xd6, 0xd9, 0x9b, 0x9c, 0xa0, 0xdf, 0xe2, 0xe7, 0xe9, 0xe6, 0xe9, 0xad, 0x54, 0x54, 0xca, 0x3a, 0xc9, 0xc1, 0xc0, 0x7e, 0xbf, 0xc3, 0xc9, 0x74, 0xb2, 0x66, 0xb3, 0x6e, 0xb2, 0x61, 0x1a, 0x24, 0x27, 0x18, 0x23, 0x27, 0x18, 0x22, 0x20, 0x24, 0x81, 0x24, 0x6e, 0x61, 0x35, 0x05, 0x4a, 0xf1, 0x46, 0xf2, 0x96, 0xd5, 0xe5, 0xac, 0xe8, 0xe7, 0xe4, 0xfc, 0xe5, 0xfc, 0x9c, 0xce, 0x8f, 0x9c, 0x90, 0x88, 0x48, 0x9f, 0xa3, 0xae, 0xe7, 0xea, 0xe5, 0xe4, 0xe5, 0xfc, 0xa3, 0xdc, 0x99, 0x4e, 0x54, 0xad, 0xe9, 0x54, 0x54, 0xae, 0xe5, 0xe2, 0xe1, 0xe1, 
  0x54, 0x54, 0x54, 0xae, 0x54, 0xae, 0xad, 0xad, 0xea, 0xad, 0xae, 0x54, 0x54, 0x54, 0x54, 0x54, 0x54, 0x54, 0xae, 0x54, 0xae, 0x54, 0xae, 0x54, 0x09, 0xfc, 0xe0, 0xe0, 0xe2, 0xe1, 0xe1, 0xfa, 0xe1, 0xe1, 0xe8, 0xad, 0xe9, 0xe9, 0x08, 0xe7, 0x01, 0x00, 0x49, 0x96, 0x90, 0x8a, 0xc9, 0x89, 0x7e, 0x38, 0x37, 0x2e, 0x66, 0x62, 0x66, 0xb4, 0x6e, 0x6e, 0xb6, 0xa9, 0xe9, 0xe6, 0x54, 0x2d, 0x20, 0x1c, 0x20, 0x16, 0x2e, 0xb1, 0x24, 0x72, 0xaf, 0x6e, 0x54, 0x90, 0x3e, 0x49, 0xe1, 0xe6, 0xe4, 0xe5, 0xe4, 0xe4, 0xe5, 0xde, 0xe5, 0xe7, 0xde, 0xdb, 0xe5, 0x4a, 0x3c, 0xca, 0xda, 0x4d, 0xce, 0x05, 0xde, 0xde, 0xf6, 0xdf, 0xe7, 0xe9, 0xe6, 0xe5, 0xe5, 0xe5, 0xe7, 0xe7, 0xe7, 0xe9, 0xe9, 0xac, 0xac, 0xac, 0xe9, 0xac, 0xe5, 0x9b, 0x4a, 0xde, 0xd9, 0x3b, 0x23, 0x22, 0x29, 0x20, 0x19, 0x1d, 0x22, 0x4a, 0x54, 0xa9, 0xfd, 0xea, 0xea, 0xae, 0x54, 0x54, 0x54, 0x54, 0xca, 0xc6, 0xca, 0x50, 0xbf, 0x6c, 0xb8, 0x33, 0xb2, 0xb0, 0xb0, 0x61, 0x5f, 0x62, 0x6e, 0xb4, 0x6e, 0x3c, 0xc0, 0xbd, 0x33, 0x1d, 0x11, 0x15, 0x61, 0x0e, 0x5a, 0x66, 0xed, 0x54, 0x54, 0xd5, 0xfb, 0xd5, 0xca, 0xbf, 0xed, 0x74, 0x6c, 0xc1, 0xc0, 0x82, 0xc1, 0x92, 0x54, 0x07, 0xa8, 0x4b, 0x3b, 0x85, 0xc0, 0xd2, 0xc9, 0xcd, 0x92, 0xbd, 0xeb, 0x68, 0xb5, 0x8a, 0x7a, 0x05, 0x54, 0x51, 0xa0, 0x3e, 0x82, 0xb3, 0x6c, 0xbb, 0x2b, 0xb8, 0x85, 0x68, 0x7f, 0xc5, 0x92, 0x2d, 0x5a, 0x5c, 0x63, 0x27, 0x27, 0xb3, 0xc1, 0x54, 0xda, 0x90, 0x3e, 0x90, 0x89, 0x90, 0x96, 0x9f, 0xa4, 0xa7, 0xe4, 0xe5, 0xfd, 0xac, 0xe0, 0xf4, 0xd6, 0xf2, 0xce, 0xcb, 0xcb, 0xf0, 0xd1, 0x44, 0x74, 0x64, 0xb6, 0xb6, 0x6e, 0xba, 0xb2, 0x5e, 0x64, 0x68, 0x15, 0x18, 0x2a, 0x24, 0x17, 0x17, 0x61, 0x27, 0x81, 0x76, 0x6a, 0x66, 0x66, 0x34, 0x50, 0x50, 0xd4, 0x46, 0xf2, 0x9b, 0xd9, 0x00, 0x53, 0xac, 0xe7, 0xfc, 0xe4, 0x97, 0x97, 0x91, 0x9d, 0x3f, 0x90, 0x43, 0x9f, 0x4c, 0x54, 0xe9, 0xab, 0xe7, 0xe1, 0xe5, 0xfc, 0xe5, 0xe0, 0xdc, 0x48, 0x05, 0x54, 0xac, 0x54, 0x54, 0x54, 0xae, 0xe2, 0xe0, 0xe1, 0xe1, 
  0x54, 0xae, 0x54, 0x54, 0xad, 0xad, 0xae, 0xea, 0xad, 0xea, 0xea, 0x54, 0x54, 0x54, 0x54, 0x54, 0xae, 0x54, 0x54, 0x54, 0x54, 0xae, 0x54, 0xad, 0xe4, 0x51, 0xe0, 0xe1, 0xe0, 0xfa, 0xfa, 0xfa, 0xe0, 0xe2, 0xea, 0xea, 0xe9, 0xe7, 0xe6, 0x08, 0x44, 0x81, 0x7b, 0x75, 0x76, 0x74, 0x2e, 0xba, 0x76, 0xc1, 0x35, 0x62, 0x64, 0x62, 0xb4, 0xb4, 0xb6, 0xb4, 0xcd, 0x54, 0xde, 0x54, 0x49, 0x22, 0x1f, 0x26, 0x1c, 0x20, 0x61, 0x74, 0x61, 0x6f, 0x6e, 0x66, 0xdc, 0xe9, 0x46, 0x3a, 0x46, 0x54, 0xe1, 0xfc, 0xfc, 0xe5, 0xdf, 0xe2, 0xe5, 0xa5, 0xdc, 0xdf, 0xe1, 0x96, 0x3b, 0x89, 0x96, 0xe5, 0xd8, 0xf6, 0x50, 0xde, 0xdc, 0xde, 0xe5, 0xe4, 0xe6, 0xe4, 0xe7, 0xfd, 0xe5, 0xe5, 0xe6, 0xe7, 0xe5, 0xe5, 0xe7, 0xe5, 0xe7, 0xe7, 0xe7, 0x05, 0xd8, 0xdc, 0x9b, 0xdc, 0x2f, 0x20, 0x22, 0x27, 0x1a, 0x1f, 0x5a, 0x29, 0x2b, 0x05, 0x54, 0xad, 0x54, 0x54, 0xad, 0xac, 0xe7, 0xe7, 0x54, 0x54, 0x54, 0x54, 0x54, 0x54, 0x54, 0x54, 0x54, 0xdf, 0x53, 0x54, 0x54, 0x54, 0x54, 0x54, 0x54, 0x46, 0x7a, 0x75, 0x27, 0x17, 0x55, 0x5f, 0xf9, 0x55, 0x11, 0xb4, 0xba, 0xd3, 0x01, 0x54, 0xa7, 0xe8, 0xcb, 0x2d, 0x37, 0xcb, 0x2e, 0x7a, 0xc1, 0xed, 0xbd, 0xc6, 0xfd, 0x54, 0x54, 0xdf, 0xca, 0xd1, 0xc9, 0xef, 0xef, 0x42, 0xef, 0xb5, 0x27, 0xeb, 0xbd, 0xb8, 0xcb, 0xa8, 0xe1, 0x4e, 0x89, 0x2b, 0x33, 0x6c, 0x7e, 0x37, 0x27, 0xed, 0xb8, 0x6c, 0xf5, 0x3e, 0x23, 0x18, 0x5a, 0x5a, 0x1d, 0x63, 0x68, 0x74, 0x82, 0x9b, 0xcd, 0x89, 0x89, 0x7e, 0x82, 0x84, 0x8b, 0xd1, 0xd9, 0xde, 0xfa, 0xab, 0xde, 0xef, 0xc5, 0xc0, 0xc0, 0x84, 0xc0, 0x84, 0x3a, 0xcb, 0x38, 0xb3, 0x6e, 0xb6, 0xb6, 0xb6, 0xc1, 0x3a, 0x6a, 0x27, 0x66, 0xb3, 0x15, 0x20, 0xb3, 0x24, 0x18, 0x1a, 0xb2, 0x5c, 0x37, 0x05, 0x76, 0xb3, 0x66, 0xb2, 0x2d, 0x90, 0x05, 0x46, 0xf4, 0x9b, 0xf2, 0xf1, 0xf1, 0x46, 0xe0, 0xe5, 0xe4, 0xd9, 0x94, 0xd3, 0xd8, 0x87, 0x96, 0x98, 0xa3, 0xa7, 0xad, 0xe7, 0xe9, 0xe4, 0xe4, 0xe5, 0xfc, 0xe8, 0xe5, 0xfa, 0xd5, 0x4d, 0xfc, 0xa8, 0x53, 0xac, 0x54, 0x54, 0xe1, 0xdf, 0xe0, 0xdf, 
  0x54, 0x54, 0x54, 0xae, 0xae, 0xad, 0xad, 0xad, 0xea, 0xea, 0xea, 0xea, 0xae, 0x54, 0x54, 0x54, 0x54, 0xae, 0x54, 0xae, 0x54, 0x54, 0x54, 0xac, 0x07, 0xe0, 0xdf, 0xe0, 0xe0, 0xa7, 0xde, 0xa7, 0xfa, 0xe6, 0xad, 0xe9, 0xac, 0xe4, 0xe7, 0x54, 0x90, 0xbf, 0x82, 0x7e, 0x3a, 0xc3, 0xc9, 0xc6, 0xcd, 0x82, 0x62, 0x69, 0x69, 0x69, 0xb4, 0x69, 0xc2, 0x49, 0x54, 0xfc, 0xe0, 0x54, 0x31, 0x22, 0x2a, 0x1f, 0x5c, 0x26, 0x63, 0x27, 0x72, 0x23, 0x76, 0xf2, 0xd9, 0x44, 0xde, 0x46, 0x3b, 0xe5, 0xe4, 0xe1, 0xe5, 0xfc, 0xe1, 0xe4, 0xdc, 0xd8, 0xfc, 0xae, 0x4b, 0x8a, 0x3b, 0x3f, 0x91, 0x4a, 0xac, 0x50, 0xe0, 0xe0, 0xde, 0xe1, 0xe4, 0xe4, 0xfc, 0xe5, 0xe5, 0xe7, 0xe4, 0xfd, 0xfc, 0xfd, 0xe5, 0xe5, 0xe4, 0xe5, 0xe4, 0xe4, 0xe7, 0xf4, 0x4a, 0xdf, 0xd8, 0xa4, 0x2f, 0x1f, 0x1d, 0x19, 0x1f, 0x1d, 0x19, 0x18, 0x17, 0x33, 0x54, 0x00, 0x54, 0x54, 0xae, 0x54, 0x54, 0xad, 0xe4, 0xe2, 0xe0, 0xe4, 0xaa, 0xfc, 0xa7, 0xd9, 0xdc, 0xab, 0xff, 0xe2, 0xe8, 0xe0, 0xe1, 0x01, 0x85, 0x6e, 0x82, 0x2d, 0x17, 0x5c, 0xaf, 0x2d, 0x54, 0x62, 0x55, 0x27, 0x85, 0xed, 0xae, 0x54, 0xe1, 0xdd, 0xcd, 0xbf, 0x2d, 0xc4, 0xc9, 0x74, 0xc0, 0xc6, 0xbf, 0xd1, 0x54, 0x54, 0x4e, 0x99, 0xca, 0xcd, 0xc9, 0xcb, 0xce, 0xcd, 0x33, 0x68, 0xbd, 0x6e, 0x68, 0xc3, 0xe8, 0x08, 0x53, 0x99, 0x75, 0x2b, 0xeb, 0x6c, 0xc1, 0x2d, 0x2d, 0xd0, 0xb5, 0xdd, 0x34, 0x18, 0x57, 0x18, 0x5a, 0x1d, 0x23, 0xb2, 0xbb, 0x42, 0xaa, 0x99, 0x89, 0xc5, 0x89, 0x75, 0x7e, 0xc1, 0x89, 0xc9, 0xd4, 0xdc, 0xe0, 0xaa, 0xe0, 0xf2, 0xcd, 0xd1, 0x9b, 0xd5, 0xd4, 0xd5, 0xf6, 0x80, 0x6e, 0x77, 0xbc, 0x77, 0xb9, 0xc2, 0x6a, 0x61, 0xb2, 0x2a, 0x2d, 0x1d, 0x1d, 0x20, 0x74, 0x66, 0x5a, 0x26, 0x23, 0x6c, 0x66, 0xc5, 0xd4, 0x6a, 0x6e, 0x6a, 0xb2, 0x2a, 0x4a, 0x46, 0xf1, 0xd6, 0xf4, 0xd9, 0x9b, 0xd6, 0xde, 0x54, 0x51, 0x8f, 0xcc, 0xaa, 0x3e, 0x8f, 0xd8, 0x48, 0xe9, 0x54, 0xe6, 0xe9, 0xe6, 0xe5, 0xe5, 0xe5, 0xe6, 0xe7, 0xae, 0xe2, 0x9f, 0xa0, 0x54, 0xe6, 0x00, 0x51, 0x00, 0x09, 0xe5, 0xe0, 0xfa, 0xdf, 
  0x54, 0x54, 0x54, 0x54, 0xae, 0xad, 0xad, 0xad, 0xad, 0xe9, 0xea, 0xe9, 0xad, 0x54, 0x54, 0x54, 0x54, 0x54, 0x54, 0x54, 0x54, 0xae, 0x54, 0xac, 0x51, 0xa5, 0xdf, 0xe0, 0xa7, 0xde, 0xfa, 0xa7, 0xe2, 0xe9, 0xad, 0xe9, 0xe5, 0x54, 0x54, 0x04, 0x44, 0x49, 0x92, 0x3e, 0x82, 0x7b, 0x77, 0x7e, 0x76, 0x66, 0x64, 0x6f, 0xb1, 0x6e, 0xb4, 0xb4, 0xd0, 0x54, 0xe0, 0xe4, 0xe7, 0x00, 0x03, 0x2b, 0x23, 0x20, 0x26, 0x5a, 0x2e, 0x61, 0x75, 0x61, 0x1f, 0x84, 0x54, 0x9b, 0x3f, 0x46, 0x50, 0xe5, 0xe6, 0xe7, 0xe9, 0xfc, 0xe2, 0xdc, 0xa0, 0xd9, 0xe4, 0xa8, 0x3e, 0x84, 0x3b, 0x3b, 0xce, 0xcd, 0xe4, 0x54, 0xdf, 0xe0, 0xe0, 0xdf, 0xe0, 0xe5, 0xe4, 0xe4, 0xfd, 0xe5, 0xe5, 0xe5, 0xe7, 0xfc, 0xfc, 0xe1, 0xe1, 0xfc, 0xe0, 0xde, 0xe0, 0x05, 0xf4, 0xdc, 0xd6, 0x99, 0x29, 0x18, 0x22, 0x19, 0x17, 0x23, 0x15, 0x1f, 0x57, 0x24, 0x54, 0x54, 0xe6, 0x08, 0x54, 0x54, 0x54, 0x54, 0xad, 0xea, 0xad, 0xea, 0xe2, 0xdd, 0xdd, 0xf8, 0xf8, 0xa7, 0xe1, 0xa8, 0xa8, 0xa9, 0xae, 0x82, 0x2e, 0x90, 0x38, 0x18, 0x66, 0xb3, 0x61, 0x90, 0x01, 0xe8, 0x5c, 0x5e, 0xb5, 0xbf, 0xc7, 0x54, 0x54, 0xad, 0xd1, 0xed, 0xb8, 0x2e, 0xc6, 0x74, 0xc5, 0xc1, 0xbf, 0x8b, 0x49, 0x54, 0x4b, 0x46, 0x92, 0x92, 0xef, 0xca, 0xd4, 0xc5, 0xbb, 0xec, 0x68, 0x2b, 0xec, 0xa5, 0x08, 0xa6, 0x42, 0xee, 0x75, 0x74, 0xc0, 0xb5, 0xc6, 0x2d, 0x7e, 0xc6, 0xdf, 0x2e, 0x18, 0x18, 0x1a, 0x1d, 0x5b, 0x19, 0x5a, 0x1d, 0x6c, 0x54, 0xdb, 0x91, 0xc0, 0x8b, 0x81, 0x77, 0x76, 0x37, 0x84, 0xca, 0xce, 0xf7, 0xe6, 0xf7, 0xd9, 0x9b, 0xf2, 0x92, 0xc6, 0xc5, 0xc6, 0xc4, 0x6e, 0xb8, 0xb9, 0xbd, 0xbd, 0xeb, 0xec, 0xbe, 0x6e, 0x6e, 0x23, 0x2b, 0x2e, 0x15, 0x5e, 0x5c, 0x3a, 0x27, 0x24, 0x5a, 0x20, 0xb3, 0xbd, 0xb6, 0x42, 0xc9, 0xc1, 0xb7, 0xb6, 0x27, 0x2a, 0x3a, 0xf4, 0xf1, 0x9b, 0xf4, 0xf5, 0xe0, 0xe4, 0x01, 0x9c, 0x91, 0xfe, 0x48, 0x91, 0x48, 0xa0, 0xa0, 0xe9, 0x54, 0xe7, 0xe9, 0xe5, 0xe5, 0xe5, 0xe9, 0xea, 0xad, 0x54, 0xe8, 0xf6, 0xd6, 0x54, 0x54, 0x54, 0xe9, 0xa7, 0x4e, 0x51, 0xdf, 0xa3, 0xdc, 
  0x54, 0x54, 0x54, 0xae, 0x54, 0xad, 0xad, 0xad, 0xea, 0xea, 0xe9, 0xe9, 0xff, 0xad, 0x54, 0x54, 0x54, 0x54, 0x54, 0x54, 0x54, 0x54, 0xae, 0x51, 0xa5, 0xdf, 0xde, 0xdf, 0xde, 0xa4, 0xa5, 0xfa, 0xe5, 0xad, 0xea, 0xe6, 0xae, 0x05, 0x03, 0x38, 0xc1, 0x81, 0x33, 0xb6, 0x74, 0xba, 0xed, 0x75, 0xb1, 0x69, 0x6e, 0x6a, 0x6d, 0xb4, 0x6e, 0xed, 0xe4, 0xe4, 0xfc, 0xe7, 0xe0, 0x54, 0x44, 0x26, 0x23, 0x6a, 0x5a, 0x1c, 0xbd, 0x66, 0x5f, 0x6a, 0x5e, 0x27, 0x00, 0x05, 0xf6, 0x3f, 0x8b, 0x08, 0xe5, 0xfc, 0xe4, 0xe4, 0xa4, 0x4d, 0xfc, 0xac, 0xe9, 0x99, 0x38, 0x89, 0x3b, 0x38, 0x90, 0xce, 0xd8, 0x54, 0xe4, 0x00, 0xe1, 0xa4, 0xde, 0xe0, 0xfd, 0xfc, 0xe4, 0xfc, 0xfd, 0xe4, 0xfd, 0xfc, 0xe1, 0xe1, 0xde, 0xde, 0xde, 0xf6, 0xf4, 0x9b, 0x99, 0x92, 0xf1, 0xd6, 0x82, 0x1a, 0x15, 0x1a, 0x20, 0x22, 0x19, 0x19, 0x18, 0x1d, 0x27, 0x33, 0x54, 0x54, 0xea, 0xad, 0x54, 0x54, 0xae, 0xad, 0xae, 0xe9, 0xa7, 0xfb, 0xa7, 0xa1, 0xa8, 0xea, 0xfe, 0xa9, 0xa9, 0x54, 0x3b, 0x71, 0x90, 0x3a, 0x5e, 0x2a, 0x77, 0xb2, 0x82, 0x06, 0x4b, 0x54, 0xcb, 0xb4, 0x6c, 0xb8, 0xc1, 0xc9, 0x54, 0x54, 0xa4, 0xc0, 0xee, 0x6c, 0x74, 0x7f, 0xc9, 0x85, 0xc6, 0x85, 0x92, 0x54, 0x05, 0x9b, 0x3e, 0xca, 0xcd, 0x92, 0xce, 0xc6, 0xb8, 0x61, 0x74, 0xbe, 0x7e, 0xd0, 0x4f, 0x99, 0xc1, 0x8b, 0x2d, 0x37, 0xbb, 0xeb, 0xc5, 0x6e, 0xf0, 0xc6, 0x22, 0x10, 0x14, 0x17, 0x15, 0x19, 0x17, 0x1d, 0x5e, 0x63, 0xc5, 0x51, 0x99, 0x84, 0x7b, 0xca, 0x7b, 0x77, 0x7b, 0x7b, 0x82, 0xc6, 0xcd, 0xd6, 0xf1, 0x3e, 0xca, 0x8b, 0x8b, 0x8b, 0xc9, 0xf2, 0xf1, 0x7b, 0xb9, 0xc2, 0xbb, 0xec, 0xeb, 0xc4, 0x00, 0x89, 0x2b, 0x22, 0x6a, 0x74, 0xba, 0x5a, 0x22, 0x63, 0x34, 0x2b, 0x24, 0x17, 0xec, 0x6c, 0x2b, 0x3b, 0x50, 0x54, 0xc7, 0xb8, 0x75, 0x74, 0xb3, 0x2b, 0x44, 0xf6, 0xf4, 0xf5, 0xd8, 0xf5, 0xd9, 0xf7, 0x4d, 0x48, 0xa7, 0x3b, 0xa0, 0xa3, 0xa8, 0xaa, 0xad, 0x54, 0xe9, 0xe5, 0xe5, 0xe7, 0xac, 0xae, 0xae, 0xae, 0x54, 0xae, 0xdd, 0xd6, 0xae, 0x54, 0xae, 0x54, 0xae, 0xa7, 0xa3, 0x4e, 0xde, 0xa0, 
  0x54, 0x54, 0x54, 0x54, 0x54, 0xae, 0xea, 0xea, 0xad, 0xea, 0xe9, 0xe9, 0xe9, 0xea, 0xad, 0x54, 0x54, 0x54, 0x54, 0x54, 0x54, 0x54, 0xad, 0x07, 0xdf, 0xa4, 0xdf, 0xa7, 0xa4, 0xdd, 0xfa, 0xe1, 0xea, 0xad, 0xe7, 0xad, 0x06, 0x3b, 0xc3, 0xed, 0x81, 0xec, 0x7b, 0x84, 0x89, 0x3e, 0x34, 0x2a, 0x6e, 0xb4, 0x6d, 0xb4, 0x77, 0xb9, 0xf0, 0xac, 0xad, 0xe4, 0xe6, 0xe4, 0xe0, 0x54, 0x31, 0x1f, 0x29, 0x27, 0xaf, 0xb1, 0x2e, 0x6e, 0x61, 0x2a, 0xb3, 0x61, 0xdb, 0x4a, 0x42, 0xa4, 0x3e, 0x49, 0xff, 0xe0, 0xe5, 0x50, 0x51, 0xac, 0x51, 0xaa, 0xa4, 0x82, 0x82, 0xc6, 0x89, 0x3b, 0x3f, 0x42, 0x9b, 0x08, 0xad, 0xe0, 0xe1, 0xdc, 0xde, 0xfa, 0xe1, 0xfc, 0xe2, 0xfc, 0xfd, 0xfc, 0xfc, 0xe1, 0xfd, 0xe5, 0xdf, 0xdc, 0xa4, 0xda, 0x99, 0x42, 0xcd, 0x89, 0x8b, 0x96, 0x4a, 0x29, 0x19, 0x11, 0x14, 0x1f, 0x1d, 0x1d, 0x1d, 0x19, 0x5a, 0x22, 0x4a, 0x3f, 0x51, 0xad, 0xae, 0x54, 0x54, 0xae, 0xae, 0xe6, 0xa8, 0xda, 0xa5, 0xfb, 0xfa, 0xea, 0xab, 0xe2, 0xe8, 0xa5, 0x82, 0xd5, 0x3a, 0x2a, 0xb6, 0x77, 0xb3, 0x7e, 0x09, 0x04, 0x06, 0xe4, 0x54, 0xf7, 0xbf, 0xb5, 0x7a, 0xec, 0xd4, 0x54, 0xa7, 0x7f, 0x75, 0xed, 0x6c, 0x33, 0xc6, 0xc1, 0xc5, 0xc5, 0xf4, 0x54, 0x05, 0x92, 0xcb, 0x92, 0xcb, 0x92, 0xf3, 0x68, 0x23, 0xc2, 0xba, 0x75, 0xee, 0xa2, 0xae, 0x3b, 0xc1, 0x85, 0xb5, 0x8b, 0xb9, 0xc4, 0xc1, 0xca, 0xce, 0x18, 0x11, 0x18, 0x5a, 0x1d, 0x5a, 0x19, 0x5a, 0x68, 0x7a, 0x49, 0x54, 0x96, 0x89, 0x81, 0xbd, 0x90, 0x77, 0x75, 0x76, 0xbd, 0xbd, 0xc4, 0xc9, 0x9b, 0xda, 0xd5, 0xf5, 0xf6, 0xf5, 0xf5, 0xfc, 0xca, 0xbd, 0xbe, 0xec, 0xc1, 0xec, 0xc2, 0x7e, 0x4d, 0xc0, 0x63, 0x27, 0xb6, 0xb8, 0x2f, 0x5a, 0xb2, 0x5e, 0x2e, 0x3a, 0x7b, 0x1a, 0xb3, 0x23, 0x6c, 0xb5, 0x6c, 0x33, 0x00, 0xf5, 0xb9, 0xeb, 0xc1, 0xbb, 0x74, 0xb5, 0x42, 0xf7, 0xf5, 0xf7, 0xdf, 0xe0, 0xac, 0x43, 0x97, 0x46, 0x90, 0xae, 0x9f, 0x52, 0x54, 0x54, 0xad, 0xe5, 0xe5, 0xac, 0xad, 0xae, 0xad, 0xea, 0xae, 0xae, 0x54, 0xfe, 0x9f, 0xe4, 0x54, 0xad, 0xae, 0xae, 0x54, 0xa8, 0xa3, 0x51, 0xa8, 
  0xe2, 0xae, 0x54, 0x54, 0x54, 0x54, 0xad, 0xad, 0xea, 0xad, 0xac, 0xe8, 0xe9, 0xe8, 0xad, 0xae, 0x54, 0x54, 0x54, 0x54, 0xae, 0x54, 0xad, 0x51, 0xa4, 0xdf, 0xde, 0xdc, 0xa4, 0xde, 0xa7, 0xfe, 0xad, 0xea, 0xe6, 0xad, 0x09, 0x4b, 0x91, 0x8c, 0x84, 0x38, 0x7e, 0x7a, 0xc0, 0x29, 0x66, 0x6a, 0x6f, 0xb6, 0x77, 0x6f, 0x74, 0xf4, 0x54, 0xe5, 0xe5, 0xe7, 0xe5, 0xfc, 0xe6, 0x01, 0x2d, 0x68, 0x29, 0x23, 0xb1, 0x6a, 0x23, 0xb2, 0x6a, 0x24, 0x2d, 0xce, 0x4d, 0xe1, 0x46, 0x90, 0x46, 0x51, 0x54, 0xaa, 0xfc, 0xa4, 0x07, 0x4b, 0x4a, 0x50, 0x3e, 0x7b, 0x89, 0x89, 0x3b, 0x82, 0x99, 0x91, 0x42, 0xa4, 0xac, 0xe0, 0x50, 0xda, 0xa4, 0xf7, 0xdc, 0xe0, 0xfc, 0xe1, 0xfc, 0xe1, 0xe1, 0xe1, 0xe0, 0xfc, 0xe0, 0xde, 0xdc, 0xf6, 0x9b, 0x92, 0xca, 0x3c, 0x85, 0xf3, 0x3a, 0x1a, 0x17, 0x1a, 0x11, 0x11, 0x27, 0x20, 0x18, 0x1d, 0x22, 0x5a, 0x38, 0x3c, 0x3e, 0x54, 0xfd, 0xae, 0xae, 0x54, 0xe8, 0xa7, 0xff, 0x48, 0x76, 0xa3, 0x54, 0xe5, 0xe8, 0xa9, 0xea, 0x3f, 0xc8, 0x96, 0x6e, 0x7b, 0xb8, 0x77, 0xbb, 0x01, 0x07, 0x03, 0xe0, 0xe6, 0xfc, 0x54, 0xdc, 0xc4, 0xb8, 0xc5, 0xee, 0xe6, 0xce, 0xec, 0x68, 0xb5, 0x85, 0x68, 0xbf, 0xc5, 0xbf, 0x8b, 0xd6, 0x54, 0x4a, 0xef, 0xca, 0xcd, 0xef, 0xcd, 0x7a, 0xbb, 0xbc, 0x6a, 0x77, 0xc7, 0xd6, 0x54, 0xf7, 0x85, 0xc1, 0xbf, 0xbb, 0x8b, 0xba, 0x92, 0xcd, 0x2e, 0x57, 0x14, 0x56, 0x57, 0x18, 0x57, 0x57, 0x19, 0x5b, 0x68, 0xe1, 0x54, 0x99, 0x8a, 0xc4, 0x7e, 0x8b, 0x3e, 0xb6, 0x74, 0x77, 0x7b, 0x7a, 0x84, 0xf2, 0xde, 0xf6, 0xd6, 0xcd, 0xf1, 0xd4, 0xf1, 0xc0, 0x77, 0xc4, 0xed, 0xc4, 0xc2, 0x8b, 0x99, 0xd8, 0xef, 0xb3, 0x7b, 0x7b, 0x63, 0x2e, 0xbb, 0x63, 0x6e, 0x61, 0xbb, 0xfd, 0x29, 0xb2, 0x29, 0x1f, 0x68, 0x2b, 0xc6, 0xb7, 0x37, 0x54, 0xee, 0xec, 0xc0, 0xbd, 0x84, 0xeb, 0x7f, 0x46, 0xfd, 0xf7, 0xf7, 0xde, 0xe0, 0xd8, 0xe2, 0x43, 0x9f, 0xe2, 0xa7, 0xae, 0x54, 0xac, 0xe6, 0xe9, 0xae, 0xea, 0xea, 0xea, 0xea, 0xac, 0xad, 0x54, 0x54, 0xea, 0xda, 0xe1, 0x54, 0xea, 0xae, 0xae, 0xae, 0xae, 0xa9, 0x51, 0xa5, 
  0xa8, 0xe6, 0x54, 0x54, 0x54, 0xae, 0xae, 0xea, 0xad, 0xea, 0xea, 0xe9, 0xe8, 0xe9, 0xe8, 0xae, 0x54, 0x54, 0x54, 0x54, 0xac, 0x54, 0x53, 0xa5, 0xdf, 0xa5, 0xa4, 0xa4, 0xde, 0xdd, 0xe2, 0xad, 0xad, 0xe7, 0xae, 0x08, 0x44, 0x03, 0xc5, 0x38, 0x7e, 0x7e, 0x84, 0x3e, 0x2e, 0x2a, 0x6a, 0x77, 0x77, 0xb6, 0x75, 0xb5, 0xc4, 0x54, 0xfc, 0xe6, 0xe7, 0xe5, 0xe5, 0xfc, 0xe4, 0xaa, 0x50, 0x31, 0x27, 0xb3, 0x66, 0x27, 0x6a, 0x5e, 0x2d, 0xb1, 0x23, 0x90, 0xe4, 0x4a, 0x4d, 0x9b, 0x3e, 0x42, 0x53, 0xea, 0x50, 0x4a, 0x44, 0x49, 0x4e, 0x44, 0x7b, 0x38, 0xc6, 0x84, 0x82, 0x81, 0x3f, 0x46, 0x96, 0xd6, 0xad, 0xfd, 0xfe, 0xfb, 0xd9, 0xe8, 0xfd, 0xda, 0xdc, 0xa4, 0xde, 0xe0, 0xfc, 0xe1, 0xe0, 0xfa, 0xfa, 0xde, 0xe1, 0xe6, 0xd9, 0xf2, 0x90, 0xca, 0x89, 0x92, 0xa4, 0x24, 0x15, 0x15, 0x1d, 0x11, 0x17, 0x6c, 0x19, 0x1d, 0x5e, 0x19, 0x29, 0x7f, 0x80, 0x51, 0xe6, 0xfd, 0xac, 0xae, 0xe6, 0xa7, 0xdd, 0x54, 0x8d, 0x72, 0xe8, 0x54, 0xe2, 0xfe, 0x51, 0x92, 0x9b, 0x33, 0x7e, 0xbd, 0x82, 0xce, 0xd9, 0x54, 0x45, 0x03, 0xe9, 0xe6, 0xe4, 0xe4, 0xae, 0xe5, 0xca, 0xbf, 0x8b, 0xf5, 0xde, 0x89, 0xed, 0x68, 0x2f, 0xbb, 0x2f, 0xcb, 0xc5, 0xc6, 0x9b, 0x09, 0x49, 0xcd, 0xcb, 0xce, 0xcd, 0x92, 0xbb, 0x72, 0x68, 0x74, 0xed, 0xd5, 0x54, 0xde, 0xef, 0xc1, 0xc9, 0xbd, 0xc1, 0xc6, 0xee, 0x54, 0x29, 0x55, 0x15, 0x57, 0x14, 0x18, 0x57, 0x5a, 0x1d, 0xb3, 0xb8, 0x92, 0x4d, 0xa0, 0x91, 0x89, 0x82, 0x89, 0xd6, 0x7b, 0x74, 0x74, 0x76, 0x75, 0xbd, 0xf1, 0xde, 0xf4, 0xd4, 0x9b, 0xf4, 0xdc, 0xf6, 0x85, 0xec, 0xc9, 0xc6, 0xc6, 0xed, 0xc1, 0xf2, 0x54, 0x54, 0xca, 0x85, 0x74, 0x61, 0x84, 0xbf, 0x22, 0xb3, 0x6e, 0xb2, 0x33, 0x99, 0x68, 0x77, 0x23, 0x26, 0xed, 0x68, 0x33, 0x9f, 0xc4, 0x50, 0x54, 0x99, 0xbf, 0xc4, 0xc6, 0xee, 0xec, 0xc0, 0x44, 0x08, 0xe5, 0xe7, 0xe0, 0x9c, 0x49, 0x9c, 0xe2, 0xa7, 0x08, 0xad, 0x54, 0xae, 0x54, 0x54, 0xad, 0xe7, 0xe9, 0xe9, 0xe9, 0xe9, 0xad, 0x54, 0xae, 0x54, 0xdd, 0xdd, 0x54, 0xad, 0xad, 0xae, 0xae, 0xae, 0x54, 0xe6, 0xa5, 
  0xe6, 0xa9, 0xe9, 0x54, 0x54, 0x54, 0xae, 0xad, 0xea, 0xad, 0xea, 0xea, 0xe9, 0xe9, 0xe9, 0xea, 0x54, 0x54, 0x54, 0xae, 0xac, 0xae, 0xab, 0x51, 0xdf, 0xe0, 0xde, 0xa4, 0xa5, 0xfa, 0xe6, 0xae, 0xe9, 0xea, 0x06, 0x40, 0x3e, 0x84, 0xc4, 0x84, 0x87, 0xc9, 0x82, 0x2d, 0x6d, 0xb9, 0x6f, 0x77, 0xba, 0x7b, 0x6e, 0xb6, 0xe0, 0xae, 0xe5, 0xe6, 0xe6, 0xe5, 0xe4, 0xe5, 0x00, 0x54, 0x06, 0x2a, 0xb3, 0x66, 0x23, 0x17, 0x2d, 0x64, 0x5e, 0x6f, 0x61, 0x7b, 0x53, 0xd6, 0x44, 0x49, 0x50, 0x3e, 0x3a, 0x4a, 0x49, 0x40, 0x4a, 0x4d, 0x96, 0x38, 0x34, 0x7b, 0x8b, 0x84, 0x89, 0x3a, 0x81, 0x90, 0x99, 0x42, 0x05, 0x09, 0x49, 0x05, 0x54, 0x9b, 0xe1, 0x54, 0xfe, 0x54, 0xe7, 0xa4, 0xdc, 0xf6, 0xe0, 0xe1, 0xe0, 0xe0, 0xfc, 0xae, 0xe7, 0xf6, 0xf4, 0xd8, 0xd4, 0xcd, 0xdb, 0x96, 0x23, 0x1a, 0x14, 0x15, 0x17, 0x27, 0x1f, 0x1f, 0x22, 0x1f, 0x22, 0x1f, 0x7a, 0x92, 0xad, 0xe0, 0xfd, 0xe5, 0xe2, 0xa7, 0xf8, 0xdd, 0x54, 0xc3, 0x78, 0x54, 0xa9, 0xa8, 0xdc, 0xd5, 0x38, 0x7b, 0xcb, 0x84, 0xa4, 0x54, 0x01, 0x54, 0x03, 0x38, 0x54, 0xfc, 0xad, 0x54, 0xad, 0x54, 0x54, 0xd9, 0xc4, 0x92, 0x54, 0x92, 0x7a, 0xc8, 0x68, 0x2b, 0xc5, 0xc9, 0xc5, 0xc4, 0xd4, 0x04, 0x99, 0xef, 0x92, 0xcd, 0xd4, 0xc0, 0xb3, 0x68, 0x6e, 0xc2, 0xd0, 0x54, 0xe2, 0xd4, 0xc9, 0xc4, 0xc9, 0xc0, 0xc5, 0xf4, 0x8b, 0x1d, 0x11, 0x15, 0x57, 0x57, 0x57, 0x57, 0x56, 0x5b, 0x5e, 0x4b, 0x54, 0x54, 0x51, 0x9f, 0x91, 0xc1, 0x81, 0xcd, 0x99, 0x6f, 0x74, 0x75, 0xb8, 0x75, 0xc4, 0xdb, 0xe0, 0xde, 0xfa, 0xde, 0xdf, 0x49, 0xc1, 0xc1, 0xf1, 0xc9, 0xc9, 0xc9, 0xc6, 0x92, 0xe1, 0x54, 0xc5, 0x2d, 0x6a, 0xbb, 0x34, 0x2d, 0xbb, 0x27, 0xb6, 0xb7, 0xb4, 0xbb, 0x04, 0xb8, 0xb6, 0x24, 0x68, 0x7a, 0xc6, 0x6c, 0xc0, 0x8b, 0xdf, 0x54, 0xfc, 0xc5, 0xbf, 0xc9, 0xcb, 0xc9, 0xee, 0xc5, 0xf1, 0x08, 0xe5, 0x05, 0xa4, 0x44, 0xe5, 0xe8, 0xe9, 0xac, 0xae, 0x54, 0x54, 0xae, 0x54, 0xae, 0xe9, 0xe9, 0xe9, 0xe9, 0xe9, 0xac, 0xae, 0xae, 0x54, 0xfd, 0xa3, 0xae, 0xae, 0xad, 0xae, 0xad, 0xae, 0xad, 0x54, 0x54, 
  0xe6, 0xe5, 0xe2, 0x54, 0x54, 0x54, 0xae, 0xae, 0xea, 0xad, 0xea, 0xea, 0xe8, 0xe9, 0xe8, 0xea, 0xae, 0x54, 0x54, 0xe9, 0xab, 0x54, 0x08, 0xdf, 0x51, 0xdf, 0xa4, 0xde, 0xa7, 0xfd, 0xad, 0xae, 0xe7, 0xad, 0x05, 0x99, 0xd0, 0xc9, 0x89, 0x89, 0x85, 0x34, 0x2c, 0x6a, 0xbc, 0x72, 0x74, 0x7d, 0xba, 0xbe, 0xbe, 0xcc, 0x54, 0xe4, 0xe6, 0xe6, 0xe5, 0xe5, 0xfd, 0xe9, 0xe4, 0x54, 0x45, 0x2a, 0xb3, 0x2a, 0x1f, 0x61, 0x20, 0x61, 0x61, 0x66, 0x74, 0x89, 0xe1, 0x4a, 0x50, 0x44, 0x44, 0x51, 0x46, 0x42, 0x49, 0xd9, 0x05, 0x46, 0x3a, 0x35, 0x7b, 0x76, 0x90, 0x84, 0x3e, 0x35, 0x3a, 0x96, 0x42, 0x3e, 0x3b, 0x3e, 0x38, 0x26, 0x37, 0x74, 0x23, 0x2e, 0x46, 0xc1, 0xfa, 0x54, 0x54, 0x54, 0xde, 0xf7, 0xdc, 0xdc, 0xdb, 0xf6, 0xac, 0xad, 0xe0, 0xae, 0xdf, 0x9f, 0xd4, 0x54, 0x27, 0x57, 0x1a, 0x14, 0x11, 0x1a, 0x2d, 0x63, 0x63, 0x20, 0x27, 0x22, 0x6c, 0x85, 0xf1, 0xae, 0xfa, 0xfa, 0xa7, 0xa7, 0xdd, 0xdd, 0xa2, 0x54, 0x78, 0x7d, 0x54, 0xfe, 0x9c, 0xce, 0x82, 0xc9, 0x9f, 0x01, 0x54, 0xe6, 0x51, 0x54, 0x36, 0x38, 0x54, 0xab, 0xe7, 0xe7, 0xe1, 0xdc, 0xd9, 0xde, 0xd6, 0xc9, 0xd6, 0xdd, 0xbf, 0x74, 0xed, 0x2b, 0x6c, 0xc4, 0xc6, 0x8b, 0xd1, 0xce, 0x46, 0xcb, 0xef, 0xcd, 0xce, 0x77, 0xb2, 0xb3, 0xb9, 0xc1, 0x54, 0xfc, 0xd8, 0xf1, 0xc6, 0xc4, 0xcb, 0x37, 0xdb, 0x82, 0x57, 0x11, 0x58, 0x5b, 0xaf, 0x5a, 0x18, 0x5a, 0x5e, 0xb2, 0x8b, 0xe4, 0xfc, 0xde, 0xa5, 0xd4, 0x89, 0x7e, 0x84, 0xd9, 0xc5, 0x2d, 0x74, 0x75, 0x74, 0x7e, 0x99, 0xdf, 0xf6, 0xf6, 0xf6, 0xf6, 0xf1, 0xc4, 0xc9, 0xf1, 0xef, 0x8b, 0xee, 0xc9, 0xcd, 0xe0, 0xe5, 0x8b, 0x6c, 0xba, 0xcd, 0x2e, 0x6c, 0x7f, 0x75, 0xb5, 0xb8, 0x33, 0xbd, 0x7f, 0x50, 0xc6, 0x69, 0x6a, 0x23, 0x7b, 0x68, 0xc1, 0xc2, 0x33, 0x8b, 0x54, 0xe7, 0xf6, 0x92, 0xc9, 0xc9, 0xd0, 0xcd, 0xef, 0xc9, 0xd6, 0xe5, 0x50, 0xd6, 0x4d, 0x54, 0xe6, 0xae, 0xac, 0x08, 0xae, 0x54, 0xae, 0x54, 0xae, 0xea, 0xe7, 0xe9, 0xe9, 0xe7, 0xad, 0xae, 0xae, 0xae, 0xac, 0xf8, 0xab, 0x54, 0xad, 0xae, 0xad, 0xae, 0xae, 0xad, 0xae, 
  0xe6, 0xe6, 0xab, 0xe9, 0x54, 0x54, 0x54, 0xae, 0xad, 0xea, 0xad, 0xea, 0xea, 0xe8, 0xe9, 0xe8, 0xad, 0x54, 0xae, 0xe6, 0xab, 0x54, 0xaa, 0xa8, 0xe0, 0xdf, 0xde, 0xa7, 0xe2, 0xea, 0xae, 0xea, 0xe7, 0xe9, 0x07, 0x49, 0x3f, 0x82, 0x7f, 0x82, 0x3a, 0x71, 0x76, 0xba, 0xba, 0x77, 0x35, 0xec, 0xbc, 0xd2, 0x54, 0xae, 0xe5, 0xe7, 0xe6, 0xe5, 0xe5, 0xe5, 0xac, 0xad, 0x00, 0x54, 0x04, 0x2c, 0x2d, 0x23, 0x61, 0xba, 0x66, 0x1f, 0x6f, 0x20, 0x76, 0x00, 0x4e, 0x46, 0x50, 0xe4, 0x9b, 0x44, 0x4a, 0x4e, 0xfc, 0xdf, 0x9b, 0x3b, 0x80, 0x38, 0xbb, 0x81, 0x8a, 0x3b, 0x85, 0x82, 0x3c, 0x44, 0x3f, 0x3a, 0x7b, 0xbb, 0x3e, 0x77, 0x1f, 0x24, 0x24, 0x57, 0x24, 0x5e, 0x1f, 0x38, 0x3a, 0x34, 0x54, 0x54, 0xfc, 0xdc, 0xf4, 0xd5, 0xd6, 0xac, 0x54, 0xab, 0xad, 0xe0, 0xdd, 0x54, 0x74, 0x18, 0x57, 0x18, 0x17, 0x10, 0x27, 0xb2, 0x22, 0x23, 0x24, 0x63, 0x2d, 0x7a, 0xbf, 0xe0, 0xfa, 0xdd, 0xfa, 0xa6, 0xdd, 0xa1, 0xf8, 0x54, 0xd4, 0x69, 0x32, 0x51, 0xd8, 0x90, 0x9f, 0xdc, 0x54, 0x83, 0xd9, 0xad, 0xdf, 0x54, 0x02, 0x82, 0xfb, 0xde, 0xf4, 0xf4, 0x9b, 0xf1, 0xf1, 0xf1, 0x9b, 0x99, 0xca, 0xd4, 0xcb, 0xb8, 0x2f, 0xc2, 0x2e, 0xc0, 0xc9, 0xc9, 0xee, 0xce, 0xd9, 0xcd, 0xce, 0xce, 0xef, 0xb8, 0xb3, 0xb8, 0xbc, 0xf2, 0x53, 0xf4, 0xf2, 0xca, 0xc6, 0xc9, 0xca, 0xd1, 0x3e, 0x5c, 0x18, 0x5e, 0x1a, 0x5a, 0x18, 0x5a, 0x23, 0x7a, 0x42, 0x50, 0x54, 0x08, 0xaa, 0xe1, 0xd9, 0x3f, 0x7e, 0x7b, 0xcb, 0x05, 0x3a, 0x6a, 0x74, 0x76, 0x77, 0x3e, 0xe5, 0xfc, 0xe0, 0xdf, 0xdf, 0xd6, 0x92, 0xd4, 0xf1, 0xcd, 0xca, 0xd0, 0x92, 0xcb, 0xdf, 0xe5, 0x01, 0x3e, 0xee, 0x92, 0x6e, 0x74, 0xc5, 0x2f, 0x2f, 0x7f, 0xbb, 0xb5, 0xc5, 0x08, 0xef, 0xb9, 0xb8, 0x2a, 0x2b, 0xd2, 0x68, 0x27, 0xd5, 0xc9, 0x37, 0xe0, 0xe8, 0xae, 0xae, 0xef, 0xc9, 0xd0, 0xd1, 0xf2, 0xef, 0xf1, 0x99, 0x50, 0xa0, 0x54, 0xe1, 0xe6, 0xe7, 0xe6, 0xfc, 0x51, 0x09, 0x54, 0xae, 0x54, 0xad, 0xe7, 0xe7, 0xea, 0xe7, 0xe9, 0xae, 0xae, 0xad, 0x54, 0xf8, 0xe2, 0x54, 0xea, 0xad, 0xad, 0xad, 0xad, 0x54, 0xae, 
  0xab, 0xe5, 0xfd, 0xaa, 0xe9, 0x54, 0x54, 0xae, 0xad, 0xad, 0xad, 0xea, 0xea, 0xe9, 0xe8, 0xea, 0xea, 0x54, 0xac, 0xa9, 0xfe, 0x54, 0xaa, 0xa8, 0xe0, 0xa7, 0xe0, 0xfb, 0xab, 0x54, 0xad, 0xe9, 0xe5, 0x54, 0x44, 0x38, 0x8b, 0x81, 0xed, 0x89, 0x2e, 0x78, 0x74, 0xba, 0xbc, 0xbe, 0x72, 0xbc, 0xd2, 0x54, 0xe6, 0xe5, 0xe6, 0xe7, 0xe5, 0xe5, 0xe5, 0xea, 0xad, 0xe7, 0xe4, 0xe4, 0xe7, 0x04, 0x2a, 0x61, 0xb3, 0x22, 0x2a, 0x66, 0x2a, 0x63, 0x29, 0x06, 0xe0, 0x4a, 0x4b, 0xdf, 0x08, 0xde, 0x49, 0x46, 0x44, 0x4a, 0x42, 0x38, 0x7f, 0x35, 0xc0, 0x89, 0x8a, 0x3a, 0x38, 0x3e, 0x38, 0x3f, 0x42, 0x96, 0x90, 0x7e, 0x75, 0x34, 0x33, 0x24, 0x27, 0x61, 0x56, 0x5e, 0x57, 0x19, 0x2a, 0x5e, 0x2b, 0x92, 0x50, 0x51, 0x54, 0xf6, 0xd5, 0xdc, 0xae, 0xe9, 0xab, 0xea, 0xe2, 0x54, 0xe1, 0xb3, 0x5c, 0x57, 0x58, 0x19, 0x19, 0xb3, 0x68, 0x27, 0x68, 0x23, 0x2f, 0x33, 0x6c, 0xd4, 0x54, 0xdd, 0xe2, 0xdd, 0xa6, 0xf8, 0x4f, 0xe8, 0x09, 0x78, 0x5f, 0x71, 0xdf, 0x9b, 0xfb, 0xa7, 0x54, 0x62, 0x98, 0x54, 0xa7, 0xd5, 0x29, 0x03, 0xf5, 0xef, 0xf1, 0xf1, 0xf2, 0x9b, 0x9b, 0xd4, 0xf2, 0xce, 0x92, 0xca, 0xca, 0xc1, 0x7b, 0x6c, 0xbf, 0xc4, 0xcb, 0xc5, 0xc3, 0x9c, 0xd5, 0xd1, 0xce, 0xf4, 0x77, 0x6a, 0xba, 0xb6, 0xcb, 0x54, 0xf7, 0xef, 0xf1, 0xcd, 0xc6, 0xca, 0xdc, 0x29, 0x14, 0x14, 0x18, 0x19, 0x5a, 0x5e, 0x61, 0xb3, 0xb6, 0xf2, 0x54, 0xea, 0xe4, 0xe6, 0xe5, 0x4d, 0x91, 0x85, 0xba, 0xbf, 0x81, 0xc4, 0x89, 0x6c, 0x6f, 0x74, 0x89, 0xe5, 0x00, 0xde, 0xdf, 0x50, 0x99, 0x99, 0xd4, 0x9b, 0xf1, 0xcd, 0xf1, 0x92, 0x4a, 0xde, 0xfa, 0x54, 0x9b, 0x92, 0x37, 0xb8, 0xc4, 0x7f, 0x75, 0x7f, 0x2b, 0x82, 0x7a, 0x7b, 0xc0, 0x54, 0xc4, 0x74, 0x7e, 0x68, 0xbf, 0x2f, 0xed, 0x27, 0x33, 0xf8, 0xf4, 0xfc, 0xe6, 0xe1, 0xac, 0xd4, 0x8b, 0xd0, 0xd4, 0xf2, 0xd0, 0xd4, 0x99, 0x05, 0xae, 0xe6, 0xe5, 0xe5, 0xfc, 0xe1, 0xe0, 0x00, 0x53, 0x54, 0x54, 0x54, 0xae, 0xe7, 0xe9, 0xe1, 0xfc, 0xe9, 0xae, 0xae, 0xad, 0xad, 0xad, 0xad, 0xad, 0xad, 0xad, 0xad, 0xae, 0xae, 0xe9, 0x51, 
  0xac, 0xe9, 0xe6, 0xe6, 0xe6, 0x54, 0x54, 0xae, 0xad, 0xad, 0xad, 0xad, 0xad, 0xe8, 0xe9, 0xe8, 0xea, 0xad, 0xe8, 0xa9, 0xab, 0xae, 0xe6, 0xe2, 0xe2, 0xe2, 0xe2, 0xab, 0x54, 0xae, 0xac, 0xaa, 0xac, 0x50, 0x3f, 0xc6, 0x89, 0xc4, 0x3c, 0x2e, 0x72, 0x7e, 0x76, 0xec, 0xbc, 0xec, 0x69, 0xcb, 0x54, 0xe5, 0xe5, 0xe7, 0xe7, 0xe6, 0xe5, 0xe7, 0xac, 0xae, 0xe7, 0xe5, 0xe4, 0xe1, 0x54, 0x04, 0x66, 0xb3, 0x29, 0x20, 0x26, 0x1f, 0x6e, 0x2a, 0x27, 0x05, 0xfc, 0x4b, 0xdb, 0x50, 0xdf, 0x53, 0xe5, 0xfc, 0x49, 0x44, 0x3e, 0x82, 0x38, 0x82, 0x84, 0x46, 0x96, 0x38, 0x8b, 0x84, 0x82, 0x90, 0x46, 0x96, 0x4b, 0xd6, 0xca, 0x2d, 0x27, 0x2d, 0x22, 0x2b, 0x6a, 0x1c, 0x23, 0x58, 0x1d, 0x66, 0x18, 0x1d, 0x2f, 0x27, 0xc5, 0x54, 0xe5, 0x54, 0x54, 0xe6, 0xe8, 0xab, 0xe9, 0xe1, 0x54, 0x44, 0xb2, 0x5e, 0x57, 0x15, 0x19, 0x2f, 0x76, 0x29, 0x2b, 0x68, 0x2b, 0x2a, 0x61, 0xbf, 0xf5, 0xfa, 0xa8, 0xa6, 0xf8, 0xa1, 0xa7, 0xfd, 0x54, 0xc3, 0x64, 0x5f, 0xce, 0x54, 0xdd, 0xe6, 0xad, 0x5f, 0x90, 0x54, 0xf9, 0x44, 0x26, 0xca, 0xcd, 0xf1, 0xf4, 0xf4, 0xd8, 0xf4, 0x9b, 0xf2, 0xf2, 0xcd, 0x91, 0x90, 0xcb, 0xc0, 0xc2, 0xbe, 0x6c, 0xbb, 0xcb, 0xed, 0xc6, 0xa0, 0xd8, 0xf2, 0xf2, 0xc9, 0x77, 0xba, 0xb3, 0xc2, 0x54, 0xde, 0xf2, 0xca, 0xce, 0xc6, 0xf2, 0xfc, 0xb3, 0x58, 0x5c, 0xb1, 0xb1, 0xb1, 0xb2, 0xb3, 0x74, 0xbf, 0x9b, 0x54, 0xe1, 0xe5, 0xe7, 0xe6, 0xdf, 0x99, 0x89, 0xbd, 0x34, 0xca, 0x72, 0x7b, 0xca, 0x6a, 0x74, 0x75, 0x96, 0x54, 0xfa, 0x00, 0xe0, 0xf6, 0xd8, 0xf6, 0xd5, 0x9b, 0xf1, 0xca, 0xd6, 0xf4, 0xe1, 0xe1, 0xe7, 0xde, 0xc4, 0xeb, 0xbf, 0xf2, 0x7a, 0x74, 0xc4, 0xec, 0x2f, 0x7f, 0xbd, 0xbd, 0xc5, 0x08, 0x9b, 0xef, 0x2e, 0xbb, 0x34, 0x2b, 0x3e, 0xc1, 0xb5, 0x85, 0x8b, 0xd9, 0xae, 0xe1, 0xe6, 0xe0, 0xf6, 0xd4, 0xd0, 0xf4, 0xd4, 0xf1, 0x4a, 0xfc, 0xd9, 0xfc, 0xe5, 0xe7, 0xe7, 0xe7, 0xe5, 0xea, 0x50, 0x4a, 0x51, 0x54, 0x54, 0xac, 0xe6, 0x07, 0xe1, 0xe7, 0xad, 0xae, 0xad, 0xac, 0x54, 0xae, 0xea, 0xad, 0xea, 0xae, 0xe9, 0x00, 0x07, 0xfc, 
  0xe6, 0xac, 0xe9, 0xe6, 0xe5, 0xe6, 0x54, 0xae, 0xad, 0xad, 0xad, 0xad, 0xea, 0xea, 0xe8, 0xe9, 0xe8, 0xea, 0xab, 0xa9, 0xfe, 0xad, 0xe8, 0xab, 0xab, 0xab, 0xe9, 0x54, 0x54, 0xae, 0xe4, 0xe6, 0x07, 0x42, 0xc9, 0x8a, 0xc5, 0x3b, 0x76, 0x74, 0xbe, 0xbf, 0x7d, 0xb9, 0xc2, 0xe0, 0x4b, 0x54, 0xe7, 0xe7, 0xe7, 0xe7, 0xe5, 0xe7, 0xe7, 0xae, 0xae, 0xe7, 0xe5, 0xe4, 0xe5, 0xfc, 0x54, 0x49, 0x2d, 0x6e, 0x5c, 0x72, 0x71, 0x20, 0x2a, 0x7e, 0x75, 0x4b, 0xe7, 0xa0, 0x50, 0xde, 0x50, 0x00, 0x06, 0x50, 0x08, 0x49, 0x8b, 0x3c, 0x3a, 0x84, 0x90, 0xe6, 0x3f, 0xc5, 0x82, 0x7a, 0x3f, 0x89, 0x46, 0x46, 0x46, 0x4a, 0x4d, 0xcd, 0x77, 0x27, 0x1a, 0x1f, 0x37, 0x75, 0x26, 0x2d, 0x18, 0x1d, 0x64, 0x57, 0x5e, 0x27, 0x5e, 0xc0, 0x05, 0xc4, 0x00, 0x54, 0xe7, 0xad, 0xe9, 0xad, 0xe2, 0x54, 0x42, 0x20, 0x5e, 0x5e, 0x14, 0x18, 0x2f, 0x6e, 0x33, 0x2d, 0x2f, 0x6a, 0x6f, 0x62, 0x6e, 0xaa, 0xdd, 0xdd, 0x4f, 0xf8, 0xa9, 0xa8, 0x54, 0x97, 0x64, 0xaf, 0x6a, 0x54, 0xdd, 0x54, 0xa1, 0x59, 0x84, 0x54, 0xfe, 0x3f, 0x29, 0x99, 0xf6, 0x54, 0xff, 0xdf, 0xe1, 0xf5, 0xcb, 0xf2, 0x99, 0xd4, 0xd5, 0x97, 0xce, 0xc4, 0xb5, 0x7e, 0xc2, 0xbb, 0x92, 0xed, 0x91, 0xa0, 0xd6, 0xd1, 0xd4, 0x7e, 0x6e, 0xb3, 0xbc, 0xa1, 0xdb, 0xd6, 0xcd, 0xca, 0xc9, 0xef, 0x92, 0x63, 0x57, 0x5a, 0x1a, 0x1a, 0x1d, 0x20, 0x63, 0x76, 0x06, 0x54, 0x54, 0xe5, 0xe9, 0xe7, 0xe6, 0xe1, 0x9c, 0x90, 0xc0, 0x7b, 0xc4, 0x80, 0x72, 0x7b, 0x42, 0x74, 0x6e, 0x7a, 0x9b, 0xe5, 0xfc, 0xe1, 0xde, 0xde, 0xdc, 0xf6, 0xf4, 0x9b, 0xd8, 0xf1, 0xce, 0xe0, 0xe5, 0xe0, 0xad, 0xcd, 0xc1, 0xef, 0xd6, 0x7a, 0x75, 0xf5, 0x75, 0x33, 0xc1, 0x38, 0xbd, 0xc5, 0x90, 0xac, 0xad, 0xcd, 0xb8, 0xc4, 0x2e, 0xeb, 0x74, 0xb8, 0xc9, 0xec, 0x37, 0x3b, 0xae, 0xfd, 0xe2, 0xe9, 0x54, 0xf4, 0xf1, 0xf4, 0xd4, 0xf1, 0x53, 0xf7, 0xf1, 0xf6, 0xae, 0xe7, 0xe5, 0xe5, 0xfc, 0xe0, 0xfc, 0xfc, 0x4d, 0x00, 0x54, 0xac, 0xe6, 0xe6, 0xe5, 0xe4, 0xac, 0xae, 0xac, 0xad, 0xae, 0xae, 0xea, 0xea, 0xad, 0xfc, 0x06, 0xaa, 0xe7, 0xac, 
  0xab, 0xe9, 0xac, 0xac, 0xab, 0xe6, 0xea, 0x54, 0xae, 0xad, 0xad, 0xea, 0xad, 0xea, 0xe9, 0xe8, 0xe9, 0xe8, 0xe6, 0xe3, 0xab, 0xad, 0xad, 0xad, 0xea, 0xad, 0x54, 0x54, 0xac, 0xa8, 0xa7, 0xe1, 0x9b, 0x90, 0x90, 0x3b, 0x82, 0x75, 0x77, 0x7e, 0xc2, 0xbc, 0xec, 0xc1, 0x54, 0x54, 0x54, 0xe6, 0xe7, 0xe7, 0xe6, 0xe7, 0xe7, 0xe9, 0xae, 0xae, 0xac, 0xe5, 0xe5, 0xe4, 0xe5, 0xe5, 0xe7, 0x06, 0x03, 0x24, 0x64, 0xb6, 0x2a, 0xb4, 0x2a, 0xc0, 0x4b, 0x4b, 0xe0, 0xdb, 0x4d, 0xdf, 0x50, 0xfc, 0xe6, 0x51, 0x4e, 0x49, 0x40, 0xc9, 0x3f, 0x91, 0xa4, 0xdb, 0x03, 0x90, 0x34, 0x3a, 0x89, 0x3f, 0x42, 0x49, 0x42, 0x42, 0x53, 0x92, 0x84, 0xbb, 0x66, 0x1d, 0x17, 0x22, 0x2d, 0x33, 0x7e, 0x1d, 0x23, 0x5f, 0x15, 0xb2, 0x23, 0x5e, 0x7f, 0xb8, 0x7a, 0x4a, 0x54, 0xac, 0x54, 0xab, 0xe9, 0xab, 0x54, 0x2b, 0x1a, 0x5b, 0x61, 0x57, 0x63, 0x2d, 0x23, 0x2b, 0x6c, 0x27, 0x2d, 0x66, 0x5f, 0x8c, 0x54, 0xa1, 0xf8, 0xa1, 0xfe, 0xa9, 0xad, 0xfc, 0x6d, 0x58, 0x1c, 0xa0, 0xa8, 0x54, 0x81, 0x56, 0x76, 0x54, 0x54, 0x38, 0x2a, 0x54, 0x54, 0x36, 0x3f, 0x54, 0xe0, 0xad, 0xf2, 0xef, 0xce, 0xd8, 0xd5, 0xda, 0xa3, 0xd5, 0xed, 0xb5, 0x7e, 0xc6, 0xc4, 0xc7, 0xcb, 0x4a, 0xf3, 0xd1, 0xcb, 0x6a, 0xb4, 0xba, 0xd2, 0xdf, 0xd5, 0xcd, 0xc9, 0xc9, 0x54, 0x8a, 0x1d, 0x18, 0x1a, 0x5c, 0x23, 0xb2, 0xb4, 0xba, 0xc8, 0xf8, 0xea, 0xdf, 0xe2, 0xac, 0xe9, 0xe6, 0xe4, 0xda, 0xce, 0x89, 0xc1, 0x37, 0x75, 0x77, 0x72, 0x7b, 0x96, 0x74, 0x6e, 0x37, 0xc9, 0x00, 0xac, 0xe0, 0xe0, 0xe0, 0xde, 0xf7, 0xd6, 0xf4, 0xf6, 0x08, 0xa0, 0xd4, 0xdc, 0xe0, 0xac, 0xde, 0xf4, 0xce, 0x7f, 0x85, 0xd8, 0xf4, 0x33, 0xbf, 0xc0, 0xc0, 0xbd, 0x99, 0x00, 0xae, 0xd4, 0xc2, 0xec, 0xc0, 0x74, 0xc0, 0xbd, 0x68, 0x34, 0xf2, 0xc6, 0x85, 0xd8, 0xad, 0xe4, 0xe4, 0xe7, 0xe1, 0xd0, 0xf2, 0xf1, 0xdf, 0xf5, 0xf1, 0x9b, 0xd8, 0xf6, 0xe7, 0xe4, 0xe0, 0xfc, 0xfc, 0xe5, 0xea, 0x54, 0xe4, 0x54, 0x54, 0xe5, 0xe4, 0xe4, 0xfc, 0xe9, 0xae, 0xea, 0xac, 0xae, 0x54, 0xea, 0xac, 0xea, 0x08, 0xe9, 0xae, 0xae, 0xae, 
  0xac, 0xe9, 0xe9, 0xac, 0xac, 0xe9, 0xac, 0xad, 0xae, 0xad, 0xad, 0xad, 0xad, 0xea, 0xea, 0xe8, 0xe9, 0xe8, 0xfe, 0xa9, 0xe8, 0xad, 0xae, 0xad, 0xad, 0xad, 0xae, 0xe9, 0x51, 0xdd, 0xa8, 0x4b, 0x3f, 0x3e, 0x89, 0x7b, 0x7b, 0x6f, 0x7b, 0xc1, 0xec, 0xc7, 0xe1, 0x54, 0xe9, 0xe4, 0xe5, 0xe7, 0xe7, 0xe7, 0xe7, 0xe7, 0xea, 0x54, 0x54, 0xad, 0xe5, 0xe4, 0xe5, 0xe5, 0xe5, 0xe6, 0x50, 0xe2, 0x49, 0x66, 0xeb, 0x23, 0x26, 0xbb, 0x72, 0x74, 0xcd, 0x42, 0x3e, 0x49, 0x05, 0x50, 0xdf, 0x50, 0x00, 0xe4, 0xe5, 0x06, 0x44, 0x96, 0x9b, 0xdf, 0xac, 0x46, 0x42, 0x82, 0x38, 0x3b, 0x3a, 0x42, 0xcd, 0x96, 0x44, 0x44, 0xdf, 0x54, 0x05, 0x74, 0x61, 0x22, 0x22, 0x57, 0x15, 0x19, 0x2f, 0xf8, 0xb4, 0x2b, 0x5c, 0x1a, 0x2b, 0x5a, 0x63, 0x74, 0x68, 0x2f, 0xd4, 0x97, 0x51, 0x54, 0xe6, 0xa9, 0xae, 0x97, 0x6e, 0x58, 0x57, 0x5e, 0xb2, 0xc9, 0x26, 0x1f, 0x2a, 0x1c, 0x5c, 0x2a, 0x61, 0x69, 0x4a, 0xe3, 0xfb, 0xa7, 0xa8, 0xa9, 0xfd, 0x54, 0x78, 0x5f, 0x56, 0x2e, 0x54, 0x54, 0x2a, 0x0f, 0x6b, 0x54, 0x54, 0x31, 0x2b, 0x54, 0x3b, 0x22, 0x07, 0x54, 0xaa, 0x54, 0xea, 0xef, 0xee, 0xd5, 0xce, 0xcb, 0xd8, 0x09, 0xf3, 0xc7, 0xec, 0x77, 0xec, 0xcc, 0xee, 0xd8, 0xf2, 0xd4, 0xbf, 0x6e, 0xb9, 0xc8, 0x54, 0xf2, 0xf2, 0xc9, 0xee, 0x42, 0x2b, 0x18, 0x18, 0x61, 0x61, 0x61, 0x63, 0x6a, 0xc0, 0xce, 0x06, 0xac, 0xa9, 0xea, 0xad, 0xe9, 0xe9, 0xe5, 0xde, 0x9c, 0x92, 0x89, 0xc5, 0x2e, 0x77, 0x72, 0x77, 0x7b, 0x46, 0x77, 0x6f, 0xc5, 0x8b, 0xf6, 0xe7, 0xfc, 0xfc, 0xe0, 0x00, 0xfa, 0xdc, 0xd6, 0xdf, 0xad, 0xe7, 0xd8, 0xd4, 0xe0, 0xe9, 0xca, 0xca, 0x85, 0xc9, 0xd6, 0x85, 0x7f, 0xc5, 0xc4, 0xc0, 0x82, 0xc1, 0xcd, 0x54, 0x54, 0xef, 0xc1, 0xca, 0x7a, 0x82, 0xbb, 0x33, 0xcb, 0x6c, 0xca, 0xd9, 0x92, 0x50, 0xea, 0xe5, 0xe5, 0xe4, 0xac, 0xdc, 0xef, 0x05, 0xdc, 0xef, 0xf2, 0xf6, 0xf6, 0xd6, 0xf6, 0xe7, 0xfc, 0xde, 0xdf, 0xde, 0xdf, 0xe0, 0x05, 0x50, 0x54, 0xac, 0xe1, 0xfc, 0xe1, 0x08, 0xae, 0xae, 0xae, 0xae, 0xad, 0xac, 0xe9, 0xe9, 0xea, 0xad, 0xea, 0xac, 0xea, 
  0xe9, 0xac, 0xac, 0xe9, 0xac, 0xac, 0xe9, 0xac, 0xae, 0xae, 0xad, 0xad, 0xad, 0xad, 0xea, 0xe9, 0xe8, 0xab, 0xfe, 0xa9, 0xea, 0xae, 0xad, 0xac, 0xab, 0xaa, 0xaa, 0x51, 0xdd, 0xdd, 0xe1, 0x4b, 0x3f, 0x89, 0x7b, 0x34, 0xba, 0x76, 0xc2, 0xb8, 0xcb, 0x54, 0xac, 0xfc, 0xe5, 0xe7, 0xe7, 0xe7, 0xe7, 0xe7, 0xe9, 0xad, 0x54, 0x54, 0xac, 0x08, 0xe4, 0xe5, 0xe5, 0xe5, 0xe7, 0x07, 0xa0, 0x4d, 0x03, 0x74, 0x76, 0x1f, 0x26, 0x2a, 0x6e, 0x6f, 0x92, 0x3f, 0x3b, 0x4b, 0xa4, 0xde, 0xe1, 0x51, 0xde, 0x06, 0x05, 0x05, 0x04, 0x44, 0xe9, 0x54, 0xac, 0x4b, 0x3e, 0x82, 0x8b, 0x34, 0x85, 0x3b, 0x96, 0x46, 0xce, 0x49, 0xad, 0xea, 0x54, 0xd1, 0xb8, 0xb2, 0x22, 0x19, 0x17, 0x10, 0x10, 0x17, 0x29, 0x2f, 0xc7, 0x61, 0x22, 0xb5, 0x1d, 0x68, 0x2b, 0x68, 0x7a, 0xbd, 0x82, 0x05, 0x54, 0xab, 0xe9, 0x54, 0xcc, 0xb6, 0xaf, 0x57, 0x5f, 0xb9, 0xd9, 0x2c, 0x1e, 0x2a, 0x32, 0x2a, 0x2e, 0x6a, 0x6a, 0x82, 0x9d, 0x54, 0x54, 0xe2, 0xa8, 0x54, 0x8c, 0x64, 0x56, 0x5e, 0x54, 0x54, 0x6d, 0x13, 0x6a, 0x54, 0x54, 0x29, 0x31, 0x54, 0x1f, 0x82, 0x54, 0x50, 0x54, 0xae, 0x54, 0xf7, 0xc7, 0xc2, 0xef, 0x8a, 0xc6, 0xd5, 0xdf, 0xf0, 0xed, 0xc2, 0xc3, 0xef, 0xc8, 0xd4, 0x9b, 0xd1, 0x6a, 0xb6, 0x83, 0xfa, 0xda, 0xef, 0xc9, 0xf7, 0xf8, 0x66, 0x57, 0x18, 0x5e, 0x1d, 0x61, 0xb2, 0xb9, 0xd5, 0x54, 0x54, 0xe8, 0xe6, 0xae, 0xae, 0xea, 0xe9, 0xe6, 0xe1, 0xa3, 0x9b, 0xc9, 0x3e, 0x76, 0x77, 0x7d, 0x6e, 0x7d, 0x33, 0x44, 0xc3, 0xbf, 0xed, 0x8b, 0x8b, 0xf6, 0xea, 0xe5, 0xe5, 0xe7, 0xe4, 0xe0, 0xfc, 0x54, 0xe9, 0xe7, 0xe6, 0xa4, 0xdb, 0x42, 0x8b, 0x8b, 0xf1, 0xd8, 0x3a, 0x85, 0x33, 0xc4, 0xc4, 0x85, 0xc0, 0xbd, 0xca, 0x54, 0xfc, 0x05, 0xf1, 0x92, 0xbb, 0xc9, 0x7b, 0x33, 0xf2, 0xc4, 0xbd, 0xd6, 0xce, 0xf6, 0xae, 0xe4, 0xe2, 0xe5, 0x54, 0xaa, 0x05, 0xf6, 0xf5, 0xf4, 0xd6, 0xf6, 0xdb, 0xf5, 0xd6, 0xf6, 0xe5, 0xe7, 0xfc, 0xde, 0xdb, 0xf6, 0xf6, 0x4a, 0xf6, 0xac, 0xfc, 0x51, 0xe1, 0xe9, 0xac, 0xe5, 0x08, 0xe4, 0xe5, 0xe7, 0xe9, 0xe9, 0xac, 0xe9, 0xac, 0xe9, 0xe9, 
  0xac, 0xac, 0xe9, 0xac, 0xea, 0xe9, 0xac, 0xe9, 0xae, 0xae, 0xad, 0xad, 0xad, 0xae, 0xad, 0xe8, 0xe8, 0xe8, 0xa9, 0xfe, 0xea, 0xae, 0xad, 0xab, 0xe1, 0x51, 0xfa, 0xa5, 0xdc, 0xa7, 0x07, 0x90, 0x8b, 0x7b, 0x72, 0x7e, 0x7e, 0xc1, 0xbb, 0x92, 0xae, 0xe9, 0xe4, 0xe7, 0xe7, 0xe7, 0xe7, 0xe7, 0xe7, 0xea, 0xae, 0x54, 0x54, 0x01, 0xe7, 0xe4, 0xe5, 0xe5, 0xe5, 0xe7, 0xe1, 0x4d, 0xa0, 0x4d, 0x46, 0x38, 0x31, 0x66, 0x2e, 0x2a, 0x81, 0x85, 0x96, 0x49, 0x05, 0xe4, 0xe1, 0xe4, 0xe5, 0xe6, 0xe4, 0xe5, 0x08, 0x06, 0x05, 0x49, 0x06, 0x54, 0x08, 0x46, 0x3a, 0x3f, 0x34, 0x7f, 0x3f, 0x3b, 0x90, 0x99, 0x42, 0x3e, 0x05, 0xad, 0xa8, 0x54, 0x54, 0x33, 0x61, 0x22, 0x5a, 0x1d, 0x17, 0x14, 0x17, 0x19, 0x38, 0xf3, 0x2e, 0x2d, 0xb3, 0x1f, 0xb7, 0xb2, 0x2b, 0xeb, 0xb7, 0x7f, 0x4e, 0x54, 0x54, 0xe9, 0x54, 0xb6, 0xb0, 0x5f, 0x5a, 0xb0, 0xc3, 0x01, 0x76, 0x5f, 0x64, 0x35, 0x87, 0xbe, 0x6d, 0x77, 0x78, 0x83, 0xdc, 0x54, 0xab, 0xe7, 0xa6, 0x6b, 0x58, 0x5b, 0xa0, 0x54, 0x6b, 0x0f, 0x69, 0x54, 0xae, 0x23, 0x3b, 0x2e, 0x1a, 0x03, 0xfc, 0xad, 0xe7, 0xe9, 0xe7, 0x54, 0xf2, 0xec, 0xec, 0xc6, 0xc2, 0xcb, 0xf2, 0xd4, 0xc2, 0xec, 0x8a, 0x8a, 0xee, 0xcc, 0xf4, 0x84, 0xb6, 0xc3, 0xf0, 0xf3, 0xf2, 0xcd, 0xfb, 0xb5, 0x19, 0x56, 0x5a, 0x5b, 0x1d, 0xb6, 0xc3, 0xd7, 0xf9, 0x54, 0xaa, 0xa8, 0xe6, 0xad, 0xea, 0xac, 0xe9, 0xe7, 0xe9, 0xe4, 0xda, 0x96, 0x99, 0x84, 0xb6, 0x77, 0xb6, 0x74, 0xba, 0x34, 0x42, 0xdc, 0xf2, 0xc1, 0xc6, 0xc4, 0x9b, 0x54, 0xac, 0xe7, 0xe7, 0xe5, 0xe0, 0xe0, 0xfd, 0xe7, 0xe9, 0xe4, 0xe8, 0xd4, 0xca, 0xcd, 0xd6, 0x9b, 0x8b, 0xf1, 0x42, 0xbf, 0xc5, 0xc6, 0x85, 0xc5, 0x8b, 0x9b, 0x54, 0xe0, 0x54, 0xf6, 0xc4, 0xbf, 0xee, 0x7e, 0xec, 0x77, 0xc4, 0xee, 0xc1, 0xc4, 0x92, 0xae, 0xe4, 0xae, 0x54, 0x50, 0x05, 0xf6, 0xd9, 0xe4, 0xfc, 0xdc, 0xf6, 0xdc, 0xf6, 0xf6, 0xf6, 0xf6, 0xde, 0xfc, 0xdf, 0xde, 0xdc, 0xde, 0xde, 0xe0, 0xac, 0xe4, 0xe0, 0xe1, 0x00, 0xdf, 0x51, 0xe0, 0xe5, 0xe5, 0xe7, 0xe7, 0xea, 0xe9, 0xe9, 0xe9, 0xe9, 0xea, 
  0xad, 0xac, 0xac, 0xe9, 0xad, 0xac, 0xac, 0xac, 0xe9, 0xad, 0xea, 0xad, 0xae, 0xad, 0xad, 0xea, 0xe8, 0xe8, 0xa9, 0xfe, 0xae, 0x54, 0xad, 0xaa, 0xe1, 0xa7, 0xa7, 0xdd, 0xa3, 0xe9, 0x96, 0x8b, 0x76, 0x77, 0x7e, 0xbe, 0xeb, 0xce, 0xce, 0x54, 0xe5, 0xe5, 0xe7, 0xe7, 0xe6, 0xe7, 0xe6, 0xe7, 0xad, 0xae, 0x54, 0x54, 0x54, 0x08, 0xe4, 0xe5, 0xe4, 0xe5, 0xe6, 0xe4, 0xdf, 0xa4, 0x4e, 0xda, 0x4f, 0x05, 0x34, 0x6d, 0x34, 0x6a, 0xec, 0x54, 0x51, 0xde, 0xe6, 0xe4, 0xe5, 0xe5, 0xe5, 0xe7, 0xe9, 0xea, 0x54, 0x54, 0x54, 0x01, 0xe4, 0x54, 0x05, 0x3f, 0x8b, 0x3b, 0x33, 0x3c, 0x3e, 0x3f, 0x3f, 0x92, 0x42, 0x8b, 0x44, 0x54, 0xe2, 0xa8, 0xe2, 0x51, 0xca, 0x75, 0x1d, 0x19, 0x19, 0x15, 0x15, 0x10, 0x0d, 0x17, 0x2a, 0x7f, 0xc2, 0xb3, 0x24, 0xb7, 0x22, 0xb5, 0xbf, 0xbb, 0x85, 0xc9, 0xd6, 0x54, 0x54, 0xd7, 0xb4, 0xb0, 0x61, 0xb2, 0xb4, 0x8a, 0x54, 0x84, 0x5f, 0x1c, 0x2c, 0xc9, 0x8d, 0xbc, 0x7c, 0x72, 0x73, 0x4c, 0xe1, 0xf8, 0x54, 0x78, 0x62, 0x5b, 0xf0, 0x54, 0x60, 0x16, 0x5f, 0x54, 0x49, 0x22, 0x3b, 0x18, 0x22, 0x46, 0xfe, 0xdf, 0xdf, 0xde, 0xf6, 0xd6, 0xf6, 0xd8, 0xeb, 0x7e, 0xec, 0xed, 0xd5, 0xee, 0xc8, 0xec, 0xbe, 0x91, 0x8a, 0xd4, 0xce, 0x7e, 0x83, 0xed, 0xa0, 0xce, 0xcc, 0xf9, 0x68, 0x58, 0x5b, 0x5e, 0xb1, 0x66, 0xb6, 0xc7, 0xfe, 0x08, 0x54, 0xab, 0xea, 0x54, 0x54, 0x54, 0x54, 0x54, 0x54, 0x54, 0xe0, 0xa4, 0xdb, 0x96, 0xc1, 0x77, 0x7e, 0x7e, 0xba, 0x6f, 0x7e, 0x34, 0x3e, 0x54, 0xd8, 0xc4, 0xca, 0xc4, 0xca, 0x46, 0xfc, 0xad, 0xe5, 0xe5, 0xfc, 0xde, 0xdc, 0xfd, 0xe9, 0xe5, 0xe5, 0xdf, 0xd6, 0xd8, 0x9b, 0xc9, 0xf1, 0x9b, 0x7f, 0xc5, 0xc6, 0xc5, 0x3e, 0xc4, 0xe7, 0xae, 0xfc, 0xe4, 0xe9, 0xce, 0xc1, 0xc9, 0xc4, 0xc4, 0xc9, 0xc9, 0x77, 0xca, 0xd0, 0xed, 0x85, 0xdf, 0x54, 0x07, 0x4a, 0x46, 0x99, 0xd8, 0xf6, 0xfc, 0xe4, 0xe4, 0xde, 0xf6, 0xf6, 0xdb, 0xdc, 0xf6, 0x05, 0xde, 0xfc, 0xf6, 0xf6, 0xdf, 0xe0, 0xe4, 0x08, 0xad, 0xe5, 0xe2, 0xfc, 0xe4, 0xe5, 0xe5, 0xe7, 0xe7, 0xe9, 0xe9, 0xe7, 0xe7, 0xe7, 0xe9, 0xe9, 0xe9, 
  0x54, 0xad, 0xae, 0xac, 0xea, 0xac, 0xac, 0xad, 0x54, 0x54, 0xea, 0xea, 0xae, 0xad, 0xae, 0xea, 0xe8, 0xe8, 0xfe, 0xe8, 0x54, 0x54, 0xe6, 0xe2, 0xa7, 0xdf, 0xa7, 0xa3, 0xfd, 0x4f, 0x85, 0x34, 0x77, 0xbe, 0xed, 0xc2, 0xa3, 0x54, 0x54, 0xe5, 0xe6, 0xe7, 0xe7, 0xe6, 0xe6, 0xe7, 0xe9, 0xad, 0x54, 0x54, 0x54, 0x54, 0xac, 0xe5, 0x00, 0xe5, 0xe5, 0xe5, 0xe4, 0xe1, 0x51, 0xa5, 0xdf, 0xa5, 0xe1, 0x07, 0x88, 0x7b, 0x74, 0x71, 0xc3, 0xdd, 0xac, 0xfd, 0xe6, 0xfd, 0xe9, 0xe9, 0xe7, 0xad, 0xad, 0xad, 0xad, 0xac, 0xad, 0xad, 0xad, 0xae, 0x46, 0x90, 0x90, 0x7b, 0x89, 0x38, 0x7b, 0xc5, 0x3c, 0x3f, 0x92, 0x3e, 0x3b, 0xe9, 0xfe, 0xa9, 0xa8, 0xfb, 0x54, 0x46, 0x22, 0x1d, 0x5a, 0x5a, 0x1d, 0x19, 0x14, 0x14, 0x10, 0x1d, 0x03, 0xf9, 0xb4, 0x6c, 0x6c, 0x63, 0x7f, 0x6c, 0xb7, 0xbf, 0xc4, 0x99, 0x54, 0x54, 0xce, 0x6e, 0xb0, 0xb2, 0xb4, 0xb6, 0x8a, 0x54, 0xdf, 0x6e, 0xaf, 0x5f, 0x39, 0xee, 0x7d, 0x72, 0x7c, 0x78, 0x8d, 0xe5, 0xe9, 0x83, 0x67, 0x5f, 0xc0, 0x54, 0x64, 0x56, 0x67, 0x54, 0x3c, 0x1f, 0x21, 0x1c, 0x4b, 0xe0, 0xe0, 0xdf, 0xa4, 0xd9, 0x9b, 0xf1, 0xae, 0x8b, 0xb2, 0x7e, 0xb6, 0x6e, 0xb9, 0xcb, 0xc8, 0x8a, 0xc3, 0xc7, 0x91, 0xd4, 0x91, 0xbc, 0xbe, 0xa0, 0xd0, 0xf3, 0x99, 0x20, 0x14, 0x5c, 0x5e, 0x61, 0xbc, 0xf0, 0xf9, 0x54, 0x54, 0x54, 0xac, 0xae, 0xe9, 0xdc, 0x50, 0x53, 0xd6, 0xf4, 0xd9, 0xf1, 0xf2, 0xf2, 0x92, 0xc0, 0xbf, 0xc4, 0x37, 0xb5, 0x74, 0x74, 0xbe, 0x7f, 0x44, 0x54, 0x08, 0xad, 0xc4, 0xc0, 0xc9, 0x92, 0x49, 0x54, 0x54, 0xe9, 0xe1, 0xde, 0xdb, 0xde, 0xe5, 0xe7, 0xe7, 0x50, 0xd6, 0x9b, 0x92, 0x99, 0xf6, 0x3a, 0x37, 0xc9, 0x8b, 0xc5, 0xca, 0xc5, 0xde, 0xe9, 0xfc, 0xe7, 0xe5, 0xc9, 0xc6, 0xcd, 0xc4, 0xcb, 0x85, 0xc5, 0xf1, 0xec, 0x9b, 0x99, 0xc6, 0x44, 0x44, 0x42, 0x92, 0xca, 0x9b, 0xdf, 0xe5, 0xe5, 0xe9, 0xac, 0xde, 0xdc, 0xda, 0xdc, 0xa4, 0xdc, 0xfa, 0x4a, 0xe0, 0xe7, 0xde, 0xf6, 0xf6, 0x05, 0xdc, 0x08, 0xdf, 0xe0, 0xe0, 0x00, 0xfc, 0xaa, 0xe7, 0xe9, 0xe7, 0xe7, 0xe6, 0xe9, 0xe7, 0xe9, 0xe7, 0xac, 
  0xae, 0xae, 0xae, 0xae, 0xae, 0xad, 0xad, 0x4d, 0x4a, 0x51, 0xe6, 0xe9, 0xae, 0xae, 0xae, 0xea, 0xe8, 0xe8, 0xa9, 0xea, 0x54, 0xea, 0xe4, 0xa8, 0xe0, 0xa7, 0xdd, 0xdd, 0xae, 0x3a, 0x75, 0xbf, 0xc3, 0xd1, 0xdc, 0xe0, 0x54, 0xaa, 0xe5, 0xaa, 0xe7, 0xe5, 0xe6, 0xe5, 0xe8, 0xe9, 0xae, 0x54, 0x54, 0x54, 0x54, 0x01, 0x08, 0xe4, 0xe4, 0xe4, 0xe5, 0xaa, 0xfc, 0xe1, 0xe0, 0xe1, 0xe1, 0xe4, 0xe7, 0xac, 0x40, 0x3c, 0x34, 0x75, 0xc3, 0xfe, 0x08, 0xe9, 0xae, 0xe9, 0xad, 0xe9, 0xac, 0xac, 0xe9, 0xea, 0xea, 0xea, 0xea, 0xe9, 0xea, 0xac, 0x49, 0x42, 0x82, 0x3a, 0x89, 0x33, 0x38, 0x82, 0xca, 0x3e, 0x3f, 0x92, 0x44, 0xab, 0xaa, 0xfb, 0xe2, 0xa7, 0xa7, 0xe4, 0xe5, 0x2f, 0x63, 0x1d, 0x5a, 0x5a, 0x17, 0x19, 0x57, 0x10, 0x10, 0x1f, 0x33, 0xbb, 0xc1, 0xb3, 0x68, 0xb7, 0x68, 0xc0, 0xbf, 0xc4, 0x9b, 0x54, 0x54, 0x8a, 0x6e, 0xb2, 0xb4, 0xb6, 0x7d, 0x97, 0xda, 0x54, 0x34, 0xaf, 0x58, 0x62, 0x84, 0x86, 0x72, 0x78, 0x7c, 0xd3, 0x01, 0x93, 0x69, 0x62, 0x72, 0x54, 0x60, 0x16, 0x32, 0x54, 0x2c, 0x13, 0x13, 0x2a, 0x54, 0xd9, 0xe0, 0xdc, 0xd6, 0xd5, 0xdc, 0x54, 0x46, 0x61, 0x84, 0x54, 0xc7, 0xeb, 0xb9, 0xb9, 0xed, 0xed, 0xc3, 0xc3, 0x90, 0xd6, 0x81, 0xbc, 0x97, 0x9f, 0xd2, 0x94, 0x5e, 0x58, 0xb4, 0xb3, 0xb6, 0xec, 0xe6, 0x54, 0x07, 0x51, 0xe0, 0x45, 0x44, 0xd9, 0x92, 0xcb, 0xdb, 0xc9, 0xee, 0xd8, 0xf1, 0xca, 0xf1, 0xd8, 0x92, 0x3e, 0xee, 0x92, 0xc5, 0x33, 0xc1, 0xef, 0x8b, 0x75, 0x85, 0xce, 0x9b, 0x99, 0x2f, 0x7f, 0xcb, 0x42, 0x92, 0x4a, 0xd6, 0xf6, 0xdf, 0xdc, 0xf6, 0xde, 0xe1, 0xad, 0xe0, 0x46, 0x9b, 0xf1, 0xf4, 0x9b, 0xf1, 0xc5, 0x85, 0xca, 0xca, 0x8b, 0x8b, 0x8b, 0xe5, 0xe5, 0xfc, 0xe5, 0xe4, 0xd9, 0xdb, 0x92, 0xc6, 0xcd, 0xc5, 0x85, 0xd9, 0x8b, 0xc5, 0x9b, 0xa4, 0x44, 0x3e, 0xf1, 0x9c, 0x50, 0xea, 0xe9, 0xe8, 0xe7, 0xe6, 0xea, 0xfc, 0xf7, 0xdb, 0xdc, 0xde, 0xde, 0xde, 0xde, 0x9b, 0x50, 0xe5, 0x50, 0xf6, 0xd6, 0x05, 0x05, 0xdc, 0x50, 0xdf, 0xe0, 0xaa, 0xe5, 0x08, 0xe6, 0xe5, 0xe7, 0xe7, 0xe7, 0xe6, 0xe9, 0xad, 0xad, 
  0xad, 0xae, 0xae, 0xae, 0xae, 0xae, 0x54, 0xa5, 0x46, 0x9c, 0x4d, 0xdf, 0xe0, 0xe4, 0xab, 0xe8, 0xe8, 0xe8, 0xfe, 0xad, 0xae, 0xe5, 0xe2, 0xa8, 0xfa, 0xa7, 0xdd, 0x54, 0x3c, 0x75, 0x89, 0xf3, 0x07, 0x54, 0x54, 0xe6, 0xfc, 0xaa, 0xaa, 0xe5, 0xaa, 0xe5, 0xe6, 0xe8, 0xad, 0xae, 0x54, 0x54, 0x54, 0x54, 0x01, 0x08, 0xfc, 0xfc, 0xfc, 0xe4, 0xe5, 0xe4, 0xe4, 0xfc, 0xfc, 0xe4, 0xe4, 0xe6, 0xac, 0xac, 0x09, 0x04, 0x36, 0x77, 0xcc, 0xe8, 0xac, 0xae, 0x54, 0xae, 0xea, 0xe9, 0xe9, 0xe8, 0xe9, 0xab, 0xe8, 0xe9, 0xe9, 0xea, 0xe6, 0x54, 0x4a, 0x3b, 0x38, 0x91, 0x34, 0x37, 0x3f, 0x38, 0x3f, 0x3f, 0x82, 0x82, 0x4b, 0x54, 0xa9, 0xa9, 0xa8, 0xfb, 0xa7, 0xa8, 0xe8, 0x54, 0x54, 0x2f, 0x1a, 0x18, 0x55, 0x11, 0x55, 0x11, 0x10, 0x0d, 0x11, 0x23, 0x4e, 0xf2, 0xb3, 0x2f, 0xb5, 0x2f, 0xc2, 0x33, 0xc9, 0xd8, 0x54, 0xdd, 0xb6, 0xb2, 0x64, 0xb4, 0xb6, 0xc3, 0xc8, 0x97, 0x54, 0x09, 0x74, 0x59, 0x58, 0x6a, 0x86, 0x7d, 0x73, 0x7c, 0xa3, 0x50, 0x72, 0x64, 0x73, 0x54, 0x62, 0x59, 0x86, 0x54, 0x26, 0x12, 0x1b, 0x2e, 0x54, 0xa3, 0xa3, 0xd5, 0xfa, 0x54, 0xdf, 0x3f, 0xb2, 0x6a, 0x54, 0xea, 0xa7, 0xbd, 0xb6, 0xb4, 0xb6, 0x77, 0x78, 0x83, 0x8a, 0x9c, 0xba, 0xc3, 0x05, 0xf3, 0x80, 0x1d, 0x5c, 0x6e, 0xec, 0x3f, 0xdb, 0x54, 0xe0, 0x9b, 0x3e, 0xd4, 0x46, 0xc6, 0xd4, 0xee, 0xc9, 0xf4, 0xc4, 0xed, 0xf6, 0xcd, 0xef, 0xf1, 0xf1, 0x3e, 0x8b, 0xcb, 0xca, 0x8b, 0x3e, 0xcb, 0xc5, 0xca, 0x84, 0x82, 0x7e, 0xc5, 0x8b, 0xc5, 0x8b, 0xc9, 0x42, 0xef, 0x8b, 0x3a, 0x85, 0x3a, 0xf4, 0xf4, 0xd6, 0xf6, 0xe0, 0xe7, 0xde, 0x9b, 0xd6, 0xf6, 0x4a, 0xf1, 0xd6, 0x3a, 0xc9, 0xc9, 0x8b, 0xc5, 0xd6, 0x00, 0xfc, 0xe5, 0xe4, 0xe5, 0x00, 0x54, 0xf1, 0xca, 0xca, 0xef, 0xc6, 0xc4, 0xc0, 0xd8, 0xc9, 0xee, 0xce, 0xe1, 0x54, 0xae, 0xae, 0xea, 0xe5, 0xe5, 0xe5, 0xe6, 0xe5, 0xe6, 0xae, 0xde, 0xf6, 0xfc, 0x00, 0xe1, 0xde, 0xfc, 0xf4, 0x46, 0xde, 0xe1, 0x00, 0xde, 0x05, 0xdb, 0xdf, 0x00, 0xe1, 0xe5, 0x08, 0xe5, 0xe5, 0xe7, 0xe7, 0xe7, 0xe6, 0xe6, 0xea, 0xac, 0x50, 0x06, 
  0xea, 0xad, 0xad, 0xae, 0xae, 0xae, 0x54, 0xae, 0xa5, 0xa0, 0xdc, 0xdf, 0xe0, 0xa5, 0xe1, 0xe0, 0xa8, 0xfe, 0xe8, 0x54, 0xe9, 0xa9, 0xe2, 0xe2, 0xa8, 0xa7, 0x54, 0x3f, 0xba, 0xd1, 0x54, 0x54, 0x54, 0xaa, 0xe4, 0xe4, 0xaa, 0xe4, 0xa9, 0xfd, 0xe5, 0xe6, 0xe9, 0xae, 0x54, 0x54, 0x54, 0x54, 0x54, 0x54, 0x01, 0xe5, 0xfc, 0xfc, 0xe4, 0xe4, 0xe4, 0xe5, 0xe4, 0xe4, 0xe4, 0xfc, 0xe5, 0xac, 0xae, 0xe7, 0xad, 0x09, 0x03, 0xba, 0xd2, 0x54, 0xfd, 0x54, 0xae, 0xae, 0xea, 0xe9, 0xe6, 0xe7, 0xe6, 0xe6, 0xe6, 0xab, 0xab, 0xe6, 0xad, 0x08, 0x96, 0x3a, 0x3f, 0x89, 0x34, 0x89, 0x8b, 0x82, 0x82, 0x3e, 0x82, 0x7f, 0x3e, 0x54, 0xa9, 0xfb, 0xa7, 0xa8, 0xa7, 0xa7, 0xa7, 0xde, 0xe1, 0x46, 0x2e, 0x63, 0x63, 0x5a, 0x57, 0x5a, 0x19, 0x19, 0x14, 0x10, 0x19, 0x2d, 0xc0, 0x8b, 0xc5, 0x74, 0xbf, 0xbb, 0x7f, 0xc9, 0xce, 0x54, 0x9f, 0x72, 0xb4, 0x6e, 0xb3, 0xbc, 0xc3, 0x91, 0xcc, 0xe2, 0x54, 0x7d, 0x5c, 0x16, 0x66, 0x7d, 0xbe, 0x70, 0x7c, 0x54, 0x72, 0x64, 0x32, 0x4c, 0x60, 0x59, 0x54, 0x54, 0x2a, 0x13, 0x1e, 0x93, 0x54, 0xf7, 0xa7, 0x54, 0xa4, 0x38, 0xb2, 0x2a, 0x66, 0x9b, 0x54, 0xa7, 0x54, 0xfd, 0xc7, 0xbc, 0xb9, 0xb6, 0xb9, 0x7d, 0x8c, 0xc9, 0x78, 0xd9, 0x96, 0x68, 0x1a, 0x5e, 0x76, 0x7f, 0x90, 0x50, 0x90, 0x92, 0xf3, 0xed, 0xd0, 0xd4, 0xc7, 0xf2, 0xc6, 0xc9, 0xd4, 0xc4, 0xc6, 0xd5, 0xca, 0xc9, 0xce, 0x92, 0x3e, 0xca, 0x96, 0x92, 0x3e, 0x8b, 0xc9, 0x8b, 0x3e, 0xc1, 0x82, 0xc4, 0x92, 0xca, 0xc9, 0x92, 0xca, 0xca, 0xc9, 0x3e, 0xc0, 0x85, 0x3e, 0xc0, 0x3e, 0xd4, 0x46, 0xf1, 0xf6, 0xac, 0xe0, 0xf6, 0xdc, 0xdb, 0xf1, 0xf4, 0x9b, 0x3e, 0xce, 0x90, 0x92, 0xc5, 0xd9, 0x54, 0xe0, 0xe4, 0xe4, 0xe5, 0xe4, 0xe7, 0x92, 0xcd, 0xf1, 0xcd, 0xef, 0xf1, 0xc6, 0xf1, 0xd5, 0x92, 0xef, 0x42, 0xe4, 0xfd, 0xe4, 0xe1, 0xe4, 0xe4, 0xe5, 0xe5, 0xe5, 0xe6, 0xad, 0xac, 0x07, 0x06, 0xaa, 0x54, 0xfc, 0xf6, 0xdf, 0xf6, 0xf4, 0x05, 0xde, 0x4d, 0xf6, 0x05, 0xdc, 0xdf, 0xe4, 0xe4, 0xe4, 0xe7, 0xe5, 0xe7, 0xe7, 0xe4, 0xe6, 0xad, 0xe4, 0x4b, 0x4a, 0x07, 
  0xad, 0xea, 0xad, 0xad, 0xad, 0xae, 0x54, 0xae, 0x07, 0xa3, 0xdc, 0xa5, 0xe4, 0xe2, 0xe1, 0xe2, 0xe0, 0xa9, 0xe2, 0xe9, 0xe8, 0xe2, 0xa9, 0xa8, 0xe2, 0x54, 0x90, 0x7b, 0xf7, 0x54, 0xac, 0xe5, 0xfc, 0xe4, 0xe2, 0xe4, 0xfd, 0xe4, 0xfd, 0xe5, 0xe8, 0xea, 0x54, 0x54, 0x54, 0x54, 0x54, 0x54, 0x54, 0x01, 0x08, 0xfc, 0xfc, 0xfc, 0xfc, 0xe5, 0xe5, 0xe5, 0xfc, 0xe4, 0xfc, 0xe4, 0xe9, 0xae, 0xae, 0xe9, 0xe4, 0x54, 0x45, 0x34, 0xf0, 0x54, 0xe6, 0xae, 0xae, 0xad, 0xad, 0xea, 0xe7, 0xe6, 0xe6, 0xe6, 0xe6, 0xe6, 0xe6, 0xfd, 0x54, 0x4b, 0x8b, 0x3c, 0xca, 0x82, 0x84, 0x7a, 0x82, 0x89, 0x37, 0x89, 0x3c, 0x38, 0x82, 0xe7, 0xe8, 0xa9, 0xfb, 0xa7, 0xa7, 0xa7, 0xa7, 0xa8, 0xfd, 0x54, 0x54, 0x49, 0x3f, 0x63, 0x57, 0x57, 0x57, 0x55, 0x14, 0x10, 0x10, 0x11, 0x5c, 0xbf, 0xdc, 0xc1, 0x75, 0xee, 0xbb, 0x3a, 0xc5, 0xf1, 0x54, 0xc8, 0x6f, 0x72, 0xb6, 0x6f, 0xbe, 0x83, 0xce, 0x94, 0xf5, 0x54, 0xe3, 0x70, 0x5d, 0x5d, 0x72, 0x78, 0x67, 0x94, 0x3c, 0x62, 0x69, 0x41, 0x60, 0x5d, 0x2c, 0x03, 0x2c, 0x1b, 0x65, 0xdd, 0xe4, 0xae, 0x54, 0x89, 0x24, 0x5f, 0x6a, 0x2a, 0x77, 0x54, 0xe5, 0xea, 0xad, 0x54, 0x54, 0xfe, 0xcf, 0xc2, 0x7d, 0x7d, 0x7d, 0x82, 0xee, 0xa1, 0x68, 0x1a, 0x66, 0x87, 0xc6, 0x38, 0x3f, 0xc4, 0x84, 0x8b, 0xbb, 0xc6, 0xc9, 0xc0, 0xc9, 0xbf, 0xc4, 0xef, 0xbf, 0xca, 0xd9, 0x8b, 0xc9, 0xd6, 0xcd, 0xce, 0xda, 0xd9, 0x9b, 0x49, 0xd6, 0xd9, 0xd8, 0x99, 0x3f, 0x96, 0xca, 0xca, 0xca, 0xc5, 0x85, 0x85, 0xc4, 0x8b, 0x92, 0xef, 0x92, 0x7f, 0xcd, 0x92, 0x8b, 0xf1, 0xf1, 0xf1, 0xf1, 0x50, 0xad, 0xdf, 0xf6, 0xd6, 0xd8, 0xdc, 0x42, 0xef, 0xce, 0xf1, 0x3e, 0x8b, 0xde, 0xe7, 0xfc, 0xe5, 0xe5, 0xe4, 0xe5, 0x08, 0xf1, 0xd5, 0xf4, 0xcd, 0xf4, 0x8b, 0xf1, 0xcd, 0xf2, 0xd5, 0xce, 0xc9, 0xd9, 0xad, 0xe2, 0xe4, 0xe2, 0xfc, 0xe2, 0xe4, 0xfd, 0xaa, 0xe5, 0xe5, 0xea, 0xaa, 0x4c, 0x07, 0xac, 0xdf, 0xdf, 0xdf, 0x05, 0x9b, 0x9b, 0xd6, 0xf6, 0x50, 0xdc, 0x51, 0xfc, 0xe4, 0xe7, 0xe5, 0xe7, 0xe5, 0xfc, 0xe9, 0xae, 0x4d, 0x4a, 0x05, 0x04, 0x00, 
  0xad, 0xad, 0xad, 0xad, 0xad, 0xad, 0xae, 0x54, 0xab, 0xa5, 0x4e, 0xdf, 0xa7, 0xfc, 0xe1, 0xaa, 0xe2, 0xe4, 0xe1, 0xe1, 0xa9, 0xfe, 0xe2, 0xe6, 0x54, 0x90, 0x84, 0xa7, 0x54, 0xe1, 0xaa, 0xe2, 0xe5, 0xe5, 0xe5, 0xe2, 0xa9, 0xfd, 0xe8, 0xea, 0xae, 0x54, 0x54, 0x54, 0x54, 0x54, 0x54, 0x54, 0x54, 0x09, 0xe4, 0xe0, 0xfc, 0xe4, 0xfc, 0xe1, 0x51, 0x06, 0xe4, 0xe1, 0xe1, 0xe5, 0xea, 0x54, 0xae, 0xea, 0xfd, 0xad, 0x06, 0xbb, 0xcf, 0x54, 0xe7, 0xae, 0xad, 0xad, 0xae, 0xae, 0xea, 0xe6, 0xe5, 0xe5, 0xe5, 0xe5, 0xe5, 0xe5, 0xad, 0x4d, 0x40, 0x92, 0x3f, 0x82, 0x3b, 0x7b, 0x82, 0x3b, 0x89, 0x37, 0x8a, 0x3e, 0x89, 0xdf, 0xea, 0xa9, 0xa8, 0xa7, 0xa7, 0xa7, 0xa6, 0xf8, 0xa8, 0xe0, 0xe2, 0xad, 0xae, 0xcb, 0xb9, 0xb3, 0xb1, 0xaf, 0xaf, 0x58, 0x58, 0x18, 0x55, 0x5b, 0x6a, 0xf1, 0xc9, 0xc5, 0xc4, 0xc0, 0xc5, 0x3e, 0x99, 0xde, 0x78, 0xb6, 0x7d, 0xb3, 0xbe, 0x8d, 0x91, 0xd2, 0xdd, 0xa5, 0x54, 0x54, 0xd3, 0x67, 0x5d, 0x72, 0x70, 0x6b, 0x93, 0x65, 0x65, 0x79, 0x5d, 0x6b, 0x21, 0x32, 0x71, 0x65, 0x78, 0x01, 0x54, 0xe1, 0x6e, 0x62, 0x76, 0x6e, 0x6a, 0x74, 0x07, 0x54, 0xea, 0x54, 0x54, 0xad, 0xe6, 0x54, 0x54, 0xa3, 0xc3, 0x78, 0x78, 0xcf, 0x34, 0x24, 0x1f, 0x26, 0x31, 0x82, 0xba, 0x84, 0xc1, 0xc8, 0xd0, 0xc7, 0xf9, 0xfb, 0xff, 0x54, 0xd7, 0x54, 0x54, 0xf9, 0x54, 0x54, 0xde, 0xfb, 0x54, 0x9b, 0x46, 0x07, 0x4b, 0x06, 0x3e, 0x8b, 0x3a, 0x3b, 0x3a, 0x34, 0x37, 0xc0, 0x7a, 0xbb, 0xbb, 0xbd, 0xc4, 0xc5, 0xc9, 0xf1, 0xde, 0xdf, 0x8b, 0xb7, 0x85, 0xca, 0x8b, 0x46, 0xf1, 0xf1, 0x42, 0xf6, 0xe5, 0xdc, 0xdb, 0xf6, 0xde, 0x46, 0xf1, 0x9b, 0xce, 0xcb, 0x3e, 0xca, 0xae, 0xfc, 0xe4, 0xe5, 0xe4, 0xe5, 0xe5, 0xe7, 0x50, 0xf1, 0x92, 0xf2, 0xd6, 0xc9, 0x92, 0xf5, 0xef, 0xd6, 0xf6, 0xd6, 0xde, 0xe6, 0xe2, 0xfc, 0xe2, 0xe4, 0xe4, 0xe2, 0xfc, 0xe2, 0xfc, 0xe4, 0xfc, 0xad, 0xe6, 0x4c, 0x4e, 0x54, 0xe0, 0xe0, 0xdf, 0xf6, 0x05, 0xf6, 0xdf, 0xe0, 0x00, 0xe4, 0x08, 0xe5, 0xe6, 0xe7, 0xe5, 0xaa, 0x54, 0xfc, 0x4a, 0x4a, 0x05, 0x49, 0x4a, 0xae, 
  0xab, 0xab, 0xad, 0xad, 0xad, 0xad, 0xae, 0x54, 0xad, 0xa8, 0xa4, 0xdc, 0xa5, 0xdc, 0xa5, 0xdd, 0xe1, 0xe0, 0xa8, 0xe4, 0xe4, 0xa8, 0xab, 0xe9, 0xca, 0x89, 0xe6, 0x54, 0xfc, 0xe1, 0xe7, 0xe9, 0xe5, 0xfd, 0xfd, 0xe5, 0xe8, 0xea, 0xae, 0x54, 0x54, 0x54, 0x54, 0x54, 0x54, 0x54, 0x54, 0x54, 0x01, 0x08, 0xe0, 0x00, 0xe0, 0x51, 0x4d, 0x50, 0x06, 0xdf, 0x4e, 0x50, 0xfc, 0xff, 0xae, 0xae, 0xae, 0xea, 0xe7, 0xfd, 0x54, 0x3b, 0xc7, 0x54, 0xe7, 0xad, 0xad, 0xad, 0xae, 0x54, 0x54, 0xac, 0xe6, 0xe5, 0xe5, 0xe5, 0xa9, 0xe6, 0xfd, 0xae, 0x50, 0x42, 0x84, 0x89, 0xc4, 0x38, 0x3a, 0x81, 0x8b, 0x84, 0x3b, 0x3a, 0x49, 0x54, 0xfe, 0xe6, 0xfb, 0xa7, 0xa7, 0xa7, 0xdd, 0xa6, 0xdd, 0xfd, 0xe4, 0xe0, 0xa2, 0xe8, 0x54, 0x54, 0x49, 0xb2, 0xaf, 0x5b, 0x18, 0x57, 0x57, 0x55, 0x57, 0x5f, 0x7b, 0xf6, 0x42, 0xc6, 0xce, 0xf2, 0xc5, 0x44, 0xf8, 0x78, 0x72, 0x72, 0x6e, 0xbe, 0xbe, 0x84, 0x8a, 0xdc, 0xdf, 0xe4, 0x54, 0x54, 0x86, 0x5d, 0x67, 0x67, 0x7c, 0x67, 0x65, 0x79, 0x59, 0x73, 0x60, 0x03, 0x2a, 0x62, 0x86, 0x54, 0x51, 0x6e, 0x64, 0x7d, 0x35, 0x66, 0x7b, 0xab, 0xae, 0xad, 0x54, 0xae, 0x54, 0x54, 0xac, 0xaa, 0x00, 0x54, 0x54, 0xad, 0x72, 0x11, 0x1c, 0x26, 0x72, 0x84, 0x8a, 0x38, 0x91, 0x80, 0x76, 0x2e, 0x6c, 0x2c, 0x29, 0x1f, 0x17, 0x1f, 0x20, 0x15, 0x1f, 0x1a, 0x1f, 0x22, 0x17, 0x19, 0x17, 0x24, 0x29, 0x57, 0x19, 0x17, 0x23, 0x22, 0x5a, 0x1d, 0x22, 0xb7, 0x2b, 0x6c, 0xb7, 0x7a, 0xc5, 0xc4, 0xc1, 0xca, 0xd4, 0xdc, 0xae, 0x99, 0x7a, 0x33, 0xc0, 0x33, 0xc4, 0x9b, 0x9b, 0xf1, 0xd6, 0xac, 0x00, 0xdc, 0xde, 0xe0, 0xf6, 0xf1, 0x9b, 0x9b, 0xf1, 0xef, 0xa4, 0x08, 0xe2, 0xe4, 0xe5, 0xe5, 0xe9, 0xe7, 0xe5, 0xe5, 0x54, 0xd4, 0xce, 0x9b, 0x9b, 0xd4, 0xca, 0xf7, 0xd5, 0xcd, 0xd8, 0xde, 0xe9, 0xe2, 0xe4, 0xe2, 0xe2, 0xe1, 0xe1, 0xe2, 0xe2, 0xe1, 0xfc, 0xe2, 0xe4, 0xe5, 0xe7, 0xe5, 0x4c, 0x4d, 0x54, 0xe0, 0xfc, 0xfc, 0xe0, 0xe0, 0xdf, 0xe0, 0xe4, 0xe7, 0xe4, 0xe6, 0xe4, 0xdf, 0xe5, 0xad, 0x4a, 0x46, 0x4a, 0x50, 0x4a, 0x4a, 0x54, 0x54, 
  0xe6, 0xe5, 0xaa, 0xab, 0xea, 0xad, 0xea, 0x54, 0xab, 0xea, 0x51, 0xa4, 0xa5, 0xa7, 0x51, 0xdf, 0xa7, 0xdd, 0xdd, 0xdf, 0xa7, 0xe1, 0xae, 0x9c, 0x97, 0x54, 0x54, 0xe5, 0xe6, 0xe1, 0xe5, 0xe7, 0xe5, 0xe6, 0xe9, 0xae, 0xae, 0x54, 0x54, 0x54, 0x54, 0x54, 0x54, 0x54, 0x54, 0x54, 0x54, 0xae, 0x08, 0x00, 0xde, 0x50, 0x4d, 0x50, 0x4e, 0x51, 0x51, 0x4e, 0x4d, 0xde, 0xfd, 0xae, 0x54, 0x54, 0xae, 0xae, 0xe9, 0xfc, 0x54, 0x3b, 0xbe, 0x54, 0x08, 0xea, 0xad, 0xae, 0x54, 0x54, 0x54, 0x54, 0xe9, 0xe5, 0xfd, 0xaa, 0xfe, 0xaa, 0xfd, 0xac, 0x9f, 0x3f, 0x84, 0x3f, 0x3a, 0x84, 0x3e, 0x35, 0x82, 0x8b, 0xc0, 0x35, 0x8b, 0x54, 0xa9, 0xfe, 0xa9, 0xa8, 0xa7, 0xdd, 0xa6, 0xf8, 0xa6, 0xfa, 0xfd, 0xe9, 0xe6, 0xdd, 0xe2, 0xa3, 0xa8, 0xa3, 0xc1, 0xb6, 0x64, 0xb0, 0x61, 0xaf, 0xaf, 0xaf, 0x5b, 0x74, 0x3f, 0x75, 0x76, 0x7a, 0x7b, 0x7f, 0x03, 0x84, 0xb4, 0x69, 0x2a, 0xb3, 0x25, 0x2d, 0x71, 0x69, 0x76, 0x32, 0x79, 0x83, 0x53, 0x8c, 0x60, 0x5d, 0x67, 0x60, 0x65, 0x60, 0x60, 0x65, 0x26, 0x45, 0x73, 0x65, 0x98, 0x54, 0x77, 0x6b, 0xc3, 0x6f, 0x5d, 0x78, 0xac, 0x54, 0xe5, 0x54, 0xae, 0xae, 0xad, 0x54, 0xad, 0x54, 0x54, 0x3a, 0x02, 0x2d, 0x56, 0x0b, 0x0b, 0x11, 0x11, 0x0f, 0x0b, 0x0b, 0x0c, 0x0a, 0x0b, 0x0a, 0x0b, 0x0c, 0x0a, 0x0b, 0x0b, 0x0a, 0x0c, 0x0d, 0x0c, 0x14, 0x12, 0x0e, 0x1b, 0x1f, 0x13, 0x10, 0x19, 0x29, 0x1d, 0x18, 0x5a, 0x2b, 0x31, 0x2b, 0x2d, 0x7f, 0xc1, 0x7f, 0xbf, 0xc5, 0xc5, 0x3e, 0xce, 0xe7, 0x54, 0x54, 0x07, 0x85, 0x7a, 0xbf, 0x7a, 0x33, 0x92, 0xf1, 0x9b, 0x9b, 0x42, 0xd4, 0xe5, 0xde, 0xe0, 0x4d, 0xf6, 0x4a, 0xf4, 0xd6, 0x96, 0xcd, 0xfc, 0xfd, 0xe4, 0xea, 0xac, 0xae, 0x54, 0xe9, 0x08, 0xe4, 0x08, 0xd6, 0xd5, 0xf4, 0xd5, 0xf2, 0xd0, 0xd8, 0xf5, 0xd4, 0xd5, 0xf6, 0xfa, 0xe9, 0xfd, 0xfc, 0xe5, 0xea, 0xac, 0xfd, 0xe6, 0xad, 0xe6, 0xe4, 0xe4, 0xe5, 0xe5, 0xe7, 0xe6, 0x93, 0x45, 0x54, 0xfc, 0x50, 0xfc, 0xe4, 0xe5, 0xe5, 0xe7, 0xe4, 0xe5, 0xe7, 0xe4, 0xe4, 0xe7, 0x04, 0xf1, 0x4b, 0x51, 0x4b, 0x49, 0x54, 0x54, 0xae, 
  0xab, 0xab, 0xab, 0xa9, 0xa9, 0xab, 0xac, 0xae, 0xe9, 0xab, 0xad, 0xa8, 0xa5, 0xda, 0xa3, 0xa3, 0xda, 0xa3, 0xda, 0xf8, 0xa3, 0xdd, 0xe2, 0xe6, 0x54, 0xac, 0xe9, 0xae, 0x54, 0xe5, 0xe1, 0xac, 0xae, 0x54, 0x54, 0x54, 0x54, 0x54, 0x54, 0x54, 0x54, 0x54, 0x54, 0x54, 0x54, 0x54, 0x54, 0x01, 0x00, 0x4d, 0x4e, 0x4e, 0xa5, 0x50, 0xfc, 0x4e, 0x4a, 0xd9, 0x4d, 0xde, 0xea, 0x54, 0x54, 0x54, 0x54, 0xae, 0xea, 0xfc, 0x54, 0x40, 0x2f, 0x54, 0x08, 0xad, 0xae, 0x54, 0x54, 0x54, 0x54, 0x54, 0x54, 0xe6, 0xe5, 0xa9, 0xe5, 0xa9, 0xe5, 0xe8, 0x49, 0x3a, 0x91, 0x8b, 0x84, 0x85, 0x82, 0x38, 0x35, 0x3c, 0x82, 0x75, 0x3e, 0x54, 0xe2, 0xe5, 0xfe, 0xe2, 0xa7, 0xa7, 0xdd, 0xa6, 0xf8, 0xa6, 0xfd, 0xe5, 0xe9, 0xe9, 0xae, 0xe0, 0xa1, 0xdc, 0x54, 0x54, 0xa7, 0xb8, 0x5e, 0x5c, 0x5b, 0x5c, 0x1d, 0x18, 0x61, 0xc9, 0x9c, 0x81, 0x7b, 0x35, 0x76, 0x75, 0x6f, 0x2a, 0x6f, 0x6f, 0x76, 0x32, 0x34, 0x43, 0x78, 0x80, 0x7d, 0x6d, 0x6b, 0x8d, 0x39, 0x1e, 0x5d, 0x5d, 0x60, 0x5d, 0x60, 0x60, 0x02, 0x04, 0x2c, 0x67, 0x08, 0x43, 0x72, 0xc3, 0x6a, 0x64, 0x8e, 0x54, 0xae, 0xa9, 0xab, 0xac, 0xae, 0x54, 0x54, 0x54, 0x07, 0x03, 0x1f, 0x12, 0x26, 0x14, 0x55, 0x0c, 0x0a, 0x0b, 0x0e, 0x13, 0x15, 0x0d, 0x0b, 0x0b, 0x0a, 0x0a, 0x0b, 0x0b, 0x0c, 0x0b, 0x0c, 0x11, 0x0b, 0x0e, 0x56, 0x10, 0x18, 0x57, 0x11, 0x19, 0x24, 0x18, 0x11, 0x15, 0x1a, 0x27, 0xb1, 0x63, 0x6c, 0xb8, 0x38, 0xc0, 0x85, 0xc1, 0xc4, 0x3a, 0xd4, 0xdc, 0xe7, 0xad, 0xe7, 0x54, 0x50, 0xbf, 0x7f, 0xc9, 0x33, 0x37, 0x3e, 0xc9, 0xd6, 0x9b, 0xf2, 0xca, 0xd6, 0xfc, 0xe0, 0x50, 0xde, 0xf6, 0xf6, 0x99, 0xd6, 0xdf, 0xfc, 0xe0, 0xe4, 0x54, 0x54, 0xae, 0xad, 0xea, 0xe5, 0xe4, 0xe7, 0xd6, 0xd4, 0xf4, 0xd8, 0xf2, 0xd4, 0xf7, 0xf6, 0xf7, 0xf4, 0xf6, 0xfc, 0xaa, 0xaa, 0xad, 0xd9, 0x99, 0xd8, 0xaa, 0x49, 0x9b, 0x00, 0xe9, 0xe7, 0xe7, 0xe6, 0xe5, 0xac, 0xa8, 0x35, 0x3b, 0x54, 0xe5, 0xe5, 0xe5, 0xfc, 0x08, 0xe4, 0xe4, 0xe7, 0xac, 0x54, 0x08, 0x05, 0x99, 0x49, 0x50, 0x46, 0x44, 0x06, 0x54, 0xae, 0x54, 
  0xab, 0xab, 0xe6, 0xe6, 0xa9, 0xa9, 0xa9, 0xac, 0xea, 0x53, 0xa9, 0xab, 0xa8, 0xa5, 0xa3, 0xdd, 0xa5, 0xdd, 0xa8, 0xe1, 0xdd, 0xdd, 0xdd, 0xfa, 0xa7, 0xe2, 0xe6, 0xac, 0xe9, 0xe4, 0xe1, 0xfc, 0xad, 0xac, 0xe9, 0xae, 0x01, 0xad, 0x54, 0x54, 0x54, 0x54, 0x54, 0x54, 0x54, 0x54, 0xad, 0xaa, 0xde, 0xdc, 0xdf, 0xdf, 0xe1, 0x51, 0xa5, 0xf6, 0xa0, 0x4a, 0xd8, 0xe7, 0xad, 0x54, 0x54, 0x54, 0x54, 0xae, 0xac, 0xe7, 0xff, 0x06, 0xbd, 0xf9, 0x54, 0xe9, 0x54, 0x54, 0x54, 0x54, 0x54, 0x54, 0xae, 0xae, 0xe6, 0xfd, 0xfd, 0xe2, 0xea, 0x50, 0x3c, 0x92, 0x90, 0x89, 0x89, 0x84, 0x3c, 0x82, 0x76, 0x7b, 0x8a, 0x2e, 0x7f, 0x54, 0xfd, 0xa9, 0xe5, 0xa9, 0xfb, 0xdd, 0xa6, 0xf8, 0xa6, 0xf8, 0xfb, 0xe7, 0xe8, 0xe5, 0xab, 0xe9, 0xa7, 0xa7, 0xdd, 0xa7, 0xae, 0xab, 0xf3, 0xec, 0xb4, 0xb1, 0x61, 0x61, 0xb1, 0xb2, 0xc6, 0x54, 0xfd, 0xd5, 0x96, 0xc3, 0x75, 0x64, 0x23, 0x5f, 0x58, 0x1c, 0x1c, 0x1c, 0x25, 0x6a, 0x6a, 0x76, 0x71, 0x6b, 0x6b, 0x2c, 0x1e, 0x1e, 0x59, 0x59, 0x16, 0x16, 0x21, 0x45, 0x65, 0x6d, 0xa0, 0x6d, 0x73, 0x6a, 0x6b, 0xe3, 0x54, 0xa7, 0xa8, 0xea, 0xae, 0x54, 0x54, 0x54, 0x04, 0x03, 0x02, 0x02, 0x29, 0x01, 0x37, 0x11, 0x10, 0x0b, 0x0b, 0x0a, 0x0d, 0x12, 0x19, 0x20, 0x26, 0x26, 0x62, 0x55, 0x0f, 0x0d, 0x0d, 0x13, 0x0d, 0x0d, 0x13, 0x0e, 0x10, 0x5b, 0x11, 0x15, 0x5e, 0x57, 0x14, 0x20, 0x61, 0x5a, 0x18, 0x57, 0x1d, 0xb2, 0x6c, 0xb8, 0xb8, 0xb8, 0xb8, 0x8b, 0xc9, 0xf1, 0xad, 0x54, 0xe9, 0xe9, 0xe9, 0x54, 0x4d, 0x7f, 0xc9, 0xc5, 0xb7, 0x8b, 0x85, 0x3a, 0xf2, 0x46, 0xd6, 0xd6, 0xd6, 0x00, 0x00, 0xe0, 0xdf, 0xdc, 0xdb, 0xd6, 0xd9, 0xe5, 0xe1, 0xfc, 0xea, 0x54, 0xad, 0xe9, 0xe4, 0xdf, 0xe7, 0x08, 0x54, 0x08, 0xf5, 0xdc, 0xf6, 0xd6, 0xf7, 0xe0, 0xe0, 0xd4, 0xd4, 0xd8, 0x4a, 0xca, 0xc5, 0x44, 0xdb, 0xca, 0x85, 0x42, 0xd6, 0x3a, 0x8b, 0x9b, 0xd8, 0xfc, 0x54, 0x54, 0xae, 0x54, 0xa0, 0x6d, 0x36, 0x54, 0x00, 0xe4, 0xe7, 0xe5, 0xfc, 0xe6, 0x54, 0xe7, 0xf6, 0x49, 0xf1, 0x4a, 0xdf, 0x49, 0x49, 0xe5, 0x54, 0xad, 0x54, 0xae, 
  0xea, 0xea, 0xab, 0xab, 0xe6, 0xaa, 0xa9, 0xa9, 0xab, 0xa9, 0x52, 0xe6, 0xab, 0xa9, 0xa3, 0xd8, 0x9f, 0x9f, 0xa3, 0xe9, 0xe5, 0xe0, 0xe1, 0xe0, 0xa7, 0xdd, 0xa7, 0xe1, 0xe0, 0xe1, 0xe1, 0x51, 0xe0, 0xe0, 0x51, 0xfc, 0xe1, 0x00, 0xe7, 0xe4, 0x08, 0xae, 0x01, 0xad, 0x54, 0x54, 0xdf, 0xe0, 0xa4, 0xe4, 0xe1, 0xfc, 0x51, 0xdb, 0xd9, 0x4a, 0x49, 0xa0, 0x51, 0xad, 0xae, 0x54, 0x54, 0x54, 0x54, 0x54, 0xae, 0xac, 0xe5, 0x54, 0xcd, 0xf5, 0x54, 0xac, 0x54, 0x54, 0x54, 0x54, 0x54, 0x54, 0xae, 0xae, 0xac, 0xe6, 0xe5, 0xe2, 0xff, 0x4e, 0x46, 0x46, 0x89, 0x3e, 0x84, 0x80, 0x93, 0x87, 0x35, 0x7b, 0x87, 0x90, 0x90, 0xea, 0xa9, 0xfe, 0xa9, 0xe5, 0xa9, 0xa7, 0xa7, 0xa6, 0xf8, 0xa6, 0xa7, 0xe7, 0xe5, 0xe6, 0xfe, 0xe5, 0xe2, 0xe5, 0xfb, 0xa8, 0xa7, 0xe8, 0x54, 0x54, 0xd8, 0xba, 0xb3, 0xb1, 0x63, 0xb1, 0xb2, 0x7d, 0xf8, 0x54, 0xfd, 0xfb, 0xe8, 0xe8, 0x48, 0x78, 0x32, 0x66, 0x62, 0x5c, 0xaf, 0x58, 0x59, 0x16, 0x5d, 0x5f, 0x60, 0x5d, 0x5f, 0x1e, 0x5d, 0x16, 0x16, 0x25, 0x79, 0x02, 0x6b, 0x79, 0x39, 0x6b, 0x62, 0x6b, 0xa6, 0x54, 0xe8, 0x54, 0x54, 0x54, 0xae, 0x49, 0x03, 0x36, 0x36, 0x3b, 0x48, 0x54, 0x54, 0x54, 0x1d, 0x19, 0x0b, 0x58, 0x20, 0x0a, 0x0a, 0x14, 0x1a, 0x11, 0x14, 0x1a, 0x38, 0x54, 0x33, 0x1c, 0x17, 0x13, 0x18, 0x13, 0x10, 0x1f, 0x18, 0x15, 0x61, 0x18, 0x15, 0x26, 0x63, 0x5a, 0x19, 0x5e, 0x68, 0x68, 0x61, 0x23, 0xb2, 0xb5, 0xc1, 0xc2, 0xc9, 0xfc, 0xe5, 0x54, 0xe9, 0xe6, 0xe9, 0xea, 0xe9, 0x54, 0xdf, 0xce, 0x46, 0xbf, 0x7f, 0xc9, 0x85, 0x3e, 0xf4, 0xf1, 0xf1, 0x99, 0xa9, 0xa5, 0xe0, 0xe0, 0xdf, 0xdf, 0xdc, 0xd4, 0xde, 0xfc, 0xfc, 0xe1, 0xe9, 0x54, 0xe7, 0xe9, 0xfc, 0x92, 0xd4, 0xf6, 0xf6, 0xf6, 0x99, 0x9b, 0x46, 0xdb, 0xf1, 0xc4, 0x4d, 0xf2, 0x7f, 0xc0, 0x92, 0x92, 0x7f, 0x7a, 0x8b, 0x9b, 0x3e, 0x7f, 0x92, 0x9b, 0xc1, 0x8b, 0xd6, 0xf1, 0xde, 0x06, 0xfc, 0x54, 0x54, 0xf8, 0x26, 0x34, 0x54, 0x51, 0xac, 0xe5, 0xac, 0x54, 0xde, 0xd6, 0xf1, 0x46, 0x05, 0x50, 0xd6, 0x05, 0xe7, 0xad, 0xac, 0xae, 0xae, 0x54, 
  0x54, 0x54, 0x54, 0xae, 0xae, 0xad, 0xac, 0xe9, 0xe9, 0x52, 0xa9, 0xe8, 0xab, 0xea, 0xe6, 0x4f, 0xf5, 0xa1, 0xda, 0xdd, 0xe6, 0xe5, 0xe2, 0xe2, 0xfd, 0xa8, 0xdd, 0xdd, 0xe1, 0xe4, 0xa8, 0xa7, 0x4e, 0xdf, 0xe0, 0xa4, 0xe0, 0xa7, 0xe0, 0xe1, 0xe4, 0xfc, 0xe0, 0xe7, 0x01, 0xa3, 0xdd, 0xe5, 0xe4, 0xaa, 0xe1, 0xe0, 0xa0, 0xa0, 0xd9, 0x9c, 0x45, 0xe5, 0x54, 0xad, 0x54, 0x54, 0x54, 0x54, 0x54, 0x54, 0x54, 0xae, 0xe7, 0xe5, 0xfd, 0xfb, 0x54, 0x54, 0x54, 0x54, 0x54, 0x54, 0x54, 0x54, 0xae, 0xac, 0xad, 0xac, 0xab, 0xe5, 0xe4, 0xad, 0x54, 0x42, 0x89, 0x8c, 0x82, 0x87, 0x8c, 0x82, 0x38, 0x7b, 0x7b, 0x3f, 0x54, 0xe8, 0xfd, 0xab, 0xfe, 0xab, 0xfe, 0xa8, 0xdd, 0xf8, 0x4f, 0xf8, 0xa7, 0xe6, 0xff, 0xa9, 0xe1, 0xa9, 0xff, 0xe8, 0xa7, 0xa7, 0xe2, 0xa8, 0xa7, 0xe2, 0xae, 0xae, 0xf9, 0xf0, 0xbc, 0xb4, 0x69, 0x6e, 0x72, 0xcc, 0xdd, 0xa3, 0xda, 0xde, 0xac, 0x54, 0x54, 0x54, 0xae, 0x51, 0xd3, 0xcc, 0x05, 0x80, 0x32, 0x6b, 0x67, 0x59, 0x59, 0x0f, 0x16, 0x21, 0x2c, 0x54, 0x03, 0x2c, 0x70, 0x79, 0x6d, 0x67, 0x67, 0x8e, 0xe3, 0xd7, 0xe9, 0x9a, 0x88, 0x88, 0x35, 0x35, 0x38, 0x43, 0xe8, 0x54, 0x54, 0x06, 0x54, 0x8b, 0x22, 0x57, 0x0e, 0xd7, 0x45, 0x0c, 0x0a, 0x0a, 0x19, 0x29, 0x14, 0x11, 0x1a, 0x29, 0x53, 0x54, 0x3b, 0x40, 0x34, 0x24, 0x1c, 0x1d, 0xb3, 0x5e, 0x5a, 0x27, 0x61, 0x1d, 0xb2, 0xb6, 0xb2, 0x23, 0x1d, 0xb7, 0xee, 0xee, 0xc1, 0xbf, 0xde, 0xe1, 0xe7, 0x54, 0x54, 0xe9, 0xe9, 0xad, 0xea, 0xac, 0xad, 0xea, 0xac, 0x54, 0x9b, 0x7f, 0x85, 0x3e, 0x85, 0x85, 0x46, 0xf4, 0x42, 0xf1, 0x4d, 0x52, 0xde, 0x00, 0x00, 0xe0, 0xdc, 0xa4, 0xfc, 0xe0, 0xfc, 0xfc, 0xfc, 0xe9, 0xe7, 0xe5, 0xad, 0xdb, 0xf1, 0x9b, 0x99, 0xf1, 0xc9, 0x85, 0x7a, 0x8b, 0xef, 0x33, 0x2f, 0x92, 0x42, 0xbf, 0x7a, 0x3e, 0x92, 0xc5, 0xbb, 0x85, 0xf1, 0xf1, 0x85, 0xef, 0x49, 0xc6, 0x44, 0xd4, 0x92, 0x46, 0x46, 0x4b, 0x51, 0x54, 0x97, 0x1f, 0x36, 0x54, 0x4e, 0x54, 0x54, 0x9b, 0xca, 0x9b, 0x46, 0x50, 0xa0, 0xd6, 0xd9, 0xfc, 0x54, 0x54, 0x54, 0x54, 0xae, 0xad, 
  0x54, 0x54, 0x54, 0x54, 0x54, 0x54, 0x54, 0xae, 0xab, 0x52, 0xa9, 0xe6, 0xa9, 0xe5, 0xe6, 0xfe, 0xa6, 0x9f, 0xd7, 0x9a, 0xdd, 0xad, 0xe7, 0xe5, 0xfd, 0xe5, 0xa9, 0xa7, 0xa2, 0xe0, 0xe4, 0xa5, 0xa2, 0xdd, 0xe0, 0xe0, 0xe1, 0xa5, 0xa2, 0xe1, 0xdf, 0xfa, 0xe1, 0xe4, 0xa0, 0xd6, 0xe6, 0xe9, 0xaa, 0xe5, 0xe2, 0xa5, 0xa3, 0x4a, 0x9a, 0xa0, 0xac, 0xae, 0xae, 0x54, 0x54, 0x54, 0x54, 0x54, 0x54, 0x54, 0x54, 0x54, 0xad, 0xe5, 0xac, 0x54, 0x54, 0x54, 0x54, 0x54, 0x54, 0x54, 0x54, 0x54, 0xae, 0xad, 0xac, 0xac, 0xad, 0xe9, 0xfd, 0xe5, 0xe6, 0x3f, 0x90, 0x89, 0x87, 0x8a, 0x89, 0x88, 0x35, 0x38, 0x75, 0x7f, 0xa5, 0xea, 0xa9, 0xe2, 0xa8, 0xe1, 0xa8, 0xa9, 0xe3, 0xe3, 0xe3, 0xa6, 0xdd, 0xae, 0xae, 0x54, 0x54, 0xac, 0x50, 0xe4, 0x54, 0x54, 0xea, 0x54, 0x54, 0xe8, 0xe6, 0xad, 0x01, 0x54, 0x9f, 0xc2, 0xb9, 0x6f, 0x6e, 0x78, 0xcc, 0xde, 0xa7, 0xdd, 0xdd, 0xa4, 0xa4, 0xa4, 0xac, 0x54, 0x54, 0x01, 0x80, 0x35, 0x35, 0x2c, 0x66, 0x59, 0x16, 0x16, 0x0f, 0x32, 0x90, 0x32, 0x32, 0x30, 0x6b, 0x70, 0x60, 0x67, 0x70, 0x60, 0x60, 0x70, 0x73, 0x6d, 0x71, 0x66, 0x35, 0x74, 0x80, 0x89, 0x82, 0xd6, 0xad, 0xff, 0x54, 0xb7, 0x5b, 0x0e, 0x72, 0x54, 0x54, 0x61, 0x0b, 0x0a, 0x0a, 0x15, 0x29, 0x5e, 0x17, 0x57, 0x19, 0x2b, 0x54, 0x54, 0x54, 0x00, 0x3a, 0x85, 0x34, 0x2d, 0x63, 0x23, 0xbf, 0xeb, 0xb2, 0x27, 0xc2, 0xc2, 0xeb, 0x38, 0xf2, 0xf1, 0xd8, 0xfb, 0xe5, 0xe4, 0xe5, 0xe4, 0xe9, 0xad, 0xad, 0xad, 0xad, 0xad, 0xad, 0xac, 0xe7, 0x54, 0x46, 0xbf, 0xc9, 0x8b, 0xc4, 0xc4, 0x8b, 0xdc, 0x46, 0xca, 0xf1, 0xa7, 0xa6, 0xe0, 0x00, 0xe0, 0xe0, 0xe7, 0xe1, 0xfc, 0xe1, 0xfc, 0xe5, 0xe5, 0xe5, 0xe7, 0xe5, 0x54, 0xe1, 0xd6, 0xf2, 0xd6, 0x05, 0x4a, 0xcd, 0xc5, 0xf1, 0xf1, 0x85, 0x7a, 0xc5, 0x46, 0xca, 0xc0, 0xc5, 0xf1, 0xca, 0x3a, 0xc1, 0xca, 0x99, 0xca, 0xca, 0x9b, 0x91, 0x96, 0xf1, 0xcb, 0xd6, 0x46, 0x96, 0x44, 0x54, 0x87, 0x1c, 0x04, 0x54, 0x53, 0x49, 0x92, 0x4d, 0x07, 0x53, 0x05, 0xd9, 0x4a, 0xd6, 0xe1, 0x07, 0x4d, 0x05, 0x4d, 0x54, 0x54, 
  0xae, 0x54, 0x54, 0x54, 0xad, 0xe9, 0xa9, 0xa9, 0xa9, 0xab, 0xa9, 0xe6, 0xa9, 0xe8, 0xab, 0xab, 0xaa, 0xa7, 0x4f, 0xf5, 0x9d, 0xa3, 0xab, 0xe5, 0xab, 0xa9, 0xaa, 0xe5, 0xa8, 0xa2, 0xa8, 0xa8, 0x4c, 0x4f, 0xe0, 0xe0, 0xe0, 0x4f, 0x4c, 0xe0, 0xe0, 0xe1, 0xe4, 0xa0, 0x48, 0xa3, 0xe9, 0xe9, 0xe6, 0xaa, 0x51, 0xd9, 0x9f, 0xa3, 0xa2, 0x54, 0x54, 0x54, 0x54, 0x54, 0x54, 0x54, 0x54, 0x54, 0x54, 0x54, 0x54, 0x54, 0xad, 0xe7, 0xea, 0x54, 0x54, 0x54, 0x54, 0x54, 0x54, 0x54, 0x54, 0xae, 0xae, 0xad, 0xea, 0xac, 0xad, 0xae, 0xe7, 0xad, 0x51, 0x90, 0x96, 0x82, 0x8f, 0x85, 0x87, 0xc9, 0x81, 0x82, 0x71, 0x74, 0xfc, 0xe8, 0xe6, 0x54, 0x54, 0x54, 0x54, 0xe9, 0x4d, 0xa0, 0x4d, 0xa9, 0xae, 0x8b, 0x82, 0x37, 0x90, 0xf1, 0x85, 0x3b, 0x92, 0x4a, 0x4a, 0x4a, 0x05, 0xe4, 0x09, 0xe5, 0xae, 0x54, 0x54, 0x54, 0xe3, 0xcc, 0x83, 0x83, 0xc3, 0xcc, 0xf5, 0xe2, 0xdd, 0xe1, 0xa8, 0xea, 0xe1, 0x93, 0x78, 0x64, 0x64, 0x5f, 0x5c, 0x16, 0x59, 0x59, 0x3d, 0x17, 0x26, 0x28, 0x36, 0x6b, 0x44, 0x36, 0x5d, 0x60, 0x67, 0x60, 0x60, 0x59, 0x67, 0x70, 0x73, 0x78, 0x73, 0x32, 0x6f, 0x6f, 0x6a, 0x66, 0xb3, 0x24, 0x27, 0x50, 0x05, 0xb3, 0x55, 0x5b, 0x54, 0xa4, 0xe6, 0x52, 0x56, 0x0b, 0x0a, 0x0a, 0x0d, 0xc0, 0x31, 0x68, 0x29, 0xb2, 0x34, 0x49, 0x54, 0x54, 0x54, 0x54, 0x54, 0x4b, 0x89, 0x85, 0x4b, 0xef, 0xee, 0xbb, 0xca, 0xef, 0xd2, 0xd7, 0xa3, 0xdf, 0xe7, 0x00, 0xfc, 0xfc, 0xfc, 0xfc, 0xe5, 0xe9, 0xad, 0xad, 0xad, 0xad, 0xad, 0xad, 0xe7, 0x54, 0xf4, 0x7f, 0xf1, 0xc9, 0x3a, 0xca, 0x8b, 0x46, 0xf6, 0x42, 0x44, 0x51, 0xa6, 0xdf, 0x00, 0x08, 0xe5, 0xe1, 0xfc, 0xfc, 0xfc, 0xfc, 0xe5, 0xe7, 0xe7, 0xe7, 0xe7, 0xe4, 0xe7, 0xe5, 0xf4, 0xf1, 0xca, 0x92, 0x44, 0x92, 0x46, 0xd6, 0x05, 0xd6, 0x44, 0x4a, 0x01, 0x50, 0x49, 0x05, 0x54, 0x54, 0x00, 0xd6, 0xe0, 0x01, 0xe0, 0x50, 0x00, 0xa3, 0x4e, 0xd9, 0x96, 0x4d, 0x9c, 0x46, 0x90, 0x54, 0x2a, 0x17, 0x04, 0xfb, 0x9b, 0x4e, 0x96, 0xef, 0xef, 0x8b, 0xc5, 0x3e, 0x92, 0x4a, 0x42, 0x42, 0x42, 0x05, 0xde, 0x4e, 
  0xae, 0x54, 0xad, 0xab, 0xa9, 0xa8, 0xa8, 0xa9, 0xab, 0xab, 0xab, 0xab, 0xa9, 0xa5, 0xa7, 0xa9, 0xa9, 0xaa, 0xaa, 0xaa, 0xa6, 0xa1, 0xa1, 0x4f, 0xe2, 0xa9, 0xe2, 0xe2, 0xe2, 0xa6, 0x4f, 0xfc, 0xa2, 0x9e, 0xe5, 0xe5, 0xe1, 0xa2, 0x4c, 0x4f, 0xfc, 0xe1, 0xa4, 0x9f, 0xa3, 0xde, 0xe9, 0xac, 0xe6, 0xa8, 0xa4, 0x48, 0x48, 0x54, 0x54, 0x54, 0xae, 0x54, 0x54, 0x54, 0x54, 0x54, 0x54, 0xae, 0xae, 0xae, 0xae, 0xae, 0xad, 0xe9, 0xae, 0x54, 0x54, 0x54, 0x54, 0x54, 0xae, 0x54, 0xae, 0x54, 0xae, 0xad, 0xac, 0xac, 0xac, 0xad, 0xac, 0x54, 0x51, 0x9c, 0xce, 0x87, 0x42, 0x82, 0x89, 0x8c, 0x82, 0x8c, 0x76, 0x75, 0x01, 0x54, 0xe1, 0x92, 0x3e, 0xca, 0x46, 0xf6, 0x82, 0x2f, 0x74, 0x31, 0xc5, 0xca, 0x37, 0x7a, 0x37, 0x42, 0xef, 0xc4, 0x3a, 0xca, 0x90, 0x8c, 0x96, 0x4b, 0xd6, 0x49, 0x4a, 0xa5, 0xe1, 0x51, 0x54, 0x54, 0xf5, 0xc8, 0xc3, 0x8d, 0xf3, 0xe2, 0xe1, 0xfd, 0x54, 0xde, 0xc4, 0x62, 0x5f, 0x1e, 0x1c, 0x59, 0x5f, 0x6d, 0x8f, 0x54, 0x2c, 0x1e, 0x54, 0x16, 0x65, 0x28, 0x82, 0x87, 0x5d, 0x60, 0x67, 0x62, 0x60, 0x39, 0x8f, 0xcc, 0x8f, 0x8f, 0xd6, 0x43, 0xee, 0xc8, 0x46, 0x35, 0x75, 0xba, 0xb3, 0x23, 0x68, 0x5e, 0x5c, 0x54, 0x54, 0xa7, 0xd9, 0x54, 0x35, 0x56, 0x0c, 0x0b, 0x0a, 0x0d, 0x22, 0x24, 0x5e, 0x23, 0x23, 0x63, 0x3b, 0x01, 0xe5, 0xad, 0xe7, 0x54, 0x54, 0x54, 0x54, 0xac, 0xdf, 0xdd, 0xe5, 0xe4, 0xa4, 0xdb, 0xde, 0xfd, 0xe7, 0xe4, 0xe1, 0xe4, 0xe5, 0xe4, 0xfc, 0xe4, 0xe7, 0xac, 0xad, 0xad, 0xad, 0xad, 0xe9, 0xae, 0xe1, 0x4a, 0xd4, 0xca, 0xc9, 0x92, 0xca, 0xf1, 0x9b, 0xd6, 0x50, 0xea, 0x4f, 0x4f, 0xe0, 0x54, 0xe9, 0x00, 0xe4, 0xe4, 0xfc, 0xe4, 0xe5, 0xe6, 0xe7, 0xe9, 0xe5, 0xe4, 0xfc, 0xe5, 0x08, 0xfc, 0xf6, 0x42, 0x8b, 0x3a, 0xc5, 0xbb, 0xbb, 0xbb, 0xbd, 0xb6, 0x2d, 0xec, 0x89, 0x77, 0x77, 0xba, 0x89, 0x84, 0x7e, 0x38, 0xbe, 0x89, 0x42, 0x42, 0x92, 0x05, 0x05, 0x46, 0x06, 0xa3, 0x4a, 0x4b, 0xff, 0x2a, 0x02, 0xad, 0xd6, 0xce, 0xd1, 0xce, 0x89, 0x8c, 0x42, 0x96, 0x44, 0x92, 0x42, 0x46, 0x05, 0xdb, 0x46, 0x9b, 
  0xae, 0xe9, 0xa9, 0xa9, 0xa9, 0xa9, 0xa9, 0xe6, 0xe9, 0xaa, 0xa8, 0xa9, 0xe2, 0xdd, 0xdd, 0xa8, 0xe4, 0x4f, 0xa3, 0xa6, 0xe2, 0xa9, 0xa8, 0xfe, 0xa6, 0xa1, 0xa6, 0xa7, 0xa7, 0xa8, 0xa2, 0xa2, 0x07, 0x9e, 0xa6, 0x54, 0x54, 0x4c, 0x9e, 0x4c, 0xe1, 0xdd, 0xa0, 0xa0, 0xa3, 0xa0, 0xe2, 0xae, 0xab, 0xa5, 0xa5, 0xaa, 0xab, 0xae, 0x54, 0x54, 0x54, 0x54, 0xac, 0xad, 0xae, 0xae, 0xac, 0xff, 0xe7, 0xe8, 0xac, 0xae, 0xad, 0xea, 0xae, 0x54, 0x54, 0x54, 0xae, 0x54, 0x54, 0x54, 0xae, 0xae, 0xac, 0xe9, 0xe7, 0xe7, 0xe6, 0xe5, 0xe6, 0xe9, 0xe6, 0xae, 0x42, 0x8c, 0x89, 0x84, 0x84, 0x82, 0x81, 0x35, 0x82, 0xca, 0x3e, 0x42, 0x46, 0x92, 0xc0, 0x37, 0xbd, 0x85, 0xd6, 0xc0, 0x75, 0x6c, 0x74, 0x8b, 0xf1, 0xc5, 0x7f, 0x2f, 0x82, 0xef, 0xc6, 0xc4, 0xc9, 0xce, 0xcc, 0xd3, 0xd9, 0xa0, 0xd4, 0x9c, 0xd5, 0x48, 0x4a, 0x51, 0x09, 0xe6, 0xa0, 0xd4, 0x9a, 0xf7, 0xac, 0x97, 0xba, 0x69, 0x64, 0x62, 0x5f, 0x65, 0x78, 0xcf, 0x54, 0x54, 0x54, 0x73, 0x1b, 0xae, 0x54, 0x2c, 0x28, 0x65, 0x0f, 0x16, 0x25, 0x5d, 0x60, 0x5d, 0x59, 0x5d, 0x5f, 0x1e, 0x20, 0x1e, 0x1f, 0x5f, 0x66, 0x26, 0x6a, 0x6f, 0x77, 0x76, 0xb6, 0x77, 0x71, 0xb2, 0xb6, 0x99, 0xe1, 0x54, 0x54, 0xde, 0x54, 0x6a, 0x56, 0x0d, 0x0c, 0x0d, 0x0d, 0x2b, 0xf0, 0xbb, 0x75, 0x74, 0x6c, 0xca, 0x54, 0x08, 0xe9, 0xfc, 0xe5, 0xe5, 0xe4, 0xe5, 0xe7, 0xe7, 0xe1, 0xe1, 0xfc, 0xfa, 0xe0, 0xe1, 0xe7, 0xe7, 0xe1, 0xfc, 0xe4, 0xe5, 0xe5, 0xe4, 0xfd, 0xe7, 0xea, 0xac, 0xac, 0xad, 0xac, 0xe9, 0xe7, 0x54, 0xf4, 0x3e, 0x92, 0xef, 0x8b, 0xf4, 0x44, 0xf1, 0x4a, 0xac, 0x52, 0xa5, 0x4f, 0xe9, 0x54, 0xe5, 0xe4, 0xe5, 0xfc, 0xe5, 0xe5, 0xe7, 0xe7, 0xe5, 0xe4, 0xe4, 0xe5, 0xe4, 0xe5, 0xe7, 0xe7, 0xe5, 0x00, 0xf4, 0xc9, 0xc6, 0xc9, 0xc2, 0x77, 0xb6, 0x7e, 0x77, 0xb4, 0xb3, 0x6e, 0x6a, 0xb3, 0xb2, 0x66, 0xb3, 0x69, 0x66, 0x66, 0xb2, 0x66, 0xb3, 0xb3, 0x73, 0x71, 0x80, 0x97, 0x93, 0xd5, 0x4c, 0x65, 0x3f, 0xdd, 0x9c, 0xe0, 0x09, 0x09, 0x08, 0x4b, 0x46, 0x42, 0x46, 0x4b, 0x46, 0x46, 0x99, 0x46, 0xd6, 
  0xab, 0xe6, 0xe8, 0xae, 0xe6, 0xa9, 0xa9, 0xe5, 0xa9, 0xe1, 0xdd, 0xde, 0xab, 0xaa, 0xdd, 0xdd, 0xe6, 0xad, 0xad, 0xe6, 0xe8, 0xe9, 0xea, 0xab, 0xe9, 0xab, 0xa9, 0xa1, 0xa1, 0xa6, 0xa6, 0xa1, 0x4c, 0x4c, 0x4c, 0xaa, 0x54, 0xa2, 0x47, 0x95, 0x4f, 0xff, 0x9d, 0xa3, 0xa3, 0xda, 0xad, 0xac, 0xa8, 0x4e, 0xa8, 0xe1, 0xa5, 0xa5, 0xaa, 0x51, 0x4f, 0xe9, 0x54, 0x54, 0xad, 0xfd, 0xe1, 0xfd, 0xfe, 0xea, 0xae, 0x54, 0xe9, 0xea, 0xad, 0x54, 0x54, 0x54, 0x54, 0xae, 0xad, 0xac, 0xe9, 0x08, 0xe5, 0xe5, 0xfd, 0xfd, 0xe2, 0xfd, 0xe2, 0xfd, 0xe5, 0x54, 0x48, 0x98, 0x82, 0x91, 0x8a, 0x7b, 0x37, 0x7f, 0x37, 0xd9, 0x8b, 0xbf, 0x8b, 0x49, 0x99, 0xc9, 0xc0, 0xc0, 0x3a, 0xca, 0xc9, 0xc0, 0xb8, 0x2b, 0x75, 0x3a, 0xc4, 0xc0, 0x6c, 0x2f, 0x85, 0xc9, 0xeb, 0xbb, 0xc4, 0xc6, 0xc3, 0x3e, 0xcd, 0x91, 0xd0, 0x90, 0x91, 0x93, 0x48, 0x48, 0xa0, 0x51, 0xa3, 0x97, 0x83, 0x76, 0x78, 0x83, 0x8f, 0xf8, 0x01, 0x54, 0x54, 0x54, 0x03, 0x36, 0x25, 0x25, 0xe8, 0x54, 0x85, 0x21, 0x5f, 0x1e, 0x0f, 0x0f, 0x0b, 0x16, 0x62, 0x71, 0x70, 0x67, 0x5d, 0x5d, 0x59, 0x59, 0x58, 0x59, 0x58, 0x1c, 0x58, 0x58, 0x58, 0x1c, 0x5f, 0x22, 0x61, 0x27, 0x66, 0xb2, 0x74, 0x7e, 0x99, 0xdc, 0xe6, 0x08, 0xb1, 0x58, 0x13, 0x0e, 0x0d, 0x0d, 0x27, 0x33, 0x68, 0x2d, 0x75, 0x33, 0xf2, 0x54, 0xea, 0xfc, 0xfd, 0xe5, 0xe7, 0xe9, 0xe9, 0xe4, 0xe1, 0xe2, 0xe1, 0xe0, 0xe0, 0xfc, 0xe9, 0xe7, 0xfc, 0xfc, 0xe4, 0xe6, 0xe5, 0xe5, 0xe5, 0xe5, 0xac, 0xea, 0xad, 0xac, 0xea, 0xac, 0xe5, 0x54, 0x9b, 0x8b, 0xf1, 0xf2, 0x3e, 0x99, 0xf6, 0x42, 0xf1, 0x00, 0x54, 0xae, 0x54, 0x54, 0xac, 0xe7, 0xe4, 0xe5, 0xe4, 0xe5, 0xe7, 0xe7, 0xe5, 0xe4, 0xe4, 0xe5, 0xe4, 0xe5, 0xe5, 0xe7, 0xe9, 0xe4, 0xe4, 0xe5, 0xfc, 0xdf, 0xd4, 0xca, 0xc9, 0xc4, 0x7b, 0xba, 0xbd, 0x7e, 0x77, 0x74, 0x6e, 0xb6, 0xb8, 0x77, 0xb6, 0x77, 0xba, 0x72, 0x72, 0x72, 0x81, 0x87, 0x80, 0x88, 0x88, 0x88, 0xcd, 0x73, 0x25, 0x31, 0xca, 0x89, 0x81, 0x8b, 0x3f, 0x46, 0x50, 0xdf, 0xac, 0xe0, 0xf6, 0x49, 0xd6, 0x4a, 0x4a, 0xd9, 
  0xab, 0xad, 0x54, 0xad, 0xa9, 0xa9, 0xe2, 0xa7, 0xe1, 0xe5, 0xe2, 0xa5, 0xf8, 0xe0, 0xe5, 0xa8, 0xfa, 0xa7, 0xe2, 0xe8, 0xe7, 0xe5, 0xe8, 0xab, 0xe8, 0xe9, 0xad, 0xea, 0xa6, 0xe3, 0xa8, 0x52, 0xa1, 0x9e, 0x9e, 0x4f, 0x4d, 0x4f, 0x41, 0x41, 0xa3, 0x95, 0x9a, 0xdc, 0x9d, 0xa0, 0xdf, 0xdb, 0xd8, 0xd9, 0xdb, 0xa3, 0xdf, 0xe2, 0xa5, 0x43, 0x9f, 0x54, 0x4c, 0x4b, 0xe0, 0xae, 0x54, 0xe8, 0xea, 0xae, 0x54, 0xae, 0xe9, 0xe8, 0xad, 0x54, 0x54, 0x54, 0xac, 0xe9, 0x08, 0xe5, 0xfc, 0xe2, 0xfc, 0xe2, 0xfc, 0xe2, 0xe2, 0xe2, 0xfd, 0xfd, 0xfd, 0xe6, 0x9c, 0x91, 0x89, 0xca, 0x3e, 0xce, 0x82, 0x77, 0x7f, 0xcd, 0xf2, 0xef, 0xc4, 0xec, 0x3e, 0x92, 0xca, 0xc0, 0x7a, 0x2f, 0x7a, 0x85, 0xc9, 0xbd, 0x6c, 0x27, 0x29, 0x7f, 0xc9, 0x33, 0xb5, 0x75, 0xc5, 0x8b, 0xeb, 0xbf, 0xcd, 0xc3, 0xcc, 0xf5, 0x9c, 0xf8, 0xf7, 0xdd, 0xda, 0xd8, 0x4c, 0x9f, 0xdf, 0x9a, 0x8f, 0xab, 0x54, 0xe2, 0xf5, 0x48, 0x4c, 0x49, 0x48, 0x03, 0x2c, 0x25, 0x02, 0x4c, 0x45, 0x3c, 0x02, 0x60, 0x0f, 0x0f, 0x1b, 0x0f, 0x0f, 0x0f, 0x13, 0xaf, 0x73, 0x96, 0x54, 0x51, 0x88, 0x9a, 0x86, 0x7c, 0x80, 0x35, 0x76, 0x81, 0x7e, 0x6a, 0x6a, 0x73, 0x72, 0x69, 0x6f, 0x76, 0x76, 0xb6, 0xba, 0x89, 0xde, 0x54, 0xcc, 0xb6, 0x63, 0x13, 0x57, 0x12, 0x10, 0x19, 0xec, 0x6c, 0x2b, 0x6c, 0x2f, 0x9b, 0x54, 0xe4, 0xe5, 0x54, 0x54, 0x54, 0xe9, 0xe2, 0xe2, 0xfc, 0xe1, 0xe0, 0xe1, 0xfc, 0xac, 0xe9, 0xe5, 0xfc, 0xe4, 0xe5, 0xe7, 0xe5, 0xe6, 0xe5, 0xe7, 0xac, 0xac, 0xad, 0xad, 0xac, 0xe1, 0xae, 0x05, 0x92, 0x99, 0xf1, 0x8b, 0xf1, 0xf6, 0xd6, 0x05, 0xfc, 0xea, 0xac, 0xae, 0xae, 0xac, 0xe6, 0xe7, 0xe5, 0xe6, 0xe7, 0xe7, 0xe7, 0xe4, 0xe5, 0xe5, 0xe5, 0xe5, 0xe5, 0xad, 0xac, 0xe5, 0xe4, 0xfc, 0xfc, 0x00, 0xe5, 0xe1, 0xf4, 0xf4, 0xd1, 0xc2, 0xed, 0x8b, 0xb8, 0xba, 0xc0, 0xc4, 0xbf, 0xbf, 0xbf, 0x3e, 0xc6, 0xbf, 0x83, 0x43, 0x4c, 0x44, 0x8c, 0x83, 0x8f, 0x9d, 0x34, 0x35, 0x83, 0x71, 0x76, 0x38, 0xf1, 0x89, 0x84, 0x35, 0x72, 0x82, 0x3e, 0x90, 0x4b, 0x51, 0x54, 0xe4, 0xdf, 0x4d, 0x4d, 
  0xab, 0xea, 0xad, 0xe2, 0xa8, 0xe2, 0xe4, 0xa7, 0xdd, 0xa7, 0xe1, 0xe1, 0xe0, 0xa7, 0xdd, 0xfa, 0xaa, 0xe2, 0xa7, 0xdd, 0xfb, 0xa9, 0xe2, 0xe6, 0xe8, 0xab, 0xe8, 0xad, 0x54, 0x54, 0xea, 0xe8, 0xae, 0x9e, 0x95, 0x98, 0x3d, 0x3d, 0x41, 0x39, 0x30, 0x30, 0x43, 0x9a, 0x96, 0x9a, 0xd4, 0x97, 0xd8, 0xdb, 0xfc, 0x08, 0xe9, 0xe5, 0xa8, 0xe0, 0x4e, 0x4a, 0x36, 0x03, 0x54, 0xa4, 0x4b, 0xea, 0x54, 0xae, 0x54, 0xad, 0xe8, 0xe9, 0xae, 0xae, 0xae, 0x08, 0x08, 0xfc, 0xfc, 0xe1, 0xe1, 0xe1, 0xe2, 0xfc, 0xfd, 0xfd, 0xfd, 0xfd, 0xfd, 0xfd, 0xe5, 0x54, 0xa6, 0x43, 0x92, 0x37, 0x7f, 0x42, 0xf3, 0xf2, 0xc6, 0xbf, 0x85, 0x8b, 0xca, 0xc9, 0xbf, 0xc0, 0x8b, 0xc0, 0x7f, 0xbd, 0x75, 0x2f, 0x34, 0x9b, 0xd0, 0xee, 0xc1, 0x75, 0x85, 0xae, 0xfb, 0xc9, 0xca, 0x9b, 0x54, 0xf1, 0xc0, 0x44, 0x85, 0xc0, 0xf1, 0x75, 0x34, 0x80, 0xbf, 0x96, 0xcc, 0xce, 0x93, 0xcd, 0x9f, 0xd2, 0xa3, 0xd9, 0x9a, 0x43, 0x87, 0x39, 0x36, 0x36, 0x36, 0x88, 0x9e, 0x48, 0x04, 0x9e, 0x54, 0x2c, 0x0f, 0x62, 0x26, 0x12, 0x1e, 0x13, 0x56, 0x56, 0xaf, 0x67, 0x6d, 0xcf, 0x54, 0x54, 0x54, 0x54, 0x54, 0x54, 0x54, 0xe8, 0x54, 0x54, 0x51, 0x01, 0x54, 0x54, 0xfe, 0xe3, 0xfd, 0xe9, 0xe0, 0xdc, 0xfe, 0xe4, 0xae, 0xdc, 0xb9, 0x5e, 0x1a, 0x5a, 0x1a, 0x0d, 0x1f, 0x92, 0xbf, 0xbf, 0xbf, 0xc0, 0x49, 0x54, 0xae, 0x54, 0xae, 0xe7, 0xe4, 0xfc, 0xe2, 0xe2, 0xe1, 0xe0, 0xfc, 0xe4, 0xad, 0xea, 0xe5, 0xe4, 0xfd, 0xe5, 0xe5, 0xe7, 0xe6, 0xe6, 0xe7, 0xea, 0xad, 0xad, 0xad, 0xe5, 0xfc, 0xfc, 0xe5, 0x08, 0xd6, 0xf1, 0x42, 0x42, 0xd6, 0xd6, 0xe7, 0x54, 0xe7, 0xea, 0xea, 0xad, 0xe7, 0xe6, 0xe7, 0xe7, 0xe7, 0xe7, 0xe6, 0xfc, 0xe5, 0xe5, 0xe5, 0xe5, 0xe5, 0xac, 0xae, 0xe7, 0xe4, 0xe5, 0xfc, 0xfc, 0xfc, 0xfc, 0xe4, 0xac, 0x54, 0xe7, 0xd9, 0xd8, 0xe0, 0xd4, 0xd4, 0xdb, 0xe1, 0xf2, 0x9b, 0xa4, 0x00, 0xf5, 0xd8, 0x53, 0xce, 0x8d, 0x88, 0x7d, 0x48, 0x44, 0x2e, 0x26, 0x8c, 0x76, 0x71, 0x89, 0x81, 0x44, 0x50, 0xd5, 0xde, 0xcd, 0x83, 0x89, 0x81, 0x81, 0x91, 0x92, 0x4a, 0xe0, 0xaa, 0xe2, 
  0xab, 0xea, 0xe6, 0xe2, 0xdd, 0xa7, 0xa7, 0xe0, 0xe1, 0xe0, 0xa7, 0xdd, 0xa7, 0xe0, 0xa8, 0xdd, 0xdd, 0xe4, 0x01, 0x54, 0xe9, 0x54, 0x54, 0xe7, 0xe9, 0x54, 0xac, 0xe8, 0xaa, 0xe8, 0x54, 0x54, 0x54, 0xa9, 0xa1, 0x30, 0x28, 0x30, 0x30, 0x30, 0x30, 0x3d, 0x93, 0x93, 0x96, 0x96, 0x9b, 0xa0, 0xe1, 0xae, 0x54, 0xae, 0xab, 0xe2, 0xe6, 0x49, 0x40, 0x9c, 0xa7, 0x4c, 0x4b, 0x40, 0x03, 0xe4, 0x54, 0x54, 0x54, 0xac, 0xff, 0xea, 0xae, 0xac, 0x08, 0xfc, 0xfc, 0xe1, 0xe0, 0xe1, 0xe1, 0xe2, 0xe1, 0xfd, 0xe2, 0xfd, 0xfd, 0xe5, 0xe2, 0xe5, 0xe4, 0x50, 0x4a, 0x3b, 0xce, 0xce, 0x7a, 0x74, 0x74, 0x85, 0xca, 0xcb, 0xc6, 0xc0, 0x85, 0xef, 0xfb, 0xd2, 0xcd, 0xf6, 0x54, 0xf9, 0xff, 0xae, 0x03, 0x7f, 0x46, 0x3a, 0x33, 0x31, 0x22, 0x22, 0x29, 0x1d, 0x15, 0x17, 0x15, 0x11, 0x14, 0x11, 0x10, 0x56, 0x10, 0x56, 0x1c, 0x5c, 0x69, 0xb4, 0x6e, 0x81, 0xc7, 0x8a, 0xcc, 0x99, 0xf2, 0xa3, 0x9f, 0x4d, 0xa3, 0x4d, 0xa5, 0xa6, 0xaa, 0x54, 0x54, 0x54, 0xe7, 0x54, 0x09, 0x59, 0x11, 0x3a, 0x58, 0x24, 0x69, 0x13, 0x1c, 0xaf, 0x1c, 0xb3, 0xb4, 0x70, 0xbc, 0x97, 0xfc, 0xfc, 0xdd, 0xfc, 0x54, 0x54, 0xe5, 0xe7, 0xae, 0xa4, 0xd8, 0xa0, 0xda, 0xdc, 0xe0, 0xfd, 0xae, 0x54, 0xea, 0xea, 0x08, 0x54, 0xf8, 0x68, 0x5e, 0x24, 0x1f, 0x20, 0x10, 0x17, 0xbd, 0x7f, 0x3a, 0xc6, 0xc5, 0x50, 0x54, 0x54, 0x54, 0xe6, 0xe2, 0xfc, 0xe2, 0xfc, 0xe1, 0xe1, 0xe4, 0xe4, 0x54, 0xac, 0xe6, 0xe5, 0xe5, 0xe5, 0xe6, 0xe9, 0xe7, 0xe5, 0xe6, 0xe9, 0xad, 0xad, 0xad, 0xfc, 0xfc, 0xe7, 0xe4, 0xae, 0x9b, 0xd4, 0xf1, 0x92, 0x4a, 0xd6, 0xdb, 0xae, 0xac, 0xad, 0xad, 0xac, 0xe7, 0xe7, 0xe7, 0xe7, 0xe7, 0xe5, 0xe4, 0xe5, 0xe5, 0xe5, 0xe6, 0xe7, 0xac, 0x54, 0xad, 0xe5, 0xe5, 0xe5, 0xe4, 0xe4, 0xe4, 0xe4, 0xe4, 0xfc, 0xe1, 0xfc, 0xae, 0x54, 0xac, 0xad, 0x54, 0xae, 0xe4, 0x54, 0x54, 0x54, 0xe9, 0xcb, 0xd1, 0x97, 0x91, 0x8d, 0x91, 0xe3, 0x03, 0x24, 0x24, 0x82, 0x3c, 0x6c, 0x71, 0x82, 0x89, 0x84, 0x46, 0xa0, 0xd6, 0xa4, 0xdc, 0xd3, 0xd5, 0xf0, 0x96, 0xc9, 0xca, 0x99, 0x9b, 0xdb, 
  0xad, 0xa8, 0xa7, 0xe4, 0xe2, 0xe0, 0xa5, 0xa7, 0xdd, 0xdd, 0xe0, 0xe0, 0xe1, 0xe4, 0x08, 0x01, 0xe6, 0xa3, 0xa1, 0xf3, 0x9a, 0xcf, 0x94, 0xcf, 0x9d, 0xcf, 0x9e, 0xa6, 0xe3, 0x52, 0xa1, 0x9a, 0xcf, 0xcf, 0xa6, 0x3d, 0x39, 0x30, 0x28, 0x30, 0x86, 0x93, 0x98, 0x98, 0x98, 0x48, 0xea, 0xab, 0x4e, 0x48, 0x49, 0x4d, 0xe7, 0xad, 0xe5, 0x4e, 0xa0, 0x45, 0x40, 0x03, 0x45, 0xa5, 0x4e, 0x4e, 0xfd, 0xe1, 0xe9, 0xe9, 0xe6, 0xad, 0x08, 0x08, 0xe0, 0xe0, 0xe0, 0xe0, 0xe1, 0xe1, 0xfc, 0xfd, 0xfc, 0xfd, 0xfd, 0xfd, 0xe5, 0xfe, 0xad, 0x54, 0x50, 0xf1, 0x46, 0x8b, 0xc0, 0x42, 0xcd, 0xcd, 0xc5, 0x7a, 0x33, 0x92, 0x54, 0xdc, 0x46, 0x3a, 0x33, 0x34, 0x29, 0x22, 0x19, 0x1a, 0x1d, 0x14, 0x10, 0x14, 0x10, 0x0d, 0x11, 0x0d, 0x0d, 0x14, 0x0c, 0x0b, 0x10, 0x0c, 0x0b, 0x10, 0x11, 0x10, 0x56, 0x13, 0x59, 0xaf, 0x62, 0x6e, 0x72, 0xba, 0x91, 0x9f, 0x9c, 0xee, 0xbf, 0x7e, 0x8a, 0xd2, 0xcc, 0xd5, 0xf7, 0xd5, 0xd8, 0xda, 0x96, 0x91, 0x9b, 0x01, 0xaa, 0x54, 0x71, 0x0d, 0x29, 0x3a, 0x17, 0x6b, 0x44, 0x16, 0xaf, 0x59, 0xaf, 0x5f, 0x64, 0xba, 0x72, 0x78, 0x91, 0xa7, 0xad, 0xe2, 0xac, 0xad, 0xac, 0xe2, 0x4d, 0xa0, 0xa0, 0xa5, 0xe1, 0xaa, 0xe6, 0xaa, 0xe5, 0xe9, 0xe7, 0xae, 0x54, 0xae, 0x54, 0x8a, 0xb3, 0xb5, 0x27, 0x5e, 0x6a, 0x17, 0x22, 0xbd, 0xbb, 0xc9, 0x92, 0x4a, 0x54, 0xe7, 0xe0, 0xe1, 0xe4, 0xe4, 0xe4, 0xe2, 0xe1, 0xfc, 0xe4, 0xaa, 0xad, 0xae, 0xe7, 0xe5, 0xe5, 0xe5, 0xe7, 0xe7, 0xe9, 0xe9, 0xe5, 0xe9, 0xae, 0xe6, 0xe5, 0xfc, 0xe4, 0xe9, 0xe4, 0x08, 0xf6, 0xd6, 0x9b, 0x99, 0xd6, 0x4a, 0x05, 0xad, 0xea, 0xae, 0x54, 0xe9, 0xe7, 0xe9, 0xe7, 0xe7, 0xe6, 0xe5, 0xe5, 0xe5, 0xe5, 0xe7, 0xe5, 0xad, 0x54, 0x54, 0xe7, 0xe7, 0xe5, 0xe5, 0xe4, 0xfc, 0xe4, 0xe4, 0xe5, 0xe4, 0xe5, 0xe4, 0xfc, 0xe0, 0xfc, 0xfc, 0xe1, 0xe4, 0x54, 0x01, 0xdd, 0xd1, 0xf2, 0x8a, 0xc3, 0xc3, 0xc8, 0x91, 0xf8, 0x35, 0x20, 0x26, 0x34, 0x87, 0x87, 0x6e, 0x6a, 0x81, 0x8a, 0x89, 0x88, 0xd6, 0xdb, 0xd9, 0xf7, 0x4d, 0xd6, 0xd8, 0xd8, 0xa3, 0xd5, 0xf4, 0x9b, 0xcb, 
  0xe5, 0xe1, 0xe1, 0xa7, 0xa7, 0xa7, 0xa7, 0xe0, 0xe0, 0xe0, 0xe1, 0xe4, 0xf8, 0x9a, 0xd3, 0x8e, 0x8e, 0x86, 0x86, 0x8e, 0x86, 0x8e, 0x8e, 0x94, 0x95, 0x9a, 0x9d, 0x9a, 0x93, 0x8e, 0x8d, 0x8e, 0x95, 0xcf, 0x95, 0xcf, 0x8e, 0x3d, 0x30, 0x79, 0x95, 0xae, 0xa6, 0xa8, 0x52, 0xae, 0xad, 0xe9, 0x53, 0x05, 0x4b, 0x45, 0x43, 0x43, 0x4a, 0xe1, 0x4b, 0x45, 0x04, 0xa3, 0x4a, 0x46, 0x43, 0x9b, 0xa4, 0xde, 0xe5, 0xe5, 0xfc, 0x08, 0xe5, 0xe0, 0xfc, 0xe1, 0xfc, 0xfc, 0xfd, 0xfc, 0xfd, 0xe4, 0xfd, 0xfd, 0xfd, 0xe5, 0xea, 0xe4, 0x05, 0x99, 0x92, 0xf6, 0xf4, 0xd4, 0x99, 0xca, 0x42, 0x3e, 0xca, 0x3a, 0x7a, 0x22, 0x1d, 0x23, 0x22, 0x15, 0x15, 0x17, 0x11, 0x11, 0x11, 0x11, 0x0c, 0x0d, 0x15, 0x0d, 0x0c, 0x13, 0x0e, 0x0e, 0x15, 0x0e, 0x0d, 0x57, 0x10, 0x0d, 0x57, 0x56, 0x55, 0xaf, 0x58, 0xb3, 0xb4, 0xbc, 0xd9, 0x9c, 0xa4, 0x54, 0xd7, 0xc2, 0xb5, 0xb6, 0x6a, 0x61, 0x66, 0x86, 0x78, 0x8f, 0xdb, 0xd1, 0x91, 0xed, 0xbe, 0xbb, 0x77, 0xbf, 0x08, 0x9c, 0x58, 0x23, 0x01, 0x22, 0x18, 0x32, 0x01, 0x5c, 0x20, 0x1a, 0x5f, 0xec, 0x64, 0x64, 0xc3, 0x7d, 0x83, 0xc3, 0x9f, 0x54, 0xae, 0x54, 0xe9, 0xe2, 0xa5, 0xa8, 0xe9, 0xad, 0xad, 0xae, 0xac, 0x54, 0x54, 0xad, 0x54, 0x54, 0x50, 0xd6, 0xde, 0x54, 0x46, 0x85, 0x6c, 0x63, 0x68, 0x27, 0x19, 0xb5, 0xb7, 0xbb, 0xca, 0x3e, 0xf4, 0xf6, 0xf1, 0xde, 0xe6, 0xe2, 0xfc, 0xfc, 0xe1, 0xe4, 0xe2, 0xe4, 0xe5, 0xab, 0xe6, 0xe7, 0xe5, 0xe7, 0xe5, 0xe7, 0xac, 0xad, 0xe7, 0xe6, 0xae, 0xfc, 0xdf, 0xe1, 0xfc, 0x08, 0xe7, 0xe4, 0xad, 0x50, 0xd8, 0xd6, 0x9b, 0xde, 0xae, 0xe7, 0xe9, 0xad, 0xae, 0xe9, 0xe9, 0xe7, 0xe7, 0xe7, 0xe4, 0xe7, 0xe5, 0xe6, 0xe7, 0xac, 0xad, 0x54, 0x54, 0xac, 0xe6, 0xe5, 0xe5, 0xe5, 0xfc, 0xe4, 0xe4, 0xfc, 0xe5, 0xe4, 0xe5, 0xfd, 0xe4, 0xe5, 0xfd, 0xe4, 0xe5, 0xfc, 0x9f, 0xf0, 0xc7, 0xc3, 0x8a, 0xce, 0xd3, 0x9d, 0x9f, 0xa9, 0x76, 0x1f, 0x6a, 0x84, 0x80, 0x90, 0x8a, 0x6e, 0xba, 0x87, 0x89, 0x89, 0x89, 0x8a, 0x4d, 0xa7, 0xf7, 0xdf, 0xd8, 0xd8, 0xd6, 0xd9, 0xda, 0x9f, 0xf6, 0xda, 
  0xa7, 0xa8, 0xa7, 0xe1, 0xe1, 0xe0, 0xdf, 0xdd, 0xdd, 0xd7, 0xd3, 0x86, 0x86, 0x86, 0x86, 0x86, 0x86, 0x86, 0x8e, 0x8d, 0x8e, 0x94, 0x94, 0x94, 0xd3, 0x9d, 0x97, 0x8f, 0x8d, 0x86, 0x8d, 0xd3, 0xa2, 0xdc, 0xa2, 0x86, 0x88, 0x4c, 0x70, 0x7c, 0x51, 0x54, 0x4f, 0x4f, 0xab, 0xe9, 0xaa, 0xe1, 0xa5, 0xa0, 0x4b, 0x4d, 0xa0, 0x45, 0x93, 0x40, 0x92, 0xd5, 0xf4, 0x46, 0xd6, 0x4b, 0xde, 0xde, 0xdc, 0xa0, 0xde, 0xfc, 0xe4, 0xfc, 0xe7, 0xe7, 0xe7, 0xe7, 0xe7, 0xe7, 0xe7, 0xe7, 0xe5, 0xe6, 0xe5, 0xe9, 0xea, 0xac, 0xde, 0x4a, 0x9b, 0xf6, 0xf1, 0xf1, 0x99, 0xc9, 0x3a, 0x7a, 0x2d, 0x27, 0x2b, 0x63, 0x5b, 0x5a, 0x63, 0x23, 0x5a, 0x22, 0x23, 0x57, 0x1a, 0x22, 0x19, 0x11, 0x19, 0x1a, 0x10, 0x11, 0x5b, 0x10, 0x10, 0x18, 0x0e, 0x0e, 0x14, 0x0e, 0x10, 0x56, 0x55, 0x57, 0x61, 0x5f, 0xec, 0xdd, 0xfc, 0x54, 0xad, 0x9b, 0xc3, 0x7e, 0xba, 0xc4, 0xce, 0x2d, 0x10, 0x13, 0x5c, 0x69, 0x5c, 0xb4, 0xf3, 0x54, 0xd9, 0xcd, 0x89, 0xc4, 0x7f, 0x77, 0xc4, 0x62, 0x76, 0x54, 0x2b, 0x22, 0xb1, 0x7b, 0x54, 0x78, 0x1b, 0x5c, 0x24, 0x06, 0x3e, 0xb4, 0x78, 0xc7, 0x8a, 0x88, 0xc3, 0x9d, 0x54, 0x54, 0xe5, 0xa8, 0xe6, 0xae, 0xae, 0x54, 0x54, 0x54, 0x54, 0xe0, 0xcd, 0xf0, 0x92, 0x7a, 0x2f, 0xb5, 0xc9, 0xe7, 0x01, 0x54, 0xeb, 0x68, 0x6c, 0x6c, 0x63, 0x22, 0xbb, 0xb7, 0xeb, 0xc4, 0xca, 0x46, 0xf6, 0xfc, 0xfc, 0xe4, 0xe4, 0xfc, 0xe1, 0xe4, 0xe4, 0xfc, 0xaa, 0xe5, 0xe6, 0xe6, 0xe7, 0xe5, 0xe7, 0xe6, 0xe9, 0xad, 0xac, 0xe9, 0xad, 0xfc, 0xe0, 0xe4, 0xe7, 0xfc, 0xe5, 0xe5, 0x08, 0xe1, 0xf6, 0xf6, 0xd6, 0xf6, 0xe7, 0xea, 0xe7, 0xea, 0xe9, 0xe9, 0xe7, 0xe9, 0xe7, 0xe5, 0xe7, 0xe5, 0xe7, 0xe7, 0xac, 0xae, 0x54, 0x54, 0xae, 0xe7, 0xe5, 0xe6, 0xe5, 0xe4, 0xe4, 0xe4, 0xe4, 0xe5, 0xe4, 0xe5, 0xe7, 0xe4, 0xe4, 0xe4, 0xe4, 0xe7, 0x54, 0xe4, 0xd0, 0xc8, 0xcb, 0xcb, 0xc6, 0xc8, 0x97, 0xa3, 0xa6, 0x2b, 0x20, 0xb3, 0x80, 0x89, 0x88, 0x46, 0x85, 0x6f, 0x7b, 0x3f, 0x90, 0x3a, 0x90, 0x91, 0x3e, 0xa4, 0xa4, 0xdc, 0xa3, 0xdf, 0xe4, 0xf6, 0xf6, 0xda, 0xf4, 0xa3, 
  0xe9, 0xe4, 0xe2, 0xa7, 0xdc, 0xa1, 0xd5, 0xcf, 0x8d, 0x8e, 0x86, 0x8e, 0x8d, 0x8e, 0x86, 0x8d, 0x8e, 0x8e, 0x8e, 0x8e, 0x94, 0xcf, 0xd3, 0x9d, 0x9f, 0xcc, 0x91, 0xd3, 0xd3, 0x9f, 0x4c, 0xa3, 0xa1, 0x98, 0xa1, 0x87, 0x93, 0x4f, 0x28, 0x39, 0x54, 0x9a, 0x48, 0xe2, 0xe4, 0xa8, 0xdd, 0x4d, 0x9c, 0x45, 0x40, 0x44, 0x9d, 0x4b, 0x4a, 0x97, 0x8c, 0x82, 0x82, 0x90, 0xd6, 0x4a, 0xdb, 0x05, 0x4d, 0x50, 0xe4, 0xe5, 0xe5, 0x00, 0xe5, 0xad, 0xae, 0xad, 0xad, 0xad, 0xad, 0xad, 0xea, 0xad, 0x54, 0x08, 0xe0, 0x05, 0x9b, 0xd6, 0x9b, 0x3e, 0xc5, 0x7a, 0x7a, 0x7f, 0xc4, 0x2d, 0xb5, 0xc7, 0x7a, 0xb5, 0x6e, 0x75, 0x27, 0x22, 0x66, 0x63, 0x19, 0x61, 0x22, 0x17, 0x14, 0x19, 0x17, 0x0e, 0x15, 0x1a, 0x0e, 0x0e, 0x57, 0x0e, 0x10, 0x57, 0x11, 0x57, 0xb1, 0x63, 0x66, 0x3f, 0x54, 0x54, 0x54, 0x54, 0xd2, 0xc3, 0x7e, 0x7e, 0xbe, 0x77, 0xbe, 0x84, 0x1d, 0x0c, 0x13, 0x57, 0x5f, 0x5e, 0x55, 0xb2, 0xfa, 0x54, 0xad, 0x54, 0x54, 0x54, 0x54, 0x01, 0xa3, 0x40, 0x54, 0x54, 0x29, 0x1d, 0x1a, 0x92, 0x54, 0x94, 0x58, 0x69, 0x5f, 0x2a, 0x54, 0x51, 0x7d, 0xc8, 0x91, 0x97, 0x8c, 0x83, 0xf3, 0x54, 0xe5, 0xe9, 0x54, 0x54, 0x54, 0xe7, 0x04, 0x46, 0xce, 0x7e, 0x7e, 0xb5, 0x68, 0x68, 0xb1, 0xb3, 0xb5, 0xb5, 0xed, 0x00, 0x01, 0x8b, 0xb3, 0x6c, 0xb5, 0x2b, 0x68, 0xc4, 0x85, 0xbf, 0xef, 0x54, 0xe5, 0xe1, 0xe4, 0xe4, 0xe0, 0xe0, 0xe1, 0xe4, 0xe5, 0xe1, 0xe1, 0xe4, 0xe4, 0xe6, 0xe6, 0xe7, 0xe6, 0xe7, 0xe7, 0xad, 0xae, 0xe9, 0xac, 0xe5, 0xe1, 0xe7, 0x08, 0xe5, 0x00, 0xe5, 0xe4, 0x08, 0xde, 0xf6, 0xd8, 0x50, 0xe9, 0xe7, 0xac, 0xe9, 0xe9, 0xea, 0xe7, 0xe7, 0xe5, 0xe5, 0xe7, 0xe7, 0xe9, 0xae, 0xae, 0xae, 0x54, 0x54, 0xac, 0xe7, 0xe6, 0xe7, 0xe5, 0xe4, 0xe4, 0xe4, 0xe4, 0xe4, 0xe5, 0xe7, 0xe6, 0xfc, 0xfc, 0xfc, 0xe7, 0xdf, 0x9b, 0xce, 0x4d, 0xf7, 0xd6, 0xd8, 0x4a, 0x9f, 0xdd, 0x96, 0x26, 0x5b, 0x6f, 0x34, 0x91, 0x3c, 0x92, 0x90, 0x6a, 0xb4, 0x89, 0x7e, 0x40, 0x42, 0x89, 0x99, 0x8c, 0x8b, 0xe1, 0xda, 0xdb, 0xd9, 0xdc, 0xa4, 0xdb, 0xdc, 0xd8, 0xf6, 
  0xe2, 0xa7, 0xdc, 0x9f, 0x97, 0xcc, 0x94, 0xcc, 0xcc, 0x8e, 0x8d, 0x8d, 0x8e, 0x8d, 0xcc, 0x8e, 0x8d, 0x8e, 0xd0, 0xcf, 0x9a, 0xa3, 0xdd, 0xe2, 0xd9, 0xcc, 0xcc, 0x97, 0x9c, 0x9a, 0x97, 0x9a, 0x94, 0x9d, 0xe9, 0x3d, 0xa5, 0x4c, 0x28, 0x43, 0xe8, 0x98, 0xa3, 0xa0, 0x4c, 0xa4, 0xa5, 0x9f, 0x49, 0x43, 0x40, 0x03, 0x03, 0x98, 0x46, 0x9f, 0xd0, 0x93, 0x90, 0x35, 0x38, 0x3b, 0x9b, 0xdc, 0xe1, 0xe0, 0xe0, 0x00, 0xe4, 0xe0, 0x00, 0xe6, 0xae, 0x54, 0xad, 0xad, 0xad, 0xac, 0xad, 0xe7, 0xf6, 0xd8, 0x9b, 0xf1, 0xf1, 0xf1, 0x92, 0x8b, 0xef, 0x8b, 0xf2, 0xdb, 0x3a, 0xc5, 0xd8, 0xbf, 0x7b, 0xc2, 0x2e, 0x27, 0x63, 0xb6, 0x63, 0x19, 0x23, 0x1d, 0x17, 0x19, 0x5e, 0x1a, 0x14, 0x5a, 0x5b, 0x10, 0x14, 0x27, 0x57, 0x19, 0x2b, 0x2e, 0x6e, 0xed, 0xe1, 0x54, 0x54, 0x54, 0xe8, 0xd1, 0x8a, 0xc4, 0x81, 0xec, 0x72, 0xb6, 0xb6, 0xed, 0x43, 0x57, 0x0b, 0x0e, 0x58, 0x11, 0x26, 0x14, 0x11, 0x11, 0xc5, 0x54, 0xdf, 0xac, 0xe9, 0xe7, 0xe5, 0xfd, 0xe7, 0x54, 0xad, 0x96, 0x23, 0x23, 0x1a, 0xf9, 0x54, 0x52, 0x62, 0x62, 0x69, 0x69, 0xcf, 0x54, 0xe9, 0x9c, 0xc8, 0xcc, 0xd4, 0x97, 0xc8, 0xd3, 0xe7, 0x54, 0x53, 0xac, 0xd6, 0x4c, 0x8a, 0xc8, 0x2d, 0xb8, 0x6c, 0xb3, 0x6c, 0xb2, 0x63, 0x63, 0x1d, 0xb2, 0xb8, 0xbb, 0xc9, 0x54, 0x7f, 0xb3, 0xbb, 0xb8, 0x2b, 0x6c, 0xec, 0x85, 0xc4, 0xd4, 0x08, 0xfc, 0xe4, 0xfc, 0xdc, 0xde, 0xfc, 0xfc, 0xe5, 0x00, 0xe0, 0xe1, 0xfc, 0xe1, 0xe5, 0xe7, 0xe9, 0xe7, 0xe9, 0xac, 0x54, 0xad, 0xe4, 0xe4, 0x53, 0xe4, 0xe7, 0xe5, 0xe5, 0xe4, 0xe4, 0xe4, 0x08, 0xde, 0xf6, 0xe4, 0xe7, 0xe7, 0xe9, 0xe9, 0xe9, 0xe7, 0xe6, 0xe7, 0xe7, 0xac, 0xea, 0xae, 0xae, 0xae, 0xae, 0xae, 0xae, 0xae, 0xac, 0xe7, 0xe6, 0xe5, 0xe5, 0xe4, 0xe4, 0xe5, 0xe4, 0xe5, 0xe4, 0xe9, 0xe6, 0xfc, 0xe1, 0xe6, 0xf4, 0xca, 0x8b, 0x85, 0xc4, 0x89, 0xc6, 0x91, 0xca, 0x9f, 0x8b, 0x26, 0x26, 0x6a, 0x75, 0x3f, 0x8c, 0x87, 0x46, 0x46, 0x64, 0xb6, 0xc9, 0x80, 0x89, 0x46, 0x42, 0x92, 0xd9, 0x87, 0x42, 0xe0, 0xd9, 0xdc, 0xdb, 0xdb, 0xdb, 0xfc, 0xdf, 0x50, 
  0xa3, 0xd9, 0x9f, 0xd3, 0xd5, 0x9a, 0xd3, 0xd3, 0x94, 0xf0, 0x94, 0xcc, 0xcf, 0xcc, 0x94, 0xcc, 0x94, 0xd3, 0xa1, 0xdd, 0xa8, 0x54, 0xaa, 0xd8, 0x9a, 0x9f, 0x9f, 0x9d, 0xf3, 0xd3, 0x9f, 0x97, 0x94, 0xae, 0x4c, 0x88, 0x54, 0x43, 0x2a, 0xe8, 0xaa, 0xdf, 0x48, 0x48, 0x98, 0x48, 0xd8, 0x9c, 0x48, 0x46, 0x40, 0x03, 0x3b, 0x8f, 0xf0, 0xf3, 0xcd, 0xc8, 0xce, 0xd0, 0xcd, 0x90, 0x3b, 0x90, 0x46, 0xdc, 0xe1, 0xdc, 0x05, 0xf6, 0x50, 0xe0, 0xe5, 0xe6, 0xad, 0xac, 0xad, 0xea, 0xae, 0x50, 0xd8, 0xf6, 0xdb, 0xdb, 0xdb, 0xe0, 0xf6, 0xde, 0xf7, 0xf5, 0xd6, 0xca, 0xd4, 0xfa, 0xc5, 0xc6, 0xf5, 0xc4, 0xb5, 0xb7, 0xbf, 0x68, 0x63, 0x6c, 0x63, 0x5a, 0x68, 0xb3, 0xb2, 0x63, 0xb5, 0x7f, 0x5e, 0x27, 0xec, 0xda, 0x3f, 0xd4, 0x54, 0x54, 0x54, 0x54, 0xac, 0xe4, 0x42, 0x42, 0xd7, 0xf0, 0xc2, 0xbe, 0x72, 0x6e, 0x6c, 0xba, 0x9c, 0x2a, 0x10, 0x0c, 0x55, 0x6b, 0x13, 0x0e, 0x61, 0x10, 0x0b, 0x58, 0xc5, 0x54, 0xe1, 0xae, 0xae, 0xac, 0xfd, 0xe1, 0xfa, 0xf7, 0x54, 0x3b, 0xb3, 0x1a, 0x2a, 0xdd, 0xe8, 0x52, 0x7d, 0x69, 0x78, 0x75, 0x8d, 0xa7, 0x54, 0xa3, 0x9f, 0xc8, 0x94, 0xd5, 0x48, 0xcc, 0xdb, 0x54, 0x06, 0x90, 0xc8, 0x7b, 0xc3, 0xb5, 0x6e, 0xbb, 0xb3, 0xeb, 0x68, 0x6c, 0xb5, 0xb3, 0xb5, 0xb8, 0xb3, 0xb3, 0xb5, 0xeb, 0x05, 0x50, 0x7a, 0xbb, 0xbb, 0x6c, 0x6c, 0xc1, 0x85, 0xc1, 0xdc, 0xe6, 0xe1, 0xfc, 0xe1, 0xfc, 0xe1, 0xe4, 0xe6, 0xe4, 0xdf, 0xdf, 0xe0, 0xe0, 0xde, 0xe1, 0xe5, 0xe7, 0xe9, 0xac, 0xae, 0xae, 0xe4, 0xfc, 0x08, 0xe5, 0x00, 0xe5, 0x00, 0xe4, 0x00, 0xfc, 0xe4, 0x00, 0xde, 0xe0, 0xe5, 0x08, 0xe7, 0xe7, 0xe6, 0xe6, 0xe7, 0xac, 0xad, 0xae, 0xae, 0xae, 0xae, 0xae, 0xae, 0xad, 0xae, 0xe9, 0xe7, 0xe5, 0xe7, 0xe7, 0xe4, 0xe4, 0xe5, 0xe4, 0xe5, 0xe5, 0xea, 0xe7, 0xe6, 0xfc, 0xe7, 0xe5, 0xdb, 0xd6, 0xcd, 0x91, 0x99, 0xd4, 0x9c, 0x9f, 0xae, 0x3e, 0x66, 0x26, 0x72, 0x76, 0xc6, 0x05, 0x8a, 0x97, 0x46, 0x80, 0x6e, 0x78, 0x90, 0xc3, 0x3a, 0x90, 0xca, 0x44, 0x96, 0xd1, 0x3c, 0xdf, 0xdc, 0xd9, 0xdb, 0xdc, 0xdc, 0xe0, 0xad, 0xea, 
  0xa3, 0xa0, 0x9f, 0xda, 0x9f, 0xf3, 0x9f, 0xd3, 0xf3, 0x9a, 0xd2, 0x9d, 0xda, 0x9f, 0xd7, 0xaa, 0xe0, 0xa8, 0xae, 0xae, 0x54, 0xe6, 0x9f, 0x97, 0xd0, 0xce, 0xcc, 0xee, 0x8f, 0xcc, 0x98, 0xcc, 0x4f, 0x54, 0x9d, 0x4b, 0x54, 0x36, 0x36, 0xae, 0x4e, 0xa3, 0x48, 0x43, 0x43, 0x97, 0x94, 0x9f, 0x96, 0x93, 0x40, 0x03, 0x36, 0x36, 0x34, 0x8a, 0xcd, 0x91, 0x91, 0x91, 0x93, 0xf5, 0xd6, 0x44, 0x46, 0x46, 0x05, 0xd9, 0xd6, 0x9b, 0x05, 0x4a, 0xd9, 0xe1, 0xae, 0xae, 0xea, 0xac, 0xea, 0xea, 0xae, 0xad, 0x54, 0xae, 0xe9, 0xe7, 0xad, 0x54, 0xe4, 0x08, 0x46, 0xd2, 0xd7, 0xf2, 0x91, 0xdc, 0xe0, 0xdb, 0x92, 0xd7, 0x50, 0x37, 0x3e, 0x4a, 0xc5, 0xec, 0xca, 0x05, 0x92, 0xf1, 0x4d, 0x09, 0xd8, 0x54, 0x54, 0x54, 0x54, 0x54, 0xe1, 0xf7, 0xe1, 0xad, 0xad, 0xf4, 0x84, 0x7e, 0x75, 0x2b, 0x6a, 0xb5, 0x74, 0xb6, 0x83, 0xc3, 0x1d, 0x0e, 0x0e, 0x56, 0x3c, 0x27, 0x0e, 0x5f, 0x19, 0x0e, 0x0c, 0x11, 0x44, 0x54, 0xe1, 0xe6, 0xe4, 0xe9, 0xe5, 0xe1, 0xe1, 0xa7, 0x54, 0x76, 0x6a, 0xb0, 0x83, 0x54, 0xf8, 0x54, 0xcc, 0x72, 0x78, 0x32, 0x3c, 0x4f, 0xe9, 0xe6, 0xab, 0xd9, 0xcc, 0xd3, 0xd5, 0x9f, 0xd9, 0x52, 0x89, 0x83, 0x7e, 0xb6, 0xba, 0x6c, 0xbe, 0xb5, 0xed, 0x74, 0x84, 0x85, 0xb5, 0x2f, 0x6c, 0x1d, 0x5b, 0x5b, 0x5e, 0xb2, 0xb8, 0xd6, 0xf6, 0x8b, 0x7f, 0xbf, 0xb7, 0xeb, 0xc9, 0xc6, 0xd8, 0xad, 0xe0, 0xe4, 0xe4, 0xe1, 0xe0, 0xe4, 0xe5, 0xe7, 0xe0, 0xdf, 0xde, 0xe0, 0xde, 0xde, 0xe0, 0xe4, 0xe9, 0xe9, 0xad, 0xae, 0x08, 0xe4, 0xe6, 0x08, 0xe4, 0xfc, 0xfc, 0xfc, 0xfc, 0xfc, 0x00, 0xe0, 0xde, 0x00, 0xfc, 0xe5, 0xaa, 0xe6, 0xe9, 0xab, 0xe7, 0xea, 0xac, 0xea, 0xe9, 0xe9, 0xe9, 0xe9, 0xea, 0xac, 0xea, 0xe7, 0xe7, 0xe7, 0xe7, 0xe5, 0xe4, 0xe5, 0xe5, 0xe5, 0xe7, 0xe9, 0xea, 0xe7, 0xe9, 0xad, 0xf6, 0xd5, 0xf5, 0xd9, 0x9b, 0xd6, 0xd1, 0x97, 0x97, 0xdc, 0x80, 0xb3, 0x66, 0x7d, 0x7b, 0xec, 0x4a, 0x99, 0x91, 0x44, 0xa0, 0x2d, 0x77, 0x81, 0xc6, 0xc7, 0x87, 0x9c, 0x3f, 0x99, 0x46, 0x46, 0x90, 0x42, 0xae, 0xde, 0xf7, 0xf6, 0xa0, 0xd6, 0xf6, 0xfc, 
  0x51, 0xdd, 0xa3, 0xf8, 0xda, 0xa3, 0x9f, 0xda, 0xa3, 0xa7, 0xdd, 0xe0, 0x54, 0xe8, 0xab, 0x54, 0x54, 0x54, 0xab, 0xac, 0xe9, 0xa3, 0x9d, 0xd4, 0xd3, 0x97, 0x97, 0xd3, 0x9d, 0xce, 0x98, 0xd3, 0xad, 0x07, 0x3c, 0xa3, 0xae, 0x03, 0x4b, 0xfe, 0xa3, 0xa3, 0xa3, 0x43, 0x94, 0x40, 0x8f, 0x8d, 0x94, 0x93, 0x90, 0x3f, 0x03, 0x36, 0x38, 0xc7, 0xdc, 0xd5, 0xd0, 0xcd, 0xce, 0x91, 0xa3, 0xdb, 0x50, 0x51, 0x42, 0x3a, 0xf1, 0x44, 0x46, 0x44, 0x92, 0xdc, 0xfd, 0xe6, 0xad, 0xea, 0xe9, 0xad, 0xe9, 0xea, 0xe9, 0xab, 0xfd, 0xe5, 0xae, 0xad, 0xe6, 0xea, 0xa5, 0xcc, 0xcc, 0xcc, 0xd3, 0xfa, 0xae, 0xad, 0x54, 0xac, 0xad, 0x54, 0x54, 0x54, 0x54, 0x54, 0x54, 0x54, 0x54, 0x54, 0xae, 0xfd, 0x54, 0xe4, 0xe0, 0xe1, 0xdf, 0xde, 0xdf, 0xe5, 0xde, 0x92, 0x89, 0xed, 0x3b, 0xc2, 0x7b, 0xb5, 0xb5, 0xb3, 0x6c, 0xcc, 0x7f, 0x15, 0x0e, 0x0e, 0x55, 0xbb, 0x5c, 0x10, 0x5c, 0x66, 0x17, 0x0b, 0x55, 0x0e, 0x37, 0x54, 0xa3, 0xe0, 0xa5, 0xa5, 0xe5, 0xfd, 0xfa, 0xe5, 0xdd, 0x35, 0xb4, 0x66, 0x97, 0x54, 0xe2, 0xe9, 0xae, 0x8d, 0xc2, 0x82, 0x81, 0x43, 0x4f, 0x54, 0xe9, 0x54, 0x9f, 0x97, 0x9d, 0xdc, 0xdc, 0x83, 0x72, 0xbe, 0x6c, 0x84, 0xb5, 0xc2, 0xba, 0xd1, 0x84, 0xb5, 0x63, 0x57, 0x14, 0x55, 0x57, 0x5b, 0x1d, 0x5b, 0x5e, 0x68, 0xb8, 0xbf, 0xf6, 0x54, 0xd4, 0x85, 0xc9, 0xc0, 0xeb, 0xc5, 0xc9, 0xdb, 0xe7, 0xe4, 0xfc, 0xa4, 0xfc, 0xe4, 0xe5, 0xe9, 0xe5, 0xdc, 0xdf, 0xde, 0xdf, 0xdc, 0xa4, 0xe0, 0xe1, 0xe7, 0xae, 0xae, 0x08, 0xe6, 0x08, 0xfc, 0xe5, 0xe0, 0xfc, 0x00, 0xe0, 0x00, 0xe0, 0xdf, 0x00, 0xe0, 0x00, 0xe0, 0xdf, 0xe6, 0xac, 0xac, 0xe7, 0xe7, 0xad, 0xac, 0xe9, 0xe7, 0xe9, 0xe7, 0xe9, 0xe9, 0xe9, 0xe7, 0xe6, 0xe7, 0xe5, 0xe5, 0xe4, 0xe5, 0xe5, 0xe5, 0xe7, 0xae, 0xe9, 0xea, 0xe5, 0xf4, 0xd1, 0xc6, 0x84, 0xc5, 0x3e, 0xc6, 0xee, 0xcc, 0x4d, 0x76, 0xb2, 0x6e, 0x77, 0x84, 0xec, 0x90, 0x42, 0x87, 0x90, 0x9b, 0x9b, 0x74, 0x6e, 0x89, 0xc9, 0x91, 0x82, 0x3e, 0x99, 0x46, 0x46, 0x96, 0xd4, 0x3f, 0x46, 0xe1, 0xe1, 0xe1, 0xe0, 0xa4, 0xd9, 0xf6, 
  0xab, 0xaa, 0xe2, 0xa8, 0xe4, 0xaa, 0xe5, 0xa9, 0xe6, 0xab, 0xe4, 0xe5, 0xad, 0xe7, 0xe8, 0xae, 0xe9, 0xab, 0xaa, 0xe6, 0xa0, 0x98, 0xcd, 0x98, 0xce, 0xce, 0x98, 0x91, 0x43, 0x97, 0x97, 0xa5, 0x54, 0x40, 0x36, 0xae, 0xa3, 0xdf, 0xa8, 0xa4, 0xd9, 0xa0, 0xa5, 0x43, 0x8f, 0x8f, 0x88, 0x7c, 0x8e, 0x8d, 0x88, 0x88, 0x36, 0x31, 0x02, 0x31, 0x8c, 0xd6, 0xd8, 0xd1, 0x97, 0x97, 0x9b, 0xdc, 0xdb, 0xac, 0x49, 0x7b, 0x38, 0x3e, 0x3e, 0x85, 0x85, 0xca, 0xd6, 0xe4, 0xad, 0xea, 0xea, 0xe9, 0xe9, 0xe9, 0xe9, 0xe5, 0xe4, 0xe7, 0xea, 0xe7, 0xa8, 0xe2, 0x51, 0x8c, 0x8a, 0xc8, 0xcc, 0xa7, 0xe1, 0xfa, 0xe1, 0xe0, 0xfa, 0xe0, 0xfa, 0xdf, 0xe0, 0xe1, 0xe0, 0xdf, 0xfa, 0xde, 0xfa, 0xfa, 0xde, 0xfa, 0xe0, 0xfb, 0xe1, 0xfe, 0x54, 0x54, 0xd4, 0xbf, 0xbd, 0xb8, 0x6e, 0x68, 0x63, 0x66, 0x68, 0xbb, 0x90, 0x27, 0x0e, 0x0c, 0x10, 0x0e, 0xb0, 0x4c, 0xaf, 0xb2, 0x11, 0x18, 0x5c, 0x0c, 0x10, 0x58, 0x2d, 0x54, 0xdb, 0x4d, 0xa3, 0x4d, 0x9c, 0xa0, 0xe1, 0xe0, 0xfd, 0x3f, 0x66, 0x6f, 0x54, 0xe9, 0xea, 0xe6, 0x54, 0xf3, 0x8d, 0x42, 0x3f, 0xa6, 0x48, 0x4f, 0x54, 0xa5, 0xc3, 0x93, 0xf5, 0x48, 0xc3, 0xb9, 0xbe, 0xb9, 0xbe, 0xbc, 0x8a, 0xc8, 0xeb, 0x5e, 0x14, 0x10, 0x10, 0x55, 0x5a, 0x57, 0x57, 0x57, 0x5e, 0xb2, 0xb3, 0x3a, 0x00, 0xdf, 0x08, 0x54, 0x54, 0xe0, 0xf1, 0xef, 0xbb, 0xeb, 0xd5, 0xd4, 0xac, 0xe5, 0xfc, 0xdf, 0xe4, 0xe4, 0xe5, 0xe7, 0xe9, 0xfc, 0xde, 0xde, 0xde, 0xde, 0xf6, 0xde, 0xde, 0xfc, 0xe9, 0xae, 0xe7, 0x08, 0xe7, 0xe5, 0xe0, 0x00, 0xe0, 0xe0, 0xe0, 0xe0, 0xdf, 0x00, 0xdf, 0xe0, 0xdf, 0x50, 0xe0, 0xad, 0xac, 0xad, 0xe9, 0xe6, 0xac, 0xad, 0xae, 0xea, 0xac, 0xe9, 0xe7, 0xea, 0xe7, 0xe7, 0xe5, 0xe5, 0xe7, 0xe4, 0xe6, 0xe5, 0xe5, 0xe5, 0xe7, 0xae, 0xac, 0xea, 0xae, 0xdb, 0xf0, 0x3e, 0xef, 0x46, 0x9b, 0x9c, 0x9c, 0x4e, 0x7e, 0xb2, 0x7b, 0x77, 0x84, 0xc4, 0x89, 0xf4, 0x90, 0xce, 0x46, 0x97, 0x7a, 0x34, 0xba, 0x3a, 0x92, 0xcb, 0x87, 0x42, 0xce, 0x42, 0x05, 0x9b, 0x9b, 0x96, 0x3f, 0x05, 0xf7, 0xdc, 0xe0, 0xfc, 0xfc, 0xe1, 
  0xac, 0xac, 0xab, 0xaa, 0xe9, 0x54, 0xac, 0xa9, 0xa9, 0xa9, 0xe2, 0xe1, 0xe9, 0xfe, 0xab, 0xad, 0xe9, 0xab, 0xaa, 0xa0, 0x48, 0x97, 0x43, 0xce, 0xce, 0x97, 0x97, 0x93, 0x97, 0x97, 0x48, 0xae, 0xae, 0x45, 0x4d, 0xa8, 0xd8, 0xdd, 0xdc, 0xa3, 0xd8, 0x9f, 0x07, 0x9f, 0x3c, 0x8f, 0x39, 0x7c, 0x7c, 0x86, 0x88, 0x87, 0x88, 0x31, 0x02, 0x1b, 0x29, 0x8a, 0x4b, 0xe1, 0xf2, 0xd6, 0x9f, 0xdc, 0xdf, 0x07, 0x40, 0x37, 0x7b, 0x34, 0x7a, 0x2e, 0x37, 0x7f, 0x3e, 0xff, 0xe7, 0xac, 0xea, 0xe9, 0xea, 0xe9, 0xe9, 0xe5, 0xfd, 0xe7, 0xe7, 0xe2, 0xe2, 0xe1, 0xab, 0x90, 0x83, 0x8d, 0xcc, 0xe1, 0xfa, 0xa7, 0xfa, 0xa8, 0xfa, 0xa8, 0xe1, 0xe2, 0xe0, 0xe0, 0xfa, 0xe1, 0xfa, 0xe1, 0xe0, 0xe1, 0xfa, 0xe1, 0xe1, 0xdf, 0xfc, 0xe4, 0x3e, 0x7a, 0xc0, 0x92, 0x8b, 0xc0, 0xc4, 0xc1, 0xbd, 0x75, 0xb8, 0x75, 0x18, 0x0e, 0x0c, 0x55, 0x0e, 0xb2, 0xad, 0x96, 0x1a, 0x0d, 0x5f, 0x63, 0x0e, 0x14, 0x0d, 0x27, 0xd8, 0x54, 0xdf, 0x4e, 0x96, 0x9c, 0x9c, 0x4d, 0xfa, 0xde, 0x54, 0x81, 0x6f, 0xa7, 0x54, 0xae, 0xad, 0xe8, 0x54, 0xdd, 0xc7, 0x46, 0xca, 0x02, 0x4f, 0x47, 0x54, 0x4c, 0x7d, 0x91, 0x9c, 0xc7, 0xba, 0xbc, 0x80, 0xbc, 0xec, 0xbe, 0x2b, 0x55, 0x11, 0x57, 0x18, 0x5b, 0x18, 0x5b, 0x5b, 0x61, 0xb3, 0x6c, 0x8b, 0xfc, 0xe4, 0x54, 0x54, 0x54, 0x54, 0xae, 0xea, 0xe7, 0xe9, 0xde, 0xcd, 0x7f, 0xbf, 0xf4, 0xd9, 0xaa, 0xf6, 0xdf, 0xdf, 0xe0, 0xe7, 0xe7, 0xac, 0xe5, 0xde, 0xde, 0xde, 0xde, 0xdb, 0xdb, 0xdc, 0xde, 0xe1, 0xae, 0xe9, 0xe9, 0xe9, 0x08, 0xe0, 0xe0, 0xe0, 0xe0, 0xe0, 0x50, 0xdf, 0xde, 0xdf, 0xdf, 0xdc, 0x50, 0xe6, 0xad, 0xe9, 0xad, 0xac, 0xe6, 0xe7, 0xad, 0xad, 0xae, 0xad, 0xad, 0xac, 0xe9, 0xe7, 0xe7, 0xe5, 0xe7, 0xaa, 0xe5, 0xe5, 0xe5, 0xe7, 0xe7, 0xe7, 0xe5, 0xac, 0xad, 0xf6, 0xd1, 0xd4, 0xd8, 0x97, 0xce, 0x92, 0xcb, 0x96, 0x7b, 0xb3, 0x77, 0x85, 0x7e, 0xed, 0xc9, 0x92, 0x90, 0xda, 0x42, 0x91, 0xa0, 0x74, 0x75, 0xc5, 0xc6, 0x46, 0xcb, 0x89, 0x3e, 0x4b, 0xce, 0x4a, 0xdf, 0x46, 0xd9, 0x90, 0x46, 0xea, 0xf7, 0x05, 0xd8, 0xdc, 0xde, 
  0xac, 0x08, 0xaa, 0x53, 0xe8, 0xad, 0xad, 0xa9, 0xe2, 0xe2, 0xe2, 0xe1, 0xfc, 0xe5, 0xe9, 0xad, 0xab, 0xaa, 0xa7, 0x9c, 0x9c, 0x97, 0xf2, 0x97, 0x97, 0x97, 0x91, 0x97, 0x97, 0x48, 0xdd, 0x54, 0xa8, 0xa9, 0xa3, 0xd5, 0xa0, 0xd8, 0x48, 0x9f, 0x99, 0xf3, 0xe4, 0x48, 0x88, 0x93, 0x7c, 0x39, 0x7c, 0x7c, 0xc3, 0x88, 0x3c, 0x3c, 0x36, 0x02, 0x02, 0x8d, 0x96, 0x54, 0xe5, 0xe0, 0xdc, 0xdc, 0xdf, 0xe7, 0x03, 0x75, 0x34, 0xbb, 0x31, 0x2b, 0x75, 0x75, 0xc5, 0xff, 0xfa, 0xe7, 0xea, 0xea, 0xe9, 0xea, 0xe6, 0xe5, 0xe5, 0xe7, 0xfd, 0xe2, 0xe2, 0xe1, 0xea, 0x48, 0x81, 0x8d, 0xd2, 0xfd, 0xe1, 0xe2, 0xe5, 0xfe, 0xe5, 0xfd, 0xe2, 0xe1, 0xe1, 0xe0, 0xfa, 0xe0, 0xe0, 0xfa, 0xe1, 0xe1, 0xfd, 0xe0, 0xfa, 0xea, 0x54, 0xc0, 0x2f, 0xbb, 0xbb, 0xbb, 0xb7, 0x23, 0x5b, 0x5a, 0x5e, 0x33, 0x37, 0x11, 0x0e, 0x10, 0x10, 0x55, 0x57, 0x54, 0x52, 0x5b, 0x57, 0x5f, 0x1a, 0x20, 0x0c, 0x14, 0x10, 0x1d, 0xd9, 0x54, 0xa4, 0xfc, 0x9b, 0x42, 0x43, 0x46, 0xa0, 0xe0, 0xfd, 0xeb, 0xc8, 0x54, 0xad, 0x54, 0xae, 0xe9, 0xad, 0x54, 0xf3, 0x91, 0x54, 0x12, 0x02, 0xad, 0x04, 0x9a, 0x97, 0x9f, 0x8d, 0xbc, 0x7d, 0xc7, 0xbe, 0x84, 0x5e, 0x55, 0x10, 0x11, 0x57, 0x58, 0x18, 0x18, 0x5e, 0xb5, 0xb8, 0xd8, 0x54, 0x54, 0x54, 0x54, 0xae, 0xe2, 0xe5, 0xea, 0xe9, 0xe5, 0xfa, 0xf7, 0xfa, 0x54, 0x54, 0xd6, 0xeb, 0xc4, 0xcd, 0xf4, 0x9b, 0xf4, 0xd6, 0xd8, 0xe1, 0xfc, 0xe7, 0xad, 0xe0, 0xde, 0xa4, 0xde, 0xdc, 0xf6, 0xf6, 0xdc, 0xdf, 0xac, 0xac, 0xac, 0x08, 0xe4, 0x00, 0xdf, 0xe0, 0xdf, 0xde, 0xde, 0xde, 0xde, 0x50, 0xdc, 0x50, 0xde, 0xac, 0xac, 0xac, 0xae, 0xac, 0xaa, 0xaa, 0xe5, 0xad, 0xae, 0xae, 0xae, 0xad, 0xac, 0xe6, 0xe5, 0xe7, 0xe5, 0xe5, 0xe5, 0xe5, 0xe6, 0xe5, 0xe7, 0xfc, 0xe5, 0xe0, 0xcd, 0xcb, 0xc6, 0xc5, 0xed, 0x8a, 0x8a, 0xce, 0xd6, 0x7b, 0x6f, 0x74, 0x8a, 0xc1, 0x84, 0x84, 0xda, 0x9b, 0xcb, 0xce, 0x96, 0x96, 0x9b, 0x37, 0xbb, 0x90, 0xca, 0x05, 0xd1, 0xc6, 0x3f, 0x42, 0xf1, 0x46, 0xf6, 0x4b, 0xd8, 0x46, 0x90, 0x05, 0xe5, 0xfc, 0xdf, 0xdc, 0xf6, 
  0xe9, 0x53, 0xaa, 0xe8, 0xab, 0xad, 0x54, 0xac, 0xa9, 0xa8, 0xa8, 0xe1, 0xe1, 0xfd, 0xea, 0xad, 0xad, 0x51, 0x9f, 0x9c, 0x9b, 0x96, 0xcd, 0xce, 0xd1, 0x91, 0xce, 0x48, 0x97, 0xdc, 0x54, 0xaa, 0xa3, 0x8b, 0xcd, 0xda, 0x9f, 0x91, 0xa3, 0x9c, 0x91, 0x9c, 0xa4, 0x48, 0x8f, 0x43, 0x7c, 0x39, 0x70, 0x6b, 0x79, 0x7c, 0x7c, 0x36, 0x02, 0x02, 0x02, 0x31, 0x81, 0x9c, 0x54, 0xad, 0xe6, 0xe5, 0xe6, 0x09, 0x49, 0x34, 0x2d, 0x7f, 0x75, 0x29, 0x2f, 0x2d, 0x7f, 0x8b, 0xfa, 0xfd, 0xe6, 0xea, 0xea, 0xe9, 0xe9, 0xe5, 0xe5, 0xe5, 0xe2, 0xe2, 0xfd, 0xfd, 0xad, 0x4d, 0x3c, 0x8d, 0xda, 0xad, 0xe6, 0xea, 0xe6, 0xe5, 0xfc, 0xe1, 0xe1, 0xe0, 0xe0, 0xe0, 0xe0, 0xe0, 0xe1, 0xe0, 0xe1, 0xe1, 0xfc, 0xff, 0x54, 0x00, 0x46, 0xca, 0xc4, 0xc1, 0xbd, 0xbd, 0xbd, 0xb7, 0x6e, 0xb8, 0xbf, 0x22, 0x0b, 0x0c, 0x11, 0x55, 0x10, 0x5e, 0x97, 0x54, 0x82, 0x6a, 0x66, 0x11, 0x5c, 0x23, 0x10, 0x0e, 0x18, 0x57, 0xc5, 0x54, 0xdc, 0xe0, 0xdc, 0x42, 0xce, 0x96, 0x46, 0xe1, 0xd9, 0x87, 0x51, 0x54, 0xea, 0xad, 0xad, 0xea, 0xe9, 0x54, 0xe1, 0x92, 0x54, 0x26, 0x12, 0x54, 0x47, 0x9a, 0xd3, 0xcc, 0x83, 0xc3, 0x8a, 0xbd, 0xb1, 0x18, 0x55, 0x18, 0x58, 0x57, 0x57, 0xb2, 0x76, 0x78, 0xa0, 0x54, 0x54, 0x54, 0xe4, 0xe9, 0xe7, 0xea, 0xae, 0x54, 0xad, 0xea, 0xe7, 0xfc, 0xfa, 0xfc, 0xe9, 0xac, 0xe5, 0x54, 0x4a, 0xbf, 0xc9, 0xf1, 0xd8, 0xd8, 0xd8, 0xd8, 0xd8, 0xd9, 0xe1, 0xae, 0xe9, 0xde, 0xdc, 0xde, 0xdf, 0xd9, 0xdb, 0xf6, 0xdc, 0xde, 0xe7, 0xae, 0xe9, 0xfc, 0xdf, 0xdf, 0xdf, 0xdf, 0x50, 0xdc, 0x50, 0xdc, 0xdc, 0xa4, 0x50, 0xe4, 0xae, 0xe9, 0xae, 0xae, 0xe6, 0xe4, 0xe4, 0xe4, 0xe6, 0xad, 0xad, 0xae, 0xae, 0xac, 0xe5, 0xe7, 0xe6, 0xe5, 0xe5, 0xe5, 0xe7, 0xe5, 0xe7, 0xe4, 0xe5, 0xe1, 0xef, 0xc9, 0xcb, 0xcd, 0xce, 0xd4, 0x9c, 0xd6, 0xd6, 0xb8, 0x72, 0x7b, 0x7e, 0x91, 0xbf, 0xc3, 0xce, 0xac, 0x99, 0x48, 0x9c, 0x91, 0x99, 0x82, 0xc5, 0x82, 0x8b, 0xcd, 0x05, 0xcd, 0xc9, 0x3e, 0x05, 0xcd, 0x9b, 0xd6, 0x46, 0xd9, 0xd6, 0x44, 0x3f, 0xdb, 0xdc, 0xde, 0xfc, 0xfc, 
  0xab, 0x53, 0xaa, 0xab, 0xab, 0xad, 0x54, 0x54, 0xe9, 0xa9, 0xe0, 0xa8, 0xe0, 0xfd, 0xad, 0xad, 0xa8, 0xa0, 0x9c, 0x9c, 0xd4, 0xce, 0xd1, 0x97, 0xce, 0x93, 0x97, 0x96, 0x97, 0xaa, 0xae, 0xe4, 0x99, 0x8b, 0x4d, 0x9c, 0x91, 0x9c, 0x9f, 0x97, 0x43, 0x97, 0xde, 0x51, 0x4c, 0x45, 0x79, 0x8e, 0x21, 0x17, 0x7c, 0x73, 0x83, 0x7c, 0x81, 0x31, 0x02, 0x02, 0x35, 0x3b, 0x4a, 0xae, 0xe4, 0xe6, 0xe6, 0x54, 0x3f, 0x7f, 0x75, 0x2d, 0x34, 0x2b, 0x2b, 0x33, 0x2f, 0x7f, 0xdc, 0xae, 0xfd, 0xea, 0xac, 0xea, 0xe7, 0xe5, 0xe5, 0xe2, 0xe2, 0xfe, 0xe6, 0xe9, 0xaa, 0x06, 0x43, 0xcc, 0xaa, 0xae, 0xe6, 0xe4, 0xfc, 0xe1, 0xe0, 0xe1, 0xe0, 0xe1, 0xe0, 0xe1, 0xe0, 0xe1, 0xe0, 0xfc, 0xe1, 0xfc, 0xdf, 0xde, 0x8b, 0x2f, 0x6c, 0x33, 0x75, 0x2f, 0x2b, 0x29, 0x27, 0x27, 0x7a, 0xfc, 0x19, 0x0d, 0x0c, 0x10, 0x57, 0x55, 0x57, 0x96, 0x54, 0xac, 0x2e, 0x18, 0x58, 0x64, 0x27, 0x10, 0x1c, 0x14, 0x18, 0x23, 0x44, 0xfb, 0xf6, 0xdf, 0xfc, 0xdc, 0x96, 0x46, 0x9c, 0xdc, 0x96, 0x96, 0x54, 0xac, 0xe9, 0xea, 0xac, 0xea, 0xe9, 0xae, 0x54, 0xd9, 0x9b, 0x54, 0x12, 0x29, 0x54, 0x93, 0x9a, 0xcc, 0x8d, 0xbe, 0x27, 0x5e, 0x57, 0x55, 0x55, 0x18, 0xb3, 0xbd, 0x8a, 0xd6, 0x54, 0x54, 0x54, 0x54, 0x09, 0x54, 0x54, 0x54, 0xae, 0xdc, 0xf4, 0xf5, 0xdc, 0xfd, 0xe1, 0xe1, 0xe4, 0xe5, 0xe5, 0xe7, 0xfa, 0xd6, 0xf7, 0xd4, 0xc5, 0xef, 0xf4, 0xf6, 0x9b, 0xda, 0xf4, 0xd9, 0xf6, 0xdc, 0xe9, 0xfc, 0xdc, 0xdc, 0xde, 0xdc, 0xd9, 0xdb, 0xdb, 0xdc, 0xad, 0x54, 0xac, 0x08, 0xde, 0xdf, 0xde, 0xdf, 0xde, 0x50, 0xdc, 0x50, 0xdc, 0x50, 0xde, 0xac, 0xae, 0x54, 0xe0, 0xe0, 0xe0, 0xaa, 0xaa, 0xe4, 0xaa, 0xac, 0xae, 0xad, 0xad, 0xe7, 0xe7, 0xe5, 0xe5, 0xe5, 0xe5, 0xe7, 0xe5, 0xe7, 0xe4, 0xe5, 0xea, 0x50, 0xd6, 0x9f, 0xd6, 0xd5, 0x9c, 0xcd, 0xf2, 0xd1, 0xbb, 0x6e, 0x82, 0x7e, 0x92, 0x8b, 0x82, 0xcb, 0xad, 0x9b, 0x4a, 0xd4, 0x90, 0x42, 0xa0, 0x75, 0x82, 0x3e, 0x89, 0xce, 0x9b, 0xca, 0x91, 0x3b, 0x44, 0xd8, 0xd9, 0x05, 0xd8, 0xdb, 0xd9, 0x99, 0x42, 0x05, 0xfd, 0xf6, 0xf6, 0xdc, 
  0xe6, 0xaa, 0xab, 0xab, 0xab, 0xae, 0x54, 0x54, 0x54, 0xad, 0xa8, 0xa7, 0xfa, 0xfd, 0xea, 0xad, 0x05, 0x9c, 0x9f, 0xd4, 0x96, 0x96, 0xd4, 0x91, 0x93, 0x99, 0x97, 0x9b, 0xa5, 0xad, 0xaa, 0xd6, 0xd9, 0x4e, 0x91, 0xc8, 0x9b, 0x96, 0x8a, 0x40, 0xce, 0x97, 0xd6, 0x54, 0x54, 0x48, 0x79, 0x3d, 0x25, 0x25, 0x7c, 0x71, 0x79, 0x7c, 0x79, 0x32, 0x31, 0x36, 0x03, 0x8c, 0x43, 0x50, 0xe7, 0xe1, 0xaa, 0x54, 0x45, 0x2b, 0x7f, 0x34, 0x2d, 0x2e, 0x29, 0x7a, 0x74, 0xc4, 0xf7, 0x54, 0xe6, 0xac, 0xea, 0xac, 0xab, 0xe5, 0xfd, 0xa9, 0xfe, 0xab, 0xad, 0xe7, 0x06, 0xaa, 0x4a, 0xd8, 0xe7, 0xe5, 0xfc, 0xfc, 0xe0, 0xfc, 0xe1, 0xfc, 0xe1, 0xfc, 0xfc, 0xfc, 0xfc, 0xe1, 0xfc, 0xe1, 0xe1, 0xde, 0x54, 0x4a, 0xb7, 0x6c, 0xb7, 0x2f, 0x6c, 0x2f, 0x6c, 0x2d, 0xb7, 0xef, 0x63, 0x0e, 0x0c, 0x11, 0x10, 0x55, 0x18, 0x5c, 0x7a, 0x54, 0xe8, 0xc5, 0x1c, 0x62, 0x29, 0x1d, 0x66, 0x0e, 0x15, 0x5b, 0x55, 0x68, 0xfd, 0xdb, 0xf7, 0xde, 0xdc, 0xa4, 0x9b, 0x96, 0x46, 0x4a, 0x48, 0x51, 0x54, 0xae, 0xea, 0xe9, 0xe7, 0xea, 0xad, 0xae, 0x54, 0xe0, 0x4a, 0x54, 0x26, 0x0d, 0x54, 0x9a, 0xf0, 0x8f, 0xc3, 0xb3, 0xb0, 0xb2, 0x72, 0xbe, 0xbc, 0xc9, 0x54, 0x54, 0x54, 0xae, 0xf2, 0xd8, 0xf6, 0xd7, 0xf8, 0xf5, 0xd5, 0xf4, 0xf5, 0xde, 0xfb, 0xfe, 0xad, 0xde, 0xe0, 0xe0, 0xfa, 0xfc, 0xe5, 0xe7, 0xe7, 0xa4, 0xd8, 0xf7, 0xd6, 0x8b, 0xcd, 0xf6, 0xd6, 0xd9, 0xd9, 0xd8, 0xf6, 0xf4, 0xfc, 0xae, 0xde, 0xdc, 0xdc, 0xde, 0xd8, 0xda, 0xf6, 0xdb, 0xe0, 0xad, 0xae, 0xfc, 0xdf, 0xde, 0xde, 0x50, 0xdc, 0x50, 0xdc, 0xdb, 0xdc, 0xdb, 0xdf, 0x54, 0xe5, 0xe1, 0xf6, 0xf6, 0xdf, 0xe4, 0xe1, 0xaa, 0xe5, 0xac, 0xae, 0xad, 0xad, 0xe7, 0xe5, 0xe5, 0xe5, 0xe5, 0xe5, 0xe6, 0xe7, 0xe7, 0xe7, 0x08, 0xd9, 0x9b, 0xd5, 0xf1, 0xcb, 0xee, 0xc9, 0xd1, 0x42, 0xbb, 0x76, 0x74, 0xc4, 0x89, 0xd4, 0x46, 0x4d, 0xa3, 0xdb, 0xc9, 0xce, 0x91, 0x9b, 0x96, 0xd6, 0x7b, 0x37, 0xce, 0x3a, 0x9b, 0x4d, 0xcd, 0x92, 0x90, 0x49, 0x9b, 0x05, 0xda, 0x50, 0xde, 0xdb, 0xd9, 0x99, 0x44, 0x4e, 0xe5, 0xe0, 0xf6, 
  0x53, 0xaa, 0xab, 0xa9, 0xe8, 0x54, 0x54, 0x54, 0x54, 0x54, 0xae, 0xa8, 0xe0, 0xe1, 0xff, 0x09, 0xa0, 0x9b, 0xd4, 0x97, 0x96, 0xf2, 0xce, 0x91, 0x96, 0xd4, 0x98, 0xa0, 0x54, 0xad, 0xdb, 0xd5, 0x9b, 0x84, 0xc3, 0x9f, 0x96, 0x87, 0xd5, 0x93, 0x3c, 0xd4, 0x9b, 0xd8, 0x01, 0x4b, 0x79, 0x88, 0x6b, 0x7d, 0x73, 0x6d, 0x71, 0x6d, 0x79, 0x79, 0x31, 0x36, 0x03, 0x03, 0x46, 0xac, 0xe6, 0xe1, 0xe5, 0xad, 0x4b, 0x34, 0x2b, 0x8b, 0x76, 0x2d, 0x2b, 0x37, 0x2f, 0xc6, 0x46, 0x54, 0xe9, 0xab, 0xe9, 0xad, 0xe7, 0xe6, 0xe2, 0xe5, 0xab, 0xad, 0xe5, 0x06, 0xde, 0x07, 0xa0, 0x51, 0xe5, 0xe4, 0xfc, 0xe4, 0xe4, 0xfc, 0xfc, 0xfc, 0xfc, 0xe1, 0xfc, 0xe0, 0xfc, 0xe0, 0xe0, 0xe0, 0xe1, 0x54, 0x49, 0x3a, 0x90, 0xf1, 0x8b, 0x82, 0x37, 0x7a, 0x33, 0x7f, 0x44, 0x22, 0x10, 0x0e, 0x14, 0x55, 0x57, 0x18, 0x18, 0xbd, 0x54, 0xa0, 0xae, 0x89, 0x80, 0x2b, 0x1a, 0x61, 0x66, 0x15, 0x10, 0x61, 0x57, 0x5e, 0xda, 0xd6, 0xd6, 0xfc, 0xdc, 0xe0, 0xdb, 0x99, 0x46, 0xd6, 0x4d, 0xdc, 0xe5, 0x54, 0xad, 0x54, 0x54, 0x54, 0xdf, 0xdc, 0xa4, 0xe1, 0xa9, 0x50, 0x54, 0x12, 0x17, 0x54, 0x93, 0xc8, 0xbe, 0x83, 0xed, 0xc8, 0x90, 0xa1, 0x09, 0x96, 0x8b, 0xee, 0xec, 0xeb, 0xbb, 0xb6, 0xc1, 0xec, 0xb8, 0xb7, 0xec, 0x33, 0xb7, 0x8b, 0xef, 0xc4, 0x8b, 0xff, 0x54, 0xae, 0x54, 0xfd, 0xfa, 0xe1, 0xfc, 0xe5, 0xdc, 0xf4, 0xdb, 0xf4, 0x42, 0xf4, 0xf4, 0xd6, 0xf6, 0xd8, 0xd9, 0xd9, 0xdc, 0xe4, 0xe5, 0xa4, 0xdc, 0xa4, 0xdb, 0xd8, 0xd9, 0xd9, 0xdc, 0xae, 0xae, 0xdf, 0xde, 0xde, 0xde, 0xdc, 0x50, 0xdc, 0x4d, 0xdb, 0xdb, 0xf6, 0xe7, 0xac, 0xdb, 0xf4, 0xf6, 0xdc, 0xdc, 0xde, 0xe0, 0xe5, 0xe5, 0xad, 0x54, 0xad, 0xe9, 0xe6, 0xe5, 0xe7, 0xe4, 0xe7, 0xe5, 0xe7, 0xe5, 0xe5, 0xe0, 0xd4, 0xf1, 0xcd, 0xee, 0xcb, 0xcd, 0xce, 0xf7, 0x42, 0x6f, 0x7b, 0xbb, 0x7b, 0x89, 0x92, 0xd1, 0xdb, 0x54, 0x54, 0xde, 0x9b, 0xd9, 0xd6, 0x91, 0x96, 0x3b, 0xc4, 0x35, 0x92, 0x3e, 0x4a, 0x01, 0xd1, 0xce, 0xce, 0x46, 0x4a, 0x9b, 0x4a, 0xd9, 0x05, 0xa4, 0xdb, 0x9b, 0x46, 0x44, 0x4d, 0xdf, 0xe4, 
  0xaa, 0xaa, 0xab, 0xa9, 0xe9, 0x54, 0x54, 0x54, 0x54, 0x54, 0x54, 0xae, 0xe4, 0xe1, 0xdf, 0x9f, 0xd4, 0x48, 0xd4, 0x99, 0x97, 0xce, 0xce, 0x97, 0x99, 0x97, 0xd4, 0x51, 0x54, 0xa3, 0xa4, 0x96, 0xbe, 0xc8, 0xd5, 0x9b, 0x81, 0x93, 0xd9, 0x42, 0x87, 0x42, 0xd8, 0x99, 0xa5, 0x53, 0x04, 0x47, 0x71, 0x78, 0x79, 0x2a, 0x32, 0x6d, 0x71, 0x81, 0x81, 0x03, 0x03, 0x3c, 0x03, 0x49, 0xae, 0xfc, 0xe1, 0x54, 0x4e, 0x3f, 0x33, 0x2d, 0xee, 0x33, 0x2f, 0x7f, 0x33, 0xc5, 0xbf, 0xde, 0x54, 0xe7, 0xab, 0xe9, 0xe9, 0xfd, 0xe5, 0xe8, 0xae, 0xac, 0x4d, 0x50, 0x51, 0x4b, 0x05, 0xe4, 0xe5, 0xfc, 0xe1, 0x00, 0xe0, 0xe0, 0xe0, 0xe0, 0xdf, 0xde, 0xde, 0xdf, 0xde, 0xde, 0xde, 0xdf, 0xfc, 0x85, 0x2e, 0x2f, 0x33, 0x33, 0x2f, 0x2b, 0x2b, 0x29, 0x33, 0x34, 0x5a, 0x11, 0x15, 0x56, 0x5b, 0x55, 0x5e, 0x5b, 0x68, 0x54, 0xa6, 0xa6, 0x53, 0x8b, 0x66, 0xaf, 0x69, 0x29, 0x15, 0x18, 0x10, 0x1f, 0x61, 0x5a, 0xca, 0x00, 0xc9, 0xd8, 0xdf, 0xdc, 0xde, 0xa0, 0x99, 0x46, 0xdb, 0x4a, 0x51, 0x54, 0x54, 0x05, 0x46, 0x99, 0xd8, 0xd9, 0xf5, 0xa4, 0xe5, 0x9d, 0xe3, 0x31, 0x12, 0x94, 0xcf, 0x8d, 0xcc, 0xcc, 0x8a, 0xb8, 0x77, 0x77, 0xb6, 0xb5, 0xb6, 0xb5, 0xb4, 0xb4, 0xb5, 0xb5, 0xb6, 0xb2, 0xb3, 0x6c, 0x68, 0x63, 0x6c, 0xb7, 0xb3, 0x63, 0xb3, 0xb7, 0x6c, 0xb5, 0xb7, 0xdf, 0x54, 0x54, 0x54, 0xe5, 0xfc, 0xa4, 0xd9, 0xdc, 0xf7, 0xd8, 0xd9, 0xd6, 0xd8, 0xd6, 0xf4, 0xd8, 0xd9, 0xda, 0xe7, 0xde, 0xdc, 0xa4, 0xa4, 0xd6, 0xf6, 0xd9, 0xdc, 0xae, 0xae, 0xdf, 0xdc, 0x50, 0xde, 0x50, 0xdc, 0xdb, 0xdb, 0xdb, 0xf6, 0xe1, 0xfc, 0xf6, 0xd8, 0xd8, 0xdb, 0xd9, 0xd8, 0xa4, 0xfc, 0xe4, 0xe7, 0xac, 0x54, 0x54, 0xac, 0xe7, 0xe5, 0xe5, 0xe5, 0xe7, 0xe5, 0xe7, 0xe4, 0xad, 0xe6, 0xd4, 0xd1, 0xf2, 0xf2, 0xd4, 0xd0, 0x9b, 0xc6, 0x2d, 0xbb, 0x3e, 0x74, 0xc5, 0x3e, 0xcb, 0x9b, 0x53, 0x54, 0xe6, 0xd6, 0xa4, 0x96, 0x90, 0x46, 0xf6, 0x34, 0x3b, 0xc5, 0x90, 0x92, 0xd6, 0xac, 0xf1, 0x96, 0xcd, 0x44, 0x44, 0xdb, 0x05, 0xf6, 0x50, 0xde, 0xdc, 0xd8, 0x9b, 0x46, 0x4d, 0xdb, 0x05, 
  0xaa, 0x53, 0xaa, 0xfe, 0xad, 0x54, 0x54, 0x54, 0xae, 0xae, 0xae, 0x54, 0xae, 0xe7, 0xe1, 0x4a, 0x9f, 0x9b, 0x9b, 0x97, 0xce, 0x96, 0x96, 0xd4, 0x48, 0x9b, 0xa9, 0xae, 0xa4, 0xd5, 0xd1, 0xd4, 0x9b, 0x50, 0x97, 0x81, 0x8c, 0xd6, 0x3c, 0x3c, 0x93, 0x3f, 0xf3, 0x4a, 0x4b, 0xac, 0x54, 0x47, 0x79, 0x7d, 0x80, 0x65, 0x32, 0x65, 0x71, 0x2c, 0x87, 0x3c, 0x40, 0x44, 0x44, 0x3c, 0x4b, 0xff, 0xe1, 0xe4, 0x4b, 0x7a, 0x3a, 0x37, 0x2f, 0xc0, 0x7f, 0x7a, 0xc5, 0x85, 0x85, 0xf8, 0x09, 0xae, 0xe9, 0xe7, 0xab, 0xe5, 0xe6, 0xea, 0x54, 0x4d, 0x05, 0x00, 0x05, 0x46, 0x4d, 0xe5, 0xfc, 0xfc, 0xe0, 0xdf, 0xe0, 0xdf, 0xe0, 0xdf, 0xde, 0xdf, 0xdf, 0xde, 0xde, 0xde, 0xde, 0x54, 0x05, 0x33, 0x33, 0x7a, 0x7a, 0x33, 0x74, 0x33, 0x37, 0xf5, 0x7a, 0x15, 0x19, 0x18, 0x5b, 0x18, 0x5e, 0x18, 0xb0, 0xbf, 0x9b, 0xea, 0xa2, 0x54, 0xc5, 0x61, 0x69, 0x84, 0x27, 0x6a, 0x5a, 0x58, 0x5b, 0x19, 0x5e, 0xb3, 0xc5, 0xdc, 0xd4, 0xc9, 0xf6, 0xfa, 0xdc, 0xde, 0xdf, 0x9c, 0x9c, 0xda, 0xd5, 0x99, 0x9b, 0x99, 0xf1, 0xf2, 0x99, 0xf4, 0xdb, 0xf6, 0xe7, 0x9a, 0x8f, 0xe3, 0x69, 0x5e, 0xbe, 0x7e, 0xb6, 0x77, 0xb9, 0x74, 0xec, 0xc2, 0xec, 0xb9, 0xba, 0xbb, 0xb8, 0xb8, 0xb8, 0xb3, 0xb2, 0xb8, 0xb5, 0x63, 0x68, 0xb5, 0x29, 0x63, 0x68, 0x6c, 0xb5, 0x63, 0x63, 0xb2, 0x6c, 0xeb, 0xb8, 0xb7, 0xc4, 0x54, 0x54, 0x54, 0xfa, 0xf6, 0xd9, 0xf5, 0xd8, 0xf6, 0xd8, 0xf4, 0xd5, 0xd6, 0xf5, 0xf4, 0xde, 0xe1, 0xdc, 0xdc, 0xde, 0xd9, 0xd9, 0xd9, 0xf6, 0x51, 0xad, 0xde, 0xdc, 0xde, 0xdc, 0x50, 0xdb, 0x4d, 0xf7, 0xd9, 0xdc, 0xe6, 0xf6, 0xd6, 0xf4, 0xf6, 0xd8, 0xd5, 0xd9, 0xdb, 0xde, 0xe5, 0xe7, 0xea, 0xae, 0x54, 0xae, 0xe5, 0xe6, 0xe5, 0xe5, 0xe6, 0xe7, 0xe5, 0xe9, 0xde, 0xf1, 0xf2, 0x9b, 0xd1, 0xce, 0xca, 0xcd, 0xcb, 0x75, 0x7b, 0x8b, 0x82, 0xc0, 0x96, 0x3e, 0x96, 0xe0, 0x54, 0xad, 0xf2, 0xf2, 0xce, 0x96, 0xd6, 0x46, 0x99, 0xc1, 0x84, 0xce, 0x42, 0x99, 0x04, 0xe5, 0x46, 0xd1, 0xca, 0x49, 0xde, 0x46, 0x50, 0xd8, 0x4d, 0x00, 0xdc, 0xf6, 0xf6, 0x9b, 0x4b, 0xe7, 0xdc, 
  0xaa, 0xe6, 0xa9, 0xfe, 0x54, 0x54, 0x54, 0x54, 0x54, 0xae, 0xad, 0xae, 0x54, 0x08, 0xa0, 0xd5, 0x99, 0xd4, 0x97, 0x96, 0xd1, 0x97, 0xd4, 0xd5, 0xd4, 0xa0, 0x54, 0x51, 0xd5, 0xd9, 0xcd, 0x9c, 0xce, 0xc6, 0x80, 0x87, 0xd6, 0x84, 0x89, 0x3c, 0x3f, 0x91, 0x3e, 0x4a, 0xae, 0xe6, 0x01, 0x4f, 0x78, 0x78, 0x39, 0x6b, 0x35, 0x65, 0x76, 0x2c, 0x35, 0x40, 0x3c, 0x03, 0x40, 0x44, 0x50, 0xe7, 0xe1, 0xe6, 0x46, 0x3a, 0x33, 0xca, 0x7a, 0x2e, 0x85, 0x33, 0x8b, 0x82, 0x8b, 0xf5, 0x54, 0xae, 0xad, 0xe9, 0xe6, 0xfd, 0xe6, 0x54, 0x4a, 0x49, 0xf6, 0x07, 0x46, 0x44, 0xdc, 0x00, 0xe5, 0xfc, 0xe0, 0x00, 0xe0, 0xe0, 0xe0, 0xdf, 0xdf, 0xe0, 0xde, 0xdf, 0xe0, 0xff, 0x54, 0x49, 0x38, 0x3a, 0x92, 0x3b, 0x3a, 0x37, 0x7a, 0xca, 0xd4, 0x2d, 0x11, 0x57, 0x23, 0x5b, 0x1d, 0xb2, 0x5b, 0x5a, 0xbb, 0x54, 0xa7, 0xa6, 0xa8, 0x54, 0x75, 0x73, 0x3a, 0x29, 0x61, 0xb2, 0x5a, 0x57, 0x5c, 0x5e, 0x5b, 0x42, 0x4a, 0xc4, 0xdc, 0x9b, 0xd9, 0xde, 0xdc, 0xf6, 0x3b, 0x3b, 0xc5, 0xc9, 0xca, 0xef, 0x44, 0xf1, 0x99, 0x99, 0x44, 0xc9, 0x92, 0x92, 0xa5, 0xf0, 0x8d, 0xc7, 0xaf, 0x11, 0xb0, 0x27, 0x6c, 0x5e, 0x15, 0x19, 0x29, 0x68, 0x2e, 0xc6, 0xf1, 0xd4, 0xf3, 0xd0, 0xeb, 0xc9, 0x8b, 0xb5, 0xb5, 0x33, 0xb7, 0x27, 0xb2, 0xb7, 0x6c, 0x68, 0x63, 0x68, 0x6c, 0x2f, 0xb3, 0x63, 0x61, 0x61, 0xb2, 0xc9, 0x92, 0xde, 0x09, 0xdc, 0xd8, 0xd6, 0xf4, 0xd8, 0xd8, 0xd8, 0xd6, 0xd5, 0xd6, 0xf4, 0xd6, 0xde, 0xe1, 0xf6, 0xde, 0xdb, 0x4a, 0xd8, 0xd9, 0xde, 0x54, 0xde, 0xdb, 0xf6, 0xdc, 0xdb, 0xdb, 0xdb, 0xdb, 0xdb, 0xa4, 0xd8, 0xd9, 0xf4, 0xdb, 0xd9, 0xd6, 0xa0, 0xdb, 0x50, 0xe1, 0xe7, 0xe7, 0xe9, 0xae, 0x54, 0xad, 0xe6, 0xe5, 0xe5, 0xe5, 0xe7, 0xfc, 0xe7, 0xdf, 0xcd, 0x92, 0xef, 0xef, 0x92, 0xcd, 0x99, 0x8b, 0x33, 0xbf, 0x85, 0x8b, 0xbf, 0x91, 0x4a, 0x4b, 0x00, 0xac, 0x54, 0xf6, 0xef, 0xd4, 0xd5, 0x4a, 0x42, 0x92, 0x3a, 0xcb, 0x89, 0x42, 0xce, 0x05, 0x09, 0xae, 0xd9, 0x99, 0xce, 0x42, 0x4a, 0xdc, 0x4d, 0xdf, 0xf6, 0xdf, 0x05, 0xdc, 0xdb, 0xf4, 0x49, 0x50, 0xe4, 
  0x53, 0xaa, 0xe2, 0xe8, 0x54, 0x54, 0x54, 0x54, 0x54, 0xae, 0xae, 0xac, 0x01, 0x4e, 0xd8, 0x9f, 0x4a, 0x48, 0x99, 0xd4, 0x9c, 0xd4, 0x97, 0xd8, 0xa5, 0xe6, 0xe9, 0xd9, 0xd8, 0x99, 0x9b, 0xcb, 0x84, 0x87, 0x89, 0xd5, 0x89, 0x87, 0x92, 0x88, 0x87, 0x90, 0x3f, 0xf1, 0xdf, 0xac, 0xe9, 0x07, 0x39, 0x96, 0x35, 0x6b, 0x81, 0x25, 0x75, 0x32, 0x2a, 0x87, 0x46, 0x40, 0x3c, 0x03, 0x99, 0xaa, 0xfc, 0xea, 0x4a, 0xca, 0x7f, 0x33, 0x92, 0xc0, 0x37, 0xc0, 0xca, 0x82, 0xca, 0xf4, 0xac, 0xae, 0xad, 0xad, 0xe5, 0xa9, 0x54, 0xe1, 0x3f, 0xd6, 0x4a, 0x05, 0x42, 0x44, 0xd9, 0xe1, 0xe6, 0xe2, 0xfc, 0xe1, 0xe1, 0xe0, 0xe0, 0xe0, 0xe0, 0xdf, 0xe0, 0xdf, 0xde, 0xd6, 0x7f, 0x2e, 0x2f, 0x2f, 0x2d, 0x2b, 0x2b, 0x6c, 0xed, 0x2f, 0x15, 0x15, 0x5a, 0xb2, 0x1d, 0x63, 0x61, 0x2b, 0x63, 0xb8, 0x54, 0xdd, 0xa7, 0xdd, 0xa6, 0xaa, 0x7b, 0x33, 0x66, 0xb3, 0x2d, 0x22, 0x1d, 0x18, 0x1f, 0x24, 0x1d, 0x6c, 0x96, 0xca, 0xca, 0xf6, 0xf7, 0xdf, 0xf7, 0xde, 0x3f, 0x85, 0x37, 0x85, 0x3f, 0x3f, 0x3e, 0x3a, 0x3e, 0x92, 0xc1, 0xca, 0xc6, 0xee, 0xd5, 0x8d, 0xc3, 0x72, 0xb0, 0x5e, 0x58, 0x57, 0x5a, 0x61, 0x23, 0x10, 0x0e, 0x0e, 0x0e, 0x14, 0x57, 0x19, 0x27, 0x27, 0x37, 0x37, 0x8b, 0xf6, 0xf4, 0xef, 0xc2, 0xc2, 0xbf, 0x2b, 0xb2, 0x2b, 0xb7, 0x6c, 0x63, 0x23, 0x63, 0x68, 0x68, 0x68, 0x68, 0x5e, 0x5e, 0x22, 0x6c, 0x06, 0x54, 0xff, 0xf7, 0xd6, 0xf4, 0xf4, 0xd8, 0xd6, 0x9b, 0xd6, 0xf4, 0xd8, 0xe0, 0x4d, 0xf7, 0xa4, 0xd8, 0xd8, 0xd8, 0xa4, 0xe9, 0xdb, 0xf6, 0xdc, 0xdb, 0xdb, 0xdb, 0xdb, 0xd9, 0xdc, 0xd9, 0xd8, 0xf6, 0xd9, 0xf6, 0xd9, 0xa0, 0xa4, 0xa4, 0xdf, 0xaa, 0xe9, 0xe7, 0xe7, 0xac, 0x54, 0xac, 0xe5, 0xe5, 0xe6, 0xac, 0xad, 0xac, 0xdc, 0xef, 0xf1, 0xcd, 0xcd, 0xf1, 0xf1, 0xf1, 0xc5, 0xc4, 0xc1, 0x8b, 0xca, 0xc5, 0x84, 0xd9, 0x4b, 0xac, 0x54, 0xe9, 0x54, 0xfc, 0x4a, 0xdb, 0xd6, 0x92, 0x96, 0x46, 0x85, 0xcd, 0xc9, 0x90, 0x96, 0x4b, 0x07, 0x54, 0xf5, 0xd1, 0x99, 0x44, 0x42, 0x9b, 0xdf, 0x50, 0xdf, 0xe0, 0xae, 0xde, 0xdb, 0xf6, 0x4a, 0x4a, 0xdf, 
  0xaa, 0xa9, 0xfd, 0xae, 0x54, 0x54, 0x54, 0x54, 0x54, 0x54, 0xae, 0xae, 0x09, 0x51, 0xa0, 0xd9, 0x9b, 0x99, 0xd4, 0xd5, 0xd5, 0x9c, 0xd4, 0xa7, 0xae, 0x54, 0xa4, 0xd6, 0xd4, 0x99, 0xd4, 0xcd, 0x90, 0x91, 0xd5, 0x89, 0x89, 0xf1, 0x81, 0x3b, 0x3c, 0x3f, 0xcd, 0xf1, 0x50, 0xac, 0xab, 0xe5, 0x01, 0x01, 0x79, 0x73, 0x3c, 0x25, 0x71, 0x35, 0x2c, 0x75, 0x3f, 0x44, 0x40, 0x93, 0x8b, 0x92, 0xe6, 0xe5, 0xe4, 0x8b, 0xc9, 0x37, 0x7f, 0xc9, 0x85, 0xc9, 0xca, 0x85, 0xc9, 0x8b, 0xdb, 0x54, 0xad, 0xe9, 0xe1, 0xad, 0x05, 0x49, 0x42, 0x4a, 0x49, 0x44, 0x3b, 0x49, 0x46, 0x07, 0xfe, 0xa8, 0xe2, 0xa7, 0xa8, 0xe0, 0xe0, 0xe1, 0xe0, 0xe1, 0xde, 0xe0, 0x54, 0x37, 0x2f, 0xc1, 0x7a, 0xbb, 0xc0, 0xc1, 0xf1, 0x54, 0x33, 0x15, 0x17, 0x63, 0x63, 0x68, 0x5e, 0xb2, 0x63, 0xb7, 0x44, 0xab, 0xa7, 0xdd, 0x4f, 0xfb, 0x54, 0x7f, 0x2d, 0x72, 0x78, 0x2b, 0x27, 0x1a, 0x1d, 0x23, 0x1d, 0xb3, 0x5b, 0x6c, 0x89, 0xd4, 0x8b, 0xca, 0xf2, 0xe1, 0xf7, 0xde, 0xfe, 0xdc, 0x46, 0x92, 0xca, 0xcd, 0xf1, 0xd5, 0xf6, 0xd9, 0xa0, 0xf1, 0x8a, 0xee, 0xf3, 0xc3, 0xbc, 0xb0, 0xaf, 0xb8, 0x56, 0x0e, 0x18, 0x57, 0x1d, 0x5e, 0xaf, 0x57, 0x11, 0x0e, 0x10, 0x0e, 0x0c, 0x0e, 0x0d, 0x11, 0x11, 0x19, 0x5e, 0x29, 0x3a, 0x33, 0xc5, 0xd7, 0xf9, 0xed, 0x2b, 0x2b, 0x68, 0x6c, 0x2d, 0x68, 0x23, 0x1d, 0x1d, 0x5e, 0x23, 0x23, 0x27, 0x6c, 0x7a, 0x37, 0xd6, 0xf7, 0xd5, 0xd4, 0xd8, 0xf5, 0x9b, 0x9b, 0xd6, 0xd5, 0xdb, 0xe0, 0xdb, 0xdc, 0xd9, 0xd6, 0x9b, 0xdb, 0xe7, 0xdb, 0xd9, 0x05, 0xd9, 0xa0, 0xdb, 0xd9, 0xd5, 0xd5, 0xd9, 0xd9, 0xdb, 0xd8, 0xd8, 0xa0, 0xa0, 0xd9, 0x05, 0xa4, 0xe4, 0xe7, 0xe7, 0xe9, 0xac, 0x54, 0xe9, 0xe5, 0xe5, 0xac, 0xae, 0x54, 0x54, 0x4a, 0x99, 0x9b, 0x46, 0xf1, 0x99, 0xcd, 0x89, 0xee, 0xf1, 0xce, 0x46, 0x42, 0xc1, 0x46, 0x4d, 0x53, 0x54, 0xac, 0x54, 0x08, 0xd6, 0xdb, 0x9b, 0x96, 0x46, 0x4d, 0x3b, 0x8b, 0x92, 0xce, 0x42, 0x90, 0x4b, 0x54, 0xe7, 0xd8, 0xd4, 0x99, 0x46, 0xdc, 0x46, 0x9b, 0xde, 0xdf, 0xde, 0x08, 0xe0, 0xde, 0x4d, 0xd9, 0x05, 0x51, 
  0xaa, 0xe1, 0xfe, 0x54, 0x54, 0x54, 0x54, 0x54, 0x54, 0x54, 0x54, 0xae, 0xaa, 0xd9, 0x4a, 0x9b, 0x96, 0x9b, 0x9c, 0xd5, 0x9f, 0xd9, 0xa5, 0xe9, 0xad, 0xe1, 0xd8, 0xd4, 0x99, 0x91, 0xf1, 0xd8, 0xd4, 0x97, 0x8a, 0x87, 0xd4, 0x89, 0x3b, 0x87, 0x3f, 0x88, 0x92, 0x99, 0xf6, 0xad, 0x53, 0xe5, 0xe6, 0x09, 0x38, 0x7d, 0x40, 0x62, 0x2d, 0x87, 0x71, 0x34, 0x35, 0x42, 0x3b, 0x42, 0x4b, 0x42, 0xe0, 0xe4, 0xe1, 0x3e, 0x37, 0xcd, 0xc0, 0x7f, 0xc5, 0xef, 0x3a, 0xc6, 0x8b, 0xc9, 0xde, 0x54, 0xac, 0xe4, 0xae, 0xe7, 0x3e, 0x99, 0x42, 0x4a, 0x49, 0x37, 0x92, 0x42, 0x3e, 0x05, 0xea, 0xa8, 0xa8, 0xa8, 0xa7, 0xa8, 0xa7, 0xa7, 0xe2, 0xdf, 0xea, 0x54, 0x4b, 0x8b, 0xca, 0x8b, 0x3b, 0x85, 0x7a, 0xc0, 0x3c, 0x22, 0x14, 0x1d, 0x6c, 0x63, 0x68, 0x68, 0x6c, 0xb2, 0xb3, 0x92, 0x54, 0xe1, 0xa3, 0xfe, 0x54, 0x51, 0x05, 0x75, 0xec, 0x7e, 0x2f, 0x24, 0x84, 0x5b, 0x5b, 0x6e, 0x5b, 0x6a, 0xb3, 0xc5, 0x90, 0x8b, 0xf6, 0xc4, 0x8b, 0xf5, 0xdc, 0xdc, 0xf6, 0xda, 0x4d, 0xdc, 0x4e, 0xad, 0x54, 0x54, 0x53, 0x46, 0xc5, 0xc1, 0xed, 0x91, 0xcc, 0xb4, 0xb4, 0xaf, 0xaf, 0xb4, 0x74, 0x0c, 0x55, 0x24, 0xaf, 0x10, 0x23, 0x2f, 0xb2, 0xaf, 0x55, 0x15, 0x10, 0x11, 0x0e, 0x0d, 0x11, 0x0b, 0x0c, 0x0c, 0x0c, 0x15, 0x15, 0x27, 0x27, 0x29, 0xca, 0xfb, 0x54, 0xc7, 0xb2, 0x23, 0x61, 0xb2, 0x68, 0x27, 0x63, 0x5e, 0x5e, 0x19, 0x5a, 0x5a, 0x33, 0x54, 0x50, 0xfa, 0xd6, 0xd6, 0xd9, 0xf4, 0xd4, 0xd6, 0xd6, 0xd9, 0xdc, 0xdc, 0xf6, 0x9b, 0x9b, 0xda, 0xe4, 0xf6, 0xf4, 0xd6, 0xd4, 0xdb, 0x4a, 0x9f, 0xf4, 0xda, 0xda, 0xd9, 0xd9, 0xd8, 0xd6, 0xd9, 0xd9, 0x9c, 0xd9, 0x4d, 0x08, 0xe7, 0xaa, 0xe6, 0xe9, 0xae, 0xe7, 0xe5, 0xea, 0xae, 0x54, 0x08, 0xd6, 0x99, 0x44, 0xf1, 0xf1, 0x99, 0xf1, 0xcd, 0xce, 0xf4, 0x49, 0xd6, 0xd6, 0xca, 0xca, 0xdc, 0x53, 0x54, 0xae, 0xae, 0x54, 0x9b, 0xf1, 0xd5, 0x46, 0xd6, 0x46, 0x3e, 0x3e, 0xce, 0xcd, 0x99, 0xce, 0x49, 0x53, 0x54, 0xe9, 0xd6, 0x9b, 0xd6, 0x42, 0x4a, 0xff, 0x9b, 0x4a, 0xde, 0xe0, 0x08, 0xe7, 0xde, 0xdc, 0xdc, 0xdb, 0x05, 
  0xaa, 0xe2, 0xea, 0x54, 0x54, 0x54, 0x54, 0x54, 0x54, 0x54, 0x54, 0xae, 0x51, 0xa0, 0xd8, 0x49, 0x9c, 0x9c, 0xd8, 0xd8, 0xd9, 0xe0, 0x54, 0xe9, 0xac, 0xdf, 0x9b, 0x99, 0x99, 0xd4, 0xd5, 0xca, 0x8a, 0xcb, 0x87, 0x99, 0x90, 0xc4, 0x3c, 0x82, 0x91, 0x3f, 0x90, 0x4a, 0xe9, 0xab, 0xe6, 0xe6, 0xfc, 0xae, 0x45, 0x46, 0x45, 0x25, 0x6f, 0x89, 0x32, 0x35, 0x34, 0x87, 0x44, 0x3c, 0x8b, 0x4b, 0x08, 0xe1, 0xdf, 0xd6, 0xc0, 0xc5, 0xf3, 0x7f, 0x7a, 0xcd, 0xc5, 0xca, 0xc5, 0xc9, 0xdc, 0xae, 0xe6, 0xe5, 0x01, 0x49, 0x3b, 0x9b, 0x3b, 0xf6, 0x03, 0x7a, 0x3f, 0x85, 0x44, 0x9b, 0x54, 0xe8, 0xe2, 0xa8, 0xfb, 0xa7, 0xa8, 0xe2, 0xa7, 0xe8, 0x4d, 0xc0, 0x33, 0x2f, 0x7a, 0x33, 0x33, 0x2b, 0xc4, 0x38, 0x19, 0x15, 0x63, 0x6c, 0x68, 0x68, 0xb7, 0x6c, 0xb5, 0xbb, 0xc5, 0x54, 0xe1, 0xdd, 0xe8, 0xab, 0x31, 0x29, 0x29, 0x2e, 0x74, 0x74, 0xb2, 0x80, 0x68, 0xb2, 0x5e, 0x6e, 0x23, 0x63, 0x92, 0x49, 0x42, 0x85, 0x9b, 0xd6, 0xf1, 0xf4, 0xf5, 0xde, 0xdb, 0xdb, 0xd9, 0xda, 0xa4, 0xe0, 0x54, 0x00, 0x3e, 0xbf, 0xc4, 0xc1, 0xed, 0xc2, 0xb4, 0xb0, 0xb0, 0xaf, 0x5e, 0xb1, 0x54, 0x55, 0x0b, 0x0e, 0xb2, 0x23, 0x55, 0x57, 0x1d, 0x29, 0xb6, 0x5e, 0x57, 0x11, 0x57, 0x0e, 0x10, 0x55, 0x0c, 0x55, 0x0c, 0x0c, 0x0e, 0x0c, 0x10, 0x0d, 0x14, 0x1a, 0x19, 0x22, 0x3a, 0xf9, 0xd7, 0xed, 0xb5, 0x63, 0x1d, 0x5b, 0x5e, 0x61, 0x23, 0x23, 0x23, 0x23, 0xb2, 0x33, 0xf5, 0xf5, 0xf2, 0xd6, 0xd5, 0x99, 0x9b, 0x9b, 0xda, 0xdb, 0xdb, 0x9b, 0x99, 0xd8, 0x50, 0xd8, 0x4a, 0xd9, 0x99, 0xd5, 0xd5, 0xd5, 0xd8, 0xd9, 0xda, 0x4a, 0xd6, 0xd8, 0xd6, 0xd6, 0x4a, 0xd6, 0xd8, 0x50, 0xae, 0xac, 0xe9, 0xe7, 0xe7, 0xad, 0xe7, 0xac, 0x54, 0x54, 0x53, 0x9b, 0x92, 0xf1, 0xf1, 0xd6, 0xd4, 0xce, 0xf1, 0xd6, 0x4a, 0x9b, 0xf6, 0x4a, 0xdc, 0x53, 0x4d, 0x53, 0x54, 0xae, 0xac, 0x54, 0x4d, 0xf2, 0xd9, 0xd6, 0xd8, 0x99, 0x46, 0x42, 0x3e, 0xce, 0x92, 0x99, 0x96, 0xa0, 0xae, 0xe9, 0xae, 0xd9, 0xd8, 0x9b, 0x46, 0x44, 0xdb, 0xe4, 0xf6, 0x05, 0xe1, 0x54, 0x54, 0xe0, 0xde, 0xdc, 0x50, 0xd9, 
  0xe1, 0xfd, 0xad, 0x54, 0x54, 0x54, 0x54, 0x54, 0x54, 0x54, 0x54, 0xac, 0x4e, 0xa0, 0x4a, 0x9b, 0xd8, 0xd8, 0xda, 0xa5, 0xea, 0xad, 0xe9, 0xfc, 0xdd, 0xd9, 0x46, 0x97, 0x9b, 0x99, 0xf2, 0xcb, 0x96, 0xc9, 0xd4, 0x90, 0xc9, 0x92, 0x81, 0x87, 0x90, 0x90, 0x3f, 0x9b, 0xad, 0xe7, 0xe6, 0xe5, 0xe6, 0xe4, 0xe9, 0x54, 0x45, 0x32, 0x72, 0xc9, 0x35, 0x38, 0x7b, 0x34, 0x40, 0x99, 0x3b, 0x3b, 0x46, 0xe9, 0xdf, 0x46, 0xcd, 0xc0, 0xca, 0xcd, 0x7f, 0x3e, 0xc9, 0xef, 0xc5, 0xca, 0xdc, 0xad, 0xea, 0xae, 0x03, 0x42, 0xc5, 0x44, 0x3e, 0x46, 0x34, 0x7f, 0x38, 0x99, 0xd8, 0x92, 0xac, 0x54, 0xad, 0xe5, 0xe2, 0xa8, 0xfb, 0xa7, 0xfe, 0x51, 0x7f, 0x33, 0x33, 0x7f, 0x37, 0xc0, 0xc5, 0xf6, 0x85, 0x19, 0x1f, 0xb5, 0x68, 0x74, 0xb3, 0xb7, 0x6c, 0x2b, 0xeb, 0x54, 0xae, 0xe7, 0xe6, 0xea, 0xdc, 0x31, 0x24, 0x27, 0x24, 0x6c, 0x74, 0x66, 0x76, 0x2d, 0x1a, 0x1a, 0x61, 0xb2, 0xb2, 0x23, 0x8a, 0x46, 0x92, 0x42, 0x8b, 0xdb, 0xdc, 0xae, 0xf6, 0xdc, 0xf6, 0xdc, 0xd9, 0xd9, 0xa0, 0xe6, 0x92, 0x7f, 0xc1, 0x7f, 0xc6, 0x3a, 0xc1, 0xb4, 0xaf, 0xb0, 0xb3, 0x57, 0x18, 0xaf, 0x00, 0x6e, 0x10, 0x0c, 0x10, 0x6c, 0x6c, 0x5b, 0x5a, 0x5b, 0x31, 0x45, 0x3e, 0xb2, 0x5b, 0x5b, 0x0d, 0x14, 0x55, 0x10, 0x18, 0x0e, 0x55, 0x15, 0x0d, 0x15, 0x10, 0x0d, 0x11, 0x0d, 0x0e, 0x17, 0x19, 0x22, 0x37, 0xd1, 0xc9, 0xc2, 0x6c, 0x5e, 0x5b, 0x5b, 0x5b, 0x5a, 0x5e, 0x63, 0x3a, 0x05, 0xfe, 0xf7, 0xd4, 0xd4, 0x99, 0xd4, 0xd5, 0xf6, 0xda, 0xd6, 0xce, 0xd8, 0xe0, 0xf6, 0x4a, 0xd8, 0xd1, 0xf2, 0xd5, 0xd6, 0xd8, 0xda, 0xd8, 0x9c, 0xd6, 0xd6, 0xd5, 0xd6, 0x9c, 0xd6, 0xd6, 0xd8, 0xfc, 0xac, 0xe9, 0xe9, 0xe9, 0xad, 0xac, 0xae, 0x54, 0xe4, 0x44, 0x42, 0xf1, 0x46, 0xf1, 0xef, 0xf1, 0xf1, 0xf4, 0xd9, 0xf4, 0x05, 0xf6, 0x00, 0xad, 0x54, 0x54, 0x54, 0xae, 0xae, 0xae, 0x54, 0xe4, 0xa4, 0xd9, 0xd9, 0x99, 0x46, 0xd6, 0x44, 0xce, 0x46, 0xce, 0x44, 0x99, 0x04, 0xe9, 0xfe, 0xaa, 0xd9, 0xd8, 0x99, 0x49, 0x9b, 0xd6, 0x50, 0xe0, 0xde, 0xdb, 0x07, 0x54, 0xe7, 0xdf, 0xa4, 0xa4, 0x50, 
  0xe1, 0xfe, 0x54, 0x54, 0x54, 0x54, 0x54, 0x54, 0x54, 0x54, 0x54, 0x51, 0x4e, 0x4a, 0x9b, 0xa0, 0xda, 0xa3, 0x51, 0xe9, 0xae, 0xe4, 0xa4, 0xa4, 0xdc, 0xd9, 0x96, 0xd4, 0xd5, 0xd4, 0xf1, 0xe1, 0xd9, 0xd4, 0xce, 0x8a, 0x96, 0xc9, 0x3c, 0x89, 0x3c, 0x90, 0x91, 0x99, 0xe4, 0xad, 0xaa, 0xe6, 0xe5, 0xaa, 0xfc, 0xe5, 0x53, 0x3c, 0x81, 0x96, 0x80, 0x82, 0x82, 0x81, 0x34, 0x49, 0x9c, 0x3f, 0x03, 0x50, 0xe6, 0xf1, 0x92, 0xef, 0x3a, 0xcd, 0x8b, 0xc4, 0xef, 0xca, 0xc5, 0xca, 0xd6, 0x08, 0x54, 0x06, 0x85, 0xce, 0xc5, 0x42, 0x90, 0x3a, 0x2d, 0x33, 0xcd, 0x90, 0xf1, 0xca, 0x4d, 0x54, 0xae, 0xae, 0xe9, 0xe2, 0xa8, 0xe2, 0x54, 0x49, 0x3e, 0x42, 0xca, 0x8b, 0x85, 0x42, 0x38, 0x27, 0x1d, 0x22, 0x7f, 0x6c, 0xb5, 0xb8, 0x6c, 0xbb, 0xb3, 0xbb, 0x07, 0x54, 0xe5, 0xfc, 0xae, 0x05, 0x35, 0x7f, 0xb8, 0x74, 0xbf, 0xbb, 0x29, 0x77, 0x29, 0x2d, 0xb3, 0x1f, 0x68, 0x68, 0x6c, 0x61, 0xd1, 0x05, 0x3c, 0x46, 0x8b, 0xf1, 0xf1, 0xe5, 0xe0, 0xf6, 0xf7, 0xde, 0xd9, 0xdb, 0xe0, 0x99, 0x85, 0xc5, 0xc6, 0xc4, 0xbf, 0x85, 0xb3, 0xb0, 0xaf, 0x6c, 0x63, 0x55, 0x61, 0x5e, 0xb7, 0x54, 0x5c, 0x0e, 0x0e, 0x0e, 0x31, 0x33, 0x5e, 0x18, 0x15, 0x1a, 0x2b, 0x4a, 0xdb, 0x76, 0x61, 0x14, 0x1a, 0x14, 0x55, 0x18, 0x11, 0x57, 0x19, 0x0e, 0x57, 0x57, 0x14, 0x5a, 0x10, 0x0d, 0x14, 0x14, 0x11, 0x15, 0x23, 0x27, 0x68, 0x77, 0xb6, 0x6c, 0xb5, 0xb2, 0x63, 0x5e, 0x1f, 0x5e, 0x2b, 0x3a, 0xdb, 0xd5, 0x99, 0x99, 0xcd, 0xd6, 0xdc, 0x4a, 0xcd, 0x9c, 0xde, 0xd6, 0xd9, 0x9b, 0xd0, 0xd4, 0xf2, 0xf4, 0xd9, 0x4a, 0x9f, 0x9f, 0x9c, 0xd6, 0xd6, 0x9b, 0xd6, 0xd6, 0xd4, 0xd8, 0xe7, 0xad, 0xe9, 0xe9, 0xe9, 0xe7, 0xae, 0x54, 0x4d, 0xf1, 0xd6, 0x9b, 0xf1, 0x92, 0x92, 0xf1, 0x9b, 0xf6, 0xdc, 0xf6, 0xe0, 0xe0, 0xfc, 0xea, 0xac, 0xae, 0x54, 0xae, 0xae, 0xad, 0x54, 0xac, 0xf6, 0xa4, 0xf6, 0x44, 0x9b, 0xdc, 0x03, 0x90, 0x99, 0x99, 0x99, 0x92, 0x49, 0x4a, 0xad, 0xaa, 0xe6, 0xdb, 0xd8, 0xd6, 0xf4, 0x49, 0xde, 0xd8, 0xdf, 0xe0, 0xde, 0xa5, 0x54, 0xae, 0xe0, 0xde, 0x50, 0xdc, 
  0xfb, 0xe6, 0x54, 0x54, 0x54, 0x54, 0x54, 0x54, 0x54, 0x54, 0x01, 0x07, 0x05, 0xd8, 0xda, 0xdf, 0xfa, 0xea, 0x54, 0xad, 0xe7, 0xa8, 0xdb, 0xa0, 0xdb, 0xd9, 0x9b, 0x9b, 0xd6, 0xf2, 0xf5, 0xdf, 0x91, 0xd4, 0x8c, 0x96, 0xf1, 0x3c, 0x82, 0x90, 0x3b, 0x90, 0x96, 0x99, 0xe4, 0xad, 0xe6, 0xe6, 0xe5, 0xe5, 0xfd, 0xe4, 0xad, 0x4b, 0x3c, 0xd6, 0x81, 0xc5, 0x82, 0x85, 0x35, 0x3b, 0x44, 0x42, 0x9b, 0x4a, 0x00, 0xf6, 0x92, 0x92, 0xf2, 0xc5, 0x42, 0xc9, 0xca, 0xee, 0x8b, 0xc6, 0x92, 0xe7, 0xae, 0x05, 0x3a, 0xf1, 0x8b, 0x46, 0x92, 0x29, 0x2d, 0xca, 0x33, 0xbd, 0x9b, 0x3e, 0x44, 0x54, 0xe9, 0xe6, 0xe6, 0xab, 0xe2, 0xe1, 0x3a, 0x33, 0x85, 0x37, 0x33, 0xbb, 0x37, 0x3a, 0x1f, 0x20, 0x68, 0x75, 0xbb, 0x6e, 0xeb, 0xb5, 0xb8, 0xb8, 0x7a, 0xf6, 0x54, 0xfc, 0xe1, 0xe5, 0xe4, 0x44, 0xf1, 0xee, 0xee, 0xde, 0x8b, 0x66, 0x77, 0x74, 0x2b, 0xc3, 0x27, 0xb2, 0x74, 0xb2, 0x6e, 0xb3, 0x9b, 0x00, 0x3e, 0x42, 0xf1, 0x8b, 0xf1, 0xf6, 0xae, 0xf5, 0xdb, 0xde, 0xf6, 0xdb, 0xc0, 0xbd, 0xc6, 0xed, 0xbf, 0xc1, 0x42, 0xb9, 0xb0, 0xaf, 0xb0, 0xec, 0x18, 0x57, 0x57, 0x5b, 0x2d, 0x54, 0x49, 0x11, 0x10, 0x0e, 0x0e, 0x2f, 0x33, 0x63, 0x1f, 0x1d, 0x1f, 0x27, 0x44, 0x54, 0x50, 0x75, 0x2f, 0x27, 0x18, 0x19, 0x5b, 0x14, 0x5a, 0x1d, 0x10, 0x1a, 0x5b, 0x57, 0x1d, 0x18, 0x14, 0x61, 0x22, 0x0e, 0x14, 0x5a, 0x15, 0x57, 0x22, 0x29, 0x2d, 0x2e, 0xb3, 0x63, 0x5e, 0x1d, 0x5a, 0x5e, 0xf1, 0xa0, 0xd9, 0x9b, 0xd1, 0xd1, 0xd9, 0xd6, 0xce, 0xd4, 0xda, 0xd8, 0x4a, 0xd0, 0x91, 0xcd, 0xd5, 0xd8, 0x9c, 0x9f, 0xd6, 0xd6, 0x9c, 0x9b, 0xd6, 0x9b, 0xd6, 0xd4, 0xd4, 0xd6, 0x00, 0xae, 0xea, 0xea, 0xe9, 0x54, 0x54, 0xf4, 0x92, 0x92, 0xca, 0xc9, 0xca, 0xf2, 0xf6, 0xdc, 0xde, 0xdf, 0xde, 0xfc, 0xe7, 0xe9, 0xe9, 0xe9, 0xae, 0x54, 0xae, 0xae, 0xae, 0x54, 0x54, 0xd9, 0xd9, 0xd8, 0x46, 0xd8, 0xdb, 0xf6, 0x42, 0x44, 0xd4, 0x46, 0xd6, 0x46, 0x07, 0xad, 0xa9, 0xe5, 0xae, 0xdf, 0xd9, 0xd9, 0x9b, 0x49, 0xe0, 0xdb, 0x05, 0xdf, 0xe0, 0xde, 0xe9, 0x54, 0xe6, 0xde, 0xde, 0xde, 
  0xfd, 0xff, 0x54, 0x54, 0x54, 0x54, 0x54, 0x54, 0xae, 0x54, 0x09, 0x4d, 0xa0, 0xa5, 0xe0, 0xe8, 0xae, 0xad, 0xe7, 0xe0, 0xdb, 0xdb, 0xdc, 0xdb, 0xda, 0xd9, 0xd6, 0xd5, 0xd6, 0xd4, 0xe0, 0x46, 0xf3, 0x42, 0xcd, 0x99, 0x91, 0x3f, 0x81, 0xcb, 0x90, 0x89, 0x9b, 0xdf, 0xac, 0xab, 0xab, 0xab, 0xe6, 0xe5, 0xe5, 0xe5, 0xe5, 0xe7, 0x01, 0x05, 0xca, 0x42, 0x89, 0x8c, 0x85, 0x38, 0x92, 0x3f, 0x92, 0x4d, 0x51, 0xd6, 0x9b, 0x3e, 0xf1, 0xf1, 0x3a, 0xc9, 0xef, 0x8b, 0xc9, 0xc4, 0xcd, 0x54, 0xf1, 0x8b, 0x8b, 0x8b, 0x8b, 0xd6, 0x34, 0x27, 0xc5, 0x74, 0xbb, 0x42, 0x05, 0xc5, 0x8b, 0xe5, 0xe6, 0xe5, 0xa8, 0xdd, 0xea, 0x4a, 0x7a, 0x3e, 0x85, 0x82, 0x85, 0x90, 0x37, 0x27, 0x6c, 0x7a, 0x68, 0xbf, 0xb5, 0xbb, 0xb7, 0xb8, 0x7f, 0xf1, 0xe7, 0xe1, 0xe1, 0xe0, 0xde, 0xe1, 0xdc, 0xea, 0xda, 0xd5, 0xfe, 0x50, 0x68, 0x77, 0xc0, 0x29, 0xc3, 0x75, 0x68, 0x63, 0xb5, 0x68, 0x74, 0x49, 0xdf, 0xd9, 0x9b, 0x8b, 0x49, 0xf1, 0xf1, 0xf4, 0x54, 0xe4, 0xdc, 0xdc, 0x54, 0x92, 0xbf, 0xc9, 0xc9, 0xc6, 0xc4, 0x3e, 0xec, 0x5e, 0x5e, 0x5e, 0xc2, 0x37, 0x5b, 0x10, 0x5a, 0x5c, 0x68, 0x00, 0x54, 0x6a, 0x11, 0x11, 0x0e, 0x0e, 0x2b, 0x3b, 0x29, 0x2b, 0x29, 0x22, 0x29, 0x2d, 0x44, 0x54, 0x54, 0x04, 0x34, 0x34, 0x74, 0x23, 0x19, 0x1d, 0x23, 0x14, 0x5a, 0x5e, 0x57, 0x1d, 0x5e, 0x55, 0x61, 0x6c, 0x18, 0x5b, 0x63, 0x5b, 0x57, 0x55, 0x15, 0x18, 0x1d, 0x2a, 0xb5, 0x6e, 0x6c, 0xb2, 0x68, 0xb7, 0xce, 0xd9, 0xd4, 0x92, 0xd4, 0xd6, 0xd1, 0x96, 0xdb, 0x9b, 0xd4, 0xcc, 0xcb, 0xf0, 0x4a, 0x97, 0x9b, 0x9c, 0x9c, 0x9b, 0x9b, 0x99, 0x9b, 0x9b, 0x9b, 0xd4, 0x9b, 0xce, 0xa4, 0xae, 0xe7, 0xe7, 0x54, 0xde, 0x8b, 0x37, 0x37, 0x85, 0xca, 0x4a, 0xdc, 0xf6, 0xdf, 0xe0, 0xe5, 0xe5, 0xe7, 0xe9, 0xe6, 0xe9, 0xac, 0xae, 0x54, 0x54, 0xae, 0xae, 0xae, 0x54, 0xe0, 0xd8, 0xf6, 0xd6, 0xf6, 0xdc, 0x9b, 0x9b, 0x40, 0x42, 0x4a, 0x99, 0xf4, 0x49, 0xe1, 0xad, 0xe6, 0xaa, 0xea, 0xdc, 0xd9, 0xd9, 0xf4, 0x44, 0x4a, 0xfc, 0xdc, 0x4d, 0xdf, 0xe9, 0xae, 0xae, 0xac, 0xe0, 0xdf, 0xdf, 
  0xfe, 0xad, 0x54, 0x54, 0x54, 0x54, 0xae, 0xae, 0xae, 0x54, 0x51, 0x50, 0xdf, 0xe5, 0xad, 0xae, 0xae, 0xea, 0xe6, 0xde, 0xa0, 0xd4, 0x99, 0x9b, 0xd6, 0x9b, 0xd6, 0xd8, 0xd5, 0xf6, 0xfc, 0xe0, 0xd8, 0xcd, 0xd4, 0x91, 0x96, 0xc9, 0x87, 0x3f, 0x91, 0x90, 0xcd, 0xe1, 0x54, 0xe8, 0xe8, 0xea, 0xe6, 0xe6, 0xe6, 0xe5, 0xe5, 0xe5, 0xe8, 0xe4, 0x49, 0x44, 0x8b, 0x3f, 0x8a, 0x82, 0xc5, 0xd8, 0x3f, 0x92, 0x50, 0x05, 0x99, 0xd5, 0x8b, 0xf2, 0xca, 0x3a, 0xee, 0xc9, 0xc6, 0xc5, 0xef, 0x54, 0x99, 0xca, 0x8b, 0x8b, 0x92, 0x92, 0x2a, 0x74, 0x2d, 0x6e, 0x89, 0xd8, 0x05, 0x3e, 0x3a, 0x05, 0xfe, 0xe7, 0xa8, 0xa7, 0xfe, 0x44, 0x90, 0x3e, 0x3a, 0x92, 0x3f, 0x2d, 0x22, 0x2f, 0xc6, 0x6c, 0x7a, 0xbb, 0x74, 0xb8, 0xc4, 0xc0, 0x9b, 0xe5, 0xd8, 0xf7, 0xe1, 0xde, 0xa4, 0xdc, 0xde, 0xe0, 0xd8, 0xda, 0xe8, 0xca, 0x77, 0x84, 0x2b, 0x72, 0xc9, 0x23, 0xb5, 0x68, 0xb5, 0xb8, 0x2b, 0xf8, 0x00, 0xd9, 0xd6, 0x42, 0xca, 0x4a, 0xf4, 0xe0, 0xe9, 0x54, 0xe1, 0xde, 0x3e, 0x7a, 0xc5, 0xc1, 0xc4, 0xec, 0xc6, 0xb8, 0xb2, 0x5e, 0xb2, 0xb2, 0xf4, 0xc5, 0x57, 0x11, 0x63, 0x5e, 0x5c, 0xc4, 0x54, 0x54, 0x1d, 0x55, 0x10, 0x0e, 0x0e, 0x2f, 0x2f, 0x22, 0x29, 0x68, 0x2b, 0x2b, 0x6c, 0x99, 0x54, 0x54, 0x54, 0x54, 0x54, 0x96, 0x74, 0x29, 0x7f, 0x6c, 0x1d, 0x1d, 0x23, 0x5a, 0x63, 0x63, 0x5b, 0x22, 0xb6, 0x23, 0x1d, 0x68, 0xb2, 0x5e, 0xb2, 0xb2, 0x5b, 0x18, 0x5a, 0x23, 0x2b, 0xb3, 0xb3, 0x6c, 0xbd, 0xc6, 0xf2, 0xd5, 0xf2, 0x9b, 0xce, 0xcd, 0x9b, 0x9b, 0x97, 0x91, 0xcb, 0x8a, 0xcd, 0x97, 0xd4, 0x48, 0xf4, 0x9b, 0xd4, 0xd4, 0x9b, 0x9b, 0x99, 0x9b, 0xf1, 0x9b, 0xdf, 0x4e, 0x07, 0x54, 0x9b, 0x37, 0x33, 0x37, 0x46, 0xdc, 0xe0, 0x53, 0xde, 0xe4, 0xe7, 0xe7, 0xe9, 0xac, 0xe9, 0xe7, 0xe9, 0xe9, 0xe9, 0x54, 0x54, 0xae, 0x54, 0x54, 0x54, 0x54, 0x08, 0xdf, 0xdb, 0xdc, 0xf6, 0x99, 0xd6, 0x3e, 0x42, 0x9b, 0x9b, 0x99, 0xd6, 0x4a, 0x53, 0xea, 0xea, 0xe9, 0xad, 0xa4, 0xf6, 0xf6, 0xd6, 0x4b, 0x4a, 0x50, 0xfc, 0xdc, 0xdc, 0xe1, 0xad, 0x54, 0xae, 0xfc, 0xe0, 0xe0, 
  0xfe, 0x54, 0x54, 0x54, 0xae, 0xae, 0xae, 0xae, 0xae, 0x09, 0x50, 0xe1, 0xea, 0xad, 0xae, 0xad, 0xea, 0xad, 0xac, 0x08, 0xaa, 0xa4, 0xa3, 0xdb, 0xdb, 0xdb, 0xd6, 0xd6, 0xd8, 0xe0, 0xad, 0x05, 0x3f, 0xd4, 0xce, 0x42, 0xf2, 0x3c, 0x89, 0x88, 0xcd, 0x42, 0xcb, 0xdc, 0x54, 0xe9, 0xea, 0xea, 0xe9, 0xab, 0xe7, 0xe6, 0xe6, 0xe6, 0xe6, 0xad, 0xf6, 0x44, 0x44, 0x99, 0x3f, 0x3f, 0x82, 0x46, 0x9b, 0x3e, 0x46, 0x51, 0xf1, 0xce, 0xd5, 0x8b, 0xf1, 0xc9, 0xc5, 0xee, 0x8b, 0xc4, 0x99, 0xaa, 0xf1, 0x3e, 0xee, 0x3e, 0xd6, 0x7a, 0x61, 0x27, 0x6c, 0xc6, 0x96, 0xac, 0x4b, 0x8b, 0x85, 0x92, 0xea, 0xe1, 0xe5, 0xe1, 0x3b, 0x7a, 0x37, 0xc0, 0xf1, 0x37, 0x27, 0x2b, 0x68, 0xed, 0xbd, 0xb7, 0xc0, 0xb5, 0xeb, 0xee, 0xa7, 0xe8, 0xa3, 0xdf, 0xe0, 0xa4, 0xfa, 0xdc, 0xf7, 0xf5, 0xde, 0xde, 0xda, 0xa4, 0xdc, 0x05, 0xc5, 0x75, 0xb6, 0xc1, 0x2d, 0x22, 0xb8, 0x2b, 0xb5, 0xbb, 0xb5, 0xa0, 0xdf, 0x50, 0xd6, 0xd6, 0x3e, 0xce, 0xf1, 0x54, 0xae, 0xdc, 0xf6, 0xf4, 0xbb, 0xbf, 0xc5, 0x85, 0xbf, 0xc5, 0x85, 0x63, 0xb2, 0xb0, 0xb3, 0xb8, 0x54, 0x29, 0x57, 0x57, 0x18, 0x18, 0x5e, 0xc6, 0x08, 0x54, 0x82, 0x1a, 0x15, 0x55, 0x0d, 0x10, 0x2f, 0x2f, 0x23, 0x29, 0x29, 0x2b, 0x2d, 0x2d, 0x7f, 0x44, 0xe4, 0xdc, 0xaa, 0x54, 0x54, 0x54, 0x54, 0x4a, 0x8b, 0x29, 0x33, 0x7a, 0x23, 0x63, 0xb7, 0x63, 0x63, 0xb7, 0x6c, 0x23, 0x68, 0xb8, 0x68, 0x6c, 0xc0, 0xba, 0xb3, 0xb2, 0xb5, 0x6c, 0x68, 0x6c, 0xb3, 0x6c, 0xbb, 0xc5, 0x9b, 0xf4, 0xce, 0xcd, 0x99, 0x9b, 0x93, 0xc8, 0x8a, 0xc8, 0xce, 0x9c, 0xd4, 0xd6, 0xd8, 0x9b, 0xf2, 0x46, 0xd4, 0x9b, 0x9b, 0xf1, 0x99, 0xd1, 0xa4, 0x01, 0xde, 0x4a, 0xf1, 0x42, 0x4d, 0x54, 0x53, 0xfc, 0xe4, 0xfc, 0xaa, 0xe5, 0xe4, 0xe4, 0xe5, 0xe7, 0xac, 0xe9, 0xac, 0xea, 0xac, 0x54, 0xae, 0xae, 0xae, 0xad, 0xae, 0x54, 0xfc, 0xde, 0xde, 0xd8, 0x46, 0xd9, 0xdc, 0x44, 0x44, 0xd6, 0xd6, 0xd6, 0xd6, 0x4d, 0xea, 0xe9, 0xe9, 0xe9, 0xae, 0xdf, 0xa0, 0xdb, 0xd6, 0xd6, 0xdc, 0x4a, 0xde, 0x00, 0xa4, 0x4d, 0xdf, 0xe6, 0x54, 0xe6, 0xe0, 0xe0, 
  0xff, 0x54, 0x54, 0xae, 0xae, 0xae, 0xad, 0x01, 0xae, 0xaa, 0xe1, 0xad, 0xad, 0xad, 0xea, 0xad, 0xad, 0xae, 0x54, 0x54, 0xae, 0xe0, 0xe1, 0xe1, 0xe1, 0xe1, 0xdb, 0xd6, 0xf5, 0xfc, 0xe0, 0x42, 0xce, 0x99, 0x92, 0xce, 0x92, 0x3c, 0x8b, 0x8c, 0xcd, 0x96, 0xc9, 0xd9, 0x54, 0xe9, 0xad, 0xea, 0xab, 0xe9, 0xe9, 0xe6, 0xe6, 0xe6, 0xe5, 0xea, 0x51, 0x9b, 0x46, 0x9b, 0x42, 0x3e, 0x3a, 0x3e, 0x46, 0x99, 0x49, 0x05, 0xde, 0xca, 0xd4, 0xd4, 0x3e, 0x8b, 0xc9, 0xc9, 0xc6, 0xc4, 0xca, 0xd4, 0xce, 0xc4, 0x92, 0xca, 0xe0, 0x23, 0x5e, 0x74, 0x7e, 0x74, 0xd6, 0x54, 0x05, 0xc5, 0xc4, 0x85, 0x4d, 0xe2, 0xad, 0x9b, 0x3a, 0xc5, 0x92, 0x92, 0x7a, 0x2b, 0xc0, 0x7a, 0xb8, 0xc4, 0x74, 0xc4, 0xc6, 0x3a, 0x3e, 0xea, 0xa0, 0x9f, 0xf7, 0xfa, 0xe0, 0xdc, 0xde, 0xdc, 0xd8, 0xf6, 0xe1, 0xdc, 0xa4, 0xf7, 0xa7, 0xd6, 0x34, 0x77, 0x82, 0xb3, 0x2d, 0x6c, 0x68, 0xbb, 0x2b, 0xb8, 0x7a, 0xdc, 0x50, 0xd9, 0x4a, 0x9b, 0x49, 0xc5, 0xf1, 0xe7, 0xe7, 0xf6, 0x54, 0xd8, 0x85, 0xcb, 0x8b, 0xbf, 0xc5, 0x85, 0x63, 0x5e, 0xb2, 0xb1, 0xb7, 0xf6, 0xdb, 0x5e, 0x18, 0x10, 0x1d, 0x5e, 0x5a, 0x85, 0x54, 0x4d, 0x54, 0x34, 0x15, 0x15, 0x10, 0x0e, 0x0d, 0x33, 0x33, 0x29, 0x6c, 0x2b, 0x68, 0x2b, 0x2b, 0x75, 0x92, 0x54, 0xe2, 0xa4, 0xe5, 0xe9, 0xe6, 0x54, 0x54, 0x09, 0x07, 0x08, 0x44, 0x7a, 0x49, 0xf1, 0xb7, 0x2b, 0xca, 0xc4, 0xb8, 0x85, 0xd0, 0xbb, 0x8b, 0x9b, 0xef, 0xbf, 0xc0, 0xd1, 0xc9, 0xc2, 0xbf, 0x7a, 0xb7, 0xb5, 0xbb, 0xc4, 0xcd, 0xc9, 0x96, 0xd0, 0x8f, 0xcc, 0x87, 0xc8, 0x98, 0x9b, 0x9f, 0xd5, 0x9b, 0xf1, 0x99, 0x99, 0xd4, 0x9b, 0xce, 0xf1, 0xce, 0x9b, 0x09, 0xf4, 0x8b, 0x3e, 0x07, 0xad, 0xa8, 0xdc, 0xa5, 0xa7, 0xe1, 0xe1, 0xe4, 0xe4, 0xe6, 0xe5, 0xe5, 0xe4, 0xfd, 0xe7, 0xe7, 0xac, 0x54, 0xae, 0xad, 0xac, 0xea, 0xac, 0xad, 0xe5, 0xf6, 0xdb, 0xd8, 0xd6, 0xdb, 0x46, 0x44, 0x9b, 0x49, 0xf4, 0x4a, 0x9b, 0x06, 0xe6, 0xab, 0xe9, 0xe8, 0xea, 0xae, 0xe1, 0xf6, 0x05, 0x4a, 0x4a, 0xdf, 0xde, 0xdb, 0xe1, 0xe0, 0x50, 0xa5, 0x51, 0xfc, 0xaa, 0xe1, 0xe0, 
  0xe8, 0x54, 0xae, 0xae, 0xad, 0xae, 0xad, 0xae, 0xac, 0xe5, 0xad, 0xae, 0xad, 0xea, 0xad, 0xad, 0xae, 0x54, 0x54, 0x54, 0xae, 0xae, 0xe7, 0xe5, 0xe0, 0xdc, 0xa0, 0xd6, 0xa0, 0xd8, 0x9b, 0xd6, 0xd9, 0x92, 0x96, 0x42, 0x96, 0x89, 0x3b, 0xc9, 0x8c, 0x05, 0xfb, 0xff, 0x53, 0xae, 0x54, 0xae, 0x54, 0xea, 0xea, 0xe9, 0xe6, 0xfe, 0xe5, 0xe5, 0xac, 0xd9, 0x99, 0x46, 0x49, 0x92, 0xca, 0x3e, 0xf1, 0x44, 0x99, 0x51, 0x51, 0xd4, 0xca, 0xf4, 0xd4, 0x3e, 0xc6, 0xc9, 0xc6, 0xc6, 0xef, 0xf2, 0xd6, 0xc5, 0x92, 0xf4, 0x7b, 0x1d, 0x77, 0x74, 0x6c, 0x81, 0xdf, 0x54, 0xd6, 0x3a, 0x85, 0x85, 0x44, 0xae, 0xdf, 0xce, 0x42, 0xd6, 0x9b, 0x2f, 0x2b, 0xc9, 0xcb, 0x7a, 0xca, 0x7a, 0xc0, 0xf2, 0xda, 0xa8, 0xf7, 0xa1, 0xda, 0xd6, 0xd6, 0xfa, 0xfa, 0xdc, 0xf7, 0x9b, 0xf6, 0xe0, 0xde, 0x9b, 0xda, 0xa4, 0xfe, 0x85, 0x7e, 0xc3, 0x74, 0xb5, 0xbd, 0x68, 0x2b, 0xc1, 0xb7, 0xbf, 0xdb, 0xde, 0xde, 0x05, 0x4a, 0x9b, 0xd6, 0x46, 0xf1, 0xe7, 0xae, 0x54, 0x46, 0x7f, 0xc0, 0xc0, 0xbd, 0xc6, 0x42, 0xb2, 0x63, 0xb3, 0xb3, 0xb3, 0xc1, 0x54, 0x44, 0x63, 0x14, 0x57, 0x5a, 0x5a, 0x27, 0x2b, 0x9b, 0xae, 0xe6, 0x54, 0x22, 0x57, 0x11, 0x10, 0x0c, 0x10, 0x33, 0x37, 0x27, 0x2f, 0x34, 0x7a, 0x85, 0x37, 0x85, 0x44, 0x54, 0x54, 0xe2, 0xaa, 0xe2, 0xe0, 0xe4, 0xff, 0xe8, 0xe8, 0x54, 0x54, 0xad, 0x54, 0x54, 0x4a, 0xe5, 0xad, 0xf6, 0xf6, 0x54, 0x54, 0x54, 0xac, 0xe2, 0xdf, 0x50, 0x54, 0xae, 0xac, 0xe6, 0xdd, 0xd5, 0xcb, 0xc4, 0xbd, 0xc1, 0xc6, 0x91, 0x8d, 0xd0, 0xcc, 0x87, 0xc8, 0x91, 0xf3, 0x9b, 0xd4, 0xd5, 0x99, 0xf2, 0x99, 0x99, 0x99, 0xf1, 0xd4, 0xce, 0x46, 0xd2, 0x8b, 0x45, 0x07, 0xa8, 0xdc, 0xa3, 0xa3, 0xa3, 0xdc, 0xdf, 0xe0, 0xe1, 0xe4, 0xe5, 0xe4, 0xe5, 0xe5, 0xe6, 0xe5, 0xe6, 0xe7, 0xad, 0x54, 0xad, 0xad, 0xac, 0xea, 0xad, 0xde, 0xdb, 0xdb, 0xf6, 0xdb, 0xd6, 0x46, 0x42, 0x46, 0x9b, 0x4a, 0xf6, 0x4a, 0xe0, 0xae, 0xab, 0xe9, 0xe9, 0xe9, 0xae, 0xfc, 0xdc, 0xdb, 0xd9, 0xd6, 0xde, 0xe0, 0xdc, 0x50, 0xfc, 0xdf, 0x51, 0xe4, 0xaa, 0x08, 0xe4, 0xfc, 
  0xff, 0x54, 0xae, 0xae, 0xae, 0xae, 0xad, 0xad, 0xad, 0xad, 0xad, 0xea, 0xea, 0xad, 0xae, 0x54, 0x54, 0x54, 0x54, 0x54, 0xe5, 0x4e, 0x54, 0xac, 0xe7, 0xaa, 0xde, 0xda, 0xdc, 0xdb, 0xa3, 0xde, 0x96, 0xce, 0x96, 0x92, 0x9c, 0x90, 0x38, 0x31, 0x82, 0x89, 0x06, 0x04, 0xd8, 0x46, 0x09, 0x07, 0x04, 0x54, 0xad, 0xe9, 0xae, 0xab, 0xe6, 0xe2, 0xe9, 0xfc, 0x9b, 0xd6, 0x46, 0x46, 0x92, 0x3e, 0x42, 0x99, 0x42, 0xdb, 0x00, 0x9b, 0xd4, 0x92, 0xd8, 0x99, 0xc9, 0xc9, 0xc6, 0x8b, 0xcd, 0xd6, 0xd5, 0x8b, 0xf1, 0x4a, 0x68, 0x66, 0x68, 0x66, 0x7b, 0xcd, 0xac, 0x54, 0x4a, 0xc5, 0x7f, 0x85, 0x3e, 0xad, 0xd6, 0x3e, 0x92, 0x37, 0x2e, 0x7a, 0xbf, 0xf2, 0xbf, 0x8b, 0xf5, 0xcd, 0xf1, 0xa8, 0x51, 0xa8, 0xa3, 0xa3, 0xf5, 0xe1, 0xdc, 0xdb, 0xfa, 0xde, 0xd4, 0xcd, 0xfa, 0xde, 0xf1, 0xd6, 0xdf, 0xdd, 0xf7, 0x89, 0xc9, 0xbf, 0x2b, 0xee, 0x75, 0xb7, 0x6c, 0xeb, 0xbd, 0x85, 0xe7, 0xdf, 0x50, 0xdc, 0xd9, 0x4a, 0x46, 0x4d, 0x4d, 0xa5, 0x54, 0xf6, 0x7a, 0xc1, 0xc1, 0xc5, 0x92, 0x46, 0x68, 0x68, 0x6c, 0xb5, 0x68, 0xbb, 0xf4, 0x54, 0xf4, 0x1d, 0x5a, 0x5b, 0x17, 0x57, 0x1d, 0x2f, 0xc0, 0x54, 0x4e, 0x54, 0x03, 0x1f, 0x15, 0x14, 0x11, 0x0c, 0x0e, 0x33, 0x33, 0x27, 0x29, 0x29, 0x2d, 0x2f, 0x2f, 0x2f, 0x75, 0x9b, 0x54, 0xe2, 0xfd, 0xe6, 0xe5, 0xe1, 0xe5, 0xe5, 0xac, 0xad, 0xac, 0xe6, 0xab, 0x54, 0xac, 0xac, 0x54, 0x54, 0xae, 0xe5, 0xe1, 0xdd, 0xf7, 0xda, 0xf5, 0xd5, 0xf3, 0xd4, 0xd5, 0xd5, 0x9f, 0xd8, 0x9f, 0xf3, 0x9f, 0x75, 0x35, 0xd3, 0x43, 0xcc, 0x81, 0xc8, 0x8f, 0xd4, 0xd4, 0xf2, 0xd6, 0xd1, 0x99, 0x99, 0xf2, 0xd4, 0xd4, 0x42, 0xc9, 0xce, 0x91, 0x49, 0xe6, 0xfd, 0xfa, 0xa7, 0xa3, 0xf8, 0xdf, 0xa3, 0xa3, 0xdf, 0xda, 0xde, 0xdc, 0xde, 0xe1, 0xe1, 0xe4, 0xe5, 0xe5, 0xe5, 0xe9, 0xac, 0xae, 0xac, 0xac, 0xea, 0xe9, 0xde, 0xdb, 0xa4, 0xdc, 0xd6, 0xd9, 0xf6, 0x46, 0xd6, 0x9b, 0x05, 0xa0, 0xd9, 0x07, 0xea, 0xab, 0xe9, 0xe8, 0xea, 0xad, 0xfc, 0xdc, 0xdb, 0xdb, 0x4a, 0xd6, 0x00, 0xe0, 0xdc, 0x50, 0xfc, 0x51, 0x51, 0xfc, 0xaa, 0xe5, 0xe4, 
  0xff, 0x54, 0xae, 0xad, 0xae, 0xad, 0xad, 0xae, 0xad, 0xad, 0xea, 0xad, 0xae, 0xae, 0x54, 0x54, 0x54, 0x54, 0x54, 0xe9, 0xea, 0x4a, 0xe1, 0xad, 0xab, 0xae, 0xab, 0xe2, 0xde, 0xdc, 0xe4, 0xda, 0x91, 0x9b, 0xce, 0x96, 0xd4, 0x3f, 0x89, 0x31, 0x35, 0xbf, 0x36, 0x38, 0xd4, 0xcb, 0x44, 0x49, 0x3f, 0x46, 0x4a, 0x96, 0xe1, 0x54, 0xe6, 0xe8, 0xfd, 0xea, 0x4d, 0xd4, 0x9b, 0xd6, 0x46, 0x92, 0x42, 0x9b, 0xf1, 0x46, 0xa4, 0x05, 0x9b, 0x9b, 0xcd, 0xd6, 0xc9, 0xc6, 0xc6, 0xc6, 0xcd, 0x9b, 0xf4, 0xc9, 0xf6, 0xc4, 0x61, 0x61, 0x2a, 0x74, 0x7e, 0x50, 0xe7, 0x54, 0x9b, 0x3e, 0x7f, 0x3a, 0xca, 0x42, 0xce, 0x46, 0x85, 0x75, 0xf1, 0xc5, 0xca, 0xca, 0xc5, 0xdd, 0xde, 0xe9, 0x51, 0xa3, 0x4f, 0xdf, 0xa8, 0xfd, 0xda, 0xdf, 0xf7, 0xd8, 0xfa, 0xdc, 0xd4, 0xf6, 0xde, 0xf1, 0xd5, 0xe0, 0xe0, 0xdc, 0xd9, 0xe5, 0x7f, 0x2f, 0xbe, 0x92, 0x63, 0x33, 0xb7, 0x75, 0xec, 0xc4, 0x00, 0xdf, 0xde, 0x50, 0x05, 0x4a, 0x9b, 0xd8, 0xe1, 0x51, 0x54, 0x50, 0x92, 0xc9, 0x3e, 0x8b, 0x42, 0x68, 0x63, 0xb5, 0xb5, 0xb5, 0xb7, 0xdc, 0xac, 0x54, 0xbb, 0x5e, 0x63, 0x14, 0x19, 0x27, 0x18, 0x27, 0x46, 0x54, 0xe5, 0xaa, 0x54, 0x42, 0x18, 0x57, 0x11, 0x10, 0x0c, 0x0d, 0x2f, 0x3a, 0x2f, 0x7a, 0xbf, 0x33, 0xb7, 0x33, 0xb7, 0x33, 0xa4, 0xe8, 0xe4, 0xe7, 0xe5, 0xe6, 0xe6, 0x54, 0xae, 0xae, 0xae, 0xae, 0xe9, 0xab, 0xaa, 0xab, 0xfa, 0xda, 0xd8, 0xd5, 0xf3, 0xd4, 0xd2, 0xd1, 0xd3, 0xd4, 0x9f, 0x9f, 0xd8, 0xa0, 0x9f, 0xf5, 0xa0, 0xa0, 0xe3, 0x31, 0x82, 0x54, 0xf5, 0x79, 0x81, 0x93, 0x81, 0x43, 0xdc, 0xd8, 0xd8, 0x9b, 0xd1, 0xd4, 0x99, 0xce, 0x90, 0xce, 0x48, 0x8c, 0x43, 0x09, 0xe2, 0xe0, 0xa8, 0xe4, 0xdc, 0xd9, 0xde, 0xf5, 0xdc, 0xd9, 0xf5, 0xa4, 0xdc, 0xe0, 0xe0, 0xdc, 0xe0, 0xe5, 0xe6, 0xe7, 0xe5, 0xe5, 0xe7, 0xac, 0xea, 0xac, 0xad, 0xe5, 0xde, 0xde, 0x4a, 0xd9, 0xdc, 0x49, 0x46, 0xdb, 0x9b, 0x4a, 0xdb, 0x4d, 0xe5, 0xea, 0xab, 0xab, 0xea, 0xab, 0xae, 0xe5, 0xa4, 0x4d, 0xda, 0x05, 0xa4, 0xf6, 0xfc, 0xe0, 0xa4, 0x00, 0x54, 0xad, 0xe9, 0x08, 0xe6, 0xe5, 
  0xff, 0xae, 0xae, 0xae, 0xad, 0xae, 0xad, 0xad, 0xac, 0xad, 0xad, 0xae, 0x54, 0x54, 0x54, 0x54, 0x54, 0x54, 0xad, 0xe7, 0xae, 0xa4, 0xf6, 0xae, 0xe8, 0xea, 0xad, 0xe9, 0xe4, 0x51, 0xe6, 0x4a, 0xd8, 0x99, 0x96, 0x9b, 0xce, 0x3c, 0xc1, 0x87, 0x82, 0x3b, 0xc2, 0x7e, 0x3c, 0xf2, 0xc6, 0x3e, 0xd1, 0x3b, 0xcd, 0x96, 0xc9, 0x9c, 0xd8, 0xda, 0xe6, 0xea, 0xe0, 0x49, 0xd6, 0xd6, 0xf4, 0x9b, 0x42, 0x99, 0x99, 0xd6, 0xf4, 0x4e, 0xca, 0xd6, 0xd6, 0xce, 0xc9, 0xc6, 0xc9, 0xc6, 0xf2, 0xd8, 0xd4, 0x99, 0xd8, 0xb2, 0x5f, 0x6c, 0xb3, 0xb2, 0x84, 0xae, 0xe0, 0x54, 0xd6, 0x3e, 0x7f, 0xc0, 0x3e, 0x3a, 0x46, 0xc9, 0xc0, 0x9b, 0xf1, 0x99, 0xd6, 0xd6, 0xde, 0xe0, 0xa5, 0xa5, 0x51, 0xa5, 0x4e, 0x4f, 0x4d, 0x50, 0xda, 0xfa, 0xdb, 0xf4, 0xdf, 0xf7, 0xd6, 0xdc, 0xf1, 0xd4, 0xa4, 0xd6, 0xdc, 0xf5, 0xfd, 0xcb, 0x7b, 0xec, 0xc4, 0x6c, 0x22, 0xbf, 0x7a, 0xb8, 0xc0, 0x8b, 0xe5, 0xde, 0x50, 0x05, 0x05, 0xd8, 0x05, 0x9b, 0xe0, 0x54, 0xdc, 0x85, 0x7a, 0x85, 0xc0, 0x8b, 0x2b, 0x23, 0xb5, 0xb7, 0x6c, 0x33, 0xc5, 0xae, 0xad, 0x54, 0xbf, 0xb2, 0x5a, 0x5a, 0x17, 0x15, 0x22, 0x6c, 0xbd, 0xe5, 0x54, 0xe6, 0xe5, 0x54, 0x2d, 0x1d, 0x19, 0x15, 0x15, 0x0c, 0x0d, 0x29, 0x31, 0x27, 0x2b, 0x34, 0x8b, 0x42, 0xca, 0xd6, 0x50, 0x54, 0xe4, 0xfd, 0xe5, 0xe5, 0xae, 0x54, 0xae, 0x54, 0xad, 0xad, 0xad, 0xae, 0x54, 0xe6, 0xf5, 0xd5, 0xf3, 0xd4, 0xd2, 0xf3, 0xd8, 0xf5, 0xd8, 0x9f, 0xf5, 0x9f, 0xf5, 0x9d, 0x9c, 0xa3, 0xe6, 0xa4, 0xd3, 0x4b, 0x54, 0x54, 0xa0, 0x32, 0x7d, 0x93, 0x39, 0xd6, 0x54, 0xe4, 0x9b, 0xd4, 0xf2, 0x46, 0x91, 0x8c, 0x98, 0x9c, 0x87, 0x88, 0x08, 0xea, 0xe1, 0xe2, 0xaa, 0xac, 0xda, 0xf3, 0xd8, 0xd5, 0xd9, 0xf4, 0xda, 0xa4, 0xdc, 0xdf, 0xdb, 0xa4, 0xe1, 0xe6, 0xe4, 0xe5, 0xe5, 0xe5, 0xe6, 0xe6, 0xe9, 0xe9, 0xac, 0xdb, 0xde, 0xf6, 0xdc, 0xdc, 0xd8, 0xd6, 0x49, 0xf6, 0xa0, 0xf6, 0xdb, 0x4e, 0xe9, 0xe9, 0xab, 0xe9, 0xe9, 0xe9, 0xad, 0xe9, 0xe0, 0xdc, 0xdb, 0x4a, 0x50, 0xde, 0xa4, 0xfc, 0xdf, 0xdf, 0xae, 0x54, 0x54, 0x54, 0xe9, 0xe5, 
  0xff, 0x54, 0xad, 0xae, 0xad, 0xad, 0xad, 0xad, 0xad, 0xae, 0xae, 0x54, 0x54, 0x54, 0x54, 0x54, 0x54, 0xae, 0xea, 0xe7, 0xea, 0xe1, 0xd6, 0xe5, 0xae, 0xea, 0xae, 0x54, 0xae, 0xae, 0xab, 0xaa, 0xa0, 0xce, 0x99, 0x92, 0x9c, 0x82, 0x2e, 0x75, 0x38, 0x3b, 0x8a, 0x84, 0x84, 0x89, 0xca, 0x85, 0x92, 0xca, 0x3a, 0xd4, 0xef, 0xc5, 0xf1, 0xd1, 0xf4, 0xe0, 0xac, 0xdf, 0x99, 0x99, 0x46, 0xd6, 0xd4, 0x46, 0xd4, 0xd4, 0x99, 0xd8, 0x42, 0xcd, 0xf7, 0x4a, 0xef, 0xc6, 0xc9, 0xc7, 0xd5, 0xe4, 0xf1, 0xe0, 0x84, 0x24, 0x27, 0x61, 0x66, 0xbb, 0xd5, 0xaa, 0xe0, 0xae, 0xf1, 0xc5, 0xbf, 0x37, 0xc4, 0x42, 0x8b, 0x8b, 0xf6, 0x4b, 0x4d, 0xa9, 0x4d, 0xdc, 0xa4, 0xdf, 0xa5, 0xdc, 0xdd, 0x51, 0xa7, 0xa5, 0xd6, 0x4a, 0xd5, 0xde, 0xde, 0xd6, 0xdb, 0xf5, 0x9b, 0xf1, 0xf2, 0xde, 0xd4, 0xd4, 0xdd, 0xa3, 0xe1, 0xc6, 0xeb, 0x7e, 0xbd, 0x33, 0x2b, 0xbb, 0xc5, 0x7f, 0x46, 0x54, 0x50, 0xdf, 0xdf, 0xf6, 0x4a, 0xf6, 0xdb, 0x9b, 0xe7, 0x4d, 0x85, 0xc0, 0x85, 0xc0, 0xd4, 0x2f, 0x63, 0xb7, 0xb7, 0x33, 0xbb, 0x7f, 0xd6, 0x54, 0x08, 0x54, 0x3b, 0x22, 0x1d, 0x1d, 0x14, 0x22, 0x1a, 0x6c, 0xbb, 0x99, 0x54, 0xaa, 0xe7, 0xac, 0x07, 0x33, 0x1d, 0x57, 0x5a, 0x10, 0x0d, 0x0e, 0x3a, 0xc9, 0x2d, 0x6c, 0x2d, 0x2d, 0x7f, 0x38, 0x37, 0x4a, 0x54, 0xfc, 0xfd, 0xad, 0x54, 0xae, 0x54, 0xae, 0xae, 0xad, 0x54, 0xe6, 0xdc, 0xd9, 0xf4, 0xd5, 0xd5, 0xf3, 0xd6, 0xd9, 0x9f, 0xd5, 0x9f, 0xd8, 0xd0, 0x96, 0x97, 0x9f, 0xa5, 0xe1, 0xa3, 0x97, 0xd3, 0x44, 0x4e, 0x54, 0x9d, 0x72, 0x7c, 0x93, 0x87, 0x51, 0xe7, 0xe4, 0xd0, 0xf2, 0x93, 0x91, 0x8f, 0x98, 0x49, 0x7d, 0x8c, 0x4a, 0x4e, 0xab, 0xe2, 0xae, 0xd9, 0x9b, 0xd4, 0x97, 0xd8, 0x97, 0xd8, 0xd5, 0xdb, 0xda, 0xd9, 0xd8, 0xa0, 0xde, 0xe4, 0xe4, 0xfc, 0xe4, 0xaa, 0xe5, 0xe6, 0xe6, 0xe6, 0xe9, 0xe0, 0xde, 0xde, 0xa4, 0xf6, 0x05, 0xd6, 0x05, 0x4a, 0xda, 0x05, 0xdc, 0x00, 0xfc, 0xe9, 0xab, 0xe8, 0xab, 0xea, 0xe8, 0x54, 0xe7, 0xdf, 0x4d, 0xdc, 0xd9, 0xdc, 0xdf, 0xde, 0xe0, 0x00, 0xdf, 0xe9, 0x54, 0xae, 0x54, 0xe9, 0xe6, 
  0xff, 0xae, 0xae, 0xae, 0xad, 0xad, 0xad, 0xae, 0xae, 0x54, 0x54, 0x54, 0x54, 0x54, 0x54, 0x54, 0xae, 0xac, 0xe7, 0xe7, 0xea, 0xe5, 0x9c, 0xdb, 0x54, 0xad, 0xae, 0xad, 0xad, 0xea, 0xea, 0xae, 0x99, 0x99, 0x96, 0x96, 0xd6, 0x38, 0x76, 0x2e, 0x6f, 0x7b, 0x3a, 0x8a, 0x91, 0x84, 0x8a, 0x3e, 0x89, 0xce, 0xc9, 0x90, 0xd8, 0x92, 0xcb, 0xf4, 0xd0, 0xd4, 0xd5, 0xdf, 0xdf, 0xd8, 0x99, 0x92, 0x42, 0x99, 0xd6, 0xf2, 0xd4, 0xf7, 0xd9, 0x99, 0x9b, 0xdf, 0x97, 0xed, 0xc8, 0xee, 0xa3, 0xfc, 0x9b, 0xde, 0xb6, 0x61, 0xb1, 0x6f, 0xb8, 0x3a, 0xac, 0x00, 0xdf, 0xad, 0x46, 0xca, 0x85, 0x7a, 0xc5, 0xf1, 0x46, 0xde, 0x06, 0x54, 0xe8, 0xdd, 0xa7, 0xa3, 0xdb, 0xa3, 0xe0, 0xa7, 0x4d, 0xa3, 0xa5, 0x4e, 0xd8, 0xfa, 0xd9, 0xf6, 0xfa, 0xf4, 0xf6, 0x9b, 0x92, 0x99, 0xdc, 0xd6, 0xd4, 0xde, 0xfa, 0xdf, 0xa3, 0xbf, 0xec, 0x7f, 0xbf, 0x7f, 0x68, 0x33, 0xc5, 0x7f, 0x9b, 0x54, 0xdc, 0xdf, 0xdf, 0x50, 0x05, 0xf6, 0x05, 0xe0, 0xac, 0xf1, 0x3a, 0xca, 0xca, 0x92, 0x7a, 0x22, 0xbb, 0x7f, 0x33, 0xbb, 0x37, 0x46, 0x08, 0xac, 0x54, 0x54, 0x6c, 0x1d, 0x63, 0x57, 0x22, 0xb7, 0xb2, 0x63, 0x33, 0xf1, 0x54, 0xe6, 0xac, 0xe1, 0x54, 0x54, 0x2b, 0x19, 0x5b, 0x17, 0x57, 0x10, 0x10, 0x85, 0x3e, 0x7f, 0x37, 0x7f, 0x33, 0x33, 0x75, 0x33, 0x42, 0x54, 0xe9, 0x54, 0xae, 0xae, 0xea, 0xe7, 0xac, 0xad, 0xae, 0xdf, 0xd8, 0xf4, 0x9f, 0xd5, 0xd5, 0x9b, 0x9f, 0xd5, 0xf2, 0xf3, 0xd5, 0xcd, 0x97, 0x42, 0x48, 0x54, 0xe6, 0x9f, 0xd3, 0x94, 0x97, 0x91, 0xa0, 0x54, 0x54, 0x7d, 0x32, 0x94, 0x8f, 0xe0, 0xea, 0xfd, 0xf2, 0x97, 0x93, 0x8f, 0x9e, 0xce, 0x7d, 0xba, 0x8c, 0x98, 0x4e, 0xac, 0x54, 0xa4, 0x8a, 0xc8, 0xcd, 0xd4, 0xd4, 0xd3, 0xd8, 0x9f, 0xf6, 0xf3, 0x9c, 0xd8, 0xf6, 0xa5, 0xe5, 0xe1, 0xe2, 0xe4, 0xe5, 0xe5, 0xe4, 0xe5, 0xe5, 0xe7, 0xe0, 0xdf, 0xde, 0xdf, 0xdb, 0xdb, 0xd6, 0xf6, 0x4a, 0xdb, 0xdb, 0x4d, 0xaa, 0xad, 0xe6, 0xe8, 0xab, 0xab, 0xea, 0xae, 0x54, 0xac, 0xdf, 0xde, 0xdc, 0x4d, 0xdf, 0xdf, 0xe0, 0xdf, 0xfc, 0x08, 0xac, 0x54, 0xae, 0x54, 0xe9, 0xe6, 
  0xff, 0xae, 0xad, 0xad, 0xad, 0xae, 0xae, 0x54, 0x54, 0x54, 0x54, 0x54, 0x54, 0x54, 0x54, 0x54, 0xae, 0xe7, 0xff, 0xe7, 0xe9, 0xe9, 0xdb, 0x9b, 0xe1, 0xae, 0xad, 0xad, 0xad, 0xea, 0xae, 0x51, 0xd4, 0x4a, 0x99, 0x9b, 0x96, 0x82, 0x38, 0x7b, 0x34, 0x6f, 0x6f, 0x2e, 0x7e, 0x8c, 0xd0, 0x9b, 0x8a, 0xc9, 0x99, 0xc6, 0x92, 0xf7, 0xcd, 0xcd, 0xd8, 0xf2, 0xd9, 0xd6, 0xde, 0x9b, 0xd6, 0xf6, 0x99, 0xce, 0xd4, 0xf4, 0xf2, 0xd9, 0xf4, 0x9b, 0xd8, 0xf6, 0x97, 0xed, 0xee, 0xc8, 0xfc, 0xe0, 0xdb, 0x91, 0x69, 0x6f, 0x7b, 0x6e, 0xc5, 0xae, 0xe5, 0xdf, 0x51, 0xea, 0xf6, 0x8b, 0xef, 0xbf, 0xc9, 0xd6, 0xf4, 0xe5, 0x54, 0x54, 0xab, 0xa7, 0xdf, 0xdc, 0xa5, 0xda, 0xda, 0xa4, 0xe0, 0xa5, 0xa4, 0xa5, 0xd8, 0xde, 0xf7, 0xd8, 0xe0, 0xd8, 0xd8, 0xf1, 0xf1, 0xdc, 0xf4, 0xf1, 0xf7, 0xdf, 0xe0, 0xa7, 0xdb, 0xcb, 0x90, 0xbb, 0xc9, 0x2f, 0xb7, 0xb8, 0x85, 0x85, 0xdc, 0xae, 0x50, 0xe0, 0xde, 0x50, 0xf6, 0x05, 0xd8, 0xe7, 0x54, 0x49, 0x85, 0x85, 0x8b, 0xc5, 0x27, 0x6c, 0x7a, 0x7a, 0x7f, 0x7a, 0x92, 0x54, 0x54, 0xe7, 0x54, 0x4d, 0x68, 0x68, 0x5e, 0x5b, 0x19, 0x57, 0x68, 0xb7, 0x75, 0x8b, 0x54, 0xac, 0xe9, 0xac, 0xdf, 0x54, 0x44, 0x5e, 0x1f, 0x1d, 0x1d, 0x1a, 0x10, 0x10, 0x2f, 0x29, 0x27, 0x31, 0x3e, 0x3e, 0xca, 0x38, 0x85, 0x9b, 0x54, 0xe9, 0xe7, 0xe4, 0xe4, 0xe4, 0xe5, 0xe4, 0xde, 0xf6, 0xf5, 0xd8, 0xf4, 0xd5, 0xd8, 0xf3, 0xd4, 0x97, 0xd0, 0x96, 0xc9, 0x8a, 0xdb, 0x54, 0xae, 0xfa, 0x9a, 0x97, 0x98, 0xd0, 0x9f, 0xc8, 0xf2, 0x54, 0x54, 0xda, 0x6b, 0x88, 0x95, 0xfc, 0xe5, 0xea, 0xf2, 0x94, 0x95, 0x8f, 0x8f, 0x7c, 0xbe, 0x8a, 0x8a, 0x9c, 0xae, 0x53, 0xd4, 0x43, 0xed, 0xc8, 0xee, 0xd3, 0xd0, 0xd4, 0xd5, 0xd4, 0x97, 0xd4, 0xd8, 0xda, 0xdc, 0xe1, 0xe1, 0xa8, 0xfc, 0xe2, 0xe4, 0xe2, 0xe4, 0xaa, 0xe5, 0xe9, 0xe5, 0xde, 0xdf, 0xdb, 0xe0, 0x49, 0x46, 0xdc, 0xf6, 0x05, 0xde, 0x4e, 0xfc, 0xe9, 0xab, 0xab, 0xe8, 0xab, 0xad, 0x54, 0xae, 0x54, 0xfc, 0xde, 0xde, 0xdb, 0xdf, 0xfc, 0xe0, 0xdf, 0xe0, 0xac, 0x54, 0xad, 0xae, 0xae, 0xea, 0xe9, 
  0xad, 0xae, 0xad, 0xae, 0xae, 0x54, 0x54, 0x54, 0x54, 0x54, 0x54, 0x54, 0x54, 0x54, 0x54, 0xae, 0xe7, 0xe7, 0xe7, 0xe7, 0xe9, 0xe7, 0x9c, 0x9b, 0xf2, 0xe5, 0x54, 0xea, 0xea, 0xea, 0xad, 0xdf, 0x4b, 0x9b, 0x9b, 0x46, 0x99, 0x3c, 0x82, 0x7f, 0x7b, 0x74, 0x34, 0xb5, 0x2d, 0x6f, 0x7b, 0x90, 0xf4, 0xce, 0xcd, 0x99, 0xc9, 0x96, 0xd8, 0xca, 0x9b, 0xf3, 0xd8, 0xdd, 0xd8, 0xd9, 0xd4, 0xd5, 0xf4, 0xf4, 0xf5, 0xf4, 0x9b, 0xd5, 0xd8, 0xf6, 0xd8, 0xdf, 0xd5, 0xc8, 0xc7, 0xc8, 0xe5, 0xe0, 0xdc, 0x7b, 0x72, 0x33, 0x6e, 0xeb, 0xaa, 0x54, 0x51, 0xe1, 0xa4, 0xe9, 0x4a, 0xc0, 0xce, 0xca, 0xc4, 0xd4, 0xd4, 0xdf, 0x54, 0x54, 0x54, 0xe1, 0xdd, 0xa5, 0xf7, 0xa4, 0xd9, 0xd9, 0xdc, 0xe2, 0x4d, 0x4a, 0xd8, 0xfa, 0xf7, 0xd6, 0xfa, 0xf7, 0xd6, 0x92, 0xf6, 0xd8, 0xcd, 0x99, 0xd6, 0xe1, 0xe1, 0xdd, 0xde, 0xe0, 0xc1, 0xc1, 0xf1, 0x6c, 0x37, 0x85, 0x85, 0x92, 0xfc, 0xe9, 0xdf, 0xe0, 0xdf, 0xde, 0x05, 0xdc, 0xf6, 0xad, 0x49, 0x37, 0x85, 0x85, 0xf2, 0x2b, 0x6c, 0x7f, 0x33, 0x7a, 0xbb, 0x85, 0x08, 0x54, 0xae, 0xad, 0x54, 0x08, 0x37, 0x29, 0x1d, 0x23, 0x14, 0x22, 0x19, 0x33, 0xc5, 0x7f, 0xdb, 0x54, 0xe5, 0xe9, 0xaa, 0xe4, 0x54, 0x7a, 0x2b, 0x68, 0x22, 0x23, 0x19, 0x10, 0x14, 0xf1, 0x33, 0x27, 0x2b, 0x33, 0x3a, 0x44, 0x9b, 0x4a, 0x54, 0xe1, 0xfc, 0xfc, 0xfc, 0xe4, 0xe4, 0xde, 0xf7, 0xd9, 0xd8, 0xd9, 0xd4, 0xd8, 0xf2, 0x9b, 0xf2, 0xc9, 0xcb, 0xd9, 0xce, 0xa3, 0x54, 0xfa, 0xda, 0xd2, 0xc7, 0xc8, 0xc3, 0xbe, 0x06, 0xee, 0xc8, 0x54, 0x54, 0x93, 0x6f, 0x78, 0x9e, 0xa5, 0xe5, 0x01, 0x94, 0x95, 0x9a, 0x47, 0x7d, 0x7c, 0xc3, 0xc3, 0x88, 0xa0, 0x54, 0xcc, 0xbe, 0xc8, 0xc3, 0xc8, 0xc8, 0xcc, 0xd0, 0x97, 0xcc, 0xcc, 0xf0, 0xd5, 0x9f, 0xf5, 0x51, 0xe4, 0xa8, 0xe0, 0xa7, 0xe1, 0xe1, 0xe4, 0xe4, 0xfd, 0xe5, 0xe5, 0xe1, 0xe0, 0xde, 0xde, 0xdc, 0x4a, 0x4a, 0xdc, 0x05, 0xf6, 0xde, 0x50, 0xe9, 0xab, 0xab, 0xe9, 0xe9, 0xea, 0x54, 0xae, 0xae, 0x54, 0xfc, 0xdf, 0xde, 0xdc, 0x50, 0xe0, 0xe0, 0xe1, 0xdf, 0xe4, 0xad, 0xad, 0xad, 0xad, 0xad, 0xab, 
  0xad, 0xae, 0xae, 0x54, 0x54, 0x54, 0x54, 0x54, 0x54, 0x54, 0x54, 0x54, 0x54, 0x54, 0xae, 0xac, 0xe7, 0xe7, 0xe7, 0xe7, 0xea, 0xaa, 0x46, 0x9b, 0xce, 0xfa, 0x54, 0xea, 0xad, 0xea, 0xe5, 0xaa, 0xe0, 0x9b, 0x46, 0xd4, 0x9b, 0xce, 0x3f, 0x80, 0x34, 0x76, 0xba, 0x2e, 0x6e, 0x6a, 0x6c, 0x72, 0x7e, 0xcd, 0x4a, 0xe0, 0xf5, 0xcb, 0xd5, 0xd4, 0xcb, 0x9b, 0xf3, 0xdc, 0xf7, 0xdc, 0xe7, 0xd8, 0xf2, 0xce, 0xf1, 0xf4, 0xf4, 0xf4, 0xf4, 0xdc, 0xf6, 0xdf, 0xa4, 0xef, 0xc8, 0xd2, 0xe7, 0xfd, 0x48, 0x77, 0x76, 0xbe, 0x89, 0x9c, 0xe1, 0xe5, 0xe4, 0x50, 0xa5, 0xaa, 0xf6, 0xef, 0xc9, 0xca, 0xc0, 0xf1, 0xf4, 0xf6, 0xae, 0x54, 0x54, 0xab, 0xa5, 0xdf, 0xa3, 0xde, 0xa3, 0xd9, 0xda, 0xf7, 0xd8, 0x49, 0x99, 0xdd, 0xdc, 0xf4, 0xde, 0xa4, 0xf1, 0xf1, 0xf4, 0x3e, 0x92, 0xf1, 0xd8, 0xa4, 0xe0, 0xde, 0xa9, 0x99, 0xbf, 0x46, 0xc0, 0x2b, 0xc5, 0x8b, 0xca, 0x54, 0xe5, 0xe7, 0x00, 0xe0, 0x50, 0xdf, 0x50, 0x50, 0x50, 0xdf, 0x85, 0x3a, 0xc4, 0xdc, 0x2f, 0x68, 0x85, 0x33, 0x33, 0x7f, 0x33, 0x50, 0x54, 0xac, 0x54, 0xac, 0x54, 0xac, 0x33, 0x5e, 0x68, 0x22, 0x5a, 0x33, 0x68, 0x23, 0x7a, 0xc5, 0x4a, 0x54, 0xe6, 0xe7, 0xe7, 0xe4, 0xe5, 0x54, 0x05, 0xb3, 0x22, 0x27, 0x22, 0x22, 0x14, 0x1d, 0x4a, 0xd2, 0x7a, 0x33, 0x2f, 0x33, 0x3a, 0x8b, 0x49, 0x54, 0xfc, 0xfd, 0xfc, 0xe5, 0xe1, 0xde, 0xdb, 0xf6, 0xf6, 0xd5, 0xd5, 0xd5, 0xef, 0xd4, 0xd9, 0x42, 0x4a, 0x54, 0x54, 0x54, 0xe9, 0xd2, 0xc7, 0x9f, 0xf3, 0xc8, 0xcc, 0x8a, 0xc8, 0x90, 0xc9, 0x06, 0x54, 0x4f, 0xb9, 0x76, 0x95, 0xa8, 0xe5, 0x4f, 0x8e, 0x47, 0x9a, 0x79, 0x73, 0x7d, 0x86, 0x7d, 0x7d, 0x40, 0x3f, 0x72, 0xba, 0x81, 0xbe, 0x8a, 0xc3, 0xd0, 0xc8, 0xee, 0xcc, 0x97, 0xd4, 0xf3, 0xd9, 0xa4, 0xe2, 0xe1, 0xe1, 0xe2, 0xe2, 0xe1, 0xa8, 0xfc, 0xe2, 0xe4, 0xa9, 0xe4, 0xe0, 0xe0, 0xdf, 0xe1, 0xf6, 0x05, 0xf6, 0xde, 0xdb, 0x4d, 0x50, 0xfc, 0xe9, 0xe6, 0xab, 0xea, 0xae, 0xae, 0xae, 0x54, 0xae, 0x54, 0xe5, 0xdf, 0xdf, 0xdb, 0xdf, 0xe0, 0xe0, 0xe1, 0xe0, 0xe1, 0xad, 0xac, 0xea, 0xad, 0xac, 0xea, 
  0x54, 0x54, 0x54, 0x54, 0x54, 0x54, 0x54, 0x54, 0x54, 0x54, 0x54, 0x54, 0x54, 0x54, 0xae, 0xe7, 0xe7, 0xe7, 0xe7, 0xe7, 0xe9, 0xe9, 0xd4, 0x96, 0xcd, 0x9f, 0x54, 0xfd, 0xe6, 0xe8, 0xe6, 0xe6, 0xa8, 0xd6, 0xd4, 0x9b, 0xd1, 0xd4, 0xd1, 0x8b, 0xc4, 0xc1, 0x7b, 0x76, 0x80, 0x7e, 0x80, 0x7b, 0xb6, 0x6a, 0x2e, 0x84, 0x49, 0xf7, 0x9b, 0xfa, 0xd4, 0xef, 0x9b, 0xd8, 0xa7, 0xf5, 0xde, 0xe7, 0xf4, 0xd8, 0xd5, 0xf1, 0xd6, 0xf5, 0xf4, 0xda, 0xda, 0xa4, 0xe1, 0xc8, 0x8d, 0xd2, 0xac, 0xe5, 0x8a, 0xbe, 0xc8, 0x8a, 0x96, 0xe6, 0xe0, 0xae, 0xe1, 0xa4, 0xde, 0xe2, 0xe1, 0xd4, 0x9b, 0xc6, 0xc1, 0xf1, 0xd5, 0xf4, 0xe0, 0xae, 0x54, 0xae, 0xa7, 0xdf, 0xdc, 0xdd, 0xdc, 0xda, 0xdc, 0xf7, 0xd9, 0xfc, 0xf7, 0xd8, 0xfa, 0xf4, 0xa4, 0xf6, 0xd4, 0x99, 0x8b, 0xcd, 0xd4, 0xd8, 0xa4, 0xa4, 0xe1, 0xa7, 0xe9, 0xc9, 0xc5, 0x42, 0x7a, 0x6c, 0xc5, 0xc9, 0x46, 0x54, 0xe7, 0xe9, 0xe1, 0xe0, 0xde, 0xe1, 0x50, 0x05, 0xe0, 0x4a, 0xc4, 0xca, 0x8b, 0x33, 0x68, 0xc4, 0x7a, 0x7a, 0x7f, 0xc0, 0xf1, 0x54, 0xae, 0x54, 0xae, 0x08, 0x54, 0x46, 0x2b, 0x2b, 0xb3, 0x5e, 0x63, 0x5a, 0x27, 0x2f, 0xb7, 0x7f, 0x49, 0x54, 0xe5, 0xe5, 0xe5, 0xe5, 0xfc, 0xe1, 0x54, 0x82, 0x68, 0x68, 0x22, 0x23, 0x63, 0x57, 0x5a, 0x3b, 0x85, 0x3e, 0x92, 0xc4, 0x37, 0x7f, 0x37, 0xf1, 0x54, 0xe1, 0xe4, 0xe4, 0xdf, 0xdc, 0xf6, 0xd9, 0xd8, 0xd8, 0xf4, 0xdb, 0xdc, 0xe0, 0x54, 0x54, 0x54, 0x54, 0xe5, 0xd0, 0xd2, 0xd5, 0xf3, 0xc8, 0xcc, 0x91, 0x8d, 0x93, 0x83, 0x83, 0x87, 0x87, 0x4c, 0x54, 0x94, 0x73, 0x8f, 0x52, 0xe1, 0x95, 0x95, 0x3d, 0x73, 0x86, 0x9e, 0x95, 0x94, 0x98, 0x43, 0x81, 0x43, 0x42, 0x3c, 0xbd, 0x7b, 0x7e, 0xeb, 0x89, 0xc7, 0x8a, 0xee, 0xcc, 0x97, 0xd5, 0xd9, 0xe0, 0xfc, 0xe0, 0xa8, 0xe1, 0xe1, 0xe2, 0xe4, 0xa8, 0xe1, 0xe2, 0xe4, 0xe1, 0xfc, 0xe0, 0xe0, 0xde, 0x05, 0xdc, 0x05, 0xa4, 0xdf, 0x50, 0xac, 0xe9, 0xe9, 0xab, 0xea, 0xae, 0x54, 0x54, 0xae, 0xae, 0xae, 0x54, 0xe7, 0xe0, 0xdf, 0xdc, 0xdf, 0xfc, 0xe0, 0xe1, 0x00, 0xe1, 0xad, 0xad, 0xad, 0xad, 0xad, 0xad, 
  0x54, 0x54, 0x54, 0x54, 0x54, 0x54, 0x54, 0x54, 0x54, 0x54, 0x54, 0x54, 0x54, 0x01, 0xe7, 0xe7, 0xe6, 0xe7, 0xe7, 0xe7, 0xea, 0xa5, 0x99, 0xd4, 0x42, 0xee, 0xd5, 0xe9, 0xe5, 0xab, 0xe5, 0xab, 0xe5, 0xd9, 0x9c, 0xd6, 0x96, 0xf3, 0x9b, 0xd8, 0xd6, 0xf2, 0x90, 0x85, 0x38, 0x76, 0x34, 0x74, 0x74, 0xb6, 0xb4, 0x6b, 0xb6, 0x81, 0x92, 0xf4, 0x00, 0xd8, 0xf2, 0xf3, 0xd8, 0xde, 0xf5, 0xe1, 0xdf, 0xf2, 0xd6, 0xf7, 0xf6, 0xdc, 0xf4, 0xf5, 0xa0, 0xa4, 0xe6, 0xc8, 0xc7, 0xa3, 0x54, 0xa3, 0xc3, 0x8a, 0x89, 0x97, 0xe5, 0xe0, 0xe9, 0xae, 0xfc, 0x51, 0xde, 0xe0, 0xac, 0x92, 0xcd, 0xf7, 0xc4, 0xc9, 0xd6, 0xd8, 0xdc, 0xe7, 0x54, 0x54, 0xaa, 0xa5, 0xa5, 0xdb, 0xa7, 0xf7, 0xa4, 0xdc, 0xda, 0xdc, 0xde, 0xf4, 0xde, 0xf4, 0xf6, 0xd6, 0x92, 0xca, 0xd4, 0xd4, 0xf6, 0xdb, 0xdc, 0xe4, 0xa8, 0xe1, 0xe0, 0x99, 0xf1, 0x85, 0xc0, 0x37, 0xca, 0x3e, 0xdb, 0x54, 0xe5, 0xea, 0xe0, 0xe1, 0x50, 0xdf, 0xe0, 0x00, 0x54, 0x49, 0xca, 0x85, 0xc5, 0x2b, 0xbb, 0x85, 0xc0, 0x7f, 0x85, 0x4d, 0x54, 0xac, 0x54, 0xae, 0xae, 0xe9, 0x54, 0x3e, 0x68, 0x2f, 0xb2, 0x63, 0x57, 0x1d, 0x27, 0x6c, 0xc0, 0x37, 0x85, 0xdf, 0xad, 0xfc, 0xe4, 0xe4, 0xe4, 0xe0, 0xfc, 0xe6, 0x75, 0x27, 0x68, 0x68, 0x2b, 0x27, 0x15, 0x19, 0x2d, 0x27, 0x2f, 0x3b, 0xca, 0x85, 0x37, 0x85, 0xd9, 0xea, 0xe4, 0xe0, 0xde, 0xdc, 0xdc, 0xf6, 0xf6, 0xdf, 0xe0, 0xac, 0x54, 0xad, 0xe5, 0x54, 0x54, 0xdc, 0xd8, 0x9f, 0xd3, 0xee, 0xcc, 0x91, 0xee, 0xcc, 0xd4, 0xcc, 0x91, 0xc3, 0x8d, 0x3d, 0x7d, 0x43, 0x54, 0x40, 0x32, 0x4f, 0xa1, 0x8e, 0x95, 0x39, 0x39, 0x9e, 0x95, 0x9e, 0xe3, 0x4c, 0x45, 0x04, 0x40, 0x45, 0x3f, 0x40, 0x43, 0x44, 0x81, 0xba, 0x84, 0x8d, 0x91, 0x97, 0xd4, 0xda, 0xfc, 0xe4, 0xe1, 0xa8, 0xe1, 0xa8, 0xe1, 0xe1, 0xe2, 0xe1, 0xe2, 0xe2, 0xe4, 0xe4, 0xfc, 0xe0, 0xfc, 0xdc, 0x05, 0xdf, 0xdb, 0xde, 0xde, 0xdf, 0xad, 0xe9, 0xe9, 0xea, 0xad, 0xae, 0xad, 0xae, 0xae, 0xae, 0xae, 0x54, 0xad, 0xe0, 0xe0, 0xde, 0xdf, 0xfc, 0xe0, 0xdf, 0xaa, 0xad, 0xea, 0xad, 0xad, 0xad, 0xad, 0xad, 
  0xfa, 0x54, 0x54, 0x54, 0x54, 0x54, 0x54, 0x54, 0x54, 0x54, 0x54, 0x54, 0x54, 0xac, 0xe7, 0xe5, 0xe7, 0xe5, 0xe7, 0xe5, 0xae, 0xdc, 0x93, 0xd6, 0x42, 0x8a, 0xd2, 0x54, 0xe6, 0xaa, 0xe6, 0xe5, 0xe9, 0xa4, 0x9b, 0x4a, 0xd1, 0x9c, 0xdc, 0x54, 0xdf, 0x05, 0xca, 0x8b, 0xc9, 0xc6, 0xc7, 0x8a, 0xc3, 0x8c, 0x87, 0xc4, 0x80, 0x6e, 0x6a, 0xba, 0x91, 0xda, 0xdb, 0xdc, 0xda, 0xda, 0xf7, 0xf7, 0xe5, 0xe4, 0xd8, 0x99, 0xf2, 0xd8, 0xdb, 0xd8, 0xf4, 0xde, 0xac, 0xcc, 0x8d, 0xe0, 0x54, 0x93, 0x87, 0x84, 0xcc, 0xe5, 0xe1, 0xa7, 0xe6, 0xe9, 0xe0, 0xe0, 0xa4, 0xa9, 0xf6, 0x8b, 0xc9, 0x99, 0x99, 0xc5, 0xd4, 0xf4, 0xd8, 0xe2, 0x54, 0x54, 0xe9, 0xa7, 0xdf, 0xa3, 0xde, 0xa5, 0xd8, 0xd6, 0x99, 0xdc, 0xfa, 0xf4, 0xf7, 0xf6, 0xf4, 0xf1, 0x8b, 0xd5, 0xf4, 0x9b, 0xd4, 0xd8, 0x06, 0xe5, 0xa8, 0xe0, 0xdf, 0xe1, 0x3e, 0xef, 0x85, 0xc5, 0xef, 0x46, 0x08, 0xae, 0xe6, 0xe9, 0xe7, 0xe0, 0xdf, 0xe4, 0xe1, 0x54, 0x4a, 0x85, 0xc5, 0xf1, 0x7a, 0x2f, 0xc0, 0x85, 0x7f, 0x7f, 0x05, 0x54, 0xac, 0x54, 0xae, 0x54, 0xae, 0xae, 0x54, 0x42, 0x33, 0xb5, 0x63, 0x6c, 0x19, 0x63, 0x8b, 0x68, 0xb7, 0x8b, 0x85, 0x46, 0x54, 0xe4, 0xe5, 0xe6, 0xe4, 0xfc, 0xdf, 0xad, 0x42, 0x34, 0x74, 0x2d, 0x2b, 0x68, 0x68, 0x17, 0x63, 0x92, 0x2b, 0x29, 0x2f, 0x3a, 0x42, 0x46, 0x05, 0xae, 0xe1, 0xe0, 0xde, 0xdc, 0xdc, 0xdb, 0xe0, 0xe7, 0xe9, 0xe6, 0xe4, 0xe4, 0xae, 0xe9, 0xf7, 0xd2, 0xf0, 0xd0, 0xd1, 0xd5, 0xda, 0xd6, 0xd4, 0x9c, 0x96, 0xd9, 0x05, 0x05, 0x51, 0x4f, 0x95, 0x94, 0x98, 0x07, 0x80, 0x3c, 0x95, 0x3d, 0x8e, 0x41, 0x9e, 0x9e, 0x9e, 0x95, 0x41, 0x7c, 0x6d, 0x71, 0x6b, 0x2c, 0x35, 0x7c, 0x34, 0x72, 0xba, 0x83, 0x8d, 0xc8, 0x90, 0x91, 0x97, 0xa4, 0xe6, 0xfc, 0xa8, 0xe0, 0xe1, 0xe0, 0xe1, 0xe2, 0xe1, 0xe2, 0xe1, 0xe4, 0xa9, 0xfc, 0xe1, 0xfc, 0xe0, 0xf6, 0x50, 0xde, 0x4d, 0xdf, 0xdf, 0xe5, 0xad, 0xac, 0xea, 0xad, 0xea, 0xad, 0xad, 0xad, 0xad, 0xae, 0xae, 0xae, 0xad, 0xfc, 0xdf, 0xde, 0x51, 0xfc, 0xe0, 0xe0, 0x00, 0xad, 0xad, 0xea, 0xad, 0xad, 0xad, 0xea, 
  0xf5, 0xfa, 0xea, 0x54, 0x54, 0x54, 0x54, 0x54, 0x54, 0x54, 0x54, 0x54, 0xae, 0x08, 0xe5, 0xe7, 0xea, 0xff, 0xea, 0xff, 0xe5, 0xe0, 0x44, 0x99, 0x96, 0xc4, 0xd0, 0xa5, 0xe4, 0xa9, 0xe2, 0xa9, 0xe9, 0x51, 0x4a, 0xd6, 0xf2, 0xdc, 0xe6, 0xae, 0x54, 0x54, 0x50, 0x9b, 0x96, 0xd1, 0x3b, 0x81, 0x7b, 0x7b, 0x34, 0x76, 0x7e, 0xbe, 0xc2, 0x7d, 0x77, 0xb4, 0xba, 0xcb, 0xda, 0xe0, 0xe4, 0xf5, 0xf5, 0xfa, 0xe7, 0xda, 0xd5, 0xf2, 0xd6, 0xf7, 0xd9, 0xda, 0xae, 0xd3, 0xcc, 0x54, 0xdd, 0x8c, 0xc3, 0x94, 0xa7, 0xe1, 0xe0, 0xde, 0xe5, 0x08, 0xe1, 0xdf, 0xa4, 0xe2, 0xdf, 0x9b, 0xf4, 0x8b, 0x92, 0xc4, 0xf1, 0x05, 0xf3, 0xf6, 0xfc, 0x54, 0xae, 0xe1, 0xa5, 0xa4, 0xa3, 0xfa, 0xd9, 0xf6, 0xf6, 0xd8, 0xfa, 0xd9, 0xd8, 0xdc, 0x9b, 0xcd, 0xd4, 0xd5, 0x92, 0xef, 0x9b, 0xd8, 0xa0, 0xe4, 0xe2, 0xa4, 0xe4, 0xd8, 0x92, 0xf1, 0x85, 0x42, 0xc9, 0xae, 0x54, 0xe6, 0xe7, 0xe7, 0xe7, 0xe0, 0xe0, 0xfc, 0xe4, 0x53, 0xef, 0xc5, 0xca, 0x33, 0x6c, 0x7a, 0x7f, 0xc5, 0xc0, 0x49, 0x54, 0xae, 0xae, 0xae, 0x54, 0xae, 0x54, 0xae, 0xad, 0x54, 0x85, 0x68, 0x2b, 0xb2, 0x5a, 0x27, 0x27, 0x7a, 0xbb, 0x7f, 0x3e, 0x4a, 0xe9, 0xe7, 0xe7, 0xe5, 0xfc, 0xfc, 0xe0, 0xdf, 0xac, 0x54, 0x3a, 0x6c, 0x2f, 0x6c, 0x27, 0x68, 0x15, 0x29, 0xf9, 0xc1, 0x2f, 0x6c, 0x7a, 0x85, 0xca, 0x54, 0xe4, 0xde, 0xde, 0xde, 0xdf, 0xe4, 0xe7, 0xab, 0xe5, 0xe6, 0xab, 0xae, 0xdf, 0xd5, 0xf2, 0x9b, 0xd6, 0x9c, 0x97, 0xca, 0x89, 0x84, 0x77, 0x6f, 0x6f, 0x6f, 0x6f, 0x75, 0x71, 0x32, 0x3b, 0x88, 0x87, 0x41, 0x39, 0x39, 0x8e, 0x39, 0x86, 0x8e, 0x8e, 0x95, 0x86, 0x6b, 0x28, 0x6b, 0x65, 0x70, 0x87, 0x81, 0x81, 0x35, 0x72, 0x77, 0x81, 0x84, 0xc3, 0xed, 0x91, 0xd5, 0xe0, 0x54, 0xab, 0xe4, 0xe5, 0xe2, 0xe0, 0xe2, 0xa8, 0xe0, 0xe2, 0xe4, 0xe1, 0xe1, 0xe2, 0xfc, 0xfc, 0xfc, 0xdc, 0x4d, 0xde, 0xdf, 0xde, 0xe1, 0x06, 0xad, 0xad, 0xe9, 0xea, 0xac, 0xe9, 0xea, 0xac, 0xe9, 0xab, 0xe9, 0xe9, 0xab, 0xe9, 0xfc, 0xe0, 0xde, 0xe0, 0xfc, 0xfc, 0xdf, 0xfc, 0xea, 0xad, 0xea, 0xea, 0xac, 0xe8, 0xaa, 
  0x9f, 0xf5, 0xe1, 0xae, 0x54, 0x54, 0x54, 0x54, 0x54, 0x54, 0x54, 0x54, 0xac, 0x08, 0xe5, 0xe4, 0xdf, 0x50, 0xdb, 0x4d, 0xdb, 0xd6, 0xd4, 0x96, 0x42, 0xc3, 0xc9, 0x91, 0xe5, 0xad, 0xab, 0xe9, 0xab, 0xaa, 0xa4, 0x9c, 0x9b, 0xfa, 0x54, 0xea, 0xea, 0xea, 0xac, 0x51, 0xda, 0x9c, 0x82, 0x84, 0xc2, 0x84, 0x8a, 0xc3, 0x89, 0x84, 0x7b, 0x74, 0x72, 0xb9, 0x7d, 0xbc, 0xbc, 0xc6, 0xf3, 0xe1, 0xfe, 0xfa, 0xdc, 0xdd, 0xdc, 0xd9, 0xd8, 0xa0, 0xda, 0xd8, 0xe7, 0x9d, 0xd3, 0x54, 0x9d, 0xc8, 0x9a, 0xa4, 0xfc, 0x51, 0xa7, 0xdf, 0xe6, 0xac, 0xe1, 0xdf, 0xa4, 0x51, 0x54, 0xf1, 0xf1, 0xdd, 0x92, 0x85, 0xd4, 0xd8, 0xf1, 0xdc, 0xde, 0xae, 0x54, 0xe9, 0xa7, 0xa5, 0xdc, 0xdf, 0xdd, 0xdc, 0xfd, 0xf4, 0xf6, 0xdc, 0xf4, 0xf7, 0x9b, 0xf2, 0x99, 0xca, 0xcd, 0xd5, 0xdb, 0xdc, 0xdf, 0xe6, 0xe1, 0xde, 0xe8, 0x4a, 0x9b, 0x3e, 0xc4, 0x46, 0xf1, 0xae, 0xe9, 0xe5, 0xe7, 0xea, 0xe7, 0xe1, 0x00, 0xe4, 0x08, 0xfa, 0xc5, 0x3a, 0xc5, 0x2f, 0x7a, 0x3a, 0x8b, 0x44, 0x06, 0x54, 0xac, 0xae, 0xad, 0xad, 0xae, 0x54, 0x54, 0xac, 0x54, 0xde, 0x7a, 0x6c, 0x2f, 0x68, 0x68, 0x27, 0x68, 0x2b, 0x3a, 0x7f, 0x37, 0x44, 0x54, 0xe5, 0xe4, 0xfc, 0xfc, 0xfc, 0xe0, 0xe1, 0xac, 0x54, 0xd9, 0xbb, 0x2d, 0x2d, 0x6c, 0x2b, 0xb2, 0x19, 0x29, 0x37, 0x85, 0x85, 0x2f, 0x2f, 0x33, 0x3e, 0x54, 0xde, 0xdf, 0x00, 0xe2, 0xab, 0xe6, 0xe6, 0xe7, 0xe9, 0xe9, 0xde, 0xd5, 0xd5, 0xd4, 0xf1, 0xcd, 0xc6, 0xc1, 0xbe, 0xba, 0x77, 0x6d, 0x69, 0x69, 0x64, 0x64, 0x64, 0x62, 0x5f, 0x62, 0x6b, 0x70, 0x79, 0x39, 0x2c, 0x39, 0x7c, 0x3d, 0x3d, 0x7c, 0x67, 0x70, 0x70, 0x73, 0x73, 0x41, 0xd9, 0x47, 0x8f, 0x80, 0x78, 0x80, 0xba, 0x76, 0x77, 0x7e, 0x91, 0xd9, 0xae, 0x54, 0xad, 0xe6, 0x54, 0xe1, 0xaa, 0xe1, 0xd9, 0xda, 0xdf, 0xdb, 0xde, 0xe1, 0xe1, 0xe5, 0xe4, 0xfc, 0xe4, 0x50, 0xde, 0xdf, 0xe0, 0xe0, 0x01, 0xac, 0xad, 0xac, 0xea, 0xe9, 0xea, 0xe9, 0xab, 0xab, 0xab, 0xab, 0xe5, 0xab, 0xe8, 0xe6, 0xe4, 0xe0, 0xdf, 0xe0, 0xfc, 0xfc, 0xe1, 0x00, 0xea, 0xad, 0xad, 0xad, 0xe8, 0xe5, 0xe6, 
  0xda, 0xd9, 0xde, 0xfa, 0xfa, 0xae, 0x54, 0x54, 0x54, 0x54, 0x54, 0x54, 0x08, 0xe4, 0xe5, 0xfc, 0x50, 0x05, 0x05, 0x05, 0x4d, 0x9b, 0xce, 0x9b, 0x44, 0xc4, 0x8a, 0xc9, 0xdd, 0xac, 0xe4, 0xe2, 0xaa, 0xe5, 0x51, 0xd9, 0xd8, 0xfd, 0xad, 0xea, 0xea, 0xea, 0xad, 0xad, 0x54, 0xe0, 0x05, 0xd8, 0xf4, 0x96, 0x82, 0x81, 0x7e, 0x7f, 0xbe, 0xed, 0x8a, 0x89, 0xc1, 0xbe, 0xbe, 0xec, 0xbe, 0xbf, 0xed, 0xd5, 0xae, 0xae, 0xe5, 0xa3, 0xd9, 0xd9, 0xa0, 0xf7, 0xe0, 0xf8, 0xd7, 0xe7, 0xcc, 0x98, 0x9c, 0xad, 0xdf, 0xa7, 0xdf, 0xe1, 0xae, 0xac, 0xfc, 0xa4, 0xdf, 0xdf, 0xe9, 0xe9, 0xc9, 0xf2, 0xdf, 0xca, 0xf1, 0x9b, 0xf1, 0xf7, 0xda, 0x54, 0x54, 0x54, 0xaa, 0xdf, 0xa7, 0xdc, 0xdc, 0xf5, 0xdf, 0xf6, 0xd6, 0xde, 0xd8, 0xf6, 0xd4, 0x92, 0x92, 0xd1, 0xd9, 0xf6, 0xd6, 0xdb, 0xab, 0xe4, 0xa8, 0xe1, 0xe4, 0xa4, 0xf1, 0x92, 0xca, 0xf1, 0x08, 0xe7, 0xe7, 0xe7, 0xe6, 0xe4, 0xe5, 0xfc, 0xe5, 0xdf, 0xe7, 0x05, 0x8b, 0xce, 0x7a, 0x2f, 0xc9, 0x3a, 0x46, 0xad, 0x54, 0xac, 0xae, 0xad, 0xad, 0xad, 0xae, 0x54, 0x54, 0xad, 0x54, 0x49, 0xb8, 0xb8, 0xb7, 0xb3, 0x2b, 0x1d, 0xc5, 0xb7, 0xb7, 0xca, 0xc0, 0x85, 0x4d, 0xea, 0xe4, 0xe4, 0xfc, 0xfc, 0xdf, 0x08, 0x54, 0xdb, 0xaa, 0x46, 0x2f, 0x2d, 0x7a, 0x75, 0x2f, 0x6c, 0x19, 0x2b, 0x2b, 0x33, 0x3a, 0x7a, 0x37, 0x7f, 0xf1, 0xe9, 0xfc, 0xfe, 0xe6, 0xe6, 0xab, 0xe9, 0x54, 0xfd, 0xf5, 0xf1, 0xf1, 0x92, 0xcb, 0x92, 0xc9, 0xc5, 0x84, 0xc8, 0x3f, 0x8d, 0x8c, 0xc3, 0x83, 0x80, 0x7d, 0x7c, 0x79, 0x79, 0x73, 0x7c, 0x70, 0x70, 0x02, 0x1b, 0x28, 0x8e, 0x79, 0x79, 0x79, 0x86, 0x7c, 0x3c, 0x83, 0x83, 0x9a, 0x94, 0x93, 0x83, 0x82, 0xba, 0x74, 0x6e, 0x6e, 0xba, 0xd5, 0xe1, 0xe9, 0x54, 0xe6, 0xfc, 0xea, 0x4a, 0xf3, 0xd8, 0x4a, 0x97, 0xd8, 0xdb, 0x9c, 0xda, 0xdc, 0xa4, 0xde, 0xe4, 0xe4, 0xdf, 0xdf, 0xe0, 0x50, 0xfc, 0xfc, 0xae, 0xad, 0xea, 0xe9, 0xe9, 0xe9, 0xe9, 0xab, 0xe9, 0xab, 0xab, 0xab, 0xab, 0xe6, 0xab, 0xab, 0xe5, 0xe0, 0xdf, 0xe0, 0xe4, 0xfc, 0xfc, 0xe9, 0xae, 0xad, 0xea, 0xe5, 0xe6, 0xe6, 0xa7, 
  0x53, 0xd9, 0xd8, 0xdd, 0xe1, 0xe2, 0x54, 0x54, 0x54, 0x54, 0x54, 0x01, 0xe5, 0xe5, 0x00, 0xe5, 0xe5, 0xe5, 0xe5, 0xe4, 0xe7, 0xe1, 0x96, 0x99, 0x9c, 0x89, 0x89, 0x89, 0xf9, 0xaa, 0xa8, 0xaa, 0xaa, 0xa9, 0xe1, 0xd9, 0xf5, 0xad, 0xad, 0xea, 0xea, 0xad, 0xea, 0xea, 0xad, 0xae, 0xea, 0xde, 0xf8, 0xd1, 0xc5, 0xd0, 0xd1, 0xd1, 0xca, 0x82, 0x7b, 0x7e, 0xed, 0xee, 0xc4, 0xec, 0xb9, 0xb6, 0x77, 0xba, 0xbb, 0x84, 0xd4, 0xa5, 0xde, 0xa3, 0xd9, 0xa0, 0xdf, 0xdd, 0xa6, 0xda, 0x8f, 0xf8, 0x96, 0x99, 0xe6, 0xfa, 0xdd, 0xe1, 0xae, 0xae, 0xe1, 0x51, 0xde, 0xe1, 0xe4, 0xd6, 0x42, 0xc6, 0xf4, 0xd6, 0xf1, 0xd1, 0xd6, 0xf7, 0xf4, 0xe4, 0x54, 0x54, 0x54, 0xac, 0xe9, 0xa0, 0xd6, 0xf6, 0xf7, 0xe0, 0xd5, 0xf6, 0xf6, 0x9b, 0x92, 0xce, 0xd6, 0xf5, 0x99, 0x99, 0xd9, 0x53, 0xac, 0xa9, 0xfc, 0xe2, 0xe1, 0xe7, 0x46, 0x92, 0x46, 0x05, 0xae, 0xe5, 0xe7, 0xe5, 0xdf, 0xe1, 0xe0, 0xfc, 0xde, 0xa4, 0xe9, 0xf1, 0x3e, 0x85, 0x2b, 0x42, 0x3e, 0x8b, 0x01, 0x54, 0xae, 0xae, 0xae, 0xad, 0xac, 0xad, 0xae, 0x54, 0x54, 0xe7, 0x54, 0xce, 0x75, 0x33, 0x75, 0x2f, 0x63, 0x5a, 0xb7, 0x85, 0x33, 0x7a, 0xc9, 0x3a, 0x46, 0xae, 0xe4, 0xfc, 0xfc, 0xe0, 0xdf, 0x54, 0xe1, 0xdc, 0x51, 0xe8, 0x90, 0x75, 0x7a, 0x33, 0x2f, 0x74, 0x68, 0x1f, 0x37, 0x2f, 0x2b, 0x7f, 0x92, 0xf1, 0x46, 0xea, 0xe7, 0xab, 0xab, 0xe6, 0xad, 0xe9, 0xf5, 0xf1, 0xcd, 0x44, 0xf1, 0xd4, 0x9b, 0xd5, 0x99, 0xf3, 0x9c, 0x4a, 0x9f, 0xd8, 0x50, 0xe7, 0x09, 0xda, 0x49, 0x43, 0x40, 0x97, 0x83, 0xbe, 0x87, 0x8c, 0x70, 0x60, 0x60, 0x30, 0x86, 0x79, 0x7c, 0x39, 0x3d, 0x7d, 0x70, 0x86, 0x98, 0x8f, 0x8d, 0x87, 0x7d, 0x7b, 0xba, 0x38, 0x8a, 0x9c, 0x54, 0x54, 0x54, 0xdc, 0xf3, 0x4d, 0x92, 0xc6, 0xc9, 0x91, 0x89, 0xcd, 0x9c, 0xcd, 0x46, 0xda, 0xd8, 0x9f, 0xdc, 0xe4, 0xe4, 0xde, 0x00, 0xe0, 0xe0, 0xfc, 0xea, 0xac, 0xe9, 0xe9, 0xe9, 0xe9, 0xe9, 0xab, 0xe9, 0xab, 0xe8, 0xe6, 0xe8, 0xab, 0xab, 0xe6, 0xab, 0xe6, 0xfc, 0xdf, 0x51, 0xfc, 0xfc, 0xfc, 0xad, 0x54, 0xea, 0xa9, 0xe6, 0x51, 0xa5, 0xa3, 
  0x07, 0xa0, 0xd9, 0xd9, 0xe1, 0xa8, 0xe1, 0xad, 0x54, 0x54, 0x54, 0x08, 0xe5, 0x00, 0xe4, 0xe4, 0xe5, 0xe4, 0xfd, 0xe6, 0xae, 0x4e, 0x9b, 0xce, 0x9c, 0xcb, 0x89, 0xc6, 0x91, 0xe1, 0xae, 0xaa, 0xe2, 0xe5, 0x53, 0xf6, 0xdc, 0xae, 0xea, 0xea, 0xad, 0xea, 0xea, 0xea, 0xea, 0xea, 0xad, 0xad, 0x54, 0xe4, 0xf7, 0xf6, 0xf5, 0x92, 0x7e, 0x8a, 0xf0, 0xd0, 0x89, 0x82, 0x7e, 0xc2, 0x84, 0xec, 0x7e, 0xb8, 0xbb, 0xbd, 0xba, 0x81, 0x91, 0xd8, 0xa3, 0xda, 0xa5, 0xfc, 0xa8, 0xd0, 0xcc, 0xea, 0x9f, 0x3e, 0x96, 0xaa, 0xdd, 0xe0, 0xae, 0xe9, 0xe1, 0xe0, 0xa5, 0xe1, 0x08, 0xd9, 0xf6, 0xd9, 0xca, 0x9b, 0xf1, 0x92, 0xf5, 0xd6, 0xd5, 0xe0, 0xe9, 0x54, 0x54, 0x54, 0xae, 0xdf, 0xde, 0xdf, 0xd9, 0xfa, 0xf6, 0xd8, 0xdc, 0xd4, 0xf2, 0xf4, 0x9b, 0xd1, 0xf1, 0xd5, 0xd9, 0xdf, 0xe9, 0xe6, 0xaa, 0xe1, 0xe5, 0xe0, 0x9b, 0xf1, 0xd9, 0xe5, 0xe9, 0xe5, 0xdf, 0xe1, 0xdf, 0xe0, 0xdf, 0xdc, 0xdc, 0xff, 0x4b, 0x3a, 0x92, 0x2d, 0x3a, 0x9b, 0x49, 0x54, 0xae, 0xae, 0xae, 0xae, 0xad, 0xad, 0xea, 0xad, 0xae, 0x54, 0x54, 0xea, 0xe4, 0xad, 0x50, 0x7a, 0x2f, 0xb8, 0x63, 0x1a, 0x6c, 0xb7, 0x3e, 0x7a, 0x85, 0x3e, 0x50, 0xe7, 0xfc, 0xfc, 0xe4, 0xde, 0xe0, 0xea, 0xdb, 0xdf, 0xe0, 0xdb, 0xad, 0xcd, 0x75, 0x33, 0x7a, 0x33, 0xbf, 0x63, 0x2b, 0x92, 0x7f, 0x2f, 0x7f, 0x8b, 0x4a, 0xae, 0xe6, 0xe6, 0xe6, 0xac, 0xe1, 0xd4, 0xd4, 0x4a, 0xa4, 0xe1, 0xe4, 0xe9, 0xac, 0xdb, 0xd9, 0xdb, 0xf6, 0xf5, 0xd8, 0xf6, 0xd9, 0xf3, 0x9b, 0xcc, 0x91, 0x92, 0x82, 0x8b, 0xc3, 0x91, 0x8a, 0x6d, 0x70, 0x5d, 0x70, 0x60, 0x70, 0x01, 0x98, 0x8f, 0x86, 0x73, 0x79, 0xa0, 0x98, 0x94, 0x86, 0x78, 0x78, 0x7d, 0x90, 0x54, 0x54, 0x54, 0xa4, 0xe1, 0xda, 0x89, 0xcb, 0x92, 0x81, 0x84, 0x91, 0xc1, 0x8a, 0xd5, 0x90, 0xce, 0xda, 0xd6, 0x48, 0xdb, 0xdd, 0xe5, 0x00, 0xdf, 0xe5, 0xfc, 0xe4, 0xe5, 0xea, 0xe7, 0xe9, 0xe9, 0xe7, 0xab, 0xab, 0xab, 0xab, 0xe8, 0xe7, 0xab, 0xab, 0xab, 0xe8, 0xe9, 0xe9, 0xe7, 0xe1, 0x00, 0xe0, 0xe4, 0xfc, 0xfc, 0xac, 0xad, 0xe6, 0xe4, 0xa5, 0x4d, 0xa5, 0xa8, 
  0x54, 0x07, 0xa0, 0x9f, 0xa4, 0xfa, 0xdd, 0xe7, 0xae, 0x54, 0xae, 0xe6, 0xfc, 0xfc, 0xe4, 0xfc, 0xe4, 0xfc, 0xe5, 0xea, 0x54, 0xa4, 0x46, 0x46, 0xd6, 0x90, 0x84, 0x8a, 0xee, 0xe7, 0x54, 0xe6, 0xe9, 0xac, 0xac, 0xdc, 0xe0, 0xae, 0xea, 0xea, 0xea, 0xea, 0xea, 0xea, 0xea, 0xad, 0xea, 0xea, 0xad, 0xea, 0xe9, 0xe5, 0xe9, 0xdd, 0xf7, 0xda, 0xd5, 0xc9, 0xc6, 0xce, 0xd4, 0xc9, 0xc2, 0xc2, 0xc6, 0xc9, 0xc6, 0x81, 0x84, 0xc6, 0x83, 0xc3, 0x9c, 0xd9, 0xa3, 0xe6, 0xfd, 0x9d, 0xdd, 0x54, 0xdc, 0xd0, 0x42, 0x44, 0xfd, 0xfd, 0xac, 0xe6, 0xe1, 0x51, 0xfa, 0xe4, 0xaa, 0xe6, 0x9b, 0xdb, 0xdc, 0xef, 0x42, 0xcd, 0xf7, 0x9b, 0xd6, 0xde, 0xfd, 0x54, 0x54, 0x54, 0x54, 0xe5, 0xf7, 0xdf, 0xf5, 0xf6, 0xde, 0xd6, 0xd8, 0x99, 0x9b, 0xd5, 0x92, 0xce, 0xf5, 0xd9, 0xdb, 0xfc, 0xab, 0xe5, 0xe6, 0xe4, 0xa9, 0x00, 0x46, 0xd6, 0x50, 0xe5, 0xe5, 0xdf, 0xe0, 0xe0, 0xde, 0xe0, 0x4d, 0xdc, 0xe1, 0xad, 0x92, 0x44, 0x7a, 0x33, 0x4a, 0x49, 0x54, 0xe5, 0xae, 0x54, 0xae, 0xae, 0xae, 0xea, 0xea, 0xad, 0xae, 0x54, 0x54, 0xae, 0xe7, 0x54, 0xf1, 0x7f, 0x2d, 0x33, 0x29, 0x1f, 0x7a, 0x2f, 0xb7, 0x8b, 0x85, 0x85, 0xf1, 0x54, 0xfc, 0xe5, 0x00, 0xdb, 0xe4, 0xdf, 0xdc, 0xe0, 0xa3, 0xda, 0xdf, 0xa1, 0xc4, 0x33, 0x85, 0xbb, 0xc0, 0xc0, 0x22, 0x2f, 0x42, 0xc9, 0x3a, 0x85, 0x85, 0x4a, 0xea, 0xe4, 0xe6, 0xea, 0xe0, 0x50, 0xad, 0xae, 0xad, 0xac, 0xe9, 0xe7, 0xe9, 0xe0, 0xf7, 0xf6, 0xd8, 0xf4, 0xd5, 0xf2, 0x97, 0xcc, 0x91, 0xc8, 0xca, 0xee, 0x8a, 0xc2, 0xcc, 0x83, 0x67, 0x67, 0x6d, 0x5d, 0x70, 0x70, 0x59, 0x30, 0xdb, 0x9c, 0x9e, 0x95, 0x7c, 0x7c, 0x88, 0x8f, 0x8f, 0x83, 0x8f, 0x4e, 0xad, 0xa7, 0x08, 0xd8, 0xd0, 0xd0, 0xec, 0xc1, 0xc9, 0x81, 0xbf, 0xc9, 0x7e, 0x84, 0xf2, 0x3f, 0xee, 0xd9, 0x9b, 0x97, 0xda, 0xd8, 0xa3, 0x08, 0xe0, 0xfc, 0xe5, 0xfc, 0xe5, 0xe7, 0xe7, 0xe9, 0xe9, 0xab, 0xe9, 0xe9, 0xe9, 0xe9, 0xe9, 0xe9, 0xab, 0xe9, 0xe9, 0xe9, 0xe9, 0xe9, 0xe8, 0xab, 0xfc, 0xe0, 0x51, 0xe4, 0xe4, 0xe4, 0xac, 0xaa, 0xe0, 0x4e, 0xdc, 0x51, 0xa8, 0xe9, 
  0x54, 0x53, 0x4a, 0x9c, 0xd5, 0xa7, 0xa7, 0xe2, 0xe4, 0xe9, 0x01, 0xe4, 0xfc, 0xfc, 0xfc, 0xfc, 0xfc, 0xe4, 0xff, 0xae, 0x54, 0x07, 0x46, 0x9b, 0xda, 0x90, 0x82, 0x8a, 0xcb, 0xfe, 0x54, 0x54, 0xae, 0xe9, 0xad, 0xdf, 0xe5, 0xad, 0xea, 0xea, 0xea, 0xea, 0xea, 0xea, 0xea, 0xad, 0xea, 0xad, 0xea, 0xad, 0xad, 0xae, 0xad, 0x54, 0xe7, 0xe6, 0xae, 0xe0, 0xdf, 0xdf, 0xd4, 0xcc, 0xd7, 0xd9, 0x91, 0x89, 0xc8, 0x97, 0xd0, 0x98, 0xee, 0x91, 0x97, 0x94, 0x4e, 0x98, 0x83, 0x97, 0x54, 0xaa, 0xfc, 0x96, 0xf4, 0x42, 0x42, 0xe4, 0xe1, 0xfc, 0xe2, 0xe0, 0xe1, 0xe5, 0xfc, 0xe6, 0xdf, 0x42, 0xf7, 0xfa, 0xcd, 0x92, 0xf5, 0x99, 0xf6, 0xf5, 0xde, 0x54, 0xae, 0x54, 0x54, 0xdf, 0xd9, 0xa4, 0xdb, 0xf6, 0xde, 0xf4, 0xd6, 0xd6, 0xf1, 0xcd, 0xd5, 0xf7, 0xd6, 0xd8, 0xdf, 0xac, 0xaa, 0xaa, 0xaa, 0xe5, 0xe4, 0xe8, 0x05, 0xf6, 0xa4, 0xa4, 0xdf, 0xde, 0xdf, 0xde, 0xe1, 0x50, 0xdc, 0xde, 0xde, 0x4e, 0x42, 0x3a, 0x37, 0x9b, 0x4a, 0x54, 0xe5, 0xe7, 0x54, 0x54, 0xae, 0x54, 0xad, 0xad, 0xad, 0xae, 0xae, 0x54, 0x54, 0x54, 0xad, 0x54, 0x42, 0x33, 0x33, 0x7f, 0x6c, 0x27, 0x29, 0xc9, 0x2b, 0x3a, 0xc5, 0x7f, 0xc4, 0x08, 0xe4, 0xfc, 0xdc, 0xde, 0xfc, 0xa4, 0xdf, 0xdf, 0xd9, 0xda, 0xdf, 0xa3, 0x98, 0x3a, 0x7f, 0x7f, 0x85, 0xbf, 0x7a, 0x27, 0x2f, 0x33, 0xc0, 0xc9, 0x8b, 0xc5, 0x00, 0xfc, 0xfc, 0xfc, 0xe7, 0xac, 0xe5, 0xe5, 0xe5, 0xe5, 0xe4, 0xe7, 0xfc, 0xdc, 0xdc, 0xda, 0xf6, 0xdc, 0x91, 0x8c, 0x9a, 0x98, 0x94, 0x8d, 0x94, 0x8f, 0x8d, 0x93, 0xc8, 0x60, 0x67, 0x3b, 0x60, 0x60, 0x67, 0x40, 0x67, 0x60, 0x28, 0x3c, 0x08, 0x47, 0x3d, 0x8f, 0x39, 0x32, 0x88, 0x54, 0x54, 0xfb, 0xcf, 0xd3, 0xf5, 0xcc, 0xc7, 0x7b, 0x7e, 0xc9, 0x81, 0x7e, 0xc5, 0x81, 0xc8, 0xd8, 0x92, 0x8c, 0x4a, 0x96, 0x91, 0xd3, 0xd4, 0x9a, 0xdc, 0x08, 0xe1, 0xe7, 0xe5, 0xe5, 0xe5, 0xe6, 0xe6, 0xe6, 0xe6, 0xe9, 0xe9, 0xe9, 0xab, 0xe9, 0xe9, 0xe6, 0xe9, 0xab, 0xe6, 0xab, 0xab, 0xe6, 0xab, 0xe7, 0xe4, 0xe0, 0x00, 0xe5, 0xe5, 0xac, 0xe5, 0xdf, 0xdf, 0xdf, 0xa8, 0xaa, 0xad, 0xad, 
  0x54, 0x09, 0x05, 0xd8, 0xd4, 0x9c, 0xdd, 0xe2, 0xa7, 0xe4, 0xe6, 0xe5, 0x00, 0xe1, 0xfc, 0xfc, 0xfc, 0xe5, 0xae, 0x54, 0x09, 0xa5, 0x9c, 0x49, 0xa3, 0x42, 0x8b, 0x89, 0xef, 0xa4, 0x54, 0x54, 0xad, 0xe9, 0xea, 0xaa, 0xe7, 0xad, 0xad, 0xae, 0xad, 0xea, 0xad, 0xea, 0xea, 0xea, 0xad, 0xad, 0xad, 0xad, 0xea, 0xad, 0xea, 0xe9, 0xab, 0xe9, 0xe7, 0xe7, 0xe5, 0xe4, 0xe6, 0xe4, 0xe0, 0xde, 0xdc, 0xfb, 0xe1, 0xde, 0x9b, 0xd8, 0x51, 0x53, 0x93, 0xc2, 0xcc, 0x9a, 0x79, 0x7d, 0xcd, 0x98, 0x9b, 0xda, 0xd4, 0xf4, 0xce, 0x44, 0xe8, 0xe0, 0x51, 0xe1, 0xe4, 0xe5, 0xe4, 0xaa, 0xfc, 0x3f, 0xca, 0xde, 0xf7, 0xd4, 0xd4, 0x46, 0xf6, 0x9b, 0xdc, 0xae, 0x54, 0x54, 0xe4, 0xdb, 0xde, 0xf6, 0xde, 0xf5, 0xdc, 0xf7, 0x9b, 0xef, 0xce, 0xf5, 0xd8, 0x99, 0x9c, 0x50, 0x08, 0xe9, 0xe5, 0xe6, 0xe5, 0xaa, 0xaa, 0xaa, 0xf6, 0xdb, 0xdc, 0xe0, 0xde, 0xa4, 0xe4, 0xde, 0xd9, 0xd6, 0xf6, 0xdb, 0xe0, 0x4d, 0x42, 0x37, 0xf1, 0x05, 0x54, 0xe4, 0xaa, 0xae, 0x54, 0xae, 0x54, 0xae, 0xae, 0xae, 0xad, 0xae, 0xae, 0x54, 0x54, 0x54, 0xae, 0x54, 0x92, 0x33, 0x7a, 0x7f, 0x2d, 0x27, 0x63, 0x2f, 0x37, 0xb5, 0xc5, 0x85, 0xc4, 0xe0, 0xe7, 0xdf, 0xdc, 0xdf, 0xe1, 0xa4, 0xfc, 0xa0, 0xd9, 0xdc, 0xdc, 0xa7, 0xd3, 0x97, 0x42, 0x7a, 0xc0, 0x3a, 0x7a, 0x33, 0x29, 0xc0, 0x33, 0x3a, 0x92, 0x4b, 0xe9, 0xe4, 0xdf, 0xe0, 0xe0, 0x00, 0xe1, 0xfc, 0xe4, 0xfc, 0xe4, 0xfc, 0xe0, 0xfa, 0xdc, 0xf7, 0xd8, 0xd1, 0x9c, 0xd3, 0x93, 0x8f, 0xc8, 0x88, 0x88, 0x86, 0x97, 0x95, 0x67, 0x67, 0x78, 0x39, 0x62, 0x62, 0x67, 0x38, 0x3d, 0x65, 0x60, 0x28, 0x71, 0xa0, 0x54, 0x47, 0x94, 0x41, 0x88, 0x45, 0xa3, 0xd7, 0x9d, 0xdc, 0xd2, 0xc8, 0x7e, 0x7b, 0x90, 0x80, 0xed, 0xd8, 0xd0, 0x3e, 0x91, 0x3f, 0x83, 0x89, 0x89, 0xc3, 0xcc, 0x97, 0x97, 0xd8, 0xe1, 0xfc, 0xe4, 0xe5, 0xe5, 0xe5, 0xe7, 0xe7, 0xe7, 0xe7, 0xe5, 0xe7, 0xe6, 0xe7, 0xe7, 0xab, 0xe6, 0xe6, 0xe8, 0xe6, 0xab, 0xe6, 0xe6, 0xe6, 0xab, 0xab, 0xe4, 0xe1, 0xfc, 0xe4, 0xe5, 0xaa, 0xe0, 0x07, 0xe1, 0xe6, 0xac, 0xad, 0xad, 0xac, 
  0x54, 0x54, 0x53, 0xa4, 0xa3, 0xd8, 0xd8, 0xe0, 0xa7, 0xe2, 0xaa, 0xe1, 0xe1, 0xfc, 0xe1, 0xfc, 0xfd, 0xea, 0x54, 0x54, 0x09, 0xa0, 0xd9, 0xd8, 0xd9, 0x9c, 0xc6, 0x89, 0xd0, 0x44, 0xad, 0x54, 0xea, 0xe9, 0xea, 0xea, 0xea, 0xad, 0x54, 0x54, 0xae, 0xae, 0x54, 0x54, 0xae, 0x54, 0xad, 0xad, 0xe9, 0xe9, 0xe7, 0xe6, 0xe5, 0xe6, 0xfd, 0xe1, 0xe1, 0xe0, 0xe0, 0xe1, 0xe1, 0xe1, 0xe0, 0xde, 0xdf, 0xdb, 0xfa, 0xfd, 0x54, 0x00, 0x92, 0xba, 0x6e, 0xb6, 0x8a, 0x80, 0x7c, 0x78, 0x88, 0x92, 0x8c, 0x89, 0x99, 0x99, 0xda, 0xf1, 0x44, 0xfc, 0xe0, 0x51, 0xe5, 0xe5, 0xaa, 0xe6, 0x05, 0xd9, 0xf5, 0x99, 0xdb, 0xd5, 0x92, 0xd8, 0xd9, 0xd4, 0xdc, 0xe5, 0x54, 0xad, 0xfc, 0xdc, 0xe1, 0xf6, 0xa4, 0xdb, 0xf6, 0xdc, 0x99, 0x99, 0xf4, 0x99, 0xcd, 0x46, 0xd8, 0x4b, 0xaa, 0xe9, 0xe6, 0x53, 0xe6, 0xe6, 0xfc, 0xe1, 0xdc, 0xdb, 0xdc, 0xe1, 0xdc, 0xe0, 0xde, 0xd6, 0xd6, 0xdc, 0xde, 0xdf, 0xe7, 0x44, 0x8b, 0xf1, 0x4e, 0x54, 0xe5, 0xe4, 0xac, 0x54, 0x54, 0x54, 0x54, 0x54, 0x54, 0x54, 0x54, 0x54, 0x54, 0x54, 0x54, 0x54, 0x54, 0x54, 0x05, 0x3f, 0x85, 0xbb, 0xbb, 0x2b, 0x68, 0x2b, 0x33, 0x85, 0x37, 0x8b, 0x05, 0xad, 0xe0, 0x50, 0xdc, 0xe0, 0xde, 0xe0, 0xdf, 0xda, 0xda, 0xdc, 0xde, 0xe5, 0xd5, 0x98, 0xf4, 0x42, 0x7a, 0xf1, 0x2f, 0xc4, 0x2f, 0x37, 0x9b, 0xca, 0x3a, 0x44, 0x54, 0x54, 0xe1, 0xde, 0xdf, 0xe0, 0xe0, 0xe0, 0xe0, 0xfc, 0xe0, 0xfc, 0xe1, 0xdf, 0xdc, 0xde, 0xd6, 0x91, 0x98, 0x91, 0x8f, 0x8f, 0x87, 0x86, 0x88, 0x96, 0x3d, 0xb0, 0x67, 0x73, 0x78, 0x6d, 0x6b, 0x25, 0x65, 0x6f, 0x3f, 0x7d, 0x6d, 0x6b, 0x28, 0x25, 0x8f, 0x54, 0x47, 0x45, 0x41, 0x79, 0x8f, 0x9d, 0xa4, 0xd3, 0x91, 0xc8, 0x97, 0xdd, 0x91, 0x92, 0x8a, 0x34, 0x74, 0x2e, 0xb3, 0x6a, 0x78, 0xba, 0x80, 0x8a, 0xd0, 0x97, 0xd5, 0xd9, 0xfc, 0xfc, 0xe5, 0xfc, 0xfc, 0xe5, 0xe6, 0xe7, 0xe9, 0xe7, 0xe9, 0xe5, 0xe6, 0xe6, 0xe6, 0xe6, 0xe5, 0xe7, 0xe6, 0xaa, 0xe6, 0xe6, 0xfe, 0xe6, 0xab, 0xac, 0xe5, 0xfc, 0xe4, 0xe4, 0xfc, 0x00, 0xfc, 0xe6, 0xac, 0xae, 0xae, 0xad, 0xad, 0xe9, 
  0x54, 0x54, 0x54, 0x04, 0x9c, 0xa0, 0xf4, 0x4d, 0xa8, 0x51, 0xe2, 0x51, 0xe0, 0xdf, 0xe0, 0xfc, 0xe8, 0xae, 0x54, 0x54, 0x54, 0xaa, 0xda, 0xa0, 0xa0, 0xa0, 0x3b, 0xee, 0x91, 0x99, 0xad, 0x54, 0xe9, 0xea, 0xff, 0xea, 0xea, 0xae, 0x54, 0x54, 0x54, 0x54, 0x54, 0xe9, 0x09, 0x53, 0xe9, 0xe5, 0xe4, 0xfc, 0xe6, 0xe5, 0xe5, 0xe4, 0xe4, 0xe5, 0xe4, 0xe4, 0xfa, 0xde, 0xdf, 0xde, 0xfa, 0xe2, 0xff, 0xff, 0xdc, 0x42, 0xbf, 0x6c, 0x69, 0xb9, 0x77, 0x8a, 0x5e, 0x62, 0x66, 0x69, 0xc3, 0xc8, 0x4a, 0x8c, 0x92, 0xf2, 0x99, 0xf7, 0x42, 0x42, 0xe5, 0xe0, 0xe6, 0x08, 0xe5, 0xe5, 0x51, 0xd9, 0xfa, 0xf7, 0xd4, 0xd6, 0xce, 0xd9, 0x9b, 0x9b, 0xdc, 0xdf, 0x54, 0xe9, 0xe5, 0xde, 0xfa, 0xdc, 0xf6, 0xdc, 0xf6, 0xf5, 0xd6, 0xd0, 0x42, 0xd1, 0xd8, 0xf7, 0xf7, 0xdf, 0xe9, 0xaa, 0x53, 0xe5, 0xaa, 0xfc, 0xe1, 0xa4, 0x4a, 0xdc, 0xdf, 0xe1, 0xe0, 0xde, 0xd6, 0xd9, 0xdb, 0xa4, 0xdb, 0xe0, 0x49, 0x3a, 0x44, 0x4e, 0xae, 0xe7, 0xe5, 0xe9, 0x54, 0xae, 0xad, 0xad, 0xe7, 0xab, 0xe9, 0xe6, 0xe9, 0xad, 0xad, 0xae, 0x54, 0x54, 0x54, 0xac, 0x54, 0x49, 0x7f, 0xb8, 0x7a, 0x2e, 0x68, 0x74, 0x2b, 0x8b, 0x33, 0x33, 0x8b, 0x54, 0xde, 0xdc, 0xdf, 0xfc, 0xde, 0xfc, 0xde, 0xd9, 0xdb, 0xdd, 0xf6, 0xe7, 0xa3, 0x9f, 0x97, 0xd9, 0x92, 0x85, 0x85, 0x3a, 0xc9, 0x2f, 0x33, 0x3a, 0x92, 0x8b, 0x46, 0x54, 0xe9, 0xe0, 0xde, 0xde, 0xdf, 0xde, 0xe0, 0xe0, 0xe1, 0xfc, 0xfc, 0xfa, 0xe0, 0xf5, 0x9f, 0xd9, 0x93, 0x8c, 0x88, 0x8c, 0x8f, 0x43, 0xa5, 0x8c, 0x60, 0x5d, 0x7c, 0x73, 0x6d, 0x69, 0x62, 0x65, 0x6d, 0x65, 0x38, 0x01, 0x88, 0x7d, 0x6b, 0x60, 0x60, 0x32, 0x51, 0x48, 0x45, 0x41, 0x88, 0x39, 0x93, 0xd3, 0x97, 0x40, 0x3c, 0x75, 0x2c, 0x61, 0x1c, 0x58, 0x59, 0xb1, 0x6a, 0x7b, 0x84, 0x89, 0xc8, 0x91, 0xcc, 0x97, 0x9c, 0xa7, 0xfc, 0xfc, 0xfc, 0xe5, 0xe7, 0xe7, 0xe7, 0xe7, 0xe5, 0xe7, 0xe5, 0xe6, 0xe7, 0xe5, 0xe7, 0xe5, 0xe6, 0xe6, 0xa9, 0xe6, 0xa9, 0xe5, 0xab, 0xea, 0xad, 0xae, 0xe7, 0xe4, 0x08, 0xfc, 0xfc, 0x53, 0xad, 0xae, 0xad, 0xe8, 0xad, 0xea, 0xab, 0xfe, 
  0x54, 0x54, 0x54, 0x06, 0x4a, 0xd6, 0x9f, 0xd8, 0xa4, 0xa7, 0xa7, 0x51, 0xaa, 0xdf, 0xe1, 0xfd, 0xae, 0x54, 0x54, 0x54, 0x54, 0xe6, 0xa5, 0xa3, 0xa0, 0x05, 0x8c, 0xcd, 0xcd, 0xd5, 0xff, 0xae, 0xe9, 0xff, 0xe9, 0xea, 0xff, 0xae, 0x54, 0x54, 0xac, 0xad, 0xac, 0xe4, 0xe1, 0x51, 0xe4, 0xe6, 0xe5, 0xe5, 0xe1, 0xfc, 0xe1, 0xfc, 0xe4, 0xdf, 0xfa, 0xdf, 0xe1, 0xe1, 0xfb, 0xe1, 0xe0, 0xf6, 0x3f, 0x37, 0x2c, 0x74, 0xb6, 0xb6, 0x8a, 0x91, 0xc7, 0x6e, 0x58, 0x66, 0x5e, 0xb1, 0x7d, 0x93, 0xc8, 0x50, 0x05, 0xd8, 0x96, 0xd9, 0xdc, 0x96, 0x4a, 0xe9, 0xae, 0xe7, 0xe9, 0xe7, 0x06, 0xf6, 0xce, 0xda, 0xfa, 0x46, 0x9b, 0xf6, 0x9b, 0xf6, 0xf5, 0x05, 0xae, 0xe7, 0xfc, 0xf4, 0xdc, 0xfa, 0xf6, 0xdc, 0xf6, 0x9b, 0x92, 0xce, 0xd4, 0xd9, 0xda, 0xd9, 0xd9, 0xe6, 0xea, 0x08, 0xe6, 0xab, 0xaa, 0xfc, 0xa4, 0xe0, 0xdb, 0xf6, 0xe1, 0xe4, 0xd9, 0xd4, 0xd6, 0x4a, 0xd6, 0xf6, 0xa4, 0xfc, 0x3b, 0x42, 0xe4, 0xea, 0xe5, 0xe6, 0xe7, 0xe9, 0xab, 0xe5, 0xaa, 0xe4, 0xaa, 0xaa, 0xe4, 0xe2, 0xe4, 0xe4, 0xfc, 0xe4, 0xac, 0xad, 0xad, 0xac, 0x54, 0x42, 0x7a, 0x7f, 0x75, 0x33, 0x2b, 0x85, 0x2f, 0x7a, 0xc5, 0xbb, 0x7f, 0xde, 0xde, 0xa4, 0xfc, 0xe0, 0xe0, 0xfc, 0xa4, 0xd9, 0xa4, 0xe0, 0xda, 0xe4, 0xa7, 0xf5, 0xa0, 0x9f, 0xd9, 0x92, 0x3a, 0xca, 0xcd, 0x33, 0x6c, 0x37, 0x8b, 0x46, 0x42, 0x08, 0x54, 0xad, 0xdf, 0xde, 0xde, 0xde, 0xde, 0xe0, 0xe0, 0xe4, 0xe0, 0xe1, 0xe5, 0xd9, 0x9f, 0x98, 0x91, 0x91, 0x93, 0x43, 0x48, 0x4e, 0x81, 0x64, 0x60, 0x78, 0x7d, 0x6d, 0x73, 0x6d, 0x60, 0x66, 0x25, 0x6d, 0x2c, 0x4e, 0x54, 0x9c, 0x79, 0x73, 0x65, 0x5d, 0x25, 0x01, 0xa1, 0x98, 0x8f, 0x88, 0x88, 0xb4, 0x25, 0x5f, 0x58, 0x16, 0x58, 0x1c, 0x64, 0x6f, 0xb4, 0x72, 0x72, 0x7d, 0xbe, 0x87, 0x8b, 0x90, 0x42, 0xcd, 0xf1, 0x4a, 0x50, 0xe4, 0xe9, 0xe9, 0xe7, 0xe7, 0xe7, 0xe5, 0xe7, 0xe5, 0xe5, 0xe6, 0xe5, 0xe7, 0xe6, 0xfd, 0xe7, 0xaa, 0xe5, 0xab, 0xab, 0xe8, 0x54, 0xae, 0xae, 0xae, 0xac, 0xe4, 0xe5, 0xe7, 0xac, 0xae, 0xad, 0xea, 0xab, 0xab, 0xe9, 0xad, 0xe8, 0xa9, 
  0x54, 0x54, 0x54, 0x54, 0x00, 0x4e, 0xd9, 0x9c, 0x9c, 0xde, 0xa8, 0xa4, 0xe4, 0x51, 0xfb, 0xad, 0x54, 0x54, 0x54, 0x54, 0x54, 0x53, 0xa8, 0xdc, 0xa3, 0xa3, 0x44, 0xce, 0x91, 0xf4, 0xe5, 0x54, 0xe8, 0xff, 0xe9, 0xff, 0xea, 0x54, 0x54, 0xae, 0xe0, 0x50, 0xa5, 0xfc, 0xe4, 0xe4, 0xfc, 0xfc, 0xe4, 0xfc, 0xfc, 0xfc, 0xa4, 0xa4, 0xa4, 0xe0, 0xe0, 0xdc, 0xfa, 0xf6, 0x49, 0x3e, 0x3a, 0x34, 0x7b, 0x7b, 0xec, 0x8a, 0x83, 0x99, 0xdb, 0xf3, 0xc1, 0xaf, 0x69, 0x72, 0x66, 0x64, 0x78, 0xcc, 0xce, 0x8d, 0x9c, 0xa4, 0xcd, 0xcb, 0xd6, 0xdc, 0x99, 0x90, 0x50, 0x50, 0xfc, 0xe7, 0xe1, 0x05, 0xd9, 0xce, 0xd8, 0xfa, 0x9b, 0xd9, 0x9b, 0xdc, 0x9b, 0xa4, 0xfd, 0xfc, 0xdf, 0xfa, 0xf6, 0xde, 0xf7, 0xdb, 0xa4, 0xd4, 0xf2, 0xd8, 0xd6, 0xd5, 0xd6, 0x05, 0x08, 0xea, 0xaa, 0xea, 0x08, 0xfc, 0xe6, 0xdf, 0xdc, 0xfc, 0xdc, 0x50, 0xe5, 0x9b, 0x42, 0xd4, 0xd6, 0xd9, 0xde, 0xa4, 0xff, 0x46, 0x03, 0x00, 0xe8, 0xa8, 0xa8, 0xa8, 0xe6, 0xaa, 0xaa, 0xe6, 0xaa, 0xaa, 0xaa, 0xe5, 0xaa, 0xaa, 0xe4, 0xe4, 0xe2, 0xe4, 0xe1, 0xfc, 0xfc, 0xe4, 0x54, 0xca, 0xc0, 0x7f, 0x34, 0xc9, 0x27, 0x2f, 0xc5, 0x7a, 0x7f, 0x8b, 0x8b, 0x05, 0xde, 0xe1, 0xfc, 0xe0, 0xfc, 0xfc, 0xa3, 0xf7, 0xde, 0xe1, 0xf7, 0xe1, 0xe5, 0xa3, 0xa3, 0xd9, 0xd8, 0xe0, 0xce, 0x3e, 0xf1, 0x8b, 0x33, 0x37, 0xf1, 0x8b, 0x05, 0x54, 0xae, 0x54, 0xad, 0xe7, 0xe0, 0xde, 0xde, 0xdf, 0x00, 0xe4, 0xfc, 0xe5, 0xe1, 0xe4, 0xa3, 0x48, 0x48, 0x9d, 0x98, 0x43, 0x46, 0x35, 0x6d, 0x62, 0x78, 0x7d, 0x72, 0x78, 0x83, 0x60, 0x6a, 0x6d, 0x64, 0x35, 0x6b, 0x40, 0x4c, 0xa5, 0x43, 0x93, 0x7c, 0x79, 0x5d, 0x6a, 0x81, 0xa6, 0x98, 0x94, 0x88, 0x73, 0x62, 0x5d, 0x64, 0x66, 0x62, 0x64, 0x69, 0x6f, 0x78, 0x82, 0x84, 0xc6, 0x89, 0xc4, 0x89, 0x92, 0x46, 0xd4, 0xd6, 0x46, 0x05, 0x54, 0xe6, 0xe5, 0xe5, 0xe5, 0xe4, 0xe5, 0xe5, 0xe5, 0xe5, 0xfd, 0xe5, 0xe5, 0xe6, 0xaa, 0xe9, 0xac, 0xe9, 0xae, 0x54, 0xae, 0xae, 0xae, 0xad, 0xae, 0xad, 0xe5, 0xe5, 0xe9, 0xae, 0xea, 0xab, 0xaa, 0xa9, 0xe9, 0xa9, 0xe9, 0xae, 0xe8, 
  0x54, 0x54, 0x54, 0x54, 0x08, 0xa0, 0xd8, 0xd9, 0x9f, 0xd9, 0xe0, 0xa7, 0xe0, 0xa7, 0xe0, 0xae, 0x54, 0x54, 0x54, 0x54, 0x54, 0x54, 0xa8, 0xdc, 0xa3, 0xdf, 0x98, 0xcd, 0x97, 0xf2, 0x05, 0x54, 0xe7, 0xff, 0xe9, 0xff, 0xae, 0x08, 0xdf, 0xe0, 0xe4, 0xe1, 0xde, 0xdf, 0xe0, 0xe1, 0xe0, 0xe1, 0xe0, 0xe0, 0xe0, 0xdf, 0xfc, 0xfc, 0xde, 0x4a, 0x4a, 0xd4, 0x3b, 0x3b, 0x38, 0x80, 0x82, 0x84, 0xc9, 0xc6, 0xd0, 0x8a, 0x9b, 0xe2, 0xd5, 0xd2, 0x6a, 0x69, 0x90, 0xba, 0x78, 0xb6, 0xc3, 0xcc, 0xd9, 0x93, 0x83, 0x42, 0xd8, 0xf2, 0xd1, 0xa0, 0xa3, 0x9b, 0xd8, 0x9c, 0x4d, 0x4e, 0xdf, 0xa4, 0xde, 0xe0, 0xd4, 0xd8, 0xdb, 0xf1, 0xd8, 0xf7, 0xd6, 0xe0, 0xde, 0xfd, 0xa4, 0xe0, 0xdb, 0xdc, 0xde, 0xda, 0xf6, 0xf4, 0xd6, 0xd5, 0xd4, 0x9b, 0xda, 0xdb, 0xfc, 0xad, 0xab, 0xe9, 0xe0, 0xdf, 0xe4, 0xdc, 0xdf, 0xfc, 0xdc, 0xe4, 0xdb, 0x44, 0x9b, 0xdc, 0xdb, 0xdb, 0xda, 0xa4, 0xe7, 0x07, 0xaa, 0xfe, 0xa8, 0xe4, 0xa8, 0xa7, 0xaa, 0xe7, 0xe6, 0xaa, 0xaa, 0xe5, 0xaa, 0xe5, 0xaa, 0xe5, 0xaa, 0xaa, 0xe4, 0xe4, 0xe4, 0xfc, 0xe4, 0xe0, 0xe7, 0x4b, 0x4d, 0x38, 0x7a, 0x8b, 0x29, 0x29, 0x33, 0x3e, 0x37, 0xc0, 0x05, 0xde, 0xde, 0xac, 0xe1, 0xe1, 0xe6, 0xdf, 0xdc, 0xdc, 0xde, 0xe1, 0xde, 0xe0, 0xe9, 0xdd, 0xa3, 0xa3, 0xd9, 0xf6, 0xdb, 0xf2, 0x99, 0x3e, 0x3e, 0x33, 0x46, 0x4a, 0x8b, 0xde, 0x54, 0xae, 0x54, 0x54, 0xac, 0xdf, 0xde, 0xe0, 0xe4, 0xfc, 0xe4, 0xe5, 0xfc, 0x9f, 0xd4, 0x97, 0x93, 0x93, 0x98, 0x4d, 0x83, 0x73, 0xba, 0x78, 0x78, 0x73, 0x7d, 0x87, 0x7d, 0x6b, 0x32, 0x25, 0x73, 0x32, 0x71, 0x81, 0x88, 0x94, 0x9d, 0x94, 0x8d, 0xc3, 0x70, 0x6b, 0x64, 0x71, 0x04, 0x94, 0x8c, 0x83, 0x8c, 0xec, 0x6d, 0x78, 0xba, 0x81, 0x7d, 0xba, 0xbc, 0x78, 0xbe, 0x89, 0x99, 0xd4, 0xf4, 0xdc, 0xad, 0xae, 0x54, 0xae, 0xad, 0xac, 0xe5, 0xe7, 0xe7, 0xe5, 0xe4, 0xe7, 0xe5, 0xe5, 0xe7, 0xe6, 0xe5, 0xe9, 0xae, 0xac, 0x54, 0x54, 0x54, 0x54, 0xae, 0xae, 0xad, 0xad, 0xae, 0xae, 0xad, 0xe5, 0x00, 0xad, 0xe9, 0xaa, 0xfd, 0xa8, 0xe2, 0xea, 0xe5, 0xa9, 0xe9, 0x54, 
  0x54, 0x54, 0x54, 0x54, 0x09, 0x50, 0xa0, 0x9f, 0xd8, 0x4a, 0xa3, 0xfc, 0xa7, 0xe0, 0xa8, 0xe6, 0x54, 0x54, 0x54, 0x54, 0x54, 0x54, 0xe6, 0xa5, 0xdc, 0xa4, 0x4a, 0x93, 0xd4, 0x99, 0xdd, 0xae, 0xff, 0xe9, 0xff, 0xac, 0xac, 0x50, 0xdb, 0xdc, 0x50, 0xe0, 0xe0, 0x51, 0xde, 0xdf, 0xdf, 0xdf, 0xde, 0xfa, 0xde, 0xf6, 0x4a, 0x46, 0x46, 0x3c, 0x8b, 0x82, 0x87, 0x92, 0x3f, 0xca, 0xcb, 0xcd, 0xc6, 0xd4, 0xd9, 0xe0, 0xfd, 0xf5, 0x97, 0x7e, 0x83, 0x8d, 0x84, 0x8d, 0xba, 0x72, 0x3c, 0x97, 0x97, 0x93, 0x93, 0x86, 0x3f, 0xf4, 0xf3, 0xf4, 0xdc, 0xda, 0xa7, 0xd1, 0x96, 0x9c, 0xd9, 0xe4, 0xdb, 0xd4, 0xdf, 0xd8, 0xd8, 0xd6, 0xdc, 0xd8, 0xd9, 0xde, 0xdc, 0xe4, 0xdb, 0xde, 0xde, 0xf6, 0xde, 0xf6, 0xd9, 0x9b, 0xd4, 0x99, 0xd9, 0xf5, 0xdb, 0xde, 0xac, 0xae, 0xe9, 0xfc, 0xa4, 0xfc, 0xde, 0xdb, 0xe0, 0xfd, 0x50, 0x46, 0x46, 0x42, 0x3e, 0x4a, 0xd9, 0xd9, 0xdb, 0xe0, 0xe5, 0xfd, 0xa7, 0xe2, 0xaa, 0xa8, 0xe4, 0xa9, 0xe4, 0xe6, 0xac, 0xe6, 0xaa, 0xe4, 0xe4, 0xe4, 0xaa, 0xe4, 0xaa, 0xe5, 0xaa, 0xe5, 0xe4, 0xe4, 0xfc, 0xe4, 0xe0, 0x54, 0xd9, 0x34, 0x3e, 0x7a, 0x2f, 0xbf, 0x2b, 0x85, 0x8b, 0x7f, 0x3e, 0xfc, 0xe0, 0xe5, 0xfc, 0xfc, 0xe4, 0xdf, 0xdc, 0xa4, 0xde, 0xe4, 0xdd, 0xe0, 0xac, 0xa7, 0xa3, 0xa3, 0xda, 0xd9, 0xe0, 0xd6, 0x46, 0xca, 0x46, 0x3a, 0x37, 0xdb, 0xf6, 0x42, 0x54, 0x54, 0x54, 0x54, 0x54, 0xac, 0xe0, 0xfc, 0xe5, 0xe5, 0xe4, 0xe7, 0xe1, 0xd8, 0x9c, 0x98, 0x97, 0x48, 0x50, 0x98, 0x72, 0x78, 0x32, 0xc7, 0xc3, 0x87, 0x7c, 0x42, 0x6d, 0x69, 0x79, 0xb3, 0x65, 0x6d, 0x65, 0x79, 0x88, 0x9a, 0x4c, 0xa2, 0x98, 0x88, 0x83, 0x86, 0x7c, 0x6d, 0x76, 0x45, 0x43, 0x87, 0x3f, 0x83, 0x84, 0x78, 0x78, 0xc2, 0x93, 0x90, 0x8c, 0xc8, 0xcd, 0x93, 0x08, 0x54, 0x54, 0x54, 0xae, 0x54, 0xac, 0xae, 0xae, 0x54, 0xae, 0xae, 0x54, 0xae, 0xad, 0xae, 0xae, 0xae, 0x54, 0xae, 0x54, 0x54, 0xae, 0x54, 0x54, 0x54, 0xae, 0xae, 0xad, 0xad, 0xad, 0xae, 0xad, 0xae, 0xac, 0xe5, 0xe5, 0xe6, 0xa9, 0xaa, 0xe2, 0xdd, 0xaa, 0xe8, 0xab, 0xe2, 0xe2, 0xac, 
  0x54, 0x54, 0x54, 0x54, 0x54, 0x01, 0x00, 0xa3, 0xa0, 0xd8, 0x9f, 0xdc, 0xe0, 0xa7, 0xfa, 0xa9, 0xe9, 0x54, 0x54, 0x54, 0x54, 0x54, 0xab, 0xe2, 0xa8, 0xa3, 0xd9, 0x96, 0xd4, 0xd4, 0xde, 0xad, 0xe5, 0xe7, 0xff, 0x07, 0x4e, 0xdf, 0x51, 0xdf, 0x50, 0xa4, 0x50, 0xdf, 0xde, 0xdf, 0xde, 0xa4, 0xa0, 0x49, 0x46, 0x46, 0x90, 0x90, 0xca, 0x90, 0x90, 0x92, 0xd4, 0x90, 0xcd, 0xef, 0xd4, 0xd0, 0xd5, 0xdf, 0x54, 0xe9, 0xd8, 0xd5, 0x8a, 0x84, 0xd2, 0x8a, 0x91, 0xc3, 0x89, 0xba, 0xbc, 0x90, 0xd8, 0x91, 0x8c, 0x8d, 0x98, 0xd8, 0xce, 0xc9, 0xf2, 0x9f, 0xde, 0xda, 0xd8, 0xd9, 0x9f, 0xe0, 0xe1, 0xf7, 0xd4, 0xdc, 0xdb, 0xf4, 0xdb, 0xd8, 0xde, 0xd9, 0x4d, 0xde, 0xa4, 0xdc, 0xfa, 0xdc, 0xf7, 0xdc, 0xf4, 0x9b, 0xd5, 0xd8, 0xd9, 0xd9, 0xdc, 0xea, 0x54, 0xe4, 0xe1, 0xdf, 0xdf, 0xe0, 0xd9, 0xde, 0xe4, 0xdc, 0x42, 0x92, 0x99, 0x9b, 0x4a, 0xd9, 0xde, 0xdf, 0xfc, 0xe5, 0xa7, 0xa8, 0xe6, 0xe7, 0xa5, 0xa5, 0xe2, 0xa8, 0xe2, 0xaa, 0xaa, 0xe9, 0xac, 0xac, 0xe4, 0xaa, 0xe1, 0xe4, 0xe4, 0xe4, 0xe2, 0xe4, 0xe4, 0xe4, 0xe5, 0xe4, 0xe1, 0xae, 0xce, 0x82, 0x92, 0x2f, 0x7f, 0x7f, 0x85, 0x33, 0xf1, 0x37, 0x85, 0xe5, 0xfc, 0xe5, 0xfc, 0xe4, 0xe4, 0xfa, 0xde, 0xdd, 0xde, 0xe5, 0xe0, 0xdd, 0xac, 0xe2, 0xdc, 0xdd, 0xa3, 0xd9, 0xdc, 0xdc, 0x9b, 0x46, 0xf1, 0x42, 0x85, 0x3a, 0x42, 0xfc, 0xa5, 0xae, 0xae, 0x54, 0x54, 0x54, 0x54, 0xac, 0xe4, 0xe4, 0xe7, 0x54, 0xa3, 0xd4, 0x97, 0x97, 0x48, 0xda, 0x93, 0x83, 0x81, 0x7d, 0x93, 0x98, 0x8f, 0x86, 0x8d, 0x39, 0x2c, 0x71, 0x81, 0x2c, 0x65, 0x81, 0x32, 0x32, 0x93, 0xa2, 0xa6, 0x9d, 0x4f, 0xa2, 0x8d, 0x93, 0x93, 0x88, 0x73, 0x6f, 0x40, 0x8c, 0x8c, 0x83, 0xbe, 0x81, 0x8a, 0x8c, 0x80, 0x7d, 0x84, 0x8c, 0x48, 0x9b, 0x96, 0x96, 0x46, 0xa4, 0x54, 0xae, 0x54, 0x54, 0xac, 0xae, 0x54, 0x54, 0x54, 0x54, 0x54, 0x54, 0x54, 0x54, 0xae, 0x54, 0xae, 0xae, 0xae, 0x54, 0x54, 0xae, 0xad, 0xea, 0xea, 0xad, 0xad, 0xad, 0xad, 0xae, 0xad, 0x00, 0xdf, 0xe6, 0xe5, 0xa9, 0xdd, 0xa7, 0xab, 0xab, 0xea, 0xa8, 0xe2, 0xa9, 
  0x54, 0x54, 0x54, 0x54, 0x54, 0x54, 0xac, 0x07, 0xdc, 0xa5, 0xa3, 0xa0, 0xdd, 0xe0, 0xa7, 0xe1, 0xa9, 0xad, 0x54, 0x54, 0x54, 0x54, 0xad, 0xa8, 0xe2, 0x51, 0xa0, 0x46, 0xd4, 0x9c, 0xfa, 0xad, 0xad, 0xae, 0xe6, 0xdf, 0x50, 0xde, 0xdf, 0x50, 0xdf, 0x50, 0xa4, 0x4e, 0xa4, 0xa0, 0x4a, 0x9c, 0x9b, 0x99, 0x96, 0xce, 0x96, 0x96, 0xce, 0x99, 0xce, 0x9b, 0xcb, 0x99, 0xd0, 0xd4, 0xd9, 0xf7, 0xe5, 0x54, 0xe9, 0xf7, 0x9f, 0xd0, 0x8a, 0xc8, 0xd5, 0xd1, 0x91, 0x83, 0xc8, 0x7b, 0xc3, 0x84, 0xc8, 0x93, 0xc8, 0x81, 0x88, 0x4a, 0xdc, 0xd5, 0x96, 0xf2, 0xa0, 0xdc, 0xa7, 0xdb, 0x9b, 0xa5, 0xfc, 0xde, 0xde, 0xf4, 0xda, 0xf6, 0xda, 0xf6, 0xdc, 0x4a, 0xe0, 0xe0, 0xe1, 0xdc, 0xde, 0xa4, 0xf7, 0xf6, 0xd8, 0xd8, 0xd8, 0xd5, 0xd8, 0xde, 0xac, 0x54, 0xfc, 0xde, 0xe4, 0xde, 0xfc, 0xdc, 0xdc, 0xff, 0xdc, 0x99, 0x99, 0x4a, 0x4a, 0xd9, 0x05, 0xd9, 0x50, 0xfc, 0xaa, 0xa8, 0xa9, 0xac, 0xe7, 0x4f, 0xa3, 0xa5, 0xa8, 0xe4, 0xa8, 0xe7, 0xe2, 0xaa, 0xe6, 0xab, 0xac, 0xae, 0xe7, 0xa8, 0xfc, 0xe1, 0xfc, 0xfc, 0xe4, 0xe4, 0xe1, 0xe5, 0xe1, 0x54, 0x96, 0x3a, 0x85, 0x7a, 0x44, 0x6c, 0x3e, 0x3a, 0x8b, 0x8b, 0x37, 0x00, 0xe7, 0xe5, 0xfc, 0xe5, 0xaa, 0xe0, 0xdf, 0xdf, 0xfa, 0xfc, 0xe4, 0xe0, 0xe5, 0xe5, 0xdd, 0xdd, 0xa3, 0xf5, 0xd9, 0xde, 0xdf, 0xd6, 0x9b, 0xd8, 0x8b, 0x44, 0x8b, 0x4e, 0xe8, 0x52, 0xe6, 0xac, 0x54, 0x54, 0x54, 0xe7, 0xe4, 0x08, 0xae, 0x54, 0xde, 0x9c, 0x9f, 0xd9, 0xa0, 0x91, 0x8c, 0x8a, 0x83, 0x43, 0x9d, 0x8f, 0x94, 0x93, 0x94, 0x8c, 0x65, 0x79, 0x80, 0x71, 0x73, 0x3c, 0x71, 0x2a, 0x3d, 0x4c, 0xa1, 0xa8, 0x9d, 0x4c, 0xa0, 0x86, 0x91, 0x3f, 0x40, 0x72, 0x32, 0x96, 0x9c, 0x91, 0xc3, 0x84, 0x78, 0xba, 0x7d, 0x89, 0x87, 0x81, 0xba, 0x35, 0x84, 0x8a, 0x96, 0xd6, 0xd5, 0xd3, 0x4a, 0xe1, 0x54, 0x54, 0x54, 0x54, 0x54, 0x54, 0x54, 0x54, 0x54, 0xae, 0x54, 0xae, 0xae, 0xae, 0xae, 0xae, 0xad, 0xea, 0xea, 0xad, 0xad, 0xad, 0xea, 0xad, 0xea, 0xad, 0x54, 0x4a, 0x05, 0xe8, 0xaa, 0xa5, 0xa3, 0xa7, 0xe9, 0xe8, 0xe9, 0xa9, 0xe1, 0xe2, 
  0x54, 0x54, 0x54, 0x54, 0x54, 0x54, 0x54, 0xaa, 0xa2, 0xa0, 0xdc, 0xdc, 0xdd, 0x51, 0xe1, 0xa7, 0xaa, 0xab, 0xad, 0x54, 0x54, 0x54, 0x54, 0xab, 0xa8, 0xe2, 0xa5, 0x9b, 0xd4, 0xd8, 0xa4, 0xea, 0x06, 0x04, 0x4e, 0xe1, 0xdf, 0x51, 0xa4, 0xdc, 0x4e, 0xdc, 0xa0, 0xd8, 0x4a, 0x9c, 0xd8, 0xd4, 0x46, 0xd4, 0x96, 0x46, 0xf1, 0x96, 0x99, 0x96, 0x46, 0xce, 0x9b, 0xd4, 0xf4, 0xde, 0xae, 0xad, 0xab, 0xe6, 0xfa, 0xd2, 0xd1, 0x8c, 0xcc, 0xd0, 0xd8, 0xf3, 0xc3, 0xcc, 0x93, 0xb4, 0x7e, 0xd4, 0x3f, 0xc3, 0x93, 0x94, 0x83, 0x90, 0x46, 0x9b, 0xdc, 0xd9, 0xf4, 0xa7, 0xdb, 0xa3, 0xdb, 0xa4, 0xa7, 0xf7, 0xdb, 0xfa, 0xdb, 0xda, 0xf6, 0xde, 0xda, 0xdc, 0xdf, 0xdc, 0xdf, 0xde, 0xdc, 0xde, 0xdb, 0xda, 0xd8, 0xd4, 0x9b, 0xd8, 0xd8, 0xa4, 0xae, 0xe9, 0xa4, 0xe1, 0xfc, 0xdf, 0xe0, 0xdc, 0xe4, 0x49, 0x44, 0x46, 0x4a, 0xd6, 0x05, 0xd9, 0xd9, 0xd9, 0xa4, 0xab, 0xa9, 0xaa, 0x54, 0xad, 0xa5, 0xa0, 0xa3, 0xdc, 0xa7, 0xe4, 0xa7, 0xaa, 0xe4, 0xa8, 0xaa, 0xaa, 0xe5, 0xe9, 0xad, 0xab, 0xe6, 0xe6, 0xe1, 0xe4, 0xe1, 0xfc, 0xfc, 0xfc, 0xe1, 0xe9, 0x4a, 0x44, 0x7f, 0x8b, 0x92, 0x2b, 0x7f, 0x42, 0x85, 0x92, 0x50, 0xe4, 0xe5, 0xe4, 0xe4, 0xe5, 0xe4, 0xe0, 0xe0, 0xfa, 0xdf, 0xe4, 0xfc, 0xfc, 0xe5, 0xe6, 0xdd, 0xdd, 0xa3, 0xda, 0xda, 0xd9, 0xde, 0xdc, 0xf6, 0x4a, 0x42, 0x92, 0x50, 0x3e, 0xdc, 0xe0, 0xa8, 0xaa, 0xab, 0xae, 0xae, 0xe5, 0xac, 0x54, 0x54, 0xaa, 0xd5, 0x9f, 0xd8, 0x9f, 0x99, 0xc8, 0xca, 0x91, 0x93, 0x08, 0x9a, 0x94, 0x98, 0x8f, 0x43, 0x80, 0x6d, 0x79, 0x96, 0x87, 0x71, 0x90, 0x71, 0x71, 0x32, 0xe3, 0xa6, 0x9e, 0xe9, 0x9d, 0xa5, 0xa6, 0x8d, 0x83, 0x87, 0x42, 0x88, 0x35, 0x8c, 0x9c, 0x8a, 0x7d, 0x7d, 0x81, 0x82, 0x78, 0x77, 0xba, 0x84, 0x8a, 0x89, 0x84, 0x84, 0x84, 0xc3, 0xc9, 0xce, 0x4d, 0x4d, 0x4d, 0xe6, 0xad, 0x54, 0x54, 0x54, 0xae, 0x54, 0xae, 0xae, 0xae, 0xad, 0xad, 0xad, 0xea, 0xac, 0xea, 0xad, 0xad, 0xea, 0xea, 0xad, 0xad, 0x54, 0xae, 0xea, 0xdf, 0xe2, 0xe6, 0xa8, 0xa3, 0xa5, 0xa9, 0xe8, 0xab, 0xad, 0xa9, 0xe2, 0xa8, 
  0x54, 0x54, 0x54, 0x54, 0x54, 0x54, 0x54, 0x54, 0xe4, 0xa7, 0xa3, 0xa3, 0xdd, 0xdd, 0xa8, 0xe1, 0xa8, 0xaa, 0xab, 0xae, 0x54, 0x54, 0xae, 0xab, 0xaa, 0xa8, 0xa8, 0xd6, 0x9f, 0x51, 0x05, 0x04, 0x05, 0x4e, 0xdf, 0x51, 0xa5, 0xde, 0x4d, 0x4d, 0xdc, 0xa0, 0xd9, 0xd9, 0x9c, 0xd9, 0x49, 0x9c, 0x9b, 0x99, 0x46, 0xd4, 0x46, 0x9b, 0x99, 0x9f, 0x99, 0xd9, 0xde, 0xa4, 0xe4, 0xea, 0xe6, 0xe5, 0xe6, 0xe6, 0xd7, 0xd1, 0xd0, 0x93, 0xf3, 0x9f, 0xdf, 0x97, 0x8d, 0x93, 0x8a, 0xc3, 0x7d, 0xc6, 0xa3, 0xc8, 0x83, 0x90, 0x48, 0x94, 0xd4, 0xf2, 0xd8, 0xd8, 0x46, 0xd4, 0xdc, 0xdd, 0xe0, 0xde, 0xdd, 0xde, 0xda, 0xd8, 0xdb, 0xdf, 0xdc, 0xde, 0xdb, 0xde, 0xdc, 0xdc, 0xde, 0xe0, 0xde, 0xde, 0xdc, 0xd8, 0x46, 0xd8, 0xd9, 0xda, 0xa3, 0xe0, 0xaa, 0xe0, 0xde, 0xe4, 0xe0, 0xde, 0xe1, 0xe0, 0x4a, 0x96, 0x9b, 0x4a, 0xd6, 0x4a, 0x46, 0x4d, 0xa4, 0xde, 0xa8, 0xa9, 0xe9, 0x54, 0x54, 0xa7, 0xa0, 0x4c, 0xa3, 0x4f, 0xa5, 0xe0, 0xa7, 0x51, 0xe5, 0xa8, 0xe1, 0xe2, 0xaa, 0xe4, 0xaa, 0xe9, 0xae, 0x54, 0xe9, 0xaa, 0xe6, 0xfc, 0xe0, 0xe1, 0xe1, 0xfc, 0xe7, 0xfc, 0x3a, 0x42, 0x85, 0x7f, 0x2f, 0x8b, 0x92, 0x85, 0xf6, 0xad, 0xfc, 0xe5, 0xe4, 0xe7, 0xe4, 0xe0, 0xe1, 0xe0, 0xe0, 0xe2, 0xe5, 0xe0, 0xe4, 0xad, 0xe2, 0xdd, 0xa3, 0xa3, 0xa3, 0x9f, 0xdb, 0xdf, 0xdc, 0x92, 0x46, 0x42, 0x05, 0xf6, 0xa0, 0xdd, 0xdf, 0xa8, 0xaa, 0xab, 0xad, 0x01, 0xae, 0x54, 0x54, 0xe4, 0xda, 0xa0, 0xd6, 0xd4, 0x91, 0xcd, 0x91, 0xd4, 0x54, 0xa0, 0x94, 0x98, 0x94, 0xd3, 0x3f, 0x76, 0x79, 0x81, 0x9f, 0x35, 0x35, 0x97, 0x31, 0x71, 0x39, 0x87, 0x54, 0xa1, 0xa2, 0xe9, 0xa2, 0xa4, 0x54, 0xd3, 0x78, 0x32, 0x89, 0x90, 0x87, 0x43, 0xd8, 0x43, 0xf9, 0xc6, 0x80, 0x80, 0xc3, 0x8c, 0x81, 0xba, 0x77, 0x77, 0x84, 0xed, 0x90, 0x92, 0x3f, 0x3e, 0x90, 0x96, 0xd9, 0xac, 0x54, 0x54, 0x54, 0x54, 0x54, 0xae, 0xae, 0xae, 0xad, 0xea, 0xea, 0xac, 0xea, 0xea, 0xac, 0xea, 0xad, 0xae, 0xae, 0x54, 0xad, 0xab, 0xe5, 0xea, 0xab, 0xfd, 0xdd, 0xdd, 0xa7, 0xe6, 0xab, 0xe8, 0xad, 0xa9, 0xe5, 0xe2, 
  0xea, 0x54, 0x54, 0x54, 0x54, 0x54, 0x54, 0x54, 0x54, 0xad, 0xa8, 0xa5, 0xa7, 0xde, 0xa7, 0xe1, 0xa8, 0xe2, 0xe6, 0xab, 0xae, 0x54, 0x54, 0xe8, 0xe5, 0xa9, 0xe2, 0x48, 0xd8, 0x51, 0x51, 0xa7, 0xe1, 0xa7, 0x51, 0xa4, 0xa5, 0xdc, 0x4e, 0xa3, 0x4d, 0xd9, 0xdb, 0xd9, 0x4d, 0xd6, 0x9c, 0xd9, 0x9c, 0xd8, 0xd6, 0xd6, 0xd8, 0x9c, 0xdb, 0xd9, 0xdc, 0xe1, 0xac, 0xac, 0xab, 0xaa, 0xfd, 0xe9, 0xae, 0xda, 0xce, 0xcc, 0xd4, 0xcc, 0xf3, 0xd8, 0xe4, 0x42, 0x97, 0xc3, 0x91, 0x91, 0xc8, 0xc8, 0x91, 0x97, 0x8d, 0x87, 0x8c, 0x9f, 0x9d, 0xdc, 0xdf, 0xdf, 0xa4, 0xd6, 0xd9, 0xfa, 0xa7, 0xe1, 0xe4, 0xdf, 0xdb, 0xe0, 0xf6, 0xd9, 0xdc, 0xa4, 0xde, 0xa4, 0xde, 0xde, 0xe1, 0xde, 0xde, 0xa4, 0xdc, 0xda, 0xd9, 0xd9, 0xda, 0xdb, 0xa5, 0xfc, 0xe4, 0xdf, 0xe0, 0xe1, 0xdf, 0xfd, 0x05, 0x92, 0xca, 0xce, 0x49, 0x9c, 0xd6, 0xd6, 0xd8, 0xdb, 0xde, 0xa8, 0xa9, 0xab, 0x54, 0x54, 0xe5, 0xdc, 0xd9, 0xa0, 0xa0, 0xa3, 0xdc, 0xa7, 0xa5, 0xa7, 0xa8, 0xe4, 0x51, 0xa8, 0xe1, 0xaa, 0xe2, 0xe4, 0xe5, 0xe9, 0x54, 0x54, 0x54, 0xad, 0xaa, 0xe5, 0xe5, 0xe1, 0x54, 0x9b, 0x85, 0xf1, 0x85, 0x37, 0x85, 0x33, 0x92, 0x37, 0x99, 0xae, 0xe4, 0xe5, 0xaa, 0xe5, 0xe4, 0xfc, 0xe1, 0xe1, 0xe0, 0xe1, 0xe6, 0xe4, 0xe0, 0xae, 0xab, 0xdc, 0xdd, 0xf7, 0xa3, 0xf5, 0xd8, 0xdf, 0xde, 0xdc, 0xf6, 0xf6, 0x46, 0x4a, 0xe0, 0xa7, 0xdf, 0xa7, 0xaa, 0xab, 0xe9, 0x54, 0xae, 0x54, 0x54, 0xa4, 0xd8, 0xd9, 0xd4, 0xd1, 0xcc, 0x97, 0xa0, 0xad, 0xaa, 0x9a, 0x9f, 0x98, 0xcc, 0x98, 0x90, 0x81, 0x87, 0x93, 0x9c, 0x8c, 0x83, 0xd3, 0x36, 0x2c, 0x87, 0x88, 0x4f, 0xff, 0x9d, 0xa7, 0xa8, 0x9f, 0xa5, 0x54, 0x4f, 0xc3, 0x73, 0x6f, 0x38, 0x3f, 0x90, 0x40, 0x25, 0x34, 0x96, 0xa9, 0xd8, 0xc8, 0xc2, 0xc3, 0x90, 0x8a, 0x80, 0x84, 0x81, 0x82, 0xc5, 0x90, 0xce, 0x4a, 0xd9, 0x4d, 0xa4, 0xe0, 0xe4, 0xac, 0xae, 0xae, 0xae, 0xad, 0xad, 0xad, 0xad, 0xad, 0xad, 0xad, 0xad, 0xae, 0xae, 0x54, 0x54, 0xea, 0xe6, 0xe6, 0xe6, 0xe5, 0xfd, 0xa8, 0xa5, 0xa7, 0xe0, 0xe8, 0xab, 0xea, 0xae, 0xa9, 0xe6, 0xe2, 
  0xe5, 0xa9, 0xae, 0xae, 0xad, 0x54, 0x54, 0x54, 0x54, 0x54, 0xe9, 0xa6, 0xa5, 0xa7, 0x51, 0xe1, 0xe4, 0xa8, 0xe5, 0xaa, 0xab, 0xae, 0x54, 0xae, 0xab, 0xaa, 0xfe, 0xa0, 0x9f, 0xa0, 0xa0, 0xdc, 0xa5, 0x51, 0xa4, 0x4e, 0xa4, 0x4e, 0xde, 0x4e, 0xd9, 0xdb, 0xd9, 0x4d, 0xd8, 0xd6, 0xdc, 0x4a, 0xd9, 0xd9, 0x9c, 0x4d, 0xa0, 0xdc, 0xfc, 0xac, 0xe9, 0xad, 0xe9, 0xe5, 0xa8, 0xfa, 0xab, 0xae, 0xfa, 0x90, 0x91, 0xcc, 0xd3, 0xcd, 0xd7, 0xf5, 0xfc, 0x4e, 0x91, 0x83, 0xd9, 0x8c, 0x7d, 0x93, 0xd4, 0x97, 0x93, 0xcc, 0x88, 0x93, 0xa0, 0xe2, 0x4a, 0x9b, 0xd8, 0xdc, 0xa4, 0xdb, 0xfa, 0xe2, 0xe1, 0xfd, 0xa7, 0xdf, 0xe4, 0xdf, 0xf6, 0xdf, 0xe0, 0xde, 0xfa, 0xa4, 0xe0, 0xde, 0xdf, 0xdc, 0xdc, 0xdb, 0xf6, 0xda, 0xdc, 0xa5, 0xe4, 0xe0, 0xfc, 0xe0, 0xe0, 0xe0, 0xe0, 0x05, 0xce, 0x96, 0x9b, 0x4a, 0xd9, 0xdb, 0xda, 0x4b, 0xf7, 0xe6, 0xab, 0xa9, 0x52, 0x53, 0x54, 0xea, 0xe1, 0xa3, 0xa0, 0x4c, 0xd8, 0xa3, 0xa5, 0xdd, 0xa5, 0xa5, 0xe0, 0xa9, 0xe0, 0x51, 0xe0, 0xe2, 0xaa, 0xe4, 0xe2, 0xfc, 0xaa, 0xe9, 0xae, 0x54, 0x54, 0xae, 0xae, 0xe9, 0x54, 0x49, 0x85, 0xf1, 0x85, 0x85, 0x37, 0x8b, 0x37, 0x8b, 0x8b, 0xac, 0xe5, 0xe4, 0xe5, 0xe7, 0xe4, 0xe4, 0xe1, 0xe1, 0xe1, 0xe1, 0xe5, 0xe5, 0xe1, 0xe7, 0xac, 0xdd, 0xa3, 0xa3, 0xa3, 0xd9, 0x9f, 0xda, 0xe1, 0xe0, 0xde, 0xf6, 0x4a, 0x9b, 0x4a, 0xf7, 0xa5, 0xe0, 0xa9, 0xab, 0xad, 0xae, 0xae, 0x54, 0xac, 0xdc, 0xf5, 0xd4, 0xd4, 0xd4, 0xd6, 0xdc, 0xad, 0xae, 0xe1, 0x9f, 0x98, 0x94, 0x98, 0x9c, 0x8c, 0x87, 0x40, 0x48, 0xa5, 0x43, 0x8c, 0x94, 0x3b, 0x32, 0x87, 0x98, 0xa0, 0xe9, 0xa1, 0xa1, 0xe2, 0x51, 0x9f, 0x9f, 0xe9, 0x54, 0xd5, 0x7d, 0x66, 0x2a, 0x3b, 0x4a, 0x26, 0x56, 0x18, 0x20, 0x71, 0x82, 0x49, 0x51, 0x96, 0x82, 0x89, 0xc6, 0x89, 0x8a, 0x92, 0x91, 0x92, 0x96, 0xce, 0xd4, 0xd9, 0xda, 0xf6, 0xe7, 0x54, 0x54, 0xad, 0xae, 0xad, 0xad, 0xad, 0xad, 0xae, 0xad, 0xae, 0xae, 0xae, 0x54, 0xad, 0xe6, 0xe5, 0xe6, 0xe5, 0xe6, 0xe2, 0xe1, 0xfa, 0xa8, 0xe2, 0xe9, 0xab, 0xad, 0xad, 0xab, 0xe6, 0xa9, 
  0xe8, 0xfd, 0xa8, 0xe8, 0xe5, 0xe8, 0x54, 0x54, 0x54, 0x54, 0x54, 0xab, 0xa8, 0xa7, 0xa7, 0xa7, 0xe2, 0xfc, 0xe2, 0xe6, 0xe5, 0xac, 0xae, 0xae, 0xe9, 0xe6, 0xab, 0xa5, 0x9f, 0xa0, 0xa3, 0xe2, 0xad, 0xad, 0xab, 0xfc, 0x4e, 0xdf, 0x4d, 0xdb, 0x50, 0xd9, 0xdc, 0xf6, 0x4a, 0xdc, 0xa0, 0xf6, 0xa4, 0x05, 0xa0, 0xe0, 0xaa, 0xe9, 0xe9, 0xaa, 0xe5, 0xa8, 0xa3, 0x9d, 0xdd, 0xe8, 0xae, 0xfd, 0x9f, 0xd5, 0x97, 0xcc, 0xd4, 0x97, 0xd8, 0xa3, 0xac, 0xdd, 0x8a, 0xcc, 0x91, 0xcc, 0x8c, 0x83, 0x9b, 0x4d, 0x97, 0x94, 0xcd, 0x8f, 0x9f, 0xe1, 0xa3, 0xa0, 0xf5, 0xd8, 0xd8, 0xda, 0xdc, 0xe0, 0xe4, 0xe5, 0xe4, 0xdf, 0xa4, 0xfa, 0xe0, 0xe0, 0xfa, 0xdf, 0xe0, 0xe0, 0xdf, 0xdf, 0xdf, 0xdc, 0xa4, 0xdc, 0xa0, 0xdc, 0xdc, 0xfc, 0xfc, 0xe0, 0xe1, 0xdf, 0xfc, 0xe1, 0xd4, 0x92, 0xd1, 0x9b, 0xd4, 0xd4, 0x9b, 0x9f, 0xd8, 0xda, 0xdc, 0xa8, 0xab, 0xaa, 0xad, 0x53, 0xe6, 0xe9, 0xe0, 0x4f, 0xa0, 0x9c, 0xa0, 0xa0, 0xa3, 0xa5, 0xdc, 0xdd, 0xa5, 0xe1, 0x51, 0xa7, 0x51, 0x51, 0xe1, 0xe4, 0xfc, 0xe4, 0xfc, 0xe4, 0xe4, 0xad, 0x54, 0x54, 0xae, 0x54, 0x54, 0x06, 0x46, 0x42, 0x3e, 0x92, 0x2f, 0x49, 0x37, 0x42, 0x4d, 0xe4, 0xe5, 0xe5, 0xe4, 0xe6, 0xe5, 0xfc, 0xe2, 0xfc, 0xe1, 0xe1, 0xe5, 0xe5, 0xe4, 0xe4, 0xae, 0xa8, 0xdd, 0xdc, 0xa3, 0xda, 0xda, 0x9f, 0xdb, 0xe0, 0xdf, 0xdf, 0x4d, 0xdf, 0xfa, 0xf5, 0xdc, 0xe0, 0xe1, 0xab, 0xae, 0xae, 0x54, 0x54, 0xe5, 0xdc, 0x9c, 0x9b, 0xd6, 0xa0, 0xaa, 0xad, 0xe7, 0xe7, 0xa5, 0xf3, 0x98, 0x9f, 0x98, 0x9d, 0x89, 0x93, 0x98, 0x96, 0xa3, 0xce, 0x91, 0x9f, 0x3f, 0x35, 0x87, 0x3d, 0x93, 0x54, 0xa1, 0x9d, 0x9a, 0xa5, 0xa3, 0x9c, 0xd5, 0x51, 0x54, 0xac, 0xcc, 0x6d, 0x6a, 0x38, 0x00, 0x29, 0x5f, 0x5a, 0x5c, 0x1e, 0x5f, 0x2c, 0x76, 0x87, 0x9c, 0x9c, 0xd6, 0x99, 0xc9, 0x89, 0xc8, 0xce, 0x9b, 0x4a, 0xda, 0x05, 0xdc, 0xdf, 0xe1, 0xe4, 0xae, 0xae, 0xad, 0xae, 0xad, 0xae, 0xae, 0xae, 0xad, 0xae, 0xae, 0xad, 0xe6, 0xe6, 0xab, 0xe6, 0xe6, 0xe5, 0xe2, 0xe2, 0xa8, 0xa8, 0xab, 0xab, 0xe8, 0xae, 0xae, 0xe6, 0xe8, 0xe6, 
  0xa8, 0xe6, 0xe2, 0xe2, 0xe9, 0xa9, 0xe7, 0xad, 0xea, 0x54, 0x54, 0x54, 0xea, 0x52, 0xa8, 0xa7, 0xa7, 0xe2, 0xaa, 0xe5, 0xe6, 0xe6, 0xea, 0xad, 0xea, 0xab, 0xab, 0xa5, 0x4c, 0xa3, 0xa2, 0xe9, 0x54, 0x54, 0x54, 0xae, 0xe9, 0x08, 0xa4, 0xe1, 0x51, 0x4d, 0x51, 0x50, 0xdf, 0xfc, 0xfc, 0xa5, 0xa5, 0xe1, 0x51, 0xa8, 0xa9, 0xea, 0xae, 0xe9, 0xdd, 0x9d, 0x9a, 0xa3, 0xae, 0xae, 0xe6, 0xf5, 0xd4, 0x97, 0x97, 0xd3, 0x9f, 0x9f, 0xf8, 0xe5, 0x54, 0xa0, 0x9a, 0xd4, 0x8d, 0x97, 0xc8, 0x91, 0xcc, 0x9f, 0xdd, 0x48, 0x98, 0x93, 0x4c, 0xf8, 0xa3, 0xe5, 0xfc, 0xe0, 0xa7, 0xde, 0xa3, 0xde, 0xe1, 0xe5, 0xaa, 0xe4, 0xe0, 0xde, 0xa4, 0xde, 0xe1, 0xe1, 0xe0, 0xe2, 0xe0, 0xe0, 0xde, 0xdf, 0xdf, 0xdb, 0xde, 0xdc, 0x51, 0xe1, 0xe1, 0xe0, 0xe1, 0xe1, 0xde, 0xd8, 0x96, 0xd8, 0xd8, 0xd9, 0xa3, 0xa0, 0xda, 0xdf, 0xdd, 0xdf, 0xa5, 0xe1, 0xaa, 0xad, 0x54, 0xae, 0x53, 0xe2, 0xfa, 0xa3, 0x4a, 0x9c, 0x9f, 0xa0, 0xa5, 0xdc, 0xa3, 0xa4, 0xdd, 0xa7, 0xdf, 0xa5, 0xe0, 0xa7, 0xdf, 0xe1, 0xe4, 0xe1, 0xe4, 0xe4, 0xe4, 0xe5, 0xe9, 0xae, 0x54, 0xae, 0xad, 0x54, 0x54, 0xca, 0x92, 0x99, 0x33, 0x92, 0x92, 0x85, 0xac, 0xe9, 0xe5, 0xe4, 0xe5, 0xe6, 0xe4, 0xe2, 0xfc, 0xe2, 0xe1, 0xe1, 0xe5, 0xe4, 0xe4, 0xe4, 0xac, 0x54, 0xe1, 0xa3, 0xda, 0xda, 0xda, 0xd9, 0x9f, 0xa4, 0xdf, 0xdc, 0x50, 0x50, 0xfc, 0xe0, 0xe1, 0xe0, 0xa9, 0xab, 0xae, 0xae, 0x54, 0xad, 0xde, 0xd6, 0xd8, 0xa4, 0xdf, 0xe6, 0xac, 0xe5, 0xe5, 0xac, 0xdf, 0x9d, 0xd8, 0x94, 0xf5, 0x48, 0x8c, 0x43, 0x48, 0x9c, 0x51, 0x05, 0xce, 0x9f, 0x43, 0x71, 0x43, 0x98, 0x98, 0xa9, 0xd7, 0x94, 0x8d, 0x98, 0xa0, 0x93, 0xd1, 0x9f, 0xe6, 0x54, 0x08, 0xf3, 0x80, 0x2d, 0x34, 0x2e, 0x24, 0x77, 0xb1, 0x68, 0x66, 0x5f, 0x6a, 0x69, 0x66, 0x73, 0x80, 0x81, 0x91, 0x4a, 0x4a, 0x9b, 0x9b, 0x97, 0xd5, 0xd4, 0x9f, 0xd9, 0xda, 0xdc, 0xac, 0x54, 0xae, 0xad, 0xae, 0xad, 0xae, 0xae, 0xae, 0xae, 0xad, 0xe6, 0xe5, 0xab, 0xe6, 0xe6, 0xa9, 0xe2, 0xa9, 0xe4, 0xa8, 0xe2, 0xac, 0xe8, 0xe9, 0xae, 0xae, 0xe8, 0xe6, 0xe8, 
  0xfb, 0xa8, 0xa9, 0xa9, 0xa9, 0xe9, 0xa9, 0xe6, 0xe8, 0xe9, 0x54, 0x54, 0x54, 0xea, 0x52, 0xe2, 0xa8, 0xa8, 0xaa, 0xab, 0xe6, 0xe6, 0xea, 0xad, 0xea, 0xab, 0xe9, 0xa7, 0x4c, 0xa3, 0x4f, 0xae, 0x54, 0xae, 0x54, 0x54, 0x54, 0x54, 0xac, 0x09, 0xe6, 0xa2, 0xe1, 0x4c, 0xa5, 0x54, 0xab, 0xa8, 0x51, 0x51, 0x4f, 0xe6, 0xea, 0xaa, 0x9f, 0x98, 0x93, 0x98, 0xe2, 0x54, 0xe9, 0xe6, 0xa7, 0x9f, 0xd0, 0xce, 0xd7, 0x97, 0x9f, 0xf5, 0xdf, 0x54, 0x54, 0xa3, 0xdb, 0x8f, 0xd3, 0xa0, 0x8a, 0xc8, 0xd9, 0x9f, 0xa3, 0xdc, 0x48, 0x98, 0xda, 0xf5, 0xa3, 0xfc, 0xe1, 0xa7, 0x51, 0xfa, 0xdf, 0xfa, 0xdf, 0xe2, 0xe6, 0xfd, 0xe6, 0xe0, 0xdf, 0xdc, 0xfc, 0xe5, 0xe1, 0xe1, 0xde, 0xdf, 0xde, 0xe1, 0xfa, 0x51, 0xde, 0x51, 0xe4, 0xfc, 0x00, 0xe0, 0xfc, 0xde, 0x9c, 0xd4, 0xa3, 0xf7, 0x4f, 0xa4, 0xa4, 0xdc, 0x51, 0xde, 0xa0, 0xdc, 0xe5, 0x52, 0xe9, 0x54, 0x54, 0x54, 0xab, 0xe4, 0xa7, 0xa0, 0x9f, 0x9c, 0xd9, 0xa0, 0xdc, 0xa4, 0xa3, 0xa3, 0xdd, 0xa4, 0xa7, 0xfc, 0xa7, 0xdf, 0xa5, 0xdf, 0xe1, 0xe4, 0xe1, 0xe4, 0xe4, 0xe4, 0xe5, 0xe5, 0xe9, 0xae, 0x54, 0xae, 0x01, 0x42, 0x92, 0x46, 0x37, 0x85, 0x42, 0x8b, 0x4a, 0xad, 0xe4, 0xe4, 0xe5, 0xe5, 0xe6, 0xe5, 0xfc, 0xe4, 0xe2, 0xe0, 0xe4, 0xe6, 0xe4, 0xfc, 0xad, 0x54, 0xe2, 0xdd, 0xa3, 0xa3, 0xf5, 0xa3, 0xd9, 0xd6, 0xfc, 0xfa, 0xde, 0x4d, 0xdf, 0xdf, 0xdf, 0xdc, 0xe0, 0xe9, 0xae, 0x54, 0x54, 0xfa, 0xd9, 0xa4, 0xe5, 0xe5, 0xe9, 0xe7, 0xe5, 0xe6, 0xe9, 0xe4, 0x9f, 0x9f, 0x97, 0x9d, 0xd9, 0x46, 0x91, 0x43, 0xd8, 0xdc, 0xa5, 0xd8, 0xd8, 0x9d, 0x49, 0x88, 0x36, 0x9d, 0x9c, 0xa9, 0x9f, 0xcc, 0x83, 0x86, 0x9d, 0xd4, 0xc8, 0xc9, 0x96, 0xdc, 0x54, 0x08, 0x01, 0x8a, 0x74, 0x2e, 0x6e, 0x2d, 0xbb, 0x6e, 0x72, 0xba, 0xb9, 0x7b, 0x72, 0x69, 0x73, 0x78, 0x7c, 0x7c, 0x91, 0x8f, 0xcc, 0x9f, 0xd9, 0xa3, 0xdc, 0xa3, 0xdb, 0xda, 0xdd, 0xe4, 0xad, 0xad, 0xae, 0xae, 0xae, 0xae, 0xad, 0xad, 0xe9, 0xe6, 0xe6, 0xe6, 0xe6, 0xe6, 0xfd, 0xfd, 0xe6, 0xe2, 0xe2, 0xaa, 0xea, 0xab, 0xea, 0xae, 0xae, 0xe9, 0xe6, 0xab, 
  0x54, 0xe9, 0xe1, 0xe2, 0xa8, 0xa9, 0xe8, 0xa9, 0xe8, 0xfe, 0xab, 0xad, 0xae, 0x54, 0xad, 0xaa, 0xa9, 0xa8, 0xa7, 0xa9, 0xac, 0xe9, 0xe9, 0xac, 0xe9, 0xab, 0xea, 0xa8, 0xa2, 0x4c, 0xa6, 0x54, 0x54, 0xae, 0x54, 0x54, 0x54, 0x54, 0xad, 0xae, 0xab, 0x4f, 0x51, 0x48, 0xa8, 0x54, 0x51, 0x52, 0xa8, 0xa6, 0xe2, 0xea, 0xa7, 0x48, 0x94, 0x94, 0x98, 0x4f, 0xae, 0xe7, 0xe9, 0xe4, 0xf8, 0xda, 0x97, 0xd3, 0xf3, 0x97, 0x9f, 0xdc, 0xe2, 0x54, 0xad, 0xa5, 0xd4, 0xcc, 0xd9, 0x97, 0x97, 0x8f, 0xcc, 0xa5, 0xdd, 0xa8, 0xa2, 0x96, 0x45, 0xfa, 0xa7, 0x54, 0x54, 0xe7, 0xfd, 0xe0, 0xe0, 0xe0, 0xe0, 0xfa, 0xe4, 0xab, 0xab, 0xe6, 0xde, 0xe0, 0xe0, 0xe7, 0xe4, 0xe4, 0xe0, 0xde, 0xe0, 0xe4, 0xe0, 0xe0, 0xe0, 0xe4, 0xe1, 0xfc, 0xe1, 0xfc, 0x4e, 0xd8, 0xa0, 0xdc, 0xda, 0xa5, 0xdc, 0xa4, 0x51, 0xfa, 0x4d, 0xa3, 0xa0, 0xa3, 0xa7, 0xa5, 0xad, 0x54, 0x54, 0xac, 0xe5, 0xe1, 0xa3, 0xa0, 0x48, 0x9c, 0x9f, 0xa0, 0xa3, 0xdc, 0xa3, 0xa0, 0xa3, 0xa5, 0xa4, 0xe4, 0x51, 0xa5, 0xdf, 0xdf, 0xa5, 0xfc, 0xe2, 0xfc, 0xe2, 0xe4, 0xe5, 0xe4, 0xe7, 0xac, 0xae, 0x54, 0x54, 0xf1, 0x42, 0x8b, 0x3a, 0x3a, 0xca, 0x3e, 0xd6, 0xae, 0xe4, 0xe5, 0xe5, 0xaa, 0xad, 0xe7, 0xe2, 0xe4, 0xfc, 0xe1, 0xe2, 0xe7, 0xe5, 0xfc, 0xe7, 0x54, 0xe7, 0xdc, 0xdc, 0xa3, 0xda, 0xda, 0xda, 0xd5, 0x4a, 0xfc, 0xe0, 0x50, 0xdf, 0xf7, 0xf7, 0xf7, 0xf7, 0xfc, 0xae, 0x54, 0xfd, 0xdc, 0x07, 0x54, 0xae, 0xe7, 0xe5, 0xe7, 0xe6, 0xe7, 0xe7, 0xe5, 0x51, 0xd5, 0xa0, 0xd9, 0x9c, 0x97, 0x43, 0xf3, 0xa2, 0xdc, 0x4f, 0xa0, 0xdc, 0x98, 0x93, 0x3c, 0x87, 0x48, 0xa3, 0xe4, 0xa1, 0xc8, 0x83, 0x7d, 0x3d, 0x9d, 0x90, 0x90, 0xef, 0xce, 0xd6, 0xe7, 0x54, 0x53, 0xcb, 0xbf, 0x89, 0xba, 0x7b, 0xc3, 0x74, 0x77, 0x84, 0xbc, 0xec, 0x89, 0x83, 0xbe, 0x83, 0x7c, 0x7c, 0xc3, 0x8d, 0x8f, 0xf3, 0x48, 0x9f, 0xd8, 0xd9, 0xd8, 0xda, 0xdc, 0xa4, 0x54, 0x54, 0xae, 0xae, 0xad, 0xad, 0xe9, 0xe6, 0xe7, 0xe6, 0xe6, 0xe6, 0xe5, 0xe5, 0xe5, 0xaa, 0xfd, 0xa9, 0xae, 0xab, 0xe8, 0xad, 0xae, 0xae, 0xea, 0xab, 0xe5, 
  0x9d, 0xe0, 0xad, 0xae, 0xe9, 0xfd, 0xa9, 0xe8, 0xaa, 0xe9, 0xab, 0xe8, 0xe9, 0xae, 0x54, 0x54, 0xab, 0xa9, 0xe2, 0xa7, 0xa9, 0xad, 0xe9, 0xea, 0xea, 0xab, 0xe9, 0xa9, 0xa2, 0x9e, 0xaa, 0x54, 0xae, 0x54, 0x54, 0xae, 0xad, 0xea, 0xe9, 0xad, 0xab, 0x52, 0xa8, 0x47, 0xab, 0xac, 0xa9, 0xaa, 0xa6, 0xa8, 0x54, 0x4c, 0x8d, 0x8f, 0x93, 0xa2, 0x54, 0x54, 0xab, 0xea, 0xe6, 0xa7, 0xa3, 0xf3, 0x9f, 0xd4, 0xf3, 0xf3, 0xf5, 0xdd, 0xe9, 0x54, 0x54, 0x08, 0x97, 0xa3, 0x96, 0xcc, 0x9f, 0xd1, 0xf3, 0xd9, 0xe1, 0xa8, 0xab, 0x4e, 0x46, 0x4b, 0xa0, 0x4a, 0x4e, 0xaa, 0xe5, 0xe5, 0xe5, 0xe4, 0xe1, 0xe1, 0xe0, 0xe2, 0xe7, 0xad, 0xfc, 0xde, 0xdf, 0xe5, 0xe6, 0xaa, 0xe0, 0xdf, 0xe4, 0xfc, 0xe0, 0xe1, 0xe4, 0xfc, 0xe1, 0xe4, 0xe0, 0xa3, 0xd8, 0xa3, 0xa3, 0xa4, 0xdd, 0xde, 0xa7, 0x51, 0xdc, 0x9f, 0x9f, 0x9f, 0xa0, 0x9f, 0x9f, 0xa8, 0x54, 0xae, 0xac, 0xe6, 0xe4, 0xa7, 0x4e, 0x9f, 0xd4, 0xd6, 0x9f, 0xd9, 0xa3, 0xa0, 0xda, 0xa0, 0xa3, 0xdc, 0xa5, 0xdd, 0xdf, 0xa5, 0xa4, 0xdf, 0xdf, 0xde, 0xe1, 0xe4, 0xfc, 0xe4, 0xe4, 0xe5, 0xe5, 0xe5, 0xe6, 0xea, 0xae, 0x00, 0x4a, 0x92, 0x42, 0x8b, 0x44, 0xf1, 0xac, 0xe5, 0xe5, 0xe4, 0xe5, 0xe5, 0xad, 0xe6, 0xfc, 0xe4, 0xe1, 0xe1, 0xfc, 0xe5, 0xe5, 0xe5, 0xfd, 0xae, 0x54, 0xe6, 0xdd, 0xa3, 0xda, 0xa3, 0xd9, 0xa3, 0xd4, 0xf6, 0xe0, 0xe0, 0xe0, 0xe1, 0xdf, 0xdf, 0xde, 0xdf, 0x54, 0xae, 0x51, 0xe9, 0x54, 0x54, 0xe9, 0xe5, 0xe7, 0xe6, 0xe7, 0xe6, 0xe9, 0xe5, 0xd8, 0xa0, 0xd9, 0x9f, 0x9f, 0x9c, 0x9f, 0xd9, 0xda, 0xa5, 0xae, 0xa5, 0xda, 0x43, 0x98, 0x43, 0x3c, 0x48, 0xa3, 0xdf, 0xa3, 0xcc, 0x83, 0x78, 0x78, 0x81, 0xce, 0xc3, 0x89, 0xf1, 0xd6, 0xdf, 0x54, 0xac, 0x54, 0x42, 0x42, 0x48, 0xec, 0x80, 0x8b, 0x89, 0xc1, 0x84, 0xc3, 0xc2, 0x8a, 0xc3, 0xc4, 0x8a, 0xc8, 0xc8, 0x91, 0x91, 0xcc, 0x97, 0x97, 0xf3, 0xd9, 0xdc, 0xdd, 0xdc, 0xdc, 0xfc, 0xad, 0xae, 0xea, 0xad, 0xe9, 0xe6, 0xe6, 0xe5, 0xe6, 0xe7, 0xab, 0xfd, 0xe6, 0xe5, 0xaa, 0xfd, 0xab, 0xae, 0xe6, 0xe9, 0xad, 0xae, 0x54, 0xea, 0xe8, 0xe6, 
  0xd4, 0x97, 0x96, 0x9c, 0xa5, 0xac, 0xea, 0xe6, 0xe6, 0xa9, 0xe9, 0xab, 0xe8, 0xea, 0xad, 0x54, 0xae, 0xab, 0xaa, 0xa9, 0xa8, 0xe6, 0xad, 0xe9, 0xac, 0xab, 0xe9, 0xa9, 0x9e, 0xa2, 0x54, 0xae, 0x54, 0xae, 0xad, 0xea, 0xea, 0xea, 0xea, 0xea, 0x54, 0xaa, 0xa5, 0xa1, 0xe6, 0xe9, 0xab, 0x52, 0xe6, 0xad, 0x48, 0x8f, 0x40, 0x9d, 0xa8, 0xae, 0x54, 0x54, 0xe9, 0xab, 0xe1, 0xa7, 0xd8, 0x9d, 0xd8, 0x9c, 0xd4, 0x9f, 0xf5, 0xa7, 0xac, 0xae, 0x54, 0xa8, 0x9f, 0xda, 0x93, 0x9f, 0xd8, 0x94, 0x9d, 0xf5, 0xa8, 0xae, 0x54, 0xac, 0x9c, 0xa0, 0x4e, 0x4e, 0xa5, 0x51, 0xab, 0xa7, 0x51, 0xfd, 0xe4, 0xe5, 0xfc, 0xe1, 0xe1, 0xe6, 0xad, 0xfc, 0xde, 0xe0, 0xe7, 0xe6, 0xe1, 0xe1, 0xe7, 0xe1, 0xe4, 0xe4, 0xe2, 0xfc, 0xe4, 0xe0, 0xa4, 0xa4, 0xa5, 0xfa, 0xa5, 0xde, 0xa7, 0xde, 0xa4, 0xdc, 0x9b, 0xd4, 0xd8, 0x9f, 0x9f, 0xd9, 0x4f, 0xe9, 0x54, 0xad, 0xe7, 0xe5, 0xe0, 0xa7, 0xa0, 0x9c, 0x48, 0x9c, 0x9f, 0x4d, 0xa5, 0xda, 0xa0, 0xa0, 0xda, 0xa3, 0xdc, 0xa5, 0xa7, 0xe1, 0xa5, 0xa4, 0xa7, 0xde, 0xa5, 0xe1, 0xe4, 0xfc, 0xe5, 0xfd, 0xe5, 0xe5, 0xe5, 0xe7, 0xac, 0x54, 0x50, 0x44, 0xf1, 0x3a, 0x92, 0x44, 0xad, 0xe5, 0xe5, 0xe4, 0xe6, 0xaa, 0xae, 0xe5, 0xe4, 0xe2, 0xe4, 0xe1, 0xfc, 0xe5, 0xe4, 0xe5, 0xfc, 0xe9, 0x54, 0xae, 0xdd, 0xdd, 0xa3, 0xa3, 0xf5, 0xa0, 0xf5, 0x9f, 0xe0, 0xdf, 0xdf, 0xde, 0xe0, 0xe1, 0xfc, 0xe4, 0xe6, 0xae, 0xae, 0x54, 0xae, 0xae, 0xac, 0xe7, 0xe7, 0xe5, 0xe7, 0xe6, 0xe9, 0xdc, 0xda, 0xa0, 0x9f, 0xda, 0x9f, 0x9c, 0xd9, 0x4c, 0xdc, 0xa9, 0x54, 0xdc, 0xa0, 0x9f, 0x4c, 0x48, 0x40, 0x98, 0x4e, 0xf8, 0x01, 0xa1, 0xc3, 0x7d, 0x72, 0x69, 0x98, 0xf1, 0xc4, 0xc4, 0xca, 0x46, 0xa4, 0x54, 0xae, 0x54, 0x54, 0x08, 0x9c, 0x8a, 0x49, 0xd6, 0xc6, 0x84, 0x8b, 0x8a, 0xc6, 0xcb, 0xca, 0x8a, 0xcd, 0xce, 0xd1, 0x9b, 0xf3, 0x9c, 0xd8, 0x9f, 0xd8, 0x9f, 0xd9, 0xd8, 0xda, 0xf5, 0xa7, 0xad, 0xae, 0xad, 0xe9, 0xe6, 0xe5, 0xab, 0xe7, 0xe6, 0xe5, 0xe6, 0xe6, 0xe5, 0xfd, 0xaa, 0xea, 0xac, 0xe5, 0xad, 0xad, 0xae, 0x54, 0xad, 0xe8, 0xab, 
  0x97, 0x97, 0xce, 0x98, 0x96, 0x97, 0x9f, 0xa7, 0xac, 0xad, 0xe8, 0xe9, 0xab, 0xe8, 0xab, 0xea, 0xae, 0xae, 0xe9, 0xa9, 0xa9, 0xa9, 0xa9, 0xae, 0xad, 0xe9, 0xe9, 0xa9, 0x9e, 0xa6, 0x54, 0xae, 0xad, 0xea, 0xea, 0xe8, 0xea, 0xe8, 0xad, 0xad, 0x54, 0xaa, 0x4c, 0xa2, 0xa9, 0xad, 0xa9, 0xab, 0x52, 0x98, 0x93, 0x98, 0x4f, 0x54, 0x54, 0xae, 0xe9, 0x51, 0x4e, 0xa5, 0x4e, 0x4d, 0xa3, 0x4d, 0x50, 0xd9, 0x97, 0xda, 0xe0, 0xaa, 0x54, 0xae, 0x54, 0xa7, 0xde, 0x9f, 0x9f, 0x9f, 0x9b, 0x9a, 0xd8, 0xa3, 0xdd, 0xac, 0x54, 0x54, 0x51, 0x9c, 0xa3, 0xa7, 0xe5, 0xa9, 0xfa, 0xa5, 0xa5, 0xe4, 0xe1, 0xe4, 0xe2, 0xe4, 0xe1, 0xe1, 0xe6, 0xae, 0xe5, 0xa4, 0xfc, 0xae, 0xe0, 0xfc, 0xe9, 0xe5, 0xe4, 0xe4, 0xe4, 0xaa, 0xe0, 0xa5, 0xe0, 0xa5, 0xe0, 0xdf, 0xa5, 0xe1, 0xdc, 0xa3, 0xda, 0xd8, 0xd4, 0xd9, 0x9f, 0x9f, 0x9f, 0xa0, 0x54, 0x54, 0x54, 0xac, 0xaa, 0xe2, 0xe0, 0xa5, 0x9c, 0x9b, 0x9c, 0x9c, 0x9f, 0xdc, 0xe0, 0xa0, 0xa0, 0xa0, 0xd9, 0xa0, 0xa3, 0xa3, 0xa4, 0xe9, 0xe4, 0xa4, 0xdf, 0xde, 0xa7, 0xdf, 0xe2, 0xfc, 0xe4, 0xe5, 0xe5, 0xe5, 0xe5, 0xe7, 0xac, 0x54, 0x09, 0x46, 0x49, 0x8b, 0x44, 0x46, 0xe7, 0xe7, 0xe4, 0xe4, 0xe5, 0xe5, 0xad, 0xe7, 0xe5, 0xe4, 0xfc, 0xfc, 0xe1, 0xe6, 0xe5, 0xe4, 0xfd, 0xe7, 0x54, 0x54, 0xa8, 0xdc, 0xdd, 0xa3, 0xda, 0xda, 0xa0, 0xd8, 0xd9, 0xe0, 0xdb, 0xfa, 0xde, 0xde, 0xe0, 0xdf, 0x50, 0xae, 0x54, 0xae, 0x54, 0xae, 0xac, 0xe5, 0xe7, 0xe7, 0xe7, 0xe5, 0xac, 0xe2, 0xa0, 0x9f, 0xdb, 0x9c, 0xd9, 0xd9, 0xa3, 0xdc, 0xa5, 0xdf, 0xae, 0xfc, 0xf7, 0xa2, 0xd6, 0x40, 0x48, 0x9f, 0x51, 0xd9, 0xe7, 0xfb, 0xc8, 0xbc, 0x7d, 0x6f, 0x78, 0xc9, 0x42, 0xca, 0x8b, 0xca, 0xca, 0x4a, 0xae, 0xe7, 0xad, 0x54, 0x54, 0xe6, 0x54, 0xe9, 0x05, 0xd4, 0x90, 0x46, 0x42, 0xee, 0xca, 0xf1, 0xcb, 0xef, 0x99, 0x97, 0x46, 0xf3, 0xda, 0x9f, 0xd9, 0xa3, 0xda, 0x9f, 0xd9, 0xdc, 0xfa, 0xe4, 0xad, 0xac, 0xe5, 0xe6, 0xe6, 0xe7, 0xe6, 0xe5, 0xe6, 0xe6, 0xe6, 0xe5, 0xe6, 0xe9, 0xad, 0xe6, 0xab, 0xad, 0xad, 0xae, 0x54, 0xad, 0xe9, 0xab, 
  0xa0, 0xd8, 0x9c, 0x97, 0xd4, 0x96, 0x96, 0x97, 0x48, 0xd9, 0xa8, 0xe9, 0xae, 0xea, 0xad, 0xad, 0xe9, 0xad, 0xae, 0xe9, 0xe6, 0xa9, 0xa9, 0xa9, 0xac, 0xad, 0xac, 0xa9, 0x9e, 0x52, 0x54, 0xea, 0xe8, 0xff, 0xe8, 0xea, 0xea, 0xea, 0xad, 0xae, 0xae, 0xac, 0x4f, 0x4f, 0xa9, 0xab, 0xea, 0xab, 0x94, 0x8f, 0x47, 0x51, 0xac, 0xfc, 0x51, 0x4d, 0x51, 0x4f, 0xe0, 0x51, 0xa5, 0xa7, 0x51, 0xab, 0xa0, 0xd3, 0x9f, 0xda, 0xe6, 0x54, 0xae, 0xae, 0xac, 0x51, 0xa5, 0x9f, 0xdc, 0xf3, 0x9f, 0x9f, 0x9f, 0xdd, 0x51, 0xe2, 0x54, 0xae, 0x54, 0xe2, 0x4c, 0xd9, 0xa3, 0xe1, 0xe2, 0xe7, 0xe5, 0xe2, 0xe1, 0xe2, 0xfc, 0xe1, 0xe4, 0xe1, 0xe1, 0xe4, 0xac, 0x08, 0xdf, 0xe9, 0xe1, 0xaa, 0xe6, 0xe1, 0xfc, 0xe1, 0xfc, 0x51, 0xa4, 0xe0, 0xe0, 0x51, 0xe0, 0xdd, 0xe0, 0xe5, 0xe0, 0xdd, 0xe1, 0xa4, 0xa3, 0xe0, 0xd9, 0x05, 0xd9, 0x50, 0xae, 0xad, 0xe9, 0xe5, 0xaa, 0xfc, 0xdd, 0xa3, 0x9c, 0x48, 0xd8, 0x9c, 0xd8, 0x4d, 0xdc, 0xa0, 0xd9, 0xd9, 0x9f, 0x9f, 0xdb, 0xa3, 0xa3, 0xe5, 0xad, 0xa5, 0xdf, 0xa5, 0xde, 0xdf, 0xe0, 0xfc, 0xfd, 0xe5, 0xfd, 0xe5, 0xe5, 0xe6, 0xe5, 0xe5, 0x54, 0x05, 0x9b, 0x3e, 0xf1, 0x42, 0xe7, 0xe7, 0xe4, 0xe5, 0xe5, 0xe6, 0x54, 0xae, 0xe5, 0xfc, 0xe4, 0xfc, 0xe1, 0xe5, 0xe7, 0xfc, 0xe4, 0xe7, 0x54, 0x54, 0xad, 0xe4, 0xdd, 0xa3, 0xa3, 0xa3, 0xf5, 0xda, 0xd9, 0xa0, 0x50, 0xe1, 0xe0, 0xe0, 0xfa, 0xdf, 0xe1, 0xfc, 0xad, 0x54, 0xae, 0xae, 0xac, 0xe7, 0xe7, 0xe7, 0xe7, 0xe7, 0xe5, 0xda, 0xda, 0xa0, 0xd9, 0xd9, 0xd8, 0xa3, 0xa3, 0xa5, 0xfa, 0xe4, 0x54, 0xe5, 0xdd, 0xd9, 0x9f, 0x9f, 0x48, 0xa4, 0xdc, 0xda, 0xa7, 0x54, 0xf0, 0x83, 0xbc, 0x73, 0xb9, 0x81, 0xca, 0xc5, 0x92, 0x96, 0x42, 0xd1, 0xe0, 0x54, 0xe9, 0xad, 0xac, 0x54, 0xad, 0xae, 0x54, 0x54, 0x09, 0x54, 0x07, 0x4b, 0x46, 0x4b, 0x05, 0xce, 0xcb, 0x9b, 0x9b, 0x99, 0xd1, 0xd6, 0xf5, 0xda, 0xdc, 0xdd, 0xda, 0xd8, 0xd9, 0xdc, 0xe0, 0xe7, 0xe7, 0xe6, 0xe6, 0xe6, 0xe7, 0xe6, 0xe6, 0xe6, 0xe6, 0xe6, 0xab, 0x54, 0xe9, 0xe5, 0xea, 0xac, 0xad, 0xae, 0x54, 0xae, 0xe9, 0xe8, 
  0x9f, 0x9c, 0x9c, 0x9f, 0x9f, 0x9f, 0x48, 0xd4, 0xd1, 0x43, 0x97, 0x48, 0x9f, 0xa7, 0xaa, 0xea, 0x54, 0x54, 0x54, 0x54, 0xad, 0xe6, 0xaa, 0xa8, 0xa6, 0xa9, 0xaa, 0xaa, 0x9e, 0xe2, 0xad, 0xe8, 0xea, 0xe8, 0xea, 0xe8, 0xea, 0xea, 0xae, 0xae, 0x54, 0x07, 0x4f, 0xa6, 0xa6, 0xe9, 0xa9, 0x43, 0x43, 0x51, 0x08, 0xaa, 0xa3, 0x4f, 0x4e, 0x51, 0xe0, 0x51, 0xa5, 0xdf, 0xa7, 0x53, 0xe7, 0xdc, 0x9f, 0xd5, 0xf5, 0xf8, 0xe9, 0xae, 0xae, 0xae, 0x53, 0xab, 0xf7, 0xa0, 0xdd, 0x97, 0xa4, 0xa3, 0xd9, 0xa3, 0xe0, 0xe6, 0xae, 0x54, 0xae, 0x54, 0xaa, 0xa3, 0xa3, 0xdc, 0xa3, 0xa5, 0xe4, 0xe4, 0xe7, 0xe2, 0xe1, 0xa8, 0xfc, 0xe2, 0xfc, 0xe0, 0xe1, 0xe6, 0xe5, 0xfc, 0xaa, 0xe4, 0xe4, 0xfc, 0xe4, 0xe4, 0xe4, 0x4d, 0xa4, 0xa8, 0xfc, 0xe4, 0xaa, 0xe4, 0xe5, 0xe5, 0xe5, 0xe5, 0xe5, 0xe7, 0xe7, 0xe7, 0xe5, 0xe6, 0xe4, 0xe1, 0xe0, 0xe1, 0xe1, 0xfc, 0xfc, 0x51, 0xa4, 0xa3, 0x9c, 0x9c, 0xd8, 0xd6, 0x9f, 0xe1, 0xa5, 0xd9, 0xd9, 0x9f, 0x9c, 0xa0, 0x9f, 0xdc, 0xa3, 0xdc, 0xad, 0xe1, 0xdf, 0xde, 0xa7, 0xdf, 0xa7, 0xdf, 0xfc, 0xfd, 0xe5, 0xe5, 0xe6, 0xe5, 0xe5, 0xe5, 0x54, 0x00, 0x4b, 0x42, 0x44, 0x50, 0xe5, 0xe5, 0xe4, 0xaa, 0xe5, 0xe6, 0x54, 0xae, 0xe4, 0xfc, 0xe4, 0xfc, 0xe1, 0xe4, 0xe5, 0xe7, 0xfc, 0xac, 0x54, 0x54, 0x54, 0xac, 0xdd, 0xdd, 0xa3, 0xa3, 0xda, 0xa3, 0xda, 0xd6, 0xdf, 0xe1, 0xe0, 0xfc, 0xfc, 0xfc, 0xe1, 0xfc, 0xe7, 0xae, 0xae, 0x01, 0xe9, 0xe6, 0xe7, 0xe7, 0xe5, 0xe9, 0xe1, 0xdc, 0xa3, 0xda, 0xa3, 0xd5, 0xa0, 0xdc, 0x4d, 0xdf, 0xa7, 0x54, 0xae, 0xdf, 0xa3, 0xdd, 0xa3, 0x4e, 0x4a, 0xdf, 0xdc, 0xd8, 0xfa, 0x54, 0xd7, 0xcc, 0x7d, 0x7d, 0xbd, 0x7d, 0x46, 0xce, 0x8b, 0xc4, 0x42, 0x4a, 0xdf, 0x08, 0x54, 0xac, 0xad, 0xad, 0xad, 0xad, 0xe9, 0x54, 0x54, 0x54, 0x54, 0x54, 0x54, 0x54, 0x01, 0x07, 0x4b, 0xe0, 0xdf, 0x9c, 0xd6, 0xa3, 0xa3, 0xda, 0xa3, 0xa4, 0xdd, 0xdd, 0xa4, 0xda, 0xdb, 0xde, 0xe7, 0xe9, 0xe7, 0xe6, 0xe6, 0xe6, 0xab, 0xe6, 0xe5, 0xe5, 0xad, 0x54, 0xe5, 0xab, 0xea, 0xea, 0xad, 0xae, 0x54, 0xae, 0xea, 0xe9, 
  0xa4, 0xdc, 0x4d, 0xd9, 0x9c, 0xd4, 0x97, 0x48, 0x9c, 0x48, 0x9b, 0x48, 0xd4, 0x48, 0x9a, 0x9f, 0x4f, 0xa7, 0xe6, 0xea, 0x01, 0xaa, 0x52, 0xab, 0xe9, 0xa9, 0xaa, 0xa9, 0x52, 0xa9, 0xff, 0xe8, 0xff, 0xea, 0xff, 0xea, 0xad, 0xad, 0xae, 0xe9, 0x54, 0x4c, 0x9e, 0x51, 0x4f, 0xab, 0x43, 0x43, 0xa6, 0x07, 0x4f, 0x4f, 0x08, 0xac, 0x51, 0x4f, 0x4c, 0x9f, 0x4c, 0xe1, 0xaa, 0xe2, 0xdd, 0xa0, 0xda, 0x9f, 0xa3, 0xe0, 0xae, 0xae, 0xae, 0xae, 0xa9, 0xab, 0xa4, 0xdf, 0x9f, 0xf5, 0xa4, 0xd8, 0x9f, 0xe0, 0xa5, 0xe2, 0x54, 0x54, 0xae, 0xae, 0x54, 0x08, 0xa5, 0x4e, 0xa0, 0xa3, 0xa3, 0xa5, 0xe1, 0xe5, 0xe5, 0xe5, 0xe4, 0xa8, 0x51, 0xe4, 0xe0, 0xe0, 0xe1, 0xe1, 0x51, 0xe4, 0xe6, 0xaa, 0xe5, 0xe2, 0xe1, 0xe2, 0xe1, 0xe4, 0xe6, 0xe5, 0xe5, 0xe4, 0xe4, 0xe1, 0xfd, 0xe4, 0xe4, 0xe4, 0xfc, 0xe1, 0xfc, 0xe1, 0xe1, 0xe0, 0xe0, 0xe0, 0xe0, 0xe0, 0xe0, 0xdf, 0xa4, 0xd9, 0xd9, 0x9c, 0xd8, 0x9f, 0xa0, 0xad, 0xdb, 0xd8, 0xa0, 0x9c, 0xd8, 0x9f, 0xa0, 0xd8, 0xa3, 0xdc, 0xa5, 0xad, 0xfc, 0xa7, 0xdf, 0xdf, 0xe0, 0xe0, 0xe0, 0xe4, 0xfd, 0xfd, 0xe5, 0xe5, 0xe6, 0xe5, 0xea, 0xae, 0x05, 0xf1, 0x44, 0xac, 0xe7, 0xe5, 0xe5, 0xe4, 0xe5, 0xe9, 0x54, 0xae, 0xfc, 0xe4, 0xe4, 0xfc, 0xe1, 0xe4, 0xe5, 0xe6, 0xe5, 0xe4, 0x54, 0x54, 0x54, 0x54, 0xe0, 0xa3, 0xdd, 0xa3, 0xa3, 0xa3, 0xda, 0xf5, 0xd8, 0xe0, 0xdf, 0xfa, 0xe0, 0xfc, 0xe4, 0xe5, 0xac, 0x54, 0xae, 0x54, 0xad, 0xe7, 0xe7, 0xe7, 0xe7, 0xe7, 0xe6, 0xa3, 0xdc, 0xa7, 0xd6, 0xa3, 0xda, 0xa4, 0xdd, 0xe0, 0xa8, 0xae, 0x54, 0xe1, 0xa5, 0xdd, 0xdd, 0xa0, 0x4a, 0xa9, 0xdb, 0xd4, 0xfc, 0x54, 0xac, 0xf6, 0xc3, 0x83, 0xc2, 0xba, 0x73, 0xf1, 0x99, 0xcd, 0xc9, 0x8b, 0x92, 0x99, 0xfc, 0x54, 0xea, 0xad, 0xad, 0xae, 0xad, 0xad, 0xae, 0x54, 0xae, 0xae, 0x54, 0xae, 0x54, 0x54, 0x54, 0x54, 0x54, 0xe6, 0x53, 0x54, 0xac, 0xe1, 0xe9, 0xe9, 0xdf, 0xdf, 0xe2, 0xe0, 0xdf, 0xdb, 0xdb, 0xe5, 0xab, 0xe5, 0xe6, 0xe6, 0xe7, 0xe6, 0xe8, 0xe9, 0x54, 0xe7, 0xe6, 0xe9, 0xea, 0xad, 0xad, 0x54, 0x54, 0x54, 0xea, 0xab, 
  0x53, 0xfc, 0xdf, 0xa0, 0x9f, 0xa0, 0xdb, 0xd9, 0xd9, 0x9f, 0xa0, 0xf5, 0x4c, 0xd9, 0x9f, 0x9d, 0x9d, 0x9d, 0xa1, 0xa2, 0xa6, 0xa7, 0xa8, 0xa8, 0xa9, 0xe9, 0xe9, 0xab, 0xac, 0xab, 0xe6, 0xe9, 0xea, 0xe8, 0xea, 0xea, 0xe8, 0xad, 0xae, 0x54, 0x54, 0x52, 0x4f, 0x52, 0x4f, 0x47, 0x48, 0xe1, 0xa9, 0xa8, 0xaa, 0x08, 0x4c, 0x48, 0x98, 0x98, 0x9f, 0xa3, 0xa7, 0xe6, 0xa7, 0xaa, 0xa3, 0xa0, 0xa0, 0xa0, 0xe4, 0xea, 0x54, 0xae, 0xae, 0xe9, 0x53, 0xad, 0xe6, 0xa7, 0x9f, 0xdd, 0x4c, 0xd9, 0xa3, 0xdc, 0xe1, 0x51, 0xac, 0x54, 0xae, 0xae, 0xad, 0x54, 0x54, 0xaa, 0xe1, 0xa7, 0xdc, 0xa3, 0xa3, 0xa3, 0xa8, 0xe4, 0xe6, 0xe5, 0xa8, 0xe1, 0x07, 0xaa, 0xe4, 0x07, 0xdf, 0x4e, 0x50, 0xa8, 0xe5, 0xe6, 0xe6, 0xe6, 0xe6, 0xe4, 0xe4, 0xe5, 0xe2, 0xfc, 0xe4, 0xe5, 0xe4, 0xfc, 0xe0, 0xe1, 0xe0, 0xe0, 0xdf, 0xdf, 0xdf, 0xe0, 0xe1, 0xfc, 0xfc, 0xfc, 0xe0, 0xa4, 0xdc, 0xa0, 0x9f, 0xd8, 0x9f, 0xd8, 0xda, 0xaa, 0xa0, 0xa0, 0xd6, 0x9f, 0x9c, 0xd4, 0xa0, 0xa0, 0xd9, 0xa3, 0xdf, 0xad, 0x54, 0xfc, 0xe0, 0xdf, 0xe0, 0xe0, 0xe1, 0xe1, 0xe4, 0xe5, 0xe5, 0xe6, 0xe5, 0xe6, 0xe4, 0xea, 0x50, 0x49, 0x46, 0xe0, 0xe9, 0xe4, 0xe5, 0xaa, 0xe5, 0xe9, 0x54, 0xad, 0xe6, 0xe4, 0xe4, 0xfc, 0xe1, 0xfc, 0xe5, 0xe4, 0xe7, 0xe4, 0xac, 0x54, 0x54, 0x54, 0xab, 0xaa, 0xa7, 0xa3, 0xa3, 0xa3, 0xda, 0xa3, 0xd9, 0xd9, 0xe4, 0xe1, 0xe0, 0xe0, 0xe1, 0xfc, 0xe4, 0xac, 0x54, 0x54, 0xac, 0xe7, 0xe7, 0xe7, 0xe7, 0xe7, 0xde, 0xa5, 0xdf, 0xa3, 0xd9, 0xdb, 0xa3, 0xa5, 0xdf, 0xe1, 0xac, 0x54, 0xae, 0xe0, 0xdf, 0xa7, 0xa5, 0xa3, 0xa3, 0xe1, 0xa4, 0xf2, 0xde, 0x54, 0x54, 0xdd, 0xc8, 0xc3, 0xc9, 0xbe, 0x67, 0x81, 0xf1, 0xc9, 0xf1, 0xce, 0x42, 0x99, 0xd8, 0xac, 0xad, 0xea, 0xad, 0xad, 0xae, 0xac, 0x54, 0x54, 0x54, 0x54, 0x54, 0x54, 0xae, 0xae, 0xad, 0xad, 0xad, 0xae, 0xae, 0xea, 0xae, 0x54, 0xae, 0x54, 0xad, 0xae, 0xe7, 0xe4, 0xe4, 0xe4, 0xdc, 0x4a, 0xe9, 0xe6, 0xe6, 0xe6, 0xab, 0xe6, 0xad, 0x54, 0xac, 0xe6, 0xe7, 0xe9, 0xac, 0xea, 0xad, 0xae, 0xae, 0x54, 0xad, 0xe9, 
  0x54, 0x54, 0x54, 0x51, 0xe5, 0xe6, 0xfc, 0xe4, 0xe1, 0x51, 0xdd, 0xdd, 0xa3, 0xdd, 0x4f, 0xf8, 0x4f, 0xf8, 0x4f, 0xa3, 0xa1, 0x4c, 0xdd, 0xab, 0xab, 0xab, 0xab, 0xab, 0xe6, 0xab, 0xab, 0xab, 0xe8, 0xea, 0xea, 0xea, 0x4f, 0xad, 0xea, 0xa9, 0x52, 0xff, 0x4f, 0xa2, 0x47, 0x4c, 0xa8, 0xab, 0x01, 0xdf, 0x48, 0x94, 0x98, 0x94, 0x48, 0x4c, 0xa5, 0xab, 0xe6, 0xa9, 0xdf, 0xe2, 0x4f, 0xda, 0xa3, 0xa3, 0x54, 0x54, 0xae, 0xae, 0xad, 0xac, 0xad, 0x54, 0xae, 0xe1, 0xd9, 0xe1, 0xd9, 0xdc, 0xe1, 0xa3, 0xe6, 0xe4, 0xe5, 0x54, 0x54, 0x54, 0x54, 0x54, 0x54, 0x54, 0x54, 0xac, 0xaa, 0xa8, 0xa4, 0xdc, 0xa3, 0x4d, 0xa5, 0x51, 0xaa, 0xfc, 0x51, 0x51, 0x07, 0xe7, 0x50, 0x00, 0x51, 0xa0, 0xa0, 0xa4, 0xdf, 0xdf, 0xe1, 0xe4, 0xe4, 0xe1, 0xfc, 0xe4, 0xe1, 0xe0, 0xe1, 0xe0, 0xe0, 0xfa, 0xdf, 0xe0, 0xe1, 0xe1, 0xfc, 0xe5, 0x08, 0xe6, 0xaa, 0xe1, 0xe0, 0xa5, 0xa4, 0xa0, 0xd8, 0xd9, 0x9f, 0xa0, 0xa5, 0xac, 0x51, 0xa0, 0x9c, 0xd8, 0x9c, 0x9b, 0x9f, 0xd9, 0xda, 0xda, 0xa4, 0xad, 0x54, 0xad, 0x51, 0xdf, 0xa7, 0xe0, 0xe0, 0xe1, 0xe1, 0xe5, 0xe5, 0xe5, 0xe6, 0xe6, 0xe5, 0xea, 0x51, 0x4a, 0x46, 0x00, 0xe9, 0xe5, 0xfc, 0xe6, 0xe5, 0xe9, 0x54, 0x54, 0xae, 0xfc, 0xfc, 0xe4, 0xfc, 0xe1, 0xe6, 0xfc, 0xe6, 0xe5, 0xe9, 0x54, 0x54, 0x54, 0x54, 0x54, 0xa7, 0xa3, 0xa3, 0xa3, 0xa3, 0xf5, 0xa3, 0x9f, 0xd9, 0xe7, 0xe1, 0xfc, 0xe1, 0xe1, 0xfc, 0xe4, 0xac, 0x54, 0xae, 0xe9, 0xe7, 0xe6, 0xac, 0xe2, 0xe0, 0xe0, 0xa3, 0xdf, 0xa0, 0xa3, 0xdf, 0xdf, 0xe2, 0xe1, 0x54, 0x54, 0xe4, 0xf7, 0xde, 0xa7, 0xdd, 0xa4, 0xa5, 0x51, 0xf7, 0xd4, 0xdc, 0xae, 0x54, 0xdf, 0xd0, 0xd0, 0xee, 0x84, 0x72, 0x7d, 0x05, 0xf1, 0xca, 0xca, 0x99, 0x4d, 0xdf, 0xaa, 0x54, 0xac, 0xad, 0xac, 0xae, 0xad, 0xae, 0x54, 0x54, 0xae, 0xae, 0xae, 0xae, 0xad, 0xad, 0xad, 0xea, 0xac, 0xad, 0xac, 0xad, 0xac, 0xad, 0xac, 0xad, 0xad, 0xae, 0xac, 0xe5, 0x08, 0xe6, 0xe0, 0xe6, 0xe7, 0xe6, 0xe6, 0xe5, 0xab, 0x54, 0x54, 0xe7, 0xe7, 0xab, 0xe9, 0xea, 0xac, 0xae, 0x54, 0x54, 0x54, 0xad, 0xe8, 
  0x54, 0x54, 0x54, 0x54, 0x54, 0xac, 0x54, 0xa8, 0xdc, 0xa8, 0xaa, 0xa7, 0xa9, 0xaa, 0xe2, 0xa8, 0xe2, 0xa9, 0xa9, 0xa9, 0xa9, 0xab, 0xea, 0xaa, 0xa9, 0xe9, 0xad, 0xe9, 0xab, 0xab, 0xab, 0xa9, 0xab, 0xae, 0x54, 0xe9, 0x9e, 0xab, 0x54, 0x4c, 0x47, 0x4c, 0x52, 0x4c, 0x47, 0x47, 0x53, 0xa7, 0x95, 0x8e, 0x8f, 0x98, 0x48, 0xa2, 0x51, 0xe6, 0xaa, 0x51, 0xe2, 0x51, 0xa5, 0xfc, 0x9f, 0xa4, 0xa3, 0xe4, 0x54, 0xae, 0x54, 0xad, 0xad, 0xae, 0x54, 0xae, 0x54, 0xe8, 0xdf, 0xa4, 0xe0, 0xe0, 0xd6, 0x51, 0xa0, 0x51, 0xe9, 0x54, 0xad, 0xe1, 0xe2, 0xe9, 0xe7, 0xe4, 0xe9, 0xae, 0xad, 0xac, 0xe9, 0xaa, 0xe4, 0xa5, 0xa5, 0x4e, 0x51, 0x07, 0x51, 0x06, 0xe1, 0x00, 0x4e, 0xfc, 0xad, 0xfc, 0x4d, 0xd9, 0xa0, 0xdc, 0xa5, 0xde, 0xa5, 0xe0, 0xdf, 0xe0, 0xe1, 0xe1, 0xe0, 0xdf, 0xe0, 0xe1, 0xe4, 0xfc, 0xfc, 0xfc, 0xe9, 0xae, 0xe7, 0xe4, 0xe1, 0xfc, 0xe0, 0xa4, 0xdb, 0xa3, 0xd8, 0xd9, 0x9f, 0x4d, 0xae, 0x54, 0xa5, 0xd6, 0x9f, 0xd8, 0x9b, 0x9f, 0xa0, 0xd8, 0xa0, 0xa3, 0xa0, 0xe0, 0x54, 0x54, 0xe1, 0xdf, 0xdf, 0xe0, 0xe0, 0xfc, 0xe1, 0xe1, 0xe5, 0xe5, 0xe6, 0xe5, 0xe7, 0xe7, 0xae, 0x50, 0x4a, 0xe7, 0xe7, 0xe4, 0xe5, 0xe5, 0xe5, 0xad, 0x54, 0x54, 0xe9, 0xfc, 0xe4, 0xfc, 0xe1, 0xfc, 0xe6, 0xe5, 0xe4, 0xe5, 0xe7, 0x54, 0x54, 0x54, 0x54, 0x54, 0xe2, 0xa3, 0xdd, 0xa3, 0xa3, 0xa3, 0xf8, 0xdc, 0x9f, 0xa4, 0xfc, 0xe1, 0xe5, 0xe4, 0xe4, 0xfc, 0xe6, 0xae, 0x54, 0xae, 0xae, 0xac, 0xac, 0xac, 0xe6, 0xdc, 0xe4, 0xa7, 0xf7, 0xa7, 0xe0, 0xa7, 0x07, 0xe6, 0x54, 0x54, 0xfa, 0xde, 0xdb, 0xdf, 0xa5, 0xfa, 0xa5, 0xe6, 0xf4, 0xd4, 0xde, 0xad, 0x54, 0xe7, 0xd9, 0xd2, 0xcb, 0xc6, 0xbe, 0x84, 0x76, 0x92, 0x99, 0x99, 0xca, 0x92, 0xf1, 0x4a, 0x08, 0xae, 0xea, 0xac, 0xea, 0xac, 0xea, 0xae, 0xae, 0xae, 0xae, 0xae, 0xad, 0xad, 0xad, 0xad, 0xad, 0xad, 0xad, 0xae, 0xac, 0xad, 0xad, 0xad, 0xad, 0xae, 0xad, 0xe7, 0xe7, 0xe6, 0xe7, 0xac, 0xe6, 0xe7, 0xe6, 0xab, 0xe6, 0xae, 0x54, 0xac, 0xe5, 0xe7, 0xab, 0xea, 0xac, 0xad, 0x54, 0xae, 0x54, 0x54, 0xae, 0xe9, 
  0xae, 0xae, 0xac, 0xac, 0xfc, 0xa3, 0xa3, 0xe0, 0xa8, 0xa7, 0xa7, 0xe0, 0xa8, 0xe2, 0xaa, 0xe5, 0xa9, 0xaa, 0xe6, 0xa9, 0xa9, 0xe6, 0xa8, 0xa3, 0x9d, 0xa2, 0xa8, 0xe6, 0xea, 0xac, 0xab, 0xe9, 0xa9, 0xa6, 0x08, 0x54, 0x95, 0x4f, 0x4c, 0x52, 0x4f, 0x4f, 0xa9, 0x4f, 0x95, 0x07, 0x4c, 0x8e, 0x8e, 0x95, 0x4c, 0xa2, 0x51, 0xa5, 0xe2, 0xa8, 0x51, 0xa8, 0xe2, 0x4d, 0x51, 0xa0, 0xa3, 0xe1, 0x00, 0x54, 0x54, 0x54, 0xae, 0xea, 0xad, 0xae, 0xae, 0x54, 0x54, 0xe9, 0xe0, 0x99, 0x42, 0x4a, 0xd8, 0xa0, 0xdb, 0x9f, 0x50, 0x4d, 0xe5, 0xdf, 0xdd, 0xfa, 0xfc, 0xe2, 0xfc, 0xe4, 0xe4, 0xaa, 0xaa, 0xe6, 0xe6, 0xaa, 0xe4, 0xe1, 0x51, 0xe1, 0x07, 0xa8, 0x06, 0x51, 0x08, 0xe4, 0x07, 0xea, 0xad, 0xe1, 0xa5, 0xde, 0xe0, 0xe0, 0x51, 0xe0, 0xe1, 0xfc, 0xe0, 0xe0, 0xe1, 0xe4, 0xe1, 0xfc, 0xfc, 0xe5, 0xe9, 0xad, 0x54, 0xad, 0xfc, 0xe1, 0xfc, 0xe1, 0xdc, 0xa5, 0xa3, 0xa0, 0xa0, 0xa0, 0xd9, 0xdc, 0xae, 0x54, 0xa0, 0x9c, 0xa3, 0x9f, 0xd6, 0x9b, 0x48, 0xa0, 0xd8, 0xda, 0xdc, 0xdd, 0xac, 0x54, 0xe9, 0x51, 0xfa, 0xe0, 0xe0, 0xe1, 0xe1, 0xe1, 0xe4, 0xe6, 0xe6, 0xe6, 0xe6, 0xe5, 0xad, 0xe0, 0x05, 0xe5, 0xe7, 0xe5, 0xe5, 0xe5, 0xe9, 0xae, 0x54, 0x54, 0xe9, 0xfc, 0xe4, 0xfc, 0xfc, 0xe1, 0xe5, 0xe7, 0xe5, 0xe4, 0xac, 0x54, 0x54, 0x54, 0x54, 0x54, 0xab, 0xa7, 0xe1, 0xa3, 0xa3, 0xa3, 0xa3, 0xdc, 0xa3, 0xa3, 0xfc, 0xe1, 0xe0, 0xe4, 0xe4, 0xe5, 0xe7, 0xac, 0xe9, 0xac, 0xad, 0xad, 0xae, 0xae, 0xfc, 0xa8, 0xe5, 0xda, 0xa5, 0xdf, 0xe1, 0x51, 0xac, 0xae, 0x54, 0x54, 0xe7, 0xde, 0xf4, 0xdb, 0xa9, 0xdf, 0xa7, 0xe6, 0xa0, 0xf1, 0xe0, 0x54, 0xae, 0x54, 0xe9, 0xd2, 0xcb, 0xed, 0x8a, 0xec, 0x69, 0x91, 0xc9, 0x92, 0xd8, 0x46, 0x92, 0xca, 0x49, 0xe9, 0xac, 0xad, 0xea, 0xac, 0xea, 0xae, 0xae, 0xae, 0xad, 0xad, 0xad, 0xae, 0xad, 0xad, 0xae, 0xae, 0xad, 0xad, 0xae, 0xad, 0xae, 0xae, 0xae, 0xae, 0xe7, 0xe6, 0xe7, 0xe5, 0xe7, 0xe7, 0xe5, 0xe6, 0xe6, 0xad, 0x54, 0x54, 0xae, 0xe6, 0x08, 0xe7, 0xe9, 0xea, 0xea, 0xae, 0x54, 0x54, 0x54, 0x54, 0xae, 0xe9, 
  0x08, 0xa5, 0x4d, 0x4d, 0xa5, 0xa7, 0xdd, 0xa3, 0xa3, 0xdf, 0xa8, 0xa7, 0xa8, 0xa9, 0xe9, 0xe8, 0xe9, 0xe8, 0xaa, 0xe2, 0x4f, 0xa3, 0x4c, 0xa2, 0xa2, 0xa0, 0xa2, 0xa2, 0xa3, 0x52, 0xaa, 0xab, 0xe9, 0x9e, 0x41, 0x9e, 0x41, 0x4f, 0xa2, 0x52, 0xab, 0x51, 0x52, 0x4c, 0x9e, 0xa2, 0x9e, 0x52, 0x01, 0xaa, 0xe4, 0xa6, 0xa5, 0xa7, 0x51, 0xa7, 0xa8, 0x51, 0xa5, 0xa7, 0xa8, 0x4e, 0x4e, 0xa5, 0x4f, 0xe6, 0x54, 0x54, 0x54, 0xae, 0xad, 0xae, 0xea, 0xa4, 0xfa, 0xde, 0xda, 0xa4, 0xd5, 0x42, 0x9b, 0xa3, 0xdc, 0xe1, 0xde, 0xa5, 0xe1, 0xe7, 0xe4, 0xe1, 0xe2, 0xe5, 0xe6, 0xe5, 0xaa, 0xe5, 0xe4, 0xe4, 0xe4, 0xe5, 0xaa, 0xe4, 0xaa, 0xa8, 0xfc, 0xa9, 0x06, 0x4e, 0xfd, 0xe7, 0xe6, 0xe1, 0x53, 0xae, 0xae, 0xac, 0xe7, 0xe5, 0xe5, 0xe5, 0xe4, 0xe4, 0xe5, 0xe6, 0xe4, 0xe5, 0xe6, 0xe9, 0xe9, 0xad, 0xae, 0x54, 0x54, 0xae, 0xe4, 0xe1, 0xe0, 0xa4, 0xa4, 0xdf, 0xdb, 0xda, 0xa0, 0xa0, 0xda, 0xa5, 0x54, 0x54, 0x51, 0x50, 0xd8, 0x9c, 0x9f, 0xd4, 0x9c, 0x9f, 0xa0, 0xa0, 0xa3, 0xdf, 0xae, 0x54, 0x54, 0xac, 0xaa, 0xe0, 0xe0, 0xe0, 0xfc, 0xe1, 0xfc, 0xe5, 0xe5, 0xe7, 0xe7, 0xe5, 0xe9, 0xe0, 0x50, 0xe5, 0xe7, 0xe5, 0xe5, 0xe6, 0xe7, 0x54, 0xae, 0x54, 0xe7, 0xfc, 0xe4, 0xfc, 0xe4, 0xe0, 0xfc, 0xe5, 0xe7, 0xe4, 0xe9, 0x54, 0x54, 0x54, 0x54, 0x54, 0xae, 0x54, 0xaa, 0xa3, 0xdd, 0xa3, 0xa3, 0xdd, 0xa3, 0xdd, 0xa7, 0xfc, 0xfc, 0xe0, 0xe1, 0xfc, 0xe4, 0xe6, 0xad, 0xea, 0xe9, 0xe7, 0xad, 0xac, 0xfc, 0xe2, 0xdf, 0xa4, 0xe1, 0xdf, 0xe1, 0xe1, 0x54, 0x54, 0x54, 0x54, 0xe0, 0xf5, 0xd8, 0xdf, 0xe4, 0xa8, 0xdf, 0xe1, 0xdb, 0xd4, 0xda, 0xae, 0xea, 0x54, 0xe5, 0xf3, 0xf0, 0x91, 0xee, 0x8c, 0xba, 0x84, 0xd9, 0xc9, 0xc9, 0x99, 0xf6, 0x46, 0xd6, 0xe0, 0xac, 0xe7, 0xac, 0xe9, 0xe9, 0xad, 0xae, 0xae, 0xad, 0xae, 0xae, 0xae, 0xae, 0x54, 0xae, 0x54, 0x54, 0x54, 0xae, 0xae, 0xae, 0xae, 0x54, 0xac, 0xe6, 0xe7, 0xe6, 0x08, 0xe6, 0xe6, 0xe7, 0xab, 0xe9, 0x54, 0x54, 0x54, 0xe7, 0xe5, 0xe6, 0xe7, 0xe9, 0xe9, 0xae, 0xae, 0x54, 0xae, 0x54, 0x54, 0x54, 0xe8, 
  0x51, 0xa4, 0xdc, 0xa0, 0xd8, 0xd9, 0x4d, 0xa5, 0xdf, 0xa3, 0xdd, 0xfc, 0xe2, 0x51, 0xa5, 0x4d, 0x9f, 0xa0, 0x9d, 0x9d, 0x9f, 0xa2, 0xdd, 0xa6, 0xe5, 0x52, 0xa7, 0xa8, 0xa6, 0x4f, 0x4f, 0xa9, 0xa2, 0x95, 0x41, 0x3d, 0x3d, 0x4c, 0xab, 0x4f, 0x4f, 0x52, 0xa9, 0x4f, 0x4f, 0x9e, 0x4e, 0xad, 0xa9, 0xa9, 0x4f, 0xe2, 0xaa, 0xa8, 0xe6, 0xa8, 0x51, 0xa5, 0x51, 0xa7, 0x51, 0xa3, 0xa0, 0x4c, 0x9f, 0xa0, 0x4c, 0xa5, 0xe9, 0x54, 0xff, 0xfd, 0xe0, 0xda, 0xd8, 0xf5, 0xd8, 0xa0, 0xdb, 0xdd, 0xd6, 0xd9, 0xdb, 0xa5, 0xe0, 0xe1, 0xe0, 0xe0, 0xe4, 0xe4, 0xe1, 0xfc, 0xe1, 0xaa, 0xe5, 0xe4, 0xaa, 0xe5, 0xaa, 0xe4, 0xe5, 0xaa, 0xaa, 0xaa, 0x53, 0xaa, 0xa9, 0x51, 0x51, 0xfc, 0xe6, 0x08, 0xfc, 0x07, 0xac, 0xae, 0x54, 0x54, 0xae, 0xe9, 0xac, 0xad, 0xe9, 0xe7, 0xe9, 0xae, 0xad, 0xac, 0xad, 0xac, 0x54, 0x54, 0x54, 0xe5, 0xe0, 0xdf, 0xdf, 0xa4, 0xdf, 0xa4, 0xa3, 0xa0, 0xa3, 0xa0, 0x51, 0xad, 0x54, 0x54, 0x54, 0xa4, 0x9c, 0xd6, 0x9c, 0xd4, 0x9f, 0xa0, 0x4a, 0xa3, 0xda, 0xdc, 0xab, 0x54, 0x54, 0x54, 0xae, 0xe0, 0xe1, 0xe0, 0xfc, 0xe1, 0xe4, 0xe4, 0xe5, 0xe7, 0xe6, 0xe7, 0xe9, 0xe4, 0x05, 0x00, 0xe9, 0xe5, 0xe5, 0xe5, 0xac, 0xae, 0x54, 0xae, 0xad, 0xe7, 0xfc, 0xfc, 0xfc, 0xe1, 0xe4, 0xe4, 0xe5, 0xe5, 0xe5, 0xae, 0x54, 0x54, 0x54, 0x54, 0xae, 0x54, 0xe9, 0xdd, 0xa3, 0xa3, 0xf8, 0xdc, 0xa3, 0xa4, 0xdd, 0xdf, 0xfd, 0xe4, 0xfc, 0xfc, 0xfc, 0xfc, 0xe7, 0x54, 0x54, 0x54, 0x54, 0xae, 0xe5, 0xe0, 0xe2, 0xa7, 0xfc, 0x51, 0xfc, 0x08, 0x54, 0x54, 0x54, 0xe7, 0xf5, 0xf6, 0xa4, 0xdc, 0xe1, 0xe1, 0xe1, 0xdf, 0xd6, 0xd9, 0xda, 0xe5, 0xae, 0xae, 0x54, 0xf3, 0xd1, 0xd1, 0xd0, 0x90, 0xed, 0x84, 0x90, 0x4a, 0xce, 0x92, 0xca, 0x9b, 0x4a, 0x50, 0x54, 0xe5, 0xe9, 0xe9, 0xe9, 0xe7, 0xad, 0xae, 0xae, 0xad, 0xae, 0xae, 0x54, 0x54, 0x54, 0x54, 0x54, 0x54, 0x54, 0xae, 0xae, 0x54, 0xad, 0xe7, 0xe5, 0x08, 0xe7, 0xe6, 0xe5, 0xe6, 0xad, 0x54, 0x54, 0x54, 0x54, 0xac, 0xe6, 0x08, 0xe7, 0xe9, 0xe9, 0xad, 0xae, 0x54, 0x54, 0x54, 0x54, 0x54, 0x54, 0xea, 
  0xa3, 0xa5, 0xde, 0x51, 0xa5, 0xa3, 0xd8, 0x4a, 0xd9, 0x9c, 0x97, 0x99, 0x48, 0x93, 0x43, 0xd0, 0x48, 0xd3, 0x9f, 0xdd, 0xa9, 0xac, 0xae, 0xea, 0xe6, 0xac, 0xae, 0xac, 0xea, 0xe9, 0xa9, 0x52, 0xa6, 0x47, 0x95, 0x47, 0x3d, 0x41, 0x9e, 0x9e, 0x47, 0xa2, 0xa6, 0x52, 0xa2, 0x4c, 0x4f, 0x4f, 0xa5, 0x4f, 0xa8, 0x07, 0x52, 0xaa, 0x07, 0xe4, 0xe9, 0x54, 0xae, 0xab, 0xe6, 0xe2, 0x4f, 0xa5, 0xa8, 0xa3, 0x4c, 0xa0, 0x4e, 0x9f, 0x4e, 0xdd, 0xfd, 0xfe, 0xfa, 0xda, 0xd6, 0xd6, 0xda, 0xd9, 0xda, 0xa0, 0xdc, 0xa4, 0xdf, 0xdf, 0xdf, 0x51, 0xa7, 0x51, 0xfc, 0xe2, 0xe6, 0xfc, 0xaa, 0xe4, 0xe1, 0xe1, 0xe4, 0xe2, 0xe1, 0xa8, 0x53, 0xac, 0xaa, 0xaa, 0x51, 0x51, 0xaa, 0xe0, 0xfc, 0xe6, 0xe7, 0xaa, 0x07, 0xe9, 0xae, 0xae, 0xae, 0xae, 0xae, 0xae, 0xea, 0xac, 0xad, 0xac, 0xad, 0xad, 0xad, 0x54, 0x54, 0x54, 0xe7, 0xe0, 0xdf, 0xdf, 0xde, 0xa5, 0xdf, 0xa3, 0xdc, 0xa3, 0xdc, 0xa0, 0xe1, 0x54, 0x54, 0x54, 0x54, 0x4d, 0x9c, 0xd9, 0x9c, 0x9c, 0xd6, 0xa0, 0xd9, 0xd9, 0xdb, 0xa3, 0xdf, 0x54, 0x54, 0x54, 0x54, 0xe5, 0xe0, 0xe0, 0xe1, 0xfc, 0xe4, 0xfd, 0xfc, 0xe7, 0xe7, 0xe5, 0xe9, 0xe9, 0x05, 0xe0, 0xea, 0xe4, 0xe5, 0xe6, 0xac, 0x54, 0xae, 0xae, 0x54, 0xe9, 0xfc, 0xe4, 0xfc, 0xfc, 0xe4, 0xe5, 0xfc, 0xe7, 0xe4, 0xae, 0x54, 0x54, 0x54, 0xae, 0x54, 0xae, 0x54, 0xe1, 0xa5, 0xa5, 0xda, 0xdd, 0xa3, 0xdc, 0xdd, 0xdd, 0xe0, 0xfc, 0xfc, 0xe4, 0xe4, 0xe4, 0xe5, 0x54, 0x54, 0x54, 0x54, 0x54, 0xe7, 0xe6, 0xe4, 0xe1, 0xe1, 0xaa, 0xac, 0xae, 0x54, 0x54, 0x54, 0xfa, 0xf7, 0xdc, 0xf5, 0x9b, 0xe1, 0xe5, 0xe1, 0xe5, 0xf4, 0xd6, 0xe1, 0xe9, 0xad, 0xae, 0x54, 0xe9, 0xf7, 0xd1, 0xd0, 0xef, 0xca, 0xcb, 0x73, 0x91, 0x9b, 0x9c, 0x99, 0x92, 0x92, 0x92, 0x4d, 0x54, 0xe5, 0xe7, 0xe9, 0xe9, 0xe7, 0xad, 0xae, 0xad, 0xae, 0xae, 0xae, 0xae, 0xae, 0x54, 0x54, 0x54, 0x54, 0x54, 0x54, 0xae, 0xe7, 0xe5, 0xe7, 0xe7, 0xe5, 0xe6, 0xe9, 0xac, 0x54, 0xae, 0x54, 0x54, 0xae, 0xe7, 0xe5, 0xe7, 0xe9, 0xe9, 0xad, 0xae, 0x54, 0x54, 0x54, 0x54, 0x54, 0x54, 0x54, 0xad, 
  0xa5, 0x4d, 0xd8, 0xd8, 0xd9, 0x99, 0x9b, 0xd0, 0x91, 0x96, 0x97, 0x48, 0x91, 0x97, 0x97, 0x9f, 0xa0, 0xda, 0xa8, 0xe9, 0xae, 0xe7, 0xaa, 0x53, 0xe6, 0xab, 0xab, 0xe9, 0xab, 0xab, 0xac, 0xe8, 0x54, 0x54, 0xa5, 0x9e, 0x47, 0x41, 0x47, 0x47, 0x95, 0x41, 0x48, 0x4f, 0x4f, 0xa5, 0x52, 0xa8, 0x51, 0x4f, 0xa2, 0xa2, 0xa2, 0x4c, 0x48, 0x47, 0x45, 0x40, 0x9c, 0x4b, 0x48, 0x4b, 0xe0, 0x50, 0xe0, 0xe9, 0xae, 0xff, 0x51, 0xa0, 0x4a, 0x9c, 0x49, 0x4a, 0x4d, 0xde, 0xdc, 0xd8, 0x9c, 0xf6, 0xa0, 0xd9, 0xdb, 0xa4, 0xe0, 0xdf, 0xa7, 0xe4, 0xe5, 0xe5, 0xe1, 0xdf, 0xdc, 0xa5, 0xa4, 0xa5, 0xa4, 0xe0, 0xa7, 0x51, 0x51, 0x08, 0xad, 0xe4, 0x07, 0xe2, 0x51, 0x51, 0xe6, 0x53, 0xa8, 0xe4, 0xe5, 0xac, 0xe9, 0x53, 0xab, 0xae, 0xae, 0xae, 0xae, 0xae, 0xea, 0xea, 0xad, 0xad, 0xad, 0xad, 0x54, 0x54, 0x54, 0x54, 0xe7, 0xe0, 0xe0, 0xdf, 0xa4, 0xe0, 0xa5, 0xdb, 0xdd, 0xdb, 0xa3, 0xa4, 0xaa, 0x54, 0x54, 0x54, 0xae, 0x4d, 0xd9, 0xa0, 0x9b, 0x9f, 0xd4, 0x9c, 0xa0, 0xd9, 0xa0, 0xdc, 0xa7, 0xac, 0x54, 0x54, 0x54, 0xae, 0xaa, 0xe4, 0xfc, 0xe4, 0xe4, 0xe5, 0xe4, 0xe5, 0xe7, 0xe7, 0xe7, 0xe9, 0xe0, 0xe5, 0xe9, 0xe5, 0xe5, 0xe6, 0xad, 0x54, 0xae, 0x54, 0x54, 0xe7, 0xfc, 0xe4, 0xfc, 0xfc, 0xfc, 0xe7, 0xe4, 0xe4, 0xe4, 0xe9, 0x54, 0x54, 0x54, 0x54, 0xae, 0xae, 0x54, 0xae, 0x54, 0xdf, 0xa3, 0xa3, 0xf8, 0xa3, 0xdd, 0xdd, 0xde, 0xe1, 0xe1, 0xe1, 0xfd, 0xe5, 0xe9, 0x54, 0x54, 0x54, 0x54, 0x54, 0xe9, 0xe5, 0xe1, 0xa9, 0xe4, 0xfc, 0x54, 0x54, 0xae, 0x54, 0xae, 0xe7, 0xe0, 0xda, 0xd6, 0xf5, 0xdc, 0xe4, 0xe2, 0xfc, 0xdc, 0xd8, 0xdc, 0x54, 0xff, 0x54, 0xae, 0x54, 0xa4, 0xd2, 0xf2, 0xcd, 0xef, 0xcb, 0x78, 0x90, 0xd5, 0xcb, 0xd6, 0xd8, 0xd1, 0xf1, 0x92, 0xde, 0xea, 0xe5, 0xe7, 0xac, 0xe7, 0xe5, 0xad, 0xae, 0xad, 0xad, 0xad, 0xad, 0xae, 0xae, 0xae, 0x54, 0xae, 0x54, 0x54, 0xac, 0xe5, 0xe6, 0x08, 0xe5, 0x08, 0xac, 0x54, 0xae, 0x54, 0x54, 0x54, 0x54, 0xe7, 0xe5, 0x08, 0xe7, 0xe9, 0xac, 0x54, 0x54, 0x54, 0x54, 0x54, 0x54, 0x54, 0x54, 0x54, 0xad, 
  0xd8, 0xd5, 0x9d, 0x9b, 0x97, 0x9c, 0xd5, 0x48, 0xd8, 0x48, 0x9f, 0x97, 0x9c, 0xf3, 0x4c, 0xa3, 0xdd, 0xaa, 0xad, 0x54, 0xad, 0x52, 0xa6, 0xaa, 0x53, 0xab, 0xe9, 0xab, 0xe9, 0xab, 0xa9, 0xe9, 0x4c, 0x41, 0x41, 0x41, 0x47, 0x47, 0x47, 0x47, 0x95, 0x41, 0x47, 0x4f, 0x95, 0x43, 0x48, 0x4c, 0xa5, 0xaa, 0xa8, 0x52, 0xe4, 0x4c, 0x48, 0x45, 0x43, 0x03, 0x3c, 0x3c, 0x40, 0x40, 0x3c, 0x44, 0x42, 0x40, 0x42, 0x9c, 0xe0, 0xe2, 0xe0, 0xdf, 0x4d, 0x4b, 0x49, 0x05, 0xdc, 0xde, 0xd9, 0xd9, 0xdc, 0xdf, 0xdc, 0xdc, 0xde, 0xe0, 0xe0, 0xa4, 0x4b, 0x9b, 0x9b, 0x46, 0x9c, 0xd9, 0xd9, 0xdc, 0xa5, 0xdf, 0xdf, 0xaa, 0xae, 0xac, 0xe4, 0xe1, 0xe2, 0x07, 0xfc, 0xa5, 0xaa, 0xae, 0x07, 0xa8, 0xe4, 0xe7, 0xae, 0xae, 0x53, 0x53, 0xac, 0x54, 0xae, 0xad, 0xac, 0xae, 0xad, 0xae, 0xae, 0xae, 0x54, 0x54, 0x54, 0x54, 0xe9, 0xe0, 0xdf, 0xa5, 0xde, 0xa5, 0xde, 0xa3, 0xde, 0xa3, 0xa5, 0xe7, 0xae, 0x54, 0x54, 0x54, 0x54, 0x09, 0x51, 0x9f, 0x9c, 0xd8, 0x48, 0xd8, 0x4a, 0xdb, 0xa0, 0xdc, 0xe1, 0x54, 0x54, 0x54, 0x54, 0x54, 0x54, 0x54, 0xe4, 0xfc, 0xe4, 0xe5, 0xe5, 0xe5, 0xe5, 0xe7, 0xe7, 0xe9, 0xac, 0xe7, 0xe7, 0xe5, 0xe6, 0xac, 0xae, 0xae, 0x54, 0xae, 0x54, 0xe7, 0xfc, 0xe4, 0xfc, 0xe4, 0xfc, 0xe5, 0xe7, 0xfc, 0xe4, 0xad, 0x54, 0x54, 0x54, 0xae, 0xae, 0xae, 0xae, 0xae, 0x54, 0xab, 0xa3, 0xd9, 0x4a, 0xdd, 0xa4, 0xa7, 0xa5, 0xfa, 0xe4, 0xfc, 0xe1, 0xe1, 0xe4, 0xe9, 0x54, 0x54, 0x54, 0x54, 0xe6, 0xe6, 0xa8, 0xe4, 0xfc, 0xe9, 0x54, 0x54, 0xae, 0xad, 0xae, 0xad, 0xde, 0xd5, 0xdb, 0xd9, 0xf4, 0xaa, 0xe5, 0xdf, 0xd9, 0xde, 0xdc, 0xe7, 0xe9, 0xae, 0x54, 0x54, 0xfc, 0xf2, 0xd1, 0xd1, 0xd1, 0xd1, 0xc3, 0xee, 0xd9, 0xda, 0xd1, 0x99, 0xda, 0x4d, 0xf6, 0xdf, 0xe9, 0xe7, 0xe7, 0xac, 0x54, 0xe7, 0x00, 0xe5, 0xae, 0xac, 0xad, 0xac, 0xad, 0xac, 0xae, 0xad, 0x54, 0x54, 0xad, 0xe5, 0xe5, 0xe5, 0xe9, 0xac, 0x54, 0xae, 0x54, 0xae, 0x54, 0x54, 0x54, 0xe9, 0xe6, 0xe7, 0xe9, 0xe9, 0xad, 0xae, 0x54, 0xae, 0x54, 0x54, 0x54, 0x54, 0x54, 0x54, 0x54, 0xad, 
  0xa0, 0xa0, 0xda, 0xd8, 0xa0, 0xd9, 0x9f, 0xd9, 0xd4, 0x9f, 0x97, 0x9f, 0x9f, 0xa2, 0xdc, 0xa7, 0x54, 0x54, 0x54, 0xac, 0xa2, 0x9f, 0x9f, 0xa8, 0xe6, 0xe5, 0xe9, 0xac, 0xea, 0xea, 0xe9, 0xaa, 0x47, 0x51, 0xab, 0xe9, 0x4c, 0x47, 0x95, 0x43, 0x95, 0x43, 0x47, 0x4f, 0x47, 0x41, 0x40, 0x93, 0x48, 0x48, 0xa2, 0x4f, 0xa8, 0xaa, 0x4e, 0x4c, 0x48, 0x48, 0x43, 0x40, 0x43, 0x40, 0x93, 0x40, 0x44, 0x9c, 0x44, 0x92, 0xd6, 0xd8, 0xd8, 0xda, 0xf5, 0xf5, 0xdc, 0xa4, 0xa4, 0xde, 0xdf, 0xde, 0xdb, 0xdc, 0xe7, 0xaa, 0xdf, 0xa4, 0x4d, 0xd8, 0x92, 0x99, 0x9c, 0xd4, 0xd9, 0xd8, 0xa3, 0xa4, 0xdd, 0xe4, 0xac, 0x54, 0xe5, 0xfc, 0xe2, 0x07, 0xe2, 0x07, 0xe2, 0x50, 0xa8, 0xac, 0xea, 0xaa, 0xfc, 0xe5, 0xe9, 0x54, 0xae, 0xab, 0xaa, 0xac, 0xae, 0xad, 0xad, 0xae, 0xae, 0xae, 0x54, 0x54, 0x54, 0x54, 0x54, 0x54, 0xe1, 0xdf, 0xde, 0xde, 0xfa, 0xdc, 0xa7, 0xdc, 0xa5, 0xdc, 0xdd, 0xac, 0x54, 0x54, 0x54, 0x54, 0x54, 0x54, 0xdc, 0x9c, 0x9f, 0x9f, 0xd4, 0xdc, 0xa0, 0xd8, 0xdc, 0xa0, 0xa4, 0xe9, 0x54, 0x54, 0x54, 0x54, 0x54, 0x54, 0xe9, 0xe5, 0xe5, 0xe5, 0xe5, 0xe5, 0xe5, 0xe6, 0xe7, 0xe7, 0xe7, 0xe5, 0xe7, 0xe5, 0xe7, 0xae, 0x54, 0xae, 0x54, 0xae, 0x54, 0xad, 0xe4, 0xfc, 0xfc, 0xe4, 0xfc, 0xe4, 0xe7, 0xfd, 0xe5, 0xae, 0x54, 0x54, 0x54, 0xae, 0xae, 0xae, 0xae, 0xae, 0xae, 0x54, 0xa8, 0xa7, 0x51, 0xa3, 0xdd, 0xdd, 0xde, 0xa7, 0xa7, 0xe4, 0xfd, 0xfc, 0xfc, 0xfd, 0xae, 0x54, 0x54, 0x54, 0xe9, 0xe5, 0xfc, 0xe9, 0xaa, 0xae, 0x54, 0xae, 0xad, 0xea, 0xae, 0xe2, 0xda, 0xd9, 0xda, 0xd8, 0xd8, 0xfa, 0xfc, 0xd6, 0xf4, 0xdc, 0xdf, 0xe7, 0xff, 0xe9, 0x54, 0x54, 0xea, 0xf2, 0xd5, 0x9b, 0xf2, 0xd4, 0xcb, 0xf2, 0xf0, 0xa0, 0xde, 0xd5, 0xd4, 0xd8, 0xa3, 0xe0, 0xe9, 0xe5, 0xe7, 0xe9, 0xad, 0x54, 0xe6, 0x08, 0xad, 0xac, 0xac, 0xac, 0xad, 0xad, 0xad, 0xad, 0xae, 0xad, 0xe5, 0xe5, 0xe7, 0xad, 0xae, 0x54, 0xae, 0xae, 0xae, 0x54, 0x54, 0x54, 0xad, 0xe7, 0xe7, 0xe7, 0xac, 0xac, 0x54, 0x54, 0x54, 0x54, 0x54, 0x54, 0x54, 0x54, 0x54, 0x54, 0xae, 0xad, 
};

const lv_img_dsc_t bild_2 = {
  .header.cf = LV_IMG_CF_INDEXED_8BIT,
  .header.always_zero = 0,
  .header.reserved = 0,
  .header.w = 320,
  .header.h = 172,
  .data_size = 56064,
  .data = bild_2_map,
};
