timestamp,device_id,name,channel,alive,status,packet_counter,raw,T_i,H_i,T_e,H_e,vpd_i,vpd_e,rssi
1775845693.577549,827482CC-A977-43D7-835E-8E8B6978E66A,LGS_Sensor,adv,False,offline,,,,,,,,,-63
1775845693.577549,827482CC-A977-43D7-835E-8E8B6978E66A,LGS_Sensor,gatt,False,offline,,,,,,,,,-63
1775845693.577549,827482CC-A977-43D7-835E-8E8B6978E66A,LGS_Sensor,webserver,True,active,,,18.15951,40.0,18.33,52.93,0.988,0.784,-63
1775845693.577549,FABCEA8B-7EC8-2594-4879-2B3B63989660,ThermoBeacon2,adv,False,offline,,,,,,,,,
1775845693.577549,FABCEA8B-7EC8-2594-4879-2B3B63989660,ThermoBeacon2,gatt,False,offline,,,,,,,,,
1775845693.577549,FABCEA8B-7EC8-2594-4879-2B3B63989660,ThermoBeacon2,webserver,False,offline,,,,,,,,,
1775845693.577549,C898B4F2-B452-7502-1A67-0536E77D49EA,sps,adv,False,offline,,,,,,,,,
1775845693.577549,C898B4F2-B452-7502-1A67-0536E77D49EA,sps,gatt,False,offline,,,,,,,,,
1775845693.577549,C898B4F2-B452-7502-1A67-0536E77D49EA,sps,webserver,False,offline,,,,,,,,,
1775845693.577549,FF-FF-A1-00-00-01,LGS_NODE_17,adv,False,offline,,,,,,,,,
1775845693.577549,FF-FF-A1-00-00-01,LGS_NODE_17,gatt,False,offline,,,,,,,,,
1775845693.577549,FF-FF-A1-00-00-01,LGS_NODE_17,webserver,False,offline,,,,,,,,,
1775845753.588201,827482CC-A977-43D7-835E-8E8B6978E66A,LGS_Sensor,adv,False,offline,,D302A211072F146E07280FA009F601A3000021,,,,,,,-64
1775845753.588201,827482CC-A977-43D7-835E-8E8B6978E66A,LGS_Sensor,gatt,False,offline,,,,,,,,,-64
1775845753.588201,827482CC-A977-43D7-835E-8E8B6978E66A,LGS_Sensor,webserver,True,active,,,18.31841,40.0,18.41,53.26,0.998,0.782,-64
1775845753.588201,FABCEA8B-7EC8-2594-4879-2B3B63989660,ThermoBeacon2,adv,False,offline,,190019060000F1F01A104A013803FFFFFFFF8EA02C00,,,,,,,
1775845753.588201,FABCEA8B-7EC8-2594-4879-2B3B63989660,ThermoBeacon2,gatt,False,offline,,,,,,,,,
1775845753.588201,FABCEA8B-7EC8-2594-4879-2B3B63989660,ThermoBeacon2,webserver,False,offline,,,,,,,,,
1775845753.588201,C898B4F2-B452-7502-1A67-0536E77D49EA,sps,adv,False,offline,,9508001800207D1C08,,,,,,,
1775845753.588201,C898B4F2-B452-7502-1A67-0536E77D49EA,sps,gatt,False,offline,,,,,,,,,
1775845753.588201,C898B4F2-B452-7502-1A67-0536E77D49EA,sps,webserver,False,offline,,,,,,,,,
1775845753.588201,FF-FF-A1-00-00-01,LGS_NODE_17,adv,False,offline,,7445A1110759126737,,,,,,,
1775845753.588201,FF-FF-A1-00-00-01,LGS_NODE_17,gatt,False,offline,,,,,,,,,
1775845753.588201,FF-FF-A1-00-00-01,LGS_NODE_17,webserver,False,offline,,,,,,,,,
1775845813.656647,827482CC-A977-43D7-835E-8E8B6978E66A,LGS_Sensor,adv,False,offline,,D302A211072F146E07280FA009F601A3000021,,,,,,,-64
1775845813.656647,827482CC-A977-43D7-835E-8E8B6978E66A,LGS_Sensor,gatt,False,offline,,,,,,,,,-64
1775845813.656647,827482CC-A977-43D7-835E-8E8B6978E66A,LGS_Sensor,webserver,True,active,,,18.2405,40.0,18.41,53.15,0.993,0.784,-64
1775845813.656647,FABCEA8B-7EC8-2594-4879-2B3B63989660,ThermoBeacon2,adv,False,offline,,190019060000F1F01A104A013803FFFFFFFF8EA02C00,,,,,,,
1775845813.656647,FABCEA8B-7EC8-2594-4879-2B3B63989660,ThermoBeacon2,gatt,False,offline,,,,,,,,,
1775845813.656647,FABCEA8B-7EC8-2594-4879-2B3B63989660,ThermoBeacon2,webserver,False,offline,,,,,,,,,
1775845813.656647,C898B4F2-B452-7502-1A67-0536E77D49EA,sps,adv,False,offline,,9508001800207D1C08,,,,,,,
1775845813.656647,C898B4F2-B452-7502-1A67-0536E77D49EA,sps,gatt,False,offline,,,,,,,,,
1775845813.656647,C898B4F2-B452-7502-1A67-0536E77D49EA,sps,webserver,False,offline,,,,,,,,,
1775845813.656647,FF-FF-A1-00-00-01,LGS_NODE_17,adv,False,offline,,7445A1110759126737,,,,,,,
1775845813.656647,FF-FF-A1-00-00-01,LGS_NODE_17,gatt,False,offline,,,,,,,,,
1775845813.656647,FF-FF-A1-00-00-01,LGS_NODE_17,webserver,False,offline,,,,,,,,,
1775845873.745331,827482CC-A977-43D7-835E-8E8B6978E66A,LGS_Sensor,adv,False,offline,,D302A211072F146E07280FA009F601A3000021,,,,,,,-63
1775845873.745331,827482CC-A977-43D7-835E-8E8B6978E66A,LGS_Sensor,gatt,False,offline,,,,,,,,,-63
1775845873.745331,827482CC-A977-43D7-835E-8E8B6978E66A,LGS_Sensor,webserver,True,active,,,18.18951,40.0,18.38,53.5,0.99,0.777,-63
1775845873.745331,FABCEA8B-7EC8-2594-4879-2B3B63989660,ThermoBeacon2,adv,False,offline,,190019060000F1F01A104A013803FFFFFFFF8EA02C00,,,,,,,
1775845873.745331,FABCEA8B-7EC8-2594-4879-2B3B63989660,ThermoBeacon2,gatt,False,offline,,,,,,,,,
1775845873.745331,FABCEA8B-7EC8-2594-4879-2B3B63989660,ThermoBeacon2,webserver,False,offline,,,,,,,,,
1775845873.745331,C898B4F2-B452-7502-1A67-0536E77D49EA,sps,adv,False,offline,,9508001800207D1C08,,,,,,,
1775845873.745331,C898B4F2-B452-7502-1A67-0536E77D49EA,sps,gatt,False,offline,,,,,,,,,
1775845873.745331,C898B4F2-B452-7502-1A67-0536E77D49EA,sps,webserver,False,offline,,,,,,,,,
1775845873.745331,FF-FF-A1-00-00-01,LGS_NODE_17,adv,False,offline,,7445A1110759126737,,,,,,,
1775845873.745331,FF-FF-A1-00-00-01,LGS_NODE_17,gatt,False,offline,,,,,,,,,
1775845873.745331,FF-FF-A1-00-00-01,LGS_NODE_17,webserver,False,offline,,,,,,,,,
1775845936.318345,827482CC-A977-43D7-835E-8E8B6978E66A,LGS_Sensor,adv,False,offline,,,,,,,,,-64
1775845936.318345,827482CC-A977-43D7-835E-8E8B6978E66A,LGS_Sensor,gatt,False,offline,,,,,,,,,-64
1775845936.318345,827482CC-A977-43D7-835E-8E8B6978E66A,LGS_Sensor,webserver,True,active,,,18.44338,40.0,18.39,52.36,1.006,0.796,-64
1775845936.318345,FABCEA8B-7EC8-2594-4879-2B3B63989660,ThermoBeacon2,adv,False,offline,,,,,,,,,
1775845936.318345,FABCEA8B-7EC8-2594-4879-2B3B63989660,ThermoBeacon2,gatt,False,offline,,,,,,,,,
1775845936.318345,FABCEA8B-7EC8-2594-4879-2B3B63989660,ThermoBeacon2,webserver,False,offline,,,,,,,,,
1775845936.318345,C898B4F2-B452-7502-1A67-0536E77D49EA,sps,adv,False,offline,,,,,,,,,
1775845936.318345,C898B4F2-B452-7502-1A67-0536E77D49EA,sps,gatt,False,offline,,,,,,,,,
1775845936.318345,C898B4F2-B452-7502-1A67-0536E77D49EA,sps,webserver,False,offline,,,,,,,,,
1775845936.318345,FF-FF-A1-00-00-01,LGS_NODE_17,adv,False,offline,,,,,,,,,
1775845936.318345,FF-FF-A1-00-00-01,LGS_NODE_17,gatt,False,offline,,,,,,,,,
1775845936.318345,FF-FF-A1-00-00-01,LGS_NODE_17,webserver,False,offline,,,,,,,,,
1775845996.460732,827482CC-A977-43D7-835E-8E8B6978E66A,LGS_Sensor,adv,False,offline,,D302A211072F146E07280FA009F601A3000021,,,,,,,-63
1775845996.460732,827482CC-A977-43D7-835E-8E8B6978E66A,LGS_Sensor,gatt,False,offline,,,,,,,,,-63
1775845996.460732,827482CC-A977-43D7-835E-8E8B6978E66A,LGS_Sensor,webserver,True,active,,,18.23449,40.0,18.39,51.66,0.993,0.808,-63
1775845996.460732,FABCEA8B-7EC8-2594-4879-2B3B63989660,ThermoBeacon2,adv,False,offline,,190019060000F1F01A104A013803FFFFFFFF8EA02C00,,,,,,,
1775845996.460732,FABCEA8B-7EC8-2594-4879-2B3B63989660,ThermoBeacon2,gatt,False,offline,,,,,,,,,
1775845996.460732,FABCEA8B-7EC8-2594-4879-2B3B63989660,ThermoBeacon2,webserver,False,offline,,,,,,,,,
1775845996.460732,C898B4F2-B452-7502-1A67-0536E77D49EA,sps,adv,False,offline,,9508001800207D1C08,,,,,,,
1775845996.460732,C898B4F2-B452-7502-1A67-0536E77D49EA,sps,gatt,False,offline,,,,,,,,,
1775845996.460732,C898B4F2-B452-7502-1A67-0536E77D49EA,sps,webserver,False,offline,,,,,,,,,
1775845996.460732,FF-FF-A1-00-00-01,LGS_NODE_17,adv,False,offline,,7445A1110759126737,,,,,,,
1775845996.460732,FF-FF-A1-00-00-01,LGS_NODE_17,gatt,False,offline,,,,,,,,,
1775845996.460732,FF-FF-A1-00-00-01,LGS_NODE_17,webserver,False,offline,,,,,,,,,
1775846056.534056,827482CC-A977-43D7-835E-8E8B6978E66A,LGS_Sensor,adv,False,offline,,D302A211072F146E07280FA009F601A3000021,,,,,,,-63
1775846056.534056,827482CC-A977-43D7-835E-8E8B6978E66A,LGS_Sensor,gatt,False,offline,,,,,,,,,-63
1775846056.534056,827482CC-A977-43D7-835E-8E8B6978E66A,LGS_Sensor,webserver,True,active,,,18.38803,40.0,18.41,52.05,1.003,0.802,-63
1775846056.534056,FABCEA8B-7EC8-2594-4879-2B3B63989660,ThermoBeacon2,adv,False,offline,,190019060000F1F01A104A013803FFFFFFFF8EA02C00,,,,,,,
1775846056.534056,FABCEA8B-7EC8-2594-4879-2B3B63989660,ThermoBeacon2,gatt,False,offline,,,,,,,,,
1775846056.534056,FABCEA8B-7EC8-2594-4879-2B3B63989660,ThermoBeacon2,webserver,False,offline,,,,,,,,,
1775846056.534056,C898B4F2-B452-7502-1A67-0536E77D49EA,sps,adv,False,offline,,9508001800207D1C08,,,,,,,
1775846056.534056,C898B4F2-B452-7502-1A67-0536E77D49EA,sps,gatt,False,offline,,,,,,,,,
1775846056.534056,C898B4F2-B452-7502-1A67-0536E77D49EA,sps,webserver,False,offline,,,,,,,,,
1775846056.534056,FF-FF-A1-00-00-01,LGS_NODE_17,adv,False,offline,,7445A1110759126737,,,,,,,
1775846056.534056,FF-FF-A1-00-00-01,LGS_NODE_17,gatt,False,offline,,,,,,,,,
1775846056.534056,FF-FF-A1-00-00-01,LGS_NODE_17,webserver,False,offline,,,,,,,,,
1775846116.550944,827482CC-A977-43D7-835E-8E8B6978E66A,LGS_Sensor,adv,False,offline,,D302A211072F146E07280FA009F601A3000021,,,,,,,-63
1775846116.550944,827482CC-A977-43D7-835E-8E8B6978E66A,LGS_Sensor,gatt,False,offline,,,,,,,,,-63
1775846116.550944,827482CC-A977-43D7-835E-8E8B6978E66A,LGS_Sensor,webserver,True,active,,,18.4187,40.0,18.41,52.28,1.005,0.799,-63
1775846116.550944,FABCEA8B-7EC8-2594-4879-2B3B63989660,ThermoBeacon2,adv,False,offline,,190019060000F1F01A104A013803FFFFFFFF8EA02C00,,,,,,,
1775846116.550944,FABCEA8B-7EC8-2594-4879-2B3B63989660,ThermoBeacon2,gatt,False,offline,,,,,,,,,
1775846116.550944,FABCEA8B-7EC8-2594-4879-2B3B63989660,ThermoBeacon2,webserver,False,offline,,,,,,,,,
1775846116.550944,C898B4F2-B452-7502-1A67-0536E77D49EA,sps,adv,False,offline,,9508001800207D1C08,,,,,,,
1775846116.550944,C898B4F2-B452-7502-1A67-0536E77D49EA,sps,gatt,False,offline,,,,,,,,,
1775846116.550944,C898B4F2-B452-7502-1A67-0536E77D49EA,sps,webserver,False,offline,,,,,,,,,
1775846116.550944,FF-FF-A1-00-00-01,LGS_NODE_17,adv,False,offline,,7445A1110759126737,,,,,,,
1775846116.550944,FF-FF-A1-00-00-01,LGS_NODE_17,gatt,False,offline,,,,,,,,,
1775846116.550944,FF-FF-A1-00-00-01,LGS_NODE_17,webserver,False,offline,,,,,,,,,
1775846176.552663,827482CC-A977-43D7-835E-8E8B6978E66A,LGS_Sensor,adv,False,offline,,D302A211072F146E07280FA009F601A3000021,,,,,,,-63
1775846176.552663,827482CC-A977-43D7-835E-8E8B6978E66A,LGS_Sensor,gatt,False,offline,,,,,,,,,-63
1775846176.552663,827482CC-A977-43D7-835E-8E8B6978E66A,LGS_Sensor,webserver,True,active,,,18.17675,40.0,18.39,53.26,0.989,0.781,-63
1775846176.552663,FABCEA8B-7EC8-2594-4879-2B3B63989660,ThermoBeacon2,adv,False,offline,,190019060000F1F01A104A013803FFFFFFFF8EA02C00,,,,,,,
1775846176.552663,FABCEA8B-7EC8-2594-4879-2B3B63989660,ThermoBeacon2,gatt,False,offline,,,,,,,,,
1775846176.552663,FABCEA8B-7EC8-2594-4879-2B3B63989660,ThermoBeacon2,webserver,False,offline,,,,,,,,,
1775846176.552663,C898B4F2-B452-7502-1A67-0536E77D49EA,sps,adv,False,offline,,9508001800207D1C08,,,,,,,
1775846176.552663,C898B4F2-B452-7502-1A67-0536E77D49EA,sps,gatt,False,offline,,,,,,,,,
1775846176.552663,C898B4F2-B452-7502-1A67-0536E77D49EA,sps,webserver,False,offline,,,,,,,,,
1775846176.552663,FF-FF-A1-00-00-01,LGS_NODE_17,adv,False,offline,,7445A1110759126737,,,,,,,
1775846176.552663,FF-FF-A1-00-00-01,LGS_NODE_17,gatt,False,offline,,,,,,,,,
1775846176.552663,FF-FF-A1-00-00-01,LGS_NODE_17,webserver,False,offline,,,,,,,,,
1775846236.593976,827482CC-A977-43D7-835E-8E8B6978E66A,LGS_Sensor,adv,False,offline,,D302A211072F146E07280FA009F601A3000021,,,,,,,-63
1775846236.593976,827482CC-A977-43D7-835E-8E8B6978E66A,LGS_Sensor,gatt,False,offline,,,,,,,,,-63
1775846236.593976,827482CC-A977-43D7-835E-8E8B6978E66A,LGS_Sensor,webserver,True,active,,,18.01467,40.0,18.39,53.93,0.979,0.77,-63
1775846236.593976,FABCEA8B-7EC8-2594-4879-2B3B63989660,ThermoBeacon2,adv,False,offline,,190019060000F1F01A104A013803FFFFFFFF8EA02C00,,,,,,,
1775846236.593976,FABCEA8B-7EC8-2594-4879-2B3B63989660,ThermoBeacon2,gatt,False,offline,,,,,,,,,
1775846236.593976,FABCEA8B-7EC8-2594-4879-2B3B63989660,ThermoBeacon2,webserver,False,offline,,,,,,,,,
1775846236.593976,C898B4F2-B452-7502-1A67-0536E77D49EA,sps,adv,False,offline,,9508001800207D1C08,,,,,,,
1775846236.593976,C898B4F2-B452-7502-1A67-0536E77D49EA,sps,gatt,False,offline,,,,,,,,,
1775846236.593976,C898B4F2-B452-7502-1A67-0536E77D49EA,sps,webserver,False,offline,,,,,,,,,
1775846236.593976,FF-FF-A1-00-00-01,LGS_NODE_17,adv,False,offline,,7445A1110759126737,,,,,,,
1775846236.593976,FF-FF-A1-00-00-01,LGS_NODE_17,gatt,False,offline,,,,,,,,,
1775846236.593976,FF-FF-A1-00-00-01,LGS_NODE_17,webserver,False,offline,,,,,,,,,
1775846258.372792,827482CC-A977-43D7-835E-8E8B6978E66A,LGS_Sensor,adv,False,offline,,,,,,,,,-63
1775846258.372792,827482CC-A977-43D7-835E-8E8B6978E66A,LGS_Sensor,gatt,False,offline,,,,,,,,,-63
1775846258.372792,827482CC-A977-43D7-835E-8E8B6978E66A,LGS_Sensor,webserver,True,active,,,18.50546,40.0,18.35,53.61,1.01,0.773,-63
1775846258.372792,FABCEA8B-7EC8-2594-4879-2B3B63989660,ThermoBeacon2,adv,False,offline,,,,,,,,,
1775846258.372792,FABCEA8B-7EC8-2594-4879-2B3B63989660,ThermoBeacon2,gatt,False,offline,,,,,,,,,
1775846258.372792,FABCEA8B-7EC8-2594-4879-2B3B63989660,ThermoBeacon2,webserver,False,offline,,,,,,,,,
1775846258.372792,C898B4F2-B452-7502-1A67-0536E77D49EA,sps,adv,False,offline,,,,,,,,,
1775846258.372792,C898B4F2-B452-7502-1A67-0536E77D49EA,sps,gatt,False,offline,,,,,,,,,
1775846258.372792,C898B4F2-B452-7502-1A67-0536E77D49EA,sps,webserver,False,offline,,,,,,,,,
1775846258.372792,FF-FF-A1-00-00-01,LGS_NODE_17,adv,False,offline,,,,,,,,,
1775846258.372792,FF-FF-A1-00-00-01,LGS_NODE_17,gatt,False,offline,,,,,,,,,
1775846258.372792,FF-FF-A1-00-00-01,LGS_NODE_17,webserver,False,offline,,,,,,,,,
1775847332.101985,827482CC-A977-43D7-835E-8E8B6978E66A,LGS_Sensor,adv,False,offline,,,,,,,,,-58
1775847332.101985,827482CC-A977-43D7-835E-8E8B6978E66A,LGS_Sensor,gatt,False,offline,,,,,,,,,-58
1775847332.101985,827482CC-A977-43D7-835E-8E8B6978E66A,LGS_Sensor,webserver,True,active,,,18.32965,40.0,18.36,51.84,0.999,0.803,-58
1775847332.101985,FABCEA8B-7EC8-2594-4879-2B3B63989660,ThermoBeacon2,adv,False,offline,,,,,,,,,
1775847332.101985,FABCEA8B-7EC8-2594-4879-2B3B63989660,ThermoBeacon2,gatt,False,offline,,,,,,,,,
1775847332.101985,FABCEA8B-7EC8-2594-4879-2B3B63989660,ThermoBeacon2,webserver,False,offline,,,,,,,,,
1775847332.101985,C898B4F2-B452-7502-1A67-0536E77D49EA,sps,adv,False,offline,,,,,,,,,
1775847332.101985,C898B4F2-B452-7502-1A67-0536E77D49EA,sps,gatt,False,offline,,,,,,,,,
1775847332.101985,C898B4F2-B452-7502-1A67-0536E77D49EA,sps,webserver,False,offline,,,,,,,,,
1775847332.101985,FF-FF-A1-00-00-01,LGS_NODE_17,adv,False,offline,,,,,,,,,
1775847332.101985,FF-FF-A1-00-00-01,LGS_NODE_17,gatt,False,offline,,,,,,,,,
1775847332.101985,FF-FF-A1-00-00-01,LGS_NODE_17,webserver,False,offline,,,,,,,,,
1775847716.710479,827482CC-A977-43D7-835E-8E8B6978E66A,LGS_Sensor,adv,False,offline,,,,,,,,,-66
1775847716.710479,827482CC-A977-43D7-835E-8E8B6978E66A,LGS_Sensor,gatt,False,offline,,,,,,,,,-66
1775847716.710479,827482CC-A977-43D7-835E-8E8B6978E66A,LGS_Sensor,webserver,True,active,,,3.721612,40.0,,,0.367,,-66
1775847716.710479,FABCEA8B-7EC8-2594-4879-2B3B63989660,ThermoBeacon2,adv,False,offline,,,,,,,,,
1775847716.710479,FABCEA8B-7EC8-2594-4879-2B3B63989660,ThermoBeacon2,gatt,False,offline,,,,,,,,,
1775847716.710479,FABCEA8B-7EC8-2594-4879-2B3B63989660,ThermoBeacon2,webserver,False,offline,,,,,,,,,
1775847716.710479,C898B4F2-B452-7502-1A67-0536E77D49EA,sps,adv,False,offline,,,,,,,,,
1775847716.710479,C898B4F2-B452-7502-1A67-0536E77D49EA,sps,gatt,False,offline,,,,,,,,,
1775847716.710479,C898B4F2-B452-7502-1A67-0536E77D49EA,sps,webserver,False,offline,,,,,,,,,
1775847716.710479,FF-FF-A1-00-00-01,LGS_NODE_17,adv,False,offline,,,,,,,,,
1775847716.710479,FF-FF-A1-00-00-01,LGS_NODE_17,gatt,False,offline,,,,,,,,,
1775847716.710479,FF-FF-A1-00-00-01,LGS_NODE_17,webserver,False,offline,,,,,,,,,
1775847776.8186061,827482CC-A977-43D7-835E-8E8B6978E66A,LGS_Sensor,adv,False,offline,,,,,,,,,-70
1775847776.8186061,827482CC-A977-43D7-835E-8E8B6978E66A,LGS_Sensor,gatt,False,offline,,,,,,,,,-70
1775847776.8186061,827482CC-A977-43D7-835E-8E8B6978E66A,LGS_Sensor,webserver,True,active,,,3.704309,40.0,,,0.367,,-70
1775847776.8186061,FABCEA8B-7EC8-2594-4879-2B3B63989660,ThermoBeacon2,adv,False,offline,,,,,,,,,
1775847776.8186061,FABCEA8B-7EC8-2594-4879-2B3B63989660,ThermoBeacon2,gatt,False,offline,,,,,,,,,
1775847776.8186061,FABCEA8B-7EC8-2594-4879-2B3B63989660,ThermoBeacon2,webserver,False,offline,,,,,,,,,
1775847776.8186061,C898B4F2-B452-7502-1A67-0536E77D49EA,sps,adv,False,offline,,,,,,,,,
1775847776.8186061,C898B4F2-B452-7502-1A67-0536E77D49EA,sps,gatt,False,offline,,,,,,,,,
1775847776.8186061,C898B4F2-B452-7502-1A67-0536E77D49EA,sps,webserver,False,offline,,,,,,,,,
1775847776.8186061,FF-FF-A1-00-00-01,LGS_NODE_17,adv,False,offline,,,,,,,,,
1775847776.8186061,FF-FF-A1-00-00-01,LGS_NODE_17,gatt,False,offline,,,,,,,,,
1775847776.8186061,FF-FF-A1-00-00-01,LGS_NODE_17,webserver,False,offline,,,,,,,,,
1775847836.8815548,827482CC-A977-43D7-835E-8E8B6978E66A,LGS_Sensor,adv,False,offline,,,,,,,,,-59
1775847836.8815548,827482CC-A977-43D7-835E-8E8B6978E66A,LGS_Sensor,gatt,False,offline,,,,,,,,,-59
1775847836.8815548,827482CC-A977-43D7-835E-8E8B6978E66A,LGS_Sensor,webserver,True,active,,,18.5017,40.0,18.39,52.62,1.01,0.792,-59
1775847836.8815548,FABCEA8B-7EC8-2594-4879-2B3B63989660,ThermoBeacon2,adv,False,offline,,,,,,,,,
1775847836.8815548,FABCEA8B-7EC8-2594-4879-2B3B63989660,ThermoBeacon2,gatt,False,offline,,,,,,,,,
1775847836.8815548,FABCEA8B-7EC8-2594-4879-2B3B63989660,ThermoBeacon2,webserver,False,offline,,,,,,,,,
1775847836.8815548,C898B4F2-B452-7502-1A67-0536E77D49EA,sps,adv,False,offline,,,,,,,,,
1775847836.8815548,C898B4F2-B452-7502-1A67-0536E77D49EA,sps,gatt,False,offline,,,,,,,,,
1775847836.8815548,C898B4F2-B452-7502-1A67-0536E77D49EA,sps,webserver,False,offline,,,,,,,,,
1775847836.8815548,FF-FF-A1-00-00-01,LGS_NODE_17,adv,False,offline,,,,,,,,,
1775847836.8815548,FF-FF-A1-00-00-01,LGS_NODE_17,gatt,False,offline,,,,,,,,,
1775847836.8815548,FF-FF-A1-00-00-01,LGS_NODE_17,webserver,False,offline,,,,,,,,,
1775847896.957123,827482CC-A977-43D7-835E-8E8B6978E66A,LGS_Sensor,adv,False,offline,,,,,,,,,-63
1775847896.957123,827482CC-A977-43D7-835E-8E8B6978E66A,LGS_Sensor,gatt,False,offline,,,,,,,,,-63
1775847896.957123,827482CC-A977-43D7-835E-8E8B6978E66A,LGS_Sensor,webserver,True,active,,,18.41046,40.0,18.46,52.72,1.004,0.794,-63
1775847896.957123,FABCEA8B-7EC8-2594-4879-2B3B63989660,ThermoBeacon2,adv,False,offline,,,,,,,,,
1775847896.957123,FABCEA8B-7EC8-2594-4879-2B3B63989660,ThermoBeacon2,gatt,False,offline,,,,,,,,,
1775847896.957123,FABCEA8B-7EC8-2594-4879-2B3B63989660,ThermoBeacon2,webserver,False,offline,,,,,,,,,
1775847896.957123,C898B4F2-B452-7502-1A67-0536E77D49EA,sps,adv,False,offline,,,,,,,,,
1775847896.957123,C898B4F2-B452-7502-1A67-0536E77D49EA,sps,gatt,False,offline,,,,,,,,,
1775847896.957123,C898B4F2-B452-7502-1A67-0536E77D49EA,sps,webserver,False,offline,,,,,,,,,
1775847896.957123,FF-FF-A1-00-00-01,LGS_NODE_17,adv,False,offline,,,,,,,,,
1775847896.957123,FF-FF-A1-00-00-01,LGS_NODE_17,gatt,False,offline,,,,,,,,,
1775847896.957123,FF-FF-A1-00-00-01,LGS_NODE_17,webserver,False,offline,,,,,,,,,
1775847956.9741702,827482CC-A977-43D7-835E-8E8B6978E66A,LGS_Sensor,adv,False,offline,,,,,,,,,-63
1775847956.9741702,827482CC-A977-43D7-835E-8E8B6978E66A,LGS_Sensor,gatt,False,offline,,,,,,,,,-63
1775847956.9741702,827482CC-A977-43D7-835E-8E8B6978E66A,LGS_Sensor,webserver,True,active,,,18.42169,40.0,18.42,52.76,1.005,0.791,-63
1775847956.9741702,FABCEA8B-7EC8-2594-4879-2B3B63989660,ThermoBeacon2,adv,False,offline,,,,,,,,,
1775847956.9741702,FABCEA8B-7EC8-2594-4879-2B3B63989660,ThermoBeacon2,gatt,False,offline,,,,,,,,,
1775847956.9741702,FABCEA8B-7EC8-2594-4879-2B3B63989660,ThermoBeacon2,webserver,False,offline,,,,,,,,,
1775847956.9741702,C898B4F2-B452-7502-1A67-0536E77D49EA,sps,adv,False,offline,,,,,,,,,
1775847956.9741702,C898B4F2-B452-7502-1A67-0536E77D49EA,sps,gatt,False,offline,,,,,,,,,
1775847956.9741702,C898B4F2-B452-7502-1A67-0536E77D49EA,sps,webserver,False,offline,,,,,,,,,
1775847956.9741702,FF-FF-A1-00-00-01,LGS_NODE_17,adv,False,offline,,,,,,,,,
1775847956.9741702,FF-FF-A1-00-00-01,LGS_NODE_17,gatt,False,offline,,,,,,,,,
1775847956.9741702,FF-FF-A1-00-00-01,LGS_NODE_17,webserver,False,offline,,,,,,,,,
1775848016.9897568,827482CC-A977-43D7-835E-8E8B6978E66A,LGS_Sensor,adv,False,offline,,,,,,,,,-63
1775848016.9897568,827482CC-A977-43D7-835E-8E8B6978E66A,LGS_Sensor,gatt,False,offline,,,,,,,,,-63
1775848016.9897568,827482CC-A977-43D7-835E-8E8B6978E66A,LGS_Sensor,webserver,True,active,,,18.34161,40.0,18.42,52.86,1.0,0.789,-63
1775848016.9897568,FABCEA8B-7EC8-2594-4879-2B3B63989660,ThermoBeacon2,adv,False,offline,,,,,,,,,
1775848016.9897568,FABCEA8B-7EC8-2594-4879-2B3B63989660,ThermoBeacon2,gatt,False,offline,,,,,,,,,
1775848016.9897568,FABCEA8B-7EC8-2594-4879-2B3B63989660,ThermoBeacon2,webserver,False,offline,,,,,,,,,
1775848016.9897568,C898B4F2-B452-7502-1A67-0536E77D49EA,sps,adv,False,offline,,,,,,,,,
1775848016.9897568,C898B4F2-B452-7502-1A67-0536E77D49EA,sps,gatt,False,offline,,,,,,,,,
1775848016.9897568,C898B4F2-B452-7502-1A67-0536E77D49EA,sps,webserver,False,offline,,,,,,,,,
1775848016.9897568,FF-FF-A1-00-00-01,LGS_NODE_17,adv,False,offline,,,,,,,,,
1775848016.9897568,FF-FF-A1-00-00-01,LGS_NODE_17,gatt,False,offline,,,,,,,,,
1775848016.9897568,FF-FF-A1-00-00-01,LGS_NODE_17,webserver,False,offline,,,,,,,,,
1775848076.988492,827482CC-A977-43D7-835E-8E8B6978E66A,LGS_Sensor,adv,False,offline,,,,,,,,,-64
1775848076.988492,827482CC-A977-43D7-835E-8E8B6978E66A,LGS_Sensor,gatt,False,offline,,,,,,,,,-64
1775848076.988492,827482CC-A977-43D7-835E-8E8B6978E66A,LGS_Sensor,webserver,True,active,,,18.45162,40.0,18.43,52.88,1.007,0.79,-64
1775848076.988492,FABCEA8B-7EC8-2594-4879-2B3B63989660,ThermoBeacon2,adv,False,offline,,,,,,,,,
1775848076.988492,FABCEA8B-7EC8-2594-4879-2B3B63989660,ThermoBeacon2,gatt,False,offline,,,,,,,,,
1775848076.988492,FABCEA8B-7EC8-2594-4879-2B3B63989660,ThermoBeacon2,webserver,False,offline,,,,,,,,,
1775848076.988492,C898B4F2-B452-7502-1A67-0536E77D49EA,sps,adv,False,offline,,,,,,,,,
1775848076.988492,C898B4F2-B452-7502-1A67-0536E77D49EA,sps,gatt,False,offline,,,,,,,,,
1775848076.988492,C898B4F2-B452-7502-1A67-0536E77D49EA,sps,webserver,False,offline,,,,,,,,,
1775848076.988492,FF-FF-A1-00-00-01,LGS_NODE_17,adv,False,offline,,,,,,,,,
1775848076.988492,FF-FF-A1-00-00-01,LGS_NODE_17,gatt,False,offline,,,,,,,,,
1775848076.988492,FF-FF-A1-00-00-01,LGS_NODE_17,webserver,False,offline,,,,,,,,,
1775848137.049493,827482CC-A977-43D7-835E-8E8B6978E66A,LGS_Sensor,adv,False,offline,,,,,,,,,-69
1775848137.049493,827482CC-A977-43D7-835E-8E8B6978E66A,LGS_Sensor,gatt,False,offline,,,,,,,,,-69
1775848137.049493,827482CC-A977-43D7-835E-8E8B6978E66A,LGS_Sensor,webserver,True,active,,,18.46957,40.0,18.48,52.84,1.008,0.793,-69
1775848137.049493,FABCEA8B-7EC8-2594-4879-2B3B63989660,ThermoBeacon2,adv,False,offline,,,,,,,,,
1775848137.049493,FABCEA8B-7EC8-2594-4879-2B3B63989660,ThermoBeacon2,gatt,False,offline,,,,,,,,,
1775848137.049493,FABCEA8B-7EC8-2594-4879-2B3B63989660,ThermoBeacon2,webserver,False,offline,,,,,,,,,
1775848137.049493,C898B4F2-B452-7502-1A67-0536E77D49EA,sps,adv,False,offline,,,,,,,,,
1775848137.049493,C898B4F2-B452-7502-1A67-0536E77D49EA,sps,gatt,False,offline,,,,,,,,,
1775848137.049493,C898B4F2-B452-7502-1A67-0536E77D49EA,sps,webserver,False,offline,,,,,,,,,
1775848137.049493,FF-FF-A1-00-00-01,LGS_NODE_17,adv,False,offline,,,,,,,,,
1775848137.049493,FF-FF-A1-00-00-01,LGS_NODE_17,gatt,False,offline,,,,,,,,,
1775848137.049493,FF-FF-A1-00-00-01,LGS_NODE_17,webserver,False,offline,,,,,,,,,
1775848176.575896,827482CC-A977-43D7-835E-8E8B6978E66A,LGS_Sensor,adv,False,offline,,,,,,,,,-63
1775848176.575896,827482CC-A977-43D7-835E-8E8B6978E66A,LGS_Sensor,gatt,False,offline,,,,,,,,,-63
1775848176.575896,827482CC-A977-43D7-835E-8E8B6978E66A,LGS_Sensor,webserver,True,active,,,18.39627,40.0,18.41,52.92,1.003,0.788,-63
1775848176.575896,FABCEA8B-7EC8-2594-4879-2B3B63989660,ThermoBeacon2,adv,False,offline,,,,,,,,,
1775848176.575896,FABCEA8B-7EC8-2594-4879-2B3B63989660,ThermoBeacon2,gatt,False,offline,,,,,,,,,
1775848176.575896,FABCEA8B-7EC8-2594-4879-2B3B63989660,ThermoBeacon2,webserver,False,offline,,,,,,,,,
1775848176.575896,C898B4F2-B452-7502-1A67-0536E77D49EA,sps,adv,False,offline,,,,,,,,,
1775848176.575896,C898B4F2-B452-7502-1A67-0536E77D49EA,sps,gatt,False,offline,,,,,,,,,
1775848176.575896,C898B4F2-B452-7502-1A67-0536E77D49EA,sps,webserver,False,offline,,,,,,,,,
1775848176.575896,FF-FF-A1-00-00-01,LGS_NODE_17,adv,False,offline,,,,,,,,,
1775848176.575896,FF-FF-A1-00-00-01,LGS_NODE_17,gatt,False,offline,,,,,,,,,
1775848176.575896,FF-FF-A1-00-00-01,LGS_NODE_17,webserver,False,offline,,,,,,,,,
1775848236.6009789,827482CC-A977-43D7-835E-8E8B6978E66A,LGS_Sensor,adv,False,offline,,,,,,,,,-62
1775848236.6009789,827482CC-A977-43D7-835E-8E8B6978E66A,LGS_Sensor,gatt,False,offline,,,,,,,,,-62
1775848236.6009789,827482CC-A977-43D7-835E-8E8B6978E66A,LGS_Sensor,webserver,True,active,,,18.43215,40.0,18.46,52.94,1.006,0.79,-62
1775848236.6009789,FABCEA8B-7EC8-2594-4879-2B3B63989660,ThermoBeacon2,adv,False,offline,,,,,,,,,
1775848236.6009789,FABCEA8B-7EC8-2594-4879-2B3B63989660,ThermoBeacon2,gatt,False,offline,,,,,,,,,
1775848236.6009789,FABCEA8B-7EC8-2594-4879-2B3B63989660,ThermoBeacon2,webserver,False,offline,,,,,,,,,
1775848236.6009789,C898B4F2-B452-7502-1A67-0536E77D49EA,sps,adv,False,offline,,,,,,,,,
1775848236.6009789,C898B4F2-B452-7502-1A67-0536E77D49EA,sps,gatt,False,offline,,,,,,,,,
1775848236.6009789,C898B4F2-B452-7502-1A67-0536E77D49EA,sps,webserver,False,offline,,,,,,,,,
1775848236.6009789,FF-FF-A1-00-00-01,LGS_NODE_17,adv,False,offline,,,,,,,,,
1775848236.6009789,FF-FF-A1-00-00-01,LGS_NODE_17,gatt,False,offline,,,,,,,,,
1775848236.6009789,FF-FF-A1-00-00-01,LGS_NODE_17,webserver,False,offline,,,,,,,,,
1775848296.6424818,827482CC-A977-43D7-835E-8E8B6978E66A,LGS_Sensor,adv,False,offline,,,,,,,,,-63
1775848296.6424818,827482CC-A977-43D7-835E-8E8B6978E66A,LGS_Sensor,gatt,False,offline,,,,,,,,,-63
1775848296.6424818,827482CC-A977-43D7-835E-8E8B6978E66A,LGS_Sensor,webserver,True,active,,,18.4389,40.0,18.45,53.01,1.006,0.788,-63
1775848296.6424818,FABCEA8B-7EC8-2594-4879-2B3B63989660,ThermoBeacon2,adv,False,offline,,,,,,,,,
1775848296.6424818,FABCEA8B-7EC8-2594-4879-2B3B63989660,ThermoBeacon2,gatt,False,offline,,,,,,,,,
1775848296.6424818,FABCEA8B-7EC8-2594-4879-2B3B63989660,ThermoBeacon2,webserver,False,offline,,,,,,,,,
1775848296.6424818,C898B4F2-B452-7502-1A67-0536E77D49EA,sps,adv,False,offline,,,,,,,,,
1775848296.6424818,C898B4F2-B452-7502-1A67-0536E77D49EA,sps,gatt,False,offline,,,,,,,,,
1775848296.6424818,C898B4F2-B452-7502-1A67-0536E77D49EA,sps,webserver,False,offline,,,,,,,,,
1775848296.6424818,FF-FF-A1-00-00-01,LGS_NODE_17,adv,False,offline,,,,,,,,,
1775848296.6424818,FF-FF-A1-00-00-01,LGS_NODE_17,gatt,False,offline,,,,,,,,,
1775848296.6424818,FF-FF-A1-00-00-01,LGS_NODE_17,webserver,False,offline,,,,,,,,,
1775848356.690666,827482CC-A977-43D7-835E-8E8B6978E66A,LGS_Sensor,adv,False,offline,,,,,,,,,-63
1775848356.690666,827482CC-A977-43D7-835E-8E8B6978E66A,LGS_Sensor,gatt,False,offline,,,,,,,,,-63
1775848356.690666,827482CC-A977-43D7-835E-8E8B6978E66A,LGS_Sensor,webserver,True,active,,,18.44189,40.0,18.49,52.95,1.006,0.792,-63
1775848356.690666,FABCEA8B-7EC8-2594-4879-2B3B63989660,ThermoBeacon2,adv,False,offline,,,,,,,,,
1775848356.690666,FABCEA8B-7EC8-2594-4879-2B3B63989660,ThermoBeacon2,gatt,False,offline,,,,,,,,,
1775848356.690666,FABCEA8B-7EC8-2594-4879-2B3B63989660,ThermoBeacon2,webserver,False,offline,,,,,,,,,
1775848356.690666,C898B4F2-B452-7502-1A67-0536E77D49EA,sps,adv,False,offline,,,,,,,,,
1775848356.690666,C898B4F2-B452-7502-1A67-0536E77D49EA,sps,gatt,False,offline,,,,,,,,,
1775848356.690666,C898B4F2-B452-7502-1A67-0536E77D49EA,sps,webserver,False,offline,,,,,,,,,
1775848356.690666,FF-FF-A1-00-00-01,LGS_NODE_17,adv,False,offline,,,,,,,,,
1775848356.690666,FF-FF-A1-00-00-01,LGS_NODE_17,gatt,False,offline,,,,,,,,,
1775848356.690666,FF-FF-A1-00-00-01,LGS_NODE_17,webserver,False,offline,,,,,,,,,
1775848408.9255629,827482CC-A977-43D7-835E-8E8B6978E66A,LGS_Sensor,adv,False,offline,,,,,,,,,-64
1775848408.9255629,827482CC-A977-43D7-835E-8E8B6978E66A,LGS_Sensor,gatt,False,offline,,,,,,,,,-64
1775848408.9255629,827482CC-A977-43D7-835E-8E8B6978E66A,LGS_Sensor,webserver,True,active,,,18.38879,40.0,18.45,52.99,1.003,0.789,-64
1775848408.9255629,FABCEA8B-7EC8-2594-4879-2B3B63989660,ThermoBeacon2,adv,False,offline,,,,,,,,,
1775848408.9255629,FABCEA8B-7EC8-2594-4879-2B3B63989660,ThermoBeacon2,gatt,False,offline,,,,,,,,,
1775848408.9255629,FABCEA8B-7EC8-2594-4879-2B3B63989660,ThermoBeacon2,webserver,False,offline,,,,,,,,,
1775848408.9255629,C898B4F2-B452-7502-1A67-0536E77D49EA,sps,adv,False,offline,,,,,,,,,
1775848408.9255629,C898B4F2-B452-7502-1A67-0536E77D49EA,sps,gatt,False,offline,,,,,,,,,
1775848408.9255629,C898B4F2-B452-7502-1A67-0536E77D49EA,sps,webserver,False,offline,,,,,,,,,
1775848408.9255629,FF-FF-A1-00-00-01,LGS_NODE_17,adv,False,offline,,,,,,,,,
1775848408.9255629,FF-FF-A1-00-00-01,LGS_NODE_17,gatt,False,offline,,,,,,,,,
1775848408.9255629,FF-FF-A1-00-00-01,LGS_NODE_17,webserver,False,offline,,,,,,,,,
1775848468.951982,827482CC-A977-43D7-835E-8E8B6978E66A,LGS_Sensor,adv,False,offline,,,,,,,,,-67
1775848468.951982,827482CC-A977-43D7-835E-8E8B6978E66A,LGS_Sensor,gatt,False,offline,,,,,,,,,-67
1775848468.951982,827482CC-A977-43D7-835E-8E8B6978E66A,LGS_Sensor,webserver,True,active,,,18.41946,40.0,18.48,53.01,1.005,0.79,-67
1775848468.951982,FABCEA8B-7EC8-2594-4879-2B3B63989660,ThermoBeacon2,adv,False,offline,,,,,,,,,
1775848468.951982,FABCEA8B-7EC8-2594-4879-2B3B63989660,ThermoBeacon2,gatt,False,offline,,,,,,,,,
1775848468.951982,FABCEA8B-7EC8-2594-4879-2B3B63989660,ThermoBeacon2,webserver,False,offline,,,,,,,,,
1775848468.951982,C898B4F2-B452-7502-1A67-0536E77D49EA,sps,adv,False,offline,,,,,,,,,
1775848468.951982,C898B4F2-B452-7502-1A67-0536E77D49EA,sps,gatt,False,offline,,,,,,,,,
1775848468.951982,C898B4F2-B452-7502-1A67-0536E77D49EA,sps,webserver,False,offline,,,,,,,,,
1775848468.951982,FF-FF-A1-00-00-01,LGS_NODE_17,adv,False,offline,,,,,,,,,
1775848468.951982,FF-FF-A1-00-00-01,LGS_NODE_17,gatt,False,offline,,,,,,,,,
1775848468.951982,FF-FF-A1-00-00-01,LGS_NODE_17,webserver,False,offline,,,,,,,,,
1775848529.0149372,827482CC-A977-43D7-835E-8E8B6978E66A,LGS_Sensor,adv,False,offline,,,,,,,,,-71
1775848529.0149372,827482CC-A977-43D7-835E-8E8B6978E66A,LGS_Sensor,gatt,False,offline,,,,,,,,,-71
1775848529.0149372,827482CC-A977-43D7-835E-8E8B6978E66A,LGS_Sensor,webserver,True,active,,,18.4277,40.0,18.48,53.09,1.005,0.789,-71
1775848529.0149372,FABCEA8B-7EC8-2594-4879-2B3B63989660,ThermoBeacon2,adv,False,offline,,,,,,,,,
1775848529.0149372,FABCEA8B-7EC8-2594-4879-2B3B63989660,ThermoBeacon2,gatt,False,offline,,,,,,,,,
1775848529.0149372,FABCEA8B-7EC8-2594-4879-2B3B63989660,ThermoBeacon2,webserver,False,offline,,,,,,,,,
1775848529.0149372,C898B4F2-B452-7502-1A67-0536E77D49EA,sps,adv,False,offline,,,,,,,,,
1775848529.0149372,C898B4F2-B452-7502-1A67-0536E77D49EA,sps,gatt,False,offline,,,,,,,,,
1775848529.0149372,C898B4F2-B452-7502-1A67-0536E77D49EA,sps,webserver,False,offline,,,,,,,,,
1775848529.0149372,FF-FF-A1-00-00-01,LGS_NODE_17,adv,False,offline,,,,,,,,,
1775848529.0149372,FF-FF-A1-00-00-01,LGS_NODE_17,gatt,False,offline,,,,,,,,,
1775848529.0149372,FF-FF-A1-00-00-01,LGS_NODE_17,webserver,False,offline,,,,,,,,,
1775848589.107244,827482CC-A977-43D7-835E-8E8B6978E66A,LGS_Sensor,adv,False,offline,,,,,,,,,-73
1775848589.107244,827482CC-A977-43D7-835E-8E8B6978E66A,LGS_Sensor,gatt,False,offline,,,,,,,,,-73
1775848589.107244,827482CC-A977-43D7-835E-8E8B6978E66A,LGS_Sensor,webserver,True,active,,,18.39102,40.0,18.46,53.17,1.003,0.786,-73
1775848589.107244,FABCEA8B-7EC8-2594-4879-2B3B63989660,ThermoBeacon2,adv,False,offline,,,,,,,,,
1775848589.107244,FABCEA8B-7EC8-2594-4879-2B3B63989660,ThermoBeacon2,gatt,False,offline,,,,,,,,,
1775848589.107244,FABCEA8B-7EC8-2594-4879-2B3B63989660,ThermoBeacon2,webserver,False,offline,,,,,,,,,
1775848589.107244,C898B4F2-B452-7502-1A67-0536E77D49EA,sps,adv,False,offline,,,,,,,,,
1775848589.107244,C898B4F2-B452-7502-1A67-0536E77D49EA,sps,gatt,False,offline,,,,,,,,,
1775848589.107244,C898B4F2-B452-7502-1A67-0536E77D49EA,sps,webserver,False,offline,,,,,,,,,
1775848589.107244,FF-FF-A1-00-00-01,LGS_NODE_17,adv,False,offline,,,,,,,,,
1775848589.107244,FF-FF-A1-00-00-01,LGS_NODE_17,gatt,False,offline,,,,,,,,,
1775848589.107244,FF-FF-A1-00-00-01,LGS_NODE_17,webserver,False,offline,,,,,,,,,
1775848649.164734,827482CC-A977-43D7-835E-8E8B6978E66A,LGS_Sensor,adv,False,offline,,,,,,,,,-62
1775848649.164734,827482CC-A977-43D7-835E-8E8B6978E66A,LGS_Sensor,gatt,False,offline,,,,,,,,,-62
1775848649.164734,827482CC-A977-43D7-835E-8E8B6978E66A,LGS_Sensor,webserver,True,active,,,18.38354,40.0,18.46,53.15,1.002,0.787,-62
1775848649.164734,FABCEA8B-7EC8-2594-4879-2B3B63989660,ThermoBeacon2,adv,False,offline,,,,,,,,,
1775848649.164734,FABCEA8B-7EC8-2594-4879-2B3B63989660,ThermoBeacon2,gatt,False,offline,,,,,,,,,
1775848649.164734,FABCEA8B-7EC8-2594-4879-2B3B63989660,ThermoBeacon2,webserver,False,offline,,,,,,,,,
1775848649.164734,C898B4F2-B452-7502-1A67-0536E77D49EA,sps,adv,False,offline,,,,,,,,,
1775848649.164734,C898B4F2-B452-7502-1A67-0536E77D49EA,sps,gatt,False,offline,,,,,,,,,
1775848649.164734,C898B4F2-B452-7502-1A67-0536E77D49EA,sps,webserver,False,offline,,,,,,,,,
1775848649.164734,FF-FF-A1-00-00-01,LGS_NODE_17,adv,False,offline,,,,,,,,,
1775848649.164734,FF-FF-A1-00-00-01,LGS_NODE_17,gatt,False,offline,,,,,,,,,
1775848649.164734,FF-FF-A1-00-00-01,LGS_NODE_17,webserver,False,offline,,,,,,,,,
1775848709.247422,827482CC-A977-43D7-835E-8E8B6978E66A,LGS_Sensor,adv,False,offline,,,,,,,,,-70
1775848709.247422,827482CC-A977-43D7-835E-8E8B6978E66A,LGS_Sensor,gatt,False,offline,,,,,,,,,-70
1775848709.247422,827482CC-A977-43D7-835E-8E8B6978E66A,LGS_Sensor,webserver,True,active,,,18.44415,40.0,18.46,53.07,1.006,0.788,-70
1775848709.247422,FABCEA8B-7EC8-2594-4879-2B3B63989660,ThermoBeacon2,adv,False,offline,,,,,,,,,
1775848709.247422,FABCEA8B-7EC8-2594-4879-2B3B63989660,ThermoBeacon2,gatt,False,offline,,,,,,,,,
1775848709.247422,FABCEA8B-7EC8-2594-4879-2B3B63989660,ThermoBeacon2,webserver,False,offline,,,,,,,,,
1775848709.247422,C898B4F2-B452-7502-1A67-0536E77D49EA,sps,adv,False,offline,,,,,,,,,
1775848709.247422,C898B4F2-B452-7502-1A67-0536E77D49EA,sps,gatt,False,offline,,,,,,,,,
1775848709.247422,C898B4F2-B452-7502-1A67-0536E77D49EA,sps,webserver,False,offline,,,,,,,,,
1775848709.247422,FF-FF-A1-00-00-01,LGS_NODE_17,adv,False,offline,,,,,,,,,
1775848709.247422,FF-FF-A1-00-00-01,LGS_NODE_17,gatt,False,offline,,,,,,,,,
1775848709.247422,FF-FF-A1-00-00-01,LGS_NODE_17,webserver,False,offline,,,,,,,,,
1775848769.315423,827482CC-A977-43D7-835E-8E8B6978E66A,LGS_Sensor,adv,False,offline,,,,,,,,,-65
1775848769.315423,827482CC-A977-43D7-835E-8E8B6978E66A,LGS_Sensor,gatt,False,offline,,,,,,,,,-65
1775848769.315423,827482CC-A977-43D7-835E-8E8B6978E66A,LGS_Sensor,webserver,True,active,,,18.43517,40.0,20.25,55.74,1.006,0.833,-65
1775848769.315423,FABCEA8B-7EC8-2594-4879-2B3B63989660,ThermoBeacon2,adv,False,offline,,,,,,,,,
1775848769.315423,FABCEA8B-7EC8-2594-4879-2B3B63989660,ThermoBeacon2,gatt,False,offline,,,,,,,,,
1775848769.315423,FABCEA8B-7EC8-2594-4879-2B3B63989660,ThermoBeacon2,webserver,False,offline,,,,,,,,,
1775848769.315423,C898B4F2-B452-7502-1A67-0536E77D49EA,sps,adv,False,offline,,,,,,,,,
1775848769.315423,C898B4F2-B452-7502-1A67-0536E77D49EA,sps,gatt,False,offline,,,,,,,,,
1775848769.315423,C898B4F2-B452-7502-1A67-0536E77D49EA,sps,webserver,False,offline,,,,,,,,,
1775848769.315423,FF-FF-A1-00-00-01,LGS_NODE_17,adv,False,offline,,,,,,,,,
1775848769.315423,FF-FF-A1-00-00-01,LGS_NODE_17,gatt,False,offline,,,,,,,,,
1775848769.315423,FF-FF-A1-00-00-01,LGS_NODE_17,webserver,False,offline,,,,,,,,,
1775848829.356061,827482CC-A977-43D7-835E-8E8B6978E66A,LGS_Sensor,adv,False,offline,,,,,,,,,-69
1775848829.356061,827482CC-A977-43D7-835E-8E8B6978E66A,LGS_Sensor,gatt,False,offline,,,,,,,,,-69
1775848829.356061,827482CC-A977-43D7-835E-8E8B6978E66A,LGS_Sensor,webserver,True,active,,,18.47106,40.0,22.05,51.03,1.008,1.033,-69
1775848829.356061,FABCEA8B-7EC8-2594-4879-2B3B63989660,ThermoBeacon2,adv,False,offline,,,,,,,,,
1775848829.356061,FABCEA8B-7EC8-2594-4879-2B3B63989660,ThermoBeacon2,gatt,False,offline,,,,,,,,,
1775848829.356061,FABCEA8B-7EC8-2594-4879-2B3B63989660,ThermoBeacon2,webserver,False,offline,,,,,,,,,
1775848829.356061,C898B4F2-B452-7502-1A67-0536E77D49EA,sps,adv,False,offline,,,,,,,,,
1775848829.356061,C898B4F2-B452-7502-1A67-0536E77D49EA,sps,gatt,False,offline,,,,,,,,,
1775848829.356061,C898B4F2-B452-7502-1A67-0536E77D49EA,sps,webserver,False,offline,,,,,,,,,
1775848829.356061,FF-FF-A1-00-00-01,LGS_NODE_17,adv,False,offline,,,,,,,,,
1775848829.356061,FF-FF-A1-00-00-01,LGS_NODE_17,gatt,False,offline,,,,,,,,,
1775848829.356061,FF-FF-A1-00-00-01,LGS_NODE_17,webserver,False,offline,,,,,,,,,
1775848889.377619,827482CC-A977-43D7-835E-8E8B6978E66A,LGS_Sensor,adv,False,offline,,,,,,,,,-66
1775848889.377619,827482CC-A977-43D7-835E-8E8B6978E66A,LGS_Sensor,gatt,False,offline,,,,,,,,,-66
1775848889.377619,827482CC-A977-43D7-835E-8E8B6978E66A,LGS_Sensor,webserver,True,active,,,18.43215,40.0,23.15,47.48,1.006,1.187,-66
1775848889.377619,FABCEA8B-7EC8-2594-4879-2B3B63989660,ThermoBeacon2,adv,False,offline,,,,,,,,,
1775848889.377619,FABCEA8B-7EC8-2594-4879-2B3B63989660,ThermoBeacon2,gatt,False,offline,,,,,,,,,
1775848889.377619,FABCEA8B-7EC8-2594-4879-2B3B63989660,ThermoBeacon2,webserver,False,offline,,,,,,,,,
1775848889.377619,C898B4F2-B452-7502-1A67-0536E77D49EA,sps,adv,False,offline,,,,,,,,,
1775848889.377619,C898B4F2-B452-7502-1A67-0536E77D49EA,sps,gatt,False,offline,,,,,,,,,
1775848889.377619,C898B4F2-B452-7502-1A67-0536E77D49EA,sps,webserver,False,offline,,,,,,,,,
1775848889.377619,FF-FF-A1-00-00-01,LGS_NODE_17,adv,False,offline,,,,,,,,,
1775848889.377619,FF-FF-A1-00-00-01,LGS_NODE_17,gatt,False,offline,,,,,,,,,
1775848889.377619,FF-FF-A1-00-00-01,LGS_NODE_17,webserver,False,offline,,,,,,,,,
1775848949.4323142,827482CC-A977-43D7-835E-8E8B6978E66A,LGS_Sensor,adv,False,offline,,,,,,,,,-66
1775848949.4323142,827482CC-A977-43D7-835E-8E8B6978E66A,LGS_Sensor,gatt,False,offline,,,,,,,,,-66
1775848949.4323142,827482CC-A977-43D7-835E-8E8B6978E66A,LGS_Sensor,webserver,True,active,,,18.43292,40.0,24.14,45.78,1.006,1.303,-66
1775848949.4323142,FABCEA8B-7EC8-2594-4879-2B3B63989660,ThermoBeacon2,adv,False,offline,,,,,,,,,
1775848949.4323142,FABCEA8B-7EC8-2594-4879-2B3B63989660,ThermoBeacon2,gatt,False,offline,,,,,,,,,
1775848949.4323142,FABCEA8B-7EC8-2594-4879-2B3B63989660,ThermoBeacon2,webserver,False,offline,,,,,,,,,
1775848949.4323142,C898B4F2-B452-7502-1A67-0536E77D49EA,sps,adv,False,offline,,,,,,,,,
1775848949.4323142,C898B4F2-B452-7502-1A67-0536E77D49EA,sps,gatt,False,offline,,,,,,,,,
1775848949.4323142,C898B4F2-B452-7502-1A67-0536E77D49EA,sps,webserver,False,offline,,,,,,,,,
1775848949.4323142,FF-FF-A1-00-00-01,LGS_NODE_17,adv,False,offline,,,,,,,,,
1775848949.4323142,FF-FF-A1-00-00-01,LGS_NODE_17,gatt,False,offline,,,,,,,,,
1775848949.4323142,FF-FF-A1-00-00-01,LGS_NODE_17,webserver,False,offline,,,,,,,,,
1775849009.4960032,827482CC-A977-43D7-835E-8E8B6978E66A,LGS_Sensor,adv,False,offline,,,,,,,,,-59
1775849009.4960032,827482CC-A977-43D7-835E-8E8B6978E66A,LGS_Sensor,gatt,False,offline,,,,,,,,,-59
1775849009.4960032,827482CC-A977-43D7-835E-8E8B6978E66A,LGS_Sensor,webserver,True,active,,,18.49499,40.0,25.72,43.17,1.01,1.504,-59
1775849009.4960032,FABCEA8B-7EC8-2594-4879-2B3B63989660,ThermoBeacon2,adv,False,offline,,,,,,,,,
1775849009.4960032,FABCEA8B-7EC8-2594-4879-2B3B63989660,ThermoBeacon2,gatt,False,offline,,,,,,,,,
1775849009.4960032,FABCEA8B-7EC8-2594-4879-2B3B63989660,ThermoBeacon2,webserver,False,offline,,,,,,,,,
1775849009.4960032,C898B4F2-B452-7502-1A67-0536E77D49EA,sps,adv,False,offline,,,,,,,,,
1775849009.4960032,C898B4F2-B452-7502-1A67-0536E77D49EA,sps,gatt,False,offline,,,,,,,,,
1775849009.4960032,C898B4F2-B452-7502-1A67-0536E77D49EA,sps,webserver,False,offline,,,,,,,,,
1775849009.4960032,FF-FF-A1-00-00-01,LGS_NODE_17,adv,False,offline,,,,,,,,,
1775849009.4960032,FF-FF-A1-00-00-01,LGS_NODE_17,gatt,False,offline,,,,,,,,,
1775849009.4960032,FF-FF-A1-00-00-01,LGS_NODE_17,webserver,False,offline,,,,,,,,,
1775849069.579208,827482CC-A977-43D7-835E-8E8B6978E66A,LGS_Sensor,adv,False,offline,,,,,,,,,-64
1775849069.579208,827482CC-A977-43D7-835E-8E8B6978E66A,LGS_Sensor,gatt,False,offline,,,,,,,,,-64
1775849069.579208,827482CC-A977-43D7-835E-8E8B6978E66A,LGS_Sensor,webserver,True,active,,,18.42694,40.0,27.65,42.01,1.005,1.725,-64
1775849069.579208,FABCEA8B-7EC8-2594-4879-2B3B63989660,ThermoBeacon2,adv,False,offline,,,,,,,,,
1775849069.579208,FABCEA8B-7EC8-2594-4879-2B3B63989660,ThermoBeacon2,gatt,False,offline,,,,,,,,,
1775849069.579208,FABCEA8B-7EC8-2594-4879-2B3B63989660,ThermoBeacon2,webserver,False,offline,,,,,,,,,
1775849069.579208,C898B4F2-B452-7502-1A67-0536E77D49EA,sps,adv,False,offline,,,,,,,,,
1775849069.579208,C898B4F2-B452-7502-1A67-0536E77D49EA,sps,gatt,False,offline,,,,,,,,,
1775849069.579208,C898B4F2-B452-7502-1A67-0536E77D49EA,sps,webserver,False,offline,,,,,,,,,
1775849069.579208,FF-FF-A1-00-00-01,LGS_NODE_17,adv,False,offline,,,,,,,,,
1775849069.579208,FF-FF-A1-00-00-01,LGS_NODE_17,gatt,False,offline,,,,,,,,,
1775849069.579208,FF-FF-A1-00-00-01,LGS_NODE_17,webserver,False,offline,,,,,,,,,
1775849129.606014,827482CC-A977-43D7-835E-8E8B6978E66A,LGS_Sensor,adv,False,offline,,,,,,,,,-86
1775849129.606014,827482CC-A977-43D7-835E-8E8B6978E66A,LGS_Sensor,gatt,False,offline,,,,,,,,,-86
1775849129.606014,827482CC-A977-43D7-835E-8E8B6978E66A,LGS_Sensor,webserver,True,active,,,18.42617,40.0,30.36,38.46,1.005,2.15,-86
1775849129.606014,FABCEA8B-7EC8-2594-4879-2B3B63989660,ThermoBeacon2,adv,False,offline,,,,,,,,,
1775849129.606014,FABCEA8B-7EC8-2594-4879-2B3B63989660,ThermoBeacon2,gatt,False,offline,,,,,,,,,
1775849129.606014,FABCEA8B-7EC8-2594-4879-2B3B63989660,ThermoBeacon2,webserver,False,offline,,,,,,,,,
1775849129.606014,C898B4F2-B452-7502-1A67-0536E77D49EA,sps,adv,False,offline,,,,,,,,,
1775849129.606014,C898B4F2-B452-7502-1A67-0536E77D49EA,sps,gatt,False,offline,,,,,,,,,
1775849129.606014,C898B4F2-B452-7502-1A67-0536E77D49EA,sps,webserver,False,offline,,,,,,,,,
1775849129.606014,FF-FF-A1-00-00-01,LGS_NODE_17,adv,False,offline,,,,,,,,,
1775849129.606014,FF-FF-A1-00-00-01,LGS_NODE_17,gatt,False,offline,,,,,,,,,
1775849129.606014,FF-FF-A1-00-00-01,LGS_NODE_17,webserver,False,offline,,,,,,,,,
1775849189.643157,827482CC-A977-43D7-835E-8E8B6978E66A,LGS_Sensor,adv,False,offline,,,,,,,,,-67
1775849189.643157,827482CC-A977-43D7-835E-8E8B6978E66A,LGS_Sensor,gatt,False,offline,,,,,,,,,-67
1775849189.643157,827482CC-A977-43D7-835E-8E8B6978E66A,LGS_Sensor,webserver,True,active,,,18.35885,40.0,31.76,36.28,1.001,2.417,-67
1775849189.643157,FABCEA8B-7EC8-2594-4879-2B3B63989660,ThermoBeacon2,adv,False,offline,,,,,,,,,
1775849189.643157,FABCEA8B-7EC8-2594-4879-2B3B63989660,ThermoBeacon2,gatt,False,offline,,,,,,,,,
1775849189.643157,FABCEA8B-7EC8-2594-4879-2B3B63989660,ThermoBeacon2,webserver,False,offline,,,,,,,,,
1775849189.643157,C898B4F2-B452-7502-1A67-0536E77D49EA,sps,adv,False,offline,,,,,,,,,
1775849189.643157,C898B4F2-B452-7502-1A67-0536E77D49EA,sps,gatt,False,offline,,,,,,,,,
1775849189.643157,C898B4F2-B452-7502-1A67-0536E77D49EA,sps,webserver,False,offline,,,,,,,,,
1775849189.643157,FF-FF-A1-00-00-01,LGS_NODE_17,adv,False,offline,,,,,,,,,
1775849189.643157,FF-FF-A1-00-00-01,LGS_NODE_17,gatt,False,offline,,,,,,,,,
1775849189.643157,FF-FF-A1-00-00-01,LGS_NODE_17,webserver,False,offline,,,,,,,,,
1775849249.716248,827482CC-A977-43D7-835E-8E8B6978E66A,LGS_Sensor,adv,False,offline,,,,,,,,,-64
1775849249.716248,827482CC-A977-43D7-835E-8E8B6978E66A,LGS_Sensor,gatt,False,offline,,,,,,,,,-64
1775849249.716248,827482CC-A977-43D7-835E-8E8B6978E66A,LGS_Sensor,webserver,True,active,,,18.46282,40.0,32.54,35.07,1.008,2.577,-64
1775849249.716248,FABCEA8B-7EC8-2594-4879-2B3B63989660,ThermoBeacon2,adv,False,offline,,,,,,,,,
1775849249.716248,FABCEA8B-7EC8-2594-4879-2B3B63989660,ThermoBeacon2,gatt,False,offline,,,,,,,,,
1775849249.716248,FABCEA8B-7EC8-2594-4879-2B3B63989660,ThermoBeacon2,webserver,False,offline,,,,,,,,,
1775849249.716248,C898B4F2-B452-7502-1A67-0536E77D49EA,sps,adv,False,offline,,,,,,,,,
1775849249.716248,C898B4F2-B452-7502-1A67-0536E77D49EA,sps,gatt,False,offline,,,,,,,,,
1775849249.716248,C898B4F2-B452-7502-1A67-0536E77D49EA,sps,webserver,False,offline,,,,,,,,,
1775849249.716248,FF-FF-A1-00-00-01,LGS_NODE_17,adv,False,offline,,,,,,,,,
1775849249.716248,FF-FF-A1-00-00-01,LGS_NODE_17,gatt,False,offline,,,,,,,,,
1775849249.716248,FF-FF-A1-00-00-01,LGS_NODE_17,webserver,False,offline,,,,,,,,,
1775849309.7570932,827482CC-A977-43D7-835E-8E8B6978E66A,LGS_Sensor,adv,False,offline,,,,,,,,,-64
1775849309.7570932,827482CC-A977-43D7-835E-8E8B6978E66A,LGS_Sensor,gatt,False,offline,,,,,,,,,-64
1775849309.7570932,827482CC-A977-43D7-835E-8E8B6978E66A,LGS_Sensor,webserver,True,active,,,18.52563,40.0,33.02,33.9,1.012,2.697,-64
1775849309.7570932,FABCEA8B-7EC8-2594-4879-2B3B63989660,ThermoBeacon2,adv,False,offline,,,,,,,,,
1775849309.7570932,FABCEA8B-7EC8-2594-4879-2B3B63989660,ThermoBeacon2,gatt,False,offline,,,,,,,,,
1775849309.7570932,FABCEA8B-7EC8-2594-4879-2B3B63989660,ThermoBeacon2,webserver,False,offline,,,,,,,,,
1775849309.7570932,C898B4F2-B452-7502-1A67-0536E77D49EA,sps,adv,False,offline,,,,,,,,,
1775849309.7570932,C898B4F2-B452-7502-1A67-0536E77D49EA,sps,gatt,False,offline,,,,,,,,,
1775849309.7570932,C898B4F2-B452-7502-1A67-0536E77D49EA,sps,webserver,False,offline,,,,,,,,,
1775849309.7570932,FF-FF-A1-00-00-01,LGS_NODE_17,adv,False,offline,,,,,,,,,
1775849309.7570932,FF-FF-A1-00-00-01,LGS_NODE_17,gatt,False,offline,,,,,,,,,
1775849309.7570932,FF-FF-A1-00-00-01,LGS_NODE_17,webserver,False,offline,,,,,,,,,
1775849369.80823,827482CC-A977-43D7-835E-8E8B6978E66A,LGS_Sensor,adv,False,offline,,,,,,,,,-65
1775849369.80823,827482CC-A977-43D7-835E-8E8B6978E66A,LGS_Sensor,gatt,False,offline,,,,,,,,,-65
1775849369.80823,827482CC-A977-43D7-835E-8E8B6978E66A,LGS_Sensor,webserver,True,active,,,18.52041,40.0,33.26,33.17,1.011,2.764,-65
1775849369.80823,FABCEA8B-7EC8-2594-4879-2B3B63989660,ThermoBeacon2,adv,False,offline,,,,,,,,,
1775849369.80823,FABCEA8B-7EC8-2594-4879-2B3B63989660,ThermoBeacon2,gatt,False,offline,,,,,,,,,
1775849369.80823,FABCEA8B-7EC8-2594-4879-2B3B63989660,ThermoBeacon2,webserver,False,offline,,,,,,,,,
1775849369.80823,C898B4F2-B452-7502-1A67-0536E77D49EA,sps,adv,False,offline,,,,,,,,,
1775849369.80823,C898B4F2-B452-7502-1A67-0536E77D49EA,sps,gatt,False,offline,,,,,,,,,
1775849369.80823,C898B4F2-B452-7502-1A67-0536E77D49EA,sps,webserver,False,offline,,,,,,,,,
1775849369.80823,FF-FF-A1-00-00-01,LGS_NODE_17,adv,False,offline,,,,,,,,,
1775849369.80823,FF-FF-A1-00-00-01,LGS_NODE_17,gatt,False,offline,,,,,,,,,
1775849369.80823,FF-FF-A1-00-00-01,LGS_NODE_17,webserver,False,offline,,,,,,,,,
1775849429.885841,827482CC-A977-43D7-835E-8E8B6978E66A,LGS_Sensor,adv,False,offline,,,,,,,,,-62
1775849429.885841,827482CC-A977-43D7-835E-8E8B6978E66A,LGS_Sensor,gatt,False,offline,,,,,,,,,-62
1775849429.885841,827482CC-A977-43D7-835E-8E8B6978E66A,LGS_Sensor,webserver,True,active,,,18.39849,40.0,33.13,30.14,1.003,2.868,-62
1775849429.885841,FABCEA8B-7EC8-2594-4879-2B3B63989660,ThermoBeacon2,adv,False,offline,,,,,,,,,
1775849429.885841,FABCEA8B-7EC8-2594-4879-2B3B63989660,ThermoBeacon2,gatt,False,offline,,,,,,,,,
1775849429.885841,FABCEA8B-7EC8-2594-4879-2B3B63989660,ThermoBeacon2,webserver,False,offline,,,,,,,,,
1775849429.885841,C898B4F2-B452-7502-1A67-0536E77D49EA,sps,adv,False,offline,,,,,,,,,
1775849429.885841,C898B4F2-B452-7502-1A67-0536E77D49EA,sps,gatt,False,offline,,,,,,,,,
1775849429.885841,C898B4F2-B452-7502-1A67-0536E77D49EA,sps,webserver,False,offline,,,,,,,,,
1775849429.885841,FF-FF-A1-00-00-01,LGS_NODE_17,adv,False,offline,,,,,,,,,
1775849429.885841,FF-FF-A1-00-00-01,LGS_NODE_17,gatt,False,offline,,,,,,,,,
1775849429.885841,FF-FF-A1-00-00-01,LGS_NODE_17,webserver,False,offline,,,,,,,,,
1775849489.903441,827482CC-A977-43D7-835E-8E8B6978E66A,LGS_Sensor,adv,False,offline,,,,,,,,,-63
1775849489.903441,827482CC-A977-43D7-835E-8E8B6978E66A,LGS_Sensor,gatt,False,offline,,,,,,,,,-63
1775849489.903441,827482CC-A977-43D7-835E-8E8B6978E66A,LGS_Sensor,webserver,True,active,,,18.46508,40.0,31.37,29.91,1.008,2.599,-63
1775849489.903441,FABCEA8B-7EC8-2594-4879-2B3B63989660,ThermoBeacon2,adv,False,offline,,,,,,,,,
1775849489.903441,FABCEA8B-7EC8-2594-4879-2B3B63989660,ThermoBeacon2,gatt,False,offline,,,,,,,,,
1775849489.903441,FABCEA8B-7EC8-2594-4879-2B3B63989660,ThermoBeacon2,webserver,False,offline,,,,,,,,,
1775849489.903441,C898B4F2-B452-7502-1A67-0536E77D49EA,sps,adv,False,offline,,,,,,,,,
1775849489.903441,C898B4F2-B452-7502-1A67-0536E77D49EA,sps,gatt,False,offline,,,,,,,,,
1775849489.903441,C898B4F2-B452-7502-1A67-0536E77D49EA,sps,webserver,False,offline,,,,,,,,,
1775849489.903441,FF-FF-A1-00-00-01,LGS_NODE_17,adv,False,offline,,,,,,,,,
1775849489.903441,FF-FF-A1-00-00-01,LGS_NODE_17,gatt,False,offline,,,,,,,,,
1775849489.903441,FF-FF-A1-00-00-01,LGS_NODE_17,webserver,False,offline,,,,,,,,,
1775849549.964499,827482CC-A977-43D7-835E-8E8B6978E66A,LGS_Sensor,adv,False,offline,,,,,,,,,-63
1775849549.964499,827482CC-A977-43D7-835E-8E8B6978E66A,LGS_Sensor,gatt,False,offline,,,,,,,,,-63
1775849549.964499,827482CC-A977-43D7-835E-8E8B6978E66A,LGS_Sensor,webserver,True,active,,,18.43591,40.0,29.83,31.29,1.006,2.327,-63
1775849549.964499,FABCEA8B-7EC8-2594-4879-2B3B63989660,ThermoBeacon2,adv,False,offline,,,,,,,,,
1775849549.964499,FABCEA8B-7EC8-2594-4879-2B3B63989660,ThermoBeacon2,gatt,False,offline,,,,,,,,,
1775849549.964499,FABCEA8B-7EC8-2594-4879-2B3B63989660,ThermoBeacon2,webserver,False,offline,,,,,,,,,
1775849549.964499,C898B4F2-B452-7502-1A67-0536E77D49EA,sps,adv,False,offline,,,,,,,,,
1775849549.964499,C898B4F2-B452-7502-1A67-0536E77D49EA,sps,gatt,False,offline,,,,,,,,,
1775849549.964499,C898B4F2-B452-7502-1A67-0536E77D49EA,sps,webserver,False,offline,,,,,,,,,
1775849549.964499,FF-FF-A1-00-00-01,LGS_NODE_17,adv,False,offline,,,,,,,,,
1775849549.964499,FF-FF-A1-00-00-01,LGS_NODE_17,gatt,False,offline,,,,,,,,,
1775849549.964499,FF-FF-A1-00-00-01,LGS_NODE_17,webserver,False,offline,,,,,,,,,
1775849609.974551,827482CC-A977-43D7-835E-8E8B6978E66A,LGS_Sensor,adv,False,offline,,,,,,,,,-63
1775849609.974551,827482CC-A977-43D7-835E-8E8B6978E66A,LGS_Sensor,gatt,False,offline,,,,,,,,,-63
1775849609.974551,827482CC-A977-43D7-835E-8E8B6978E66A,LGS_Sensor,webserver,True,active,,,18.40673,40.0,28.36,33.09,1.004,2.077,-63
1775849609.974551,FABCEA8B-7EC8-2594-4879-2B3B63989660,ThermoBeacon2,adv,False,offline,,,,,,,,,
1775849609.974551,FABCEA8B-7EC8-2594-4879-2B3B63989660,ThermoBeacon2,gatt,False,offline,,,,,,,,,
1775849609.974551,FABCEA8B-7EC8-2594-4879-2B3B63989660,ThermoBeacon2,webserver,False,offline,,,,,,,,,
1775849609.974551,C898B4F2-B452-7502-1A67-0536E77D49EA,sps,adv,False,offline,,,,,,,,,
1775849609.974551,C898B4F2-B452-7502-1A67-0536E77D49EA,sps,gatt,False,offline,,,,,,,,,
1775849609.974551,C898B4F2-B452-7502-1A67-0536E77D49EA,sps,webserver,False,offline,,,,,,,,,
1775849609.974551,FF-FF-A1-00-00-01,LGS_NODE_17,adv,False,offline,,,,,,,,,
1775849609.974551,FF-FF-A1-00-00-01,LGS_NODE_17,gatt,False,offline,,,,,,,,,
1775849609.974551,FF-FF-A1-00-00-01,LGS_NODE_17,webserver,False,offline,,,,,,,,,
1775849669.9809291,827482CC-A977-43D7-835E-8E8B6978E66A,LGS_Sensor,adv,False,offline,,,,,,,,,-64
1775849669.9809291,827482CC-A977-43D7-835E-8E8B6978E66A,LGS_Sensor,gatt,False,offline,,,,,,,,,-64
1775849669.9809291,827482CC-A977-43D7-835E-8E8B6978E66A,LGS_Sensor,webserver,True,active,,,18.47106,40.0,26.51,35.81,1.008,1.783,-64
1775849669.9809291,FABCEA8B-7EC8-2594-4879-2B3B63989660,ThermoBeacon2,adv,False,offline,,,,,,,,,
1775849669.9809291,FABCEA8B-7EC8-2594-4879-2B3B63989660,ThermoBeacon2,gatt,False,offline,,,,,,,,,
1775849669.9809291,FABCEA8B-7EC8-2594-4879-2B3B63989660,ThermoBeacon2,webserver,False,offline,,,,,,,,,
1775849669.9809291,C898B4F2-B452-7502-1A67-0536E77D49EA,sps,adv,False,offline,,,,,,,,,
1775849669.9809291,C898B4F2-B452-7502-1A67-0536E77D49EA,sps,gatt,False,offline,,,,,,,,,
1775849669.9809291,C898B4F2-B452-7502-1A67-0536E77D49EA,sps,webserver,False,offline,,,,,,,,,
1775849669.9809291,FF-FF-A1-00-00-01,LGS_NODE_17,adv,False,offline,,,,,,,,,
1775849669.9809291,FF-FF-A1-00-00-01,LGS_NODE_17,gatt,False,offline,,,,,,,,,
1775849669.9809291,FF-FF-A1-00-00-01,LGS_NODE_17,webserver,False,offline,,,,,,,,,
1775849730.022732,827482CC-A977-43D7-835E-8E8B6978E66A,LGS_Sensor,adv,False,offline,,,,,,,,,-64
1775849730.022732,827482CC-A977-43D7-835E-8E8B6978E66A,LGS_Sensor,gatt,False,offline,,,,,,,,,-64
1775849730.022732,827482CC-A977-43D7-835E-8E8B6978E66A,LGS_Sensor,webserver,True,active,,,18.5346,40.0,24.43,39.14,1.012,1.489,-64
1775849730.022732,FABCEA8B-7EC8-2594-4879-2B3B63989660,ThermoBeacon2,adv,False,offline,,,,,,,,,
1775849730.022732,FABCEA8B-7EC8-2594-4879-2B3B63989660,ThermoBeacon2,gatt,False,offline,,,,,,,,,
1775849730.022732,FABCEA8B-7EC8-2594-4879-2B3B63989660,ThermoBeacon2,webserver,False,offline,,,,,,,,,
1775849730.022732,C898B4F2-B452-7502-1A67-0536E77D49EA,sps,adv,False,offline,,,,,,,,,
1775849730.022732,C898B4F2-B452-7502-1A67-0536E77D49EA,sps,gatt,False,offline,,,,,,,,,
1775849730.022732,C898B4F2-B452-7502-1A67-0536E77D49EA,sps,webserver,False,offline,,,,,,,,,
1775849730.022732,FF-FF-A1-00-00-01,LGS_NODE_17,adv,False,offline,,,,,,,,,
1775849730.022732,FF-FF-A1-00-00-01,LGS_NODE_17,gatt,False,offline,,,,,,,,,
1775849730.022732,FF-FF-A1-00-00-01,LGS_NODE_17,webserver,False,offline,,,,,,,,,
1775849790.1192472,827482CC-A977-43D7-835E-8E8B6978E66A,LGS_Sensor,adv,False,offline,,,,,,,,,-66
1775849790.1192472,827482CC-A977-43D7-835E-8E8B6978E66A,LGS_Sensor,gatt,False,offline,,,,,,,,,-66
1775849790.1192472,827482CC-A977-43D7-835E-8E8B6978E66A,LGS_Sensor,webserver,True,active,,,18.37905,40.0,22.83,42.35,1.002,1.277,-66
1775849790.1192472,FABCEA8B-7EC8-2594-4879-2B3B63989660,ThermoBeacon2,adv,False,offline,,,,,,,,,
1775849790.1192472,FABCEA8B-7EC8-2594-4879-2B3B63989660,ThermoBeacon2,gatt,False,offline,,,,,,,,,
1775849790.1192472,FABCEA8B-7EC8-2594-4879-2B3B63989660,ThermoBeacon2,webserver,False,offline,,,,,,,,,
1775849790.1192472,C898B4F2-B452-7502-1A67-0536E77D49EA,sps,adv,False,offline,,,,,,,,,
1775849790.1192472,C898B4F2-B452-7502-1A67-0536E77D49EA,sps,gatt,False,offline,,,,,,,,,
1775849790.1192472,C898B4F2-B452-7502-1A67-0536E77D49EA,sps,webserver,False,offline,,,,,,,,,
1775849790.1192472,FF-FF-A1-00-00-01,LGS_NODE_17,adv,False,offline,,,,,,,,,
1775849790.1192472,FF-FF-A1-00-00-01,LGS_NODE_17,gatt,False,offline,,,,,,,,,
1775849790.1192472,FF-FF-A1-00-00-01,LGS_NODE_17,webserver,False,offline,,,,,,,,,
1775849850.134659,827482CC-A977-43D7-835E-8E8B6978E66A,LGS_Sensor,adv,False,offline,,,,,,,,,-67
1775849850.134659,827482CC-A977-43D7-835E-8E8B6978E66A,LGS_Sensor,gatt,False,offline,,,,,,,,,-67
1775849850.134659,827482CC-A977-43D7-835E-8E8B6978E66A,LGS_Sensor,webserver,True,active,,,18.35958,40.0,21.68,44.43,1.001,1.145,-67
1775849850.134659,FABCEA8B-7EC8-2594-4879-2B3B63989660,ThermoBeacon2,adv,False,offline,,,,,,,,,
1775849850.134659,FABCEA8B-7EC8-2594-4879-2B3B63989660,ThermoBeacon2,gatt,False,offline,,,,,,,,,
1775849850.134659,FABCEA8B-7EC8-2594-4879-2B3B63989660,ThermoBeacon2,webserver,False,offline,,,,,,,,,
1775849850.134659,C898B4F2-B452-7502-1A67-0536E77D49EA,sps,adv,False,offline,,,,,,,,,
1775849850.134659,C898B4F2-B452-7502-1A67-0536E77D49EA,sps,gatt,False,offline,,,,,,,,,
1775849850.134659,C898B4F2-B452-7502-1A67-0536E77D49EA,sps,webserver,False,offline,,,,,,,,,
1775849850.134659,FF-FF-A1-00-00-01,LGS_NODE_17,adv,False,offline,,,,,,,,,
1775849850.134659,FF-FF-A1-00-00-01,LGS_NODE_17,gatt,False,offline,,,,,,,,,
1775849850.134659,FF-FF-A1-00-00-01,LGS_NODE_17,webserver,False,offline,,,,,,,,,
1775849910.219402,827482CC-A977-43D7-835E-8E8B6978E66A,LGS_Sensor,adv,False,offline,,,,,,,,,-65
1775849910.219402,827482CC-A977-43D7-835E-8E8B6978E66A,LGS_Sensor,gatt,False,offline,,,,,,,,,-65
1775849910.219402,827482CC-A977-43D7-835E-8E8B6978E66A,LGS_Sensor,webserver,True,active,,,18.40597,40.0,20.9,46.17,1.004,1.056,-65
1775849910.219402,FABCEA8B-7EC8-2594-4879-2B3B63989660,ThermoBeacon2,adv,False,offline,,,,,,,,,
1775849910.219402,FABCEA8B-7EC8-2594-4879-2B3B63989660,ThermoBeacon2,gatt,False,offline,,,,,,,,,
1775849910.219402,FABCEA8B-7EC8-2594-4879-2B3B63989660,ThermoBeacon2,webserver,False,offline,,,,,,,,,
1775849910.219402,C898B4F2-B452-7502-1A67-0536E77D49EA,sps,adv,False,offline,,,,,,,,,
1775849910.219402,C898B4F2-B452-7502-1A67-0536E77D49EA,sps,gatt,False,offline,,,,,,,,,
1775849910.219402,C898B4F2-B452-7502-1A67-0536E77D49EA,sps,webserver,False,offline,,,,,,,,,
1775849910.219402,FF-FF-A1-00-00-01,LGS_NODE_17,adv,False,offline,,,,,,,,,
1775849910.219402,FF-FF-A1-00-00-01,LGS_NODE_17,gatt,False,offline,,,,,,,,,
1775849910.219402,FF-FF-A1-00-00-01,LGS_NODE_17,webserver,False,offline,,,,,,,,,
1775849970.327817,827482CC-A977-43D7-835E-8E8B6978E66A,LGS_Sensor,adv,False,offline,,,,,,,,,-65
1775849970.327817,827482CC-A977-43D7-835E-8E8B6978E66A,LGS_Sensor,gatt,False,offline,,,,,,,,,-65
1775849970.327817,827482CC-A977-43D7-835E-8E8B6978E66A,LGS_Sensor,webserver,True,active,,,18.45013,40.0,20.35,47.49,1.007,0.995,-65
1775849970.327817,FABCEA8B-7EC8-2594-4879-2B3B63989660,ThermoBeacon2,adv,False,offline,,,,,,,,,
1775849970.327817,FABCEA8B-7EC8-2594-4879-2B3B63989660,ThermoBeacon2,gatt,False,offline,,,,,,,,,
1775849970.327817,FABCEA8B-7EC8-2594-4879-2B3B63989660,ThermoBeacon2,webserver,False,offline,,,,,,,,,
1775849970.327817,C898B4F2-B452-7502-1A67-0536E77D49EA,sps,adv,False,offline,,,,,,,,,
1775849970.327817,C898B4F2-B452-7502-1A67-0536E77D49EA,sps,gatt,False,offline,,,,,,,,,
1775849970.327817,C898B4F2-B452-7502-1A67-0536E77D49EA,sps,webserver,False,offline,,,,,,,,,
1775849970.327817,FF-FF-A1-00-00-01,LGS_NODE_17,adv,False,offline,,,,,,,,,
1775849970.327817,FF-FF-A1-00-00-01,LGS_NODE_17,gatt,False,offline,,,,,,,,,
1775849970.327817,FF-FF-A1-00-00-01,LGS_NODE_17,webserver,False,offline,,,,,,,,,
1775850030.438977,827482CC-A977-43D7-835E-8E8B6978E66A,LGS_Sensor,adv,False,offline,,,,,,,,,-65
1775850030.438977,827482CC-A977-43D7-835E-8E8B6978E66A,LGS_Sensor,gatt,False,offline,,,,,,,,,-65
1775850030.438977,827482CC-A977-43D7-835E-8E8B6978E66A,LGS_Sensor,webserver,True,active,,,18.45086,40.0,19.94,48.47,1.007,0.951,-65
1775850030.438977,FABCEA8B-7EC8-2594-4879-2B3B63989660,ThermoBeacon2,adv,False,offline,,,,,,,,,
1775850030.438977,FABCEA8B-7EC8-2594-4879-2B3B63989660,ThermoBeacon2,gatt,False,offline,,,,,,,,,
1775850030.438977,FABCEA8B-7EC8-2594-4879-2B3B63989660,ThermoBeacon2,webserver,False,offline,,,,,,,,,
1775850030.438977,C898B4F2-B452-7502-1A67-0536E77D49EA,sps,adv,False,offline,,,,,,,,,
1775850030.438977,C898B4F2-B452-7502-1A67-0536E77D49EA,sps,gatt,False,offline,,,,,,,,,
1775850030.438977,C898B4F2-B452-7502-1A67-0536E77D49EA,sps,webserver,False,offline,,,,,,,,,
1775850030.438977,FF-FF-A1-00-00-01,LGS_NODE_17,adv,False,offline,,,,,,,,,
1775850030.438977,FF-FF-A1-00-00-01,LGS_NODE_17,gatt,False,offline,,,,,,,,,
1775850030.438977,FF-FF-A1-00-00-01,LGS_NODE_17,webserver,False,offline,,,,,,,,,
1775850090.459913,827482CC-A977-43D7-835E-8E8B6978E66A,LGS_Sensor,adv,False,offline,,,,,,,,,-68
1775850090.459913,827482CC-A977-43D7-835E-8E8B6978E66A,LGS_Sensor,gatt,False,offline,,,,,,,,,-68
1775850090.459913,827482CC-A977-43D7-835E-8E8B6978E66A,LGS_Sensor,webserver,True,active,,,18.34686,40.0,19.72,49.34,1.0,0.922,-68
1775850090.459913,FABCEA8B-7EC8-2594-4879-2B3B63989660,ThermoBeacon2,adv,False,offline,,,,,,,,,
1775850090.459913,FABCEA8B-7EC8-2594-4879-2B3B63989660,ThermoBeacon2,gatt,False,offline,,,,,,,,,
1775850090.459913,FABCEA8B-7EC8-2594-4879-2B3B63989660,ThermoBeacon2,webserver,False,offline,,,,,,,,,
1775850090.459913,C898B4F2-B452-7502-1A67-0536E77D49EA,sps,adv,False,offline,,,,,,,,,
1775850090.459913,C898B4F2-B452-7502-1A67-0536E77D49EA,sps,gatt,False,offline,,,,,,,,,
1775850090.459913,C898B4F2-B452-7502-1A67-0536E77D49EA,sps,webserver,False,offline,,,,,,,,,
1775850090.459913,FF-FF-A1-00-00-01,LGS_NODE_17,adv,False,offline,,,,,,,,,
1775850090.459913,FF-FF-A1-00-00-01,LGS_NODE_17,gatt,False,offline,,,,,,,,,
1775850090.459913,FF-FF-A1-00-00-01,LGS_NODE_17,webserver,False,offline,,,,,,,,,
1775850150.4699771,827482CC-A977-43D7-835E-8E8B6978E66A,LGS_Sensor,adv,False,offline,,,,,,,,,-66
1775850150.4699771,827482CC-A977-43D7-835E-8E8B6978E66A,LGS_Sensor,gatt,False,offline,,,,,,,,,-66
1775850150.4699771,827482CC-A977-43D7-835E-8E8B6978E66A,LGS_Sensor,webserver,True,active,,,18.48004,40.0,19.48,49.98,1.009,0.897,-66
1775850150.4699771,FABCEA8B-7EC8-2594-4879-2B3B63989660,ThermoBeacon2,adv,False,offline,,,,,,,,,
1775850150.4699771,FABCEA8B-7EC8-2594-4879-2B3B63989660,ThermoBeacon2,gatt,False,offline,,,,,,,,,
1775850150.4699771,FABCEA8B-7EC8-2594-4879-2B3B63989660,ThermoBeacon2,webserver,False,offline,,,,,,,,,
1775850150.4699771,C898B4F2-B452-7502-1A67-0536E77D49EA,sps,adv,False,offline,,,,,,,,,
1775850150.4699771,C898B4F2-B452-7502-1A67-0536E77D49EA,sps,gatt,False,offline,,,,,,,,,
1775850150.4699771,C898B4F2-B452-7502-1A67-0536E77D49EA,sps,webserver,False,offline,,,,,,,,,
1775850150.4699771,FF-FF-A1-00-00-01,LGS_NODE_17,adv,False,offline,,,,,,,,,
1775850150.4699771,FF-FF-A1-00-00-01,LGS_NODE_17,gatt,False,offline,,,,,,,,,
1775850150.4699771,FF-FF-A1-00-00-01,LGS_NODE_17,webserver,False,offline,,,,,,,,,
1775850210.476237,827482CC-A977-43D7-835E-8E8B6978E66A,LGS_Sensor,adv,False,offline,,,,,,,,,-66
1775850210.476237,827482CC-A977-43D7-835E-8E8B6978E66A,LGS_Sensor,gatt,False,offline,,,,,,,,,-66
1775850210.476237,827482CC-A977-43D7-835E-8E8B6978E66A,LGS_Sensor,webserver,True,active,,,18.34759,40.0,19.36,50.58,1.0,0.879,-66
1775850210.476237,FABCEA8B-7EC8-2594-4879-2B3B63989660,ThermoBeacon2,adv,False,offline,,,,,,,,,
1775850210.476237,FABCEA8B-7EC8-2594-4879-2B3B63989660,ThermoBeacon2,gatt,False,offline,,,,,,,,,
1775850210.476237,FABCEA8B-7EC8-2594-4879-2B3B63989660,ThermoBeacon2,webserver,False,offline,,,,,,,,,
1775850210.476237,C898B4F2-B452-7502-1A67-0536E77D49EA,sps,adv,False,offline,,,,,,,,,
1775850210.476237,C898B4F2-B452-7502-1A67-0536E77D49EA,sps,gatt,False,offline,,,,,,,,,
1775850210.476237,C898B4F2-B452-7502-1A67-0536E77D49EA,sps,webserver,False,offline,,,,,,,,,
1775850210.476237,FF-FF-A1-00-00-01,LGS_NODE_17,adv,False,offline,,,,,,,,,
1775850210.476237,FF-FF-A1-00-00-01,LGS_NODE_17,gatt,False,offline,,,,,,,,,
1775850210.476237,FF-FF-A1-00-00-01,LGS_NODE_17,webserver,False,offline,,,,,,,,,
1775850270.526429,827482CC-A977-43D7-835E-8E8B6978E66A,LGS_Sensor,adv,False,offline,,,,,,,,,-69
1775850270.526429,827482CC-A977-43D7-835E-8E8B6978E66A,LGS_Sensor,gatt,False,offline,,,,,,,,,-69
1775850270.526429,827482CC-A977-43D7-835E-8E8B6978E66A,LGS_Sensor,webserver,True,active,,,18.45461,40.0,19.25,50.92,1.007,0.867,-69
1775850270.526429,FABCEA8B-7EC8-2594-4879-2B3B63989660,ThermoBeacon2,adv,False,offline,,,,,,,,,
1775850270.526429,FABCEA8B-7EC8-2594-4879-2B3B63989660,ThermoBeacon2,gatt,False,offline,,,,,,,,,
1775850270.526429,FABCEA8B-7EC8-2594-4879-2B3B63989660,ThermoBeacon2,webserver,False,offline,,,,,,,,,
1775850270.526429,C898B4F2-B452-7502-1A67-0536E77D49EA,sps,adv,False,offline,,,,,,,,,
1775850270.526429,C898B4F2-B452-7502-1A67-0536E77D49EA,sps,gatt,False,offline,,,,,,,,,
1775850270.526429,C898B4F2-B452-7502-1A67-0536E77D49EA,sps,webserver,False,offline,,,,,,,,,
1775850270.526429,FF-FF-A1-00-00-01,LGS_NODE_17,adv,False,offline,,,,,,,,,
1775850270.526429,FF-FF-A1-00-00-01,LGS_NODE_17,gatt,False,offline,,,,,,,,,
1775850270.526429,FF-FF-A1-00-00-01,LGS_NODE_17,webserver,False,offline,,,,,,,,,
1775850330.5748448,827482CC-A977-43D7-835E-8E8B6978E66A,LGS_Sensor,adv,False,offline,,,,,,,,,-64
1775850330.5748448,827482CC-A977-43D7-835E-8E8B6978E66A,LGS_Sensor,gatt,False,offline,,,,,,,,,-64
1775850330.5748448,827482CC-A977-43D7-835E-8E8B6978E66A,LGS_Sensor,webserver,True,active,,,18.49423,40.0,19.15,51.23,1.01,0.856,-64
1775850330.5748448,FABCEA8B-7EC8-2594-4879-2B3B63989660,ThermoBeacon2,adv,False,offline,,,,,,,,,
1775850330.5748448,FABCEA8B-7EC8-2594-4879-2B3B63989660,ThermoBeacon2,gatt,False,offline,,,,,,,,,
1775850330.5748448,FABCEA8B-7EC8-2594-4879-2B3B63989660,ThermoBeacon2,webserver,False,offline,,,,,,,,,
1775850330.5748448,C898B4F2-B452-7502-1A67-0536E77D49EA,sps,adv,False,offline,,,,,,,,,
1775850330.5748448,C898B4F2-B452-7502-1A67-0536E77D49EA,sps,gatt,False,offline,,,,,,,,,
1775850330.5748448,C898B4F2-B452-7502-1A67-0536E77D49EA,sps,webserver,False,offline,,,,,,,,,
1775850330.5748448,FF-FF-A1-00-00-01,LGS_NODE_17,adv,False,offline,,,,,,,,,
1775850330.5748448,FF-FF-A1-00-00-01,LGS_NODE_17,gatt,False,offline,,,,,,,,,
1775850330.5748448,FF-FF-A1-00-00-01,LGS_NODE_17,webserver,False,offline,,,,,,,,,
1775850464.369505,827482CC-A977-43D7-835E-8E8B6978E66A,LGS_Sensor,adv,False,offline,,,,,,,,,
1775850464.369505,827482CC-A977-43D7-835E-8E8B6978E66A,LGS_Sensor,gatt,False,offline,,,,,,,,,
1775850464.369505,827482CC-A977-43D7-835E-8E8B6978E66A,LGS_Sensor,webserver,False,offline,,,,,,,,,
1775850464.369505,FABCEA8B-7EC8-2594-4879-2B3B63989660,ThermoBeacon2,adv,False,offline,,,,,,,,,
1775850464.369505,FABCEA8B-7EC8-2594-4879-2B3B63989660,ThermoBeacon2,gatt,False,offline,,,,,,,,,
1775850464.369505,FABCEA8B-7EC8-2594-4879-2B3B63989660,ThermoBeacon2,webserver,False,offline,,,,,,,,,
1775850464.369505,C898B4F2-B452-7502-1A67-0536E77D49EA,sps,adv,False,offline,,,,,,,,,
1775850464.369505,C898B4F2-B452-7502-1A67-0536E77D49EA,sps,gatt,False,offline,,,,,,,,,
1775850464.369505,C898B4F2-B452-7502-1A67-0536E77D49EA,sps,webserver,False,offline,,,,,,,,,
1775850464.369505,FF-FF-A1-00-00-01,LGS_NODE_17,adv,False,offline,,,,,,,,,
1775850464.369505,FF-FF-A1-00-00-01,LGS_NODE_17,gatt,False,offline,,,,,,,,,
1775850464.369505,FF-FF-A1-00-00-01,LGS_NODE_17,webserver,False,offline,,,,,,,,,
1775850524.423202,827482CC-A977-43D7-835E-8E8B6978E66A,LGS_Sensor,adv,False,offline,,,,,,,,,-64
1775850524.423202,827482CC-A977-43D7-835E-8E8B6978E66A,LGS_Sensor,gatt,False,offline,,,,,,,,,-64
1775850524.423202,827482CC-A977-43D7-835E-8E8B6978E66A,LGS_Sensor,webserver,True,active,,,18.48452,40.0,19.03,51.94,1.009,0.837,-64
1775850524.423202,FABCEA8B-7EC8-2594-4879-2B3B63989660,ThermoBeacon2,adv,False,offline,,,,,,,,,
1775850524.423202,FABCEA8B-7EC8-2594-4879-2B3B63989660,ThermoBeacon2,gatt,False,offline,,,,,,,,,
1775850524.423202,FABCEA8B-7EC8-2594-4879-2B3B63989660,ThermoBeacon2,webserver,False,offline,,,,,,,,,
1775850524.423202,C898B4F2-B452-7502-1A67-0536E77D49EA,sps,adv,False,offline,,,,,,,,,
1775850524.423202,C898B4F2-B452-7502-1A67-0536E77D49EA,sps,gatt,False,offline,,,,,,,,,
1775850524.423202,C898B4F2-B452-7502-1A67-0536E77D49EA,sps,webserver,False,offline,,,,,,,,,
1775850524.423202,FF-FF-A1-00-00-01,LGS_NODE_17,adv,False,offline,,,,,,,,,
1775850524.423202,FF-FF-A1-00-00-01,LGS_NODE_17,gatt,False,offline,,,,,,,,,
1775850524.423202,FF-FF-A1-00-00-01,LGS_NODE_17,webserver,False,offline,,,,,,,,,
1775850584.451446,827482CC-A977-43D7-835E-8E8B6978E66A,LGS_Sensor,adv,False,offline,,,,,,,,,-64
1775850584.451446,827482CC-A977-43D7-835E-8E8B6978E66A,LGS_Sensor,gatt,False,offline,,,,,,,,,-64
1775850584.451446,827482CC-A977-43D7-835E-8E8B6978E66A,LGS_Sensor,webserver,True,active,,,18.85549,40.0,18.98,52.07,1.033,0.832,-64
1775850584.451446,FABCEA8B-7EC8-2594-4879-2B3B63989660,ThermoBeacon2,adv,False,offline,,,,,,,,,
1775850584.451446,FABCEA8B-7EC8-2594-4879-2B3B63989660,ThermoBeacon2,gatt,False,offline,,,,,,,,,
1775850584.451446,FABCEA8B-7EC8-2594-4879-2B3B63989660,ThermoBeacon2,webserver,False,offline,,,,,,,,,
1775850584.451446,C898B4F2-B452-7502-1A67-0536E77D49EA,sps,adv,False,offline,,,,,,,,,
1775850584.451446,C898B4F2-B452-7502-1A67-0536E77D49EA,sps,gatt,False,offline,,,,,,,,,
1775850584.451446,C898B4F2-B452-7502-1A67-0536E77D49EA,sps,webserver,False,offline,,,,,,,,,
1775850584.451446,FF-FF-A1-00-00-01,LGS_NODE_17,adv,False,offline,,,,,,,,,
1775850584.451446,FF-FF-A1-00-00-01,LGS_NODE_17,gatt,False,offline,,,,,,,,,
1775850584.451446,FF-FF-A1-00-00-01,LGS_NODE_17,webserver,False,offline,,,,,,,,,
1775850644.513726,827482CC-A977-43D7-835E-8E8B6978E66A,LGS_Sensor,adv,False,offline,,,,,,,,,-65
1775850644.513726,827482CC-A977-43D7-835E-8E8B6978E66A,LGS_Sensor,gatt,False,offline,,,,,,,,,-65
1775850644.513726,827482CC-A977-43D7-835E-8E8B6978E66A,LGS_Sensor,webserver,True,active,,,18.48825,40.0,18.97,52.2,1.009,0.829,-65
1775850644.513726,FABCEA8B-7EC8-2594-4879-2B3B63989660,ThermoBeacon2,adv,False,offline,,,,,,,,,
1775850644.513726,FABCEA8B-7EC8-2594-4879-2B3B63989660,ThermoBeacon2,gatt,False,offline,,,,,,,,,
1775850644.513726,FABCEA8B-7EC8-2594-4879-2B3B63989660,ThermoBeacon2,webserver,False,offline,,,,,,,,,
1775850644.513726,C898B4F2-B452-7502-1A67-0536E77D49EA,sps,adv,False,offline,,,,,,,,,
1775850644.513726,C898B4F2-B452-7502-1A67-0536E77D49EA,sps,gatt,False,offline,,,,,,,,,
1775850644.513726,C898B4F2-B452-7502-1A67-0536E77D49EA,sps,webserver,False,offline,,,,,,,,,
1775850644.513726,FF-FF-A1-00-00-01,LGS_NODE_17,adv,False,offline,,,,,,,,,
1775850644.513726,FF-FF-A1-00-00-01,LGS_NODE_17,gatt,False,offline,,,,,,,,,
1775850644.513726,FF-FF-A1-00-00-01,LGS_NODE_17,webserver,False,offline,,,,,,,,,
1775850704.590407,827482CC-A977-43D7-835E-8E8B6978E66A,LGS_Sensor,adv,False,offline,,,,,,,,,-64
1775850704.590407,827482CC-A977-43D7-835E-8E8B6978E66A,LGS_Sensor,gatt,False,offline,,,,,,,,,-64
1775850704.590407,827482CC-A977-43D7-835E-8E8B6978E66A,LGS_Sensor,webserver,True,active,,,18.54281,40.0,18.97,52.23,1.013,0.829,-64
1775850704.590407,FABCEA8B-7EC8-2594-4879-2B3B63989660,ThermoBeacon2,adv,False,offline,,,,,,,,,
1775850704.590407,FABCEA8B-7EC8-2594-4879-2B3B63989660,ThermoBeacon2,gatt,False,offline,,,,,,,,,
1775850704.590407,FABCEA8B-7EC8-2594-4879-2B3B63989660,ThermoBeacon2,webserver,False,offline,,,,,,,,,
1775850704.590407,C898B4F2-B452-7502-1A67-0536E77D49EA,sps,adv,False,offline,,,,,,,,,
1775850704.590407,C898B4F2-B452-7502-1A67-0536E77D49EA,sps,gatt,False,offline,,,,,,,,,
1775850704.590407,C898B4F2-B452-7502-1A67-0536E77D49EA,sps,webserver,False,offline,,,,,,,,,
1775850704.590407,FF-FF-A1-00-00-01,LGS_NODE_17,adv,False,offline,,,,,,,,,
1775850704.590407,FF-FF-A1-00-00-01,LGS_NODE_17,gatt,False,offline,,,,,,,,,
1775850704.590407,FF-FF-A1-00-00-01,LGS_NODE_17,webserver,False,offline,,,,,,,,,
1775850764.668978,827482CC-A977-43D7-835E-8E8B6978E66A,LGS_Sensor,adv,False,offline,,,,,,,,,-64
1775850764.668978,827482CC-A977-43D7-835E-8E8B6978E66A,LGS_Sensor,gatt,False,offline,,,,,,,,,-64
1775850764.668978,827482CC-A977-43D7-835E-8E8B6978E66A,LGS_Sensor,webserver,True,active,,,18.43664,40.0,18.96,52.33,1.006,0.827,-64
1775850764.668978,FABCEA8B-7EC8-2594-4879-2B3B63989660,ThermoBeacon2,adv,False,offline,,,,,,,,,
1775850764.668978,FABCEA8B-7EC8-2594-4879-2B3B63989660,ThermoBeacon2,gatt,False,offline,,,,,,,,,
1775850764.668978,FABCEA8B-7EC8-2594-4879-2B3B63989660,ThermoBeacon2,webserver,False,offline,,,,,,,,,
1775850764.668978,C898B4F2-B452-7502-1A67-0536E77D49EA,sps,adv,False,offline,,,,,,,,,
1775850764.668978,C898B4F2-B452-7502-1A67-0536E77D49EA,sps,gatt,False,offline,,,,,,,,,
1775850764.668978,C898B4F2-B452-7502-1A67-0536E77D49EA,sps,webserver,False,offline,,,,,,,,,
1775850764.668978,FF-FF-A1-00-00-01,LGS_NODE_17,adv,False,offline,,,,,,,,,
1775850764.668978,FF-FF-A1-00-00-01,LGS_NODE_17,gatt,False,offline,,,,,,,,,
1775850764.668978,FF-FF-A1-00-00-01,LGS_NODE_17,webserver,False,offline,,,,,,,,,
1775850824.727535,827482CC-A977-43D7-835E-8E8B6978E66A,LGS_Sensor,adv,False,offline,,,,,,,,,-65
1775850824.727535,827482CC-A977-43D7-835E-8E8B6978E66A,LGS_Sensor,gatt,False,offline,,,,,,,,,-65
1775850824.727535,827482CC-A977-43D7-835E-8E8B6978E66A,LGS_Sensor,webserver,True,active,,,18.50619,40.0,18.94,52.38,1.01,0.825,-65
1775850824.727535,FABCEA8B-7EC8-2594-4879-2B3B63989660,ThermoBeacon2,adv,False,offline,,,,,,,,,
1775850824.727535,FABCEA8B-7EC8-2594-4879-2B3B63989660,ThermoBeacon2,gatt,False,offline,,,,,,,,,
1775850824.727535,FABCEA8B-7EC8-2594-4879-2B3B63989660,ThermoBeacon2,webserver,False,offline,,,,,,,,,
1775850824.727535,C898B4F2-B452-7502-1A67-0536E77D49EA,sps,adv,False,offline,,,,,,,,,
1775850824.727535,C898B4F2-B452-7502-1A67-0536E77D49EA,sps,gatt,False,offline,,,,,,,,,
1775850824.727535,C898B4F2-B452-7502-1A67-0536E77D49EA,sps,webserver,False,offline,,,,,,,,,
1775850824.727535,FF-FF-A1-00-00-01,LGS_NODE_17,adv,False,offline,,,,,,,,,
1775850824.727535,FF-FF-A1-00-00-01,LGS_NODE_17,gatt,False,offline,,,,,,,,,
1775850824.727535,FF-FF-A1-00-00-01,LGS_NODE_17,webserver,False,offline,,,,,,,,,
1775850863.3941,827482CC-A977-43D7-835E-8E8B6978E66A,LGS_Sensor,adv,False,offline,,,,,,,,,-65
1775850863.3941,827482CC-A977-43D7-835E-8E8B6978E66A,LGS_Sensor,gatt,False,offline,,,,,,,,,-65
1775850863.3941,827482CC-A977-43D7-835E-8E8B6978E66A,LGS_Sensor,webserver,True,active,,,18.64816,40.0,18.91,52.39,1.02,0.823,-65
1775850863.3941,FABCEA8B-7EC8-2594-4879-2B3B63989660,ThermoBeacon2,adv,False,offline,,,,,,,,,
1775850863.3941,FABCEA8B-7EC8-2594-4879-2B3B63989660,ThermoBeacon2,gatt,False,offline,,,,,,,,,
1775850863.3941,FABCEA8B-7EC8-2594-4879-2B3B63989660,ThermoBeacon2,webserver,False,offline,,,,,,,,,
1775850863.3941,C898B4F2-B452-7502-1A67-0536E77D49EA,sps,adv,False,offline,,,,,,,,,
1775850863.3941,C898B4F2-B452-7502-1A67-0536E77D49EA,sps,gatt,False,offline,,,,,,,,,
1775850863.3941,C898B4F2-B452-7502-1A67-0536E77D49EA,sps,webserver,False,offline,,,,,,,,,
1775850863.3941,FF-FF-A1-00-00-01,LGS_NODE_17,adv,False,offline,,,,,,,,,
1775850863.3941,FF-FF-A1-00-00-01,LGS_NODE_17,gatt,False,offline,,,,,,,,,
1775850863.3941,FF-FF-A1-00-00-01,LGS_NODE_17,webserver,False,offline,,,,,,,,,
1775850923.565251,827482CC-A977-43D7-835E-8E8B6978E66A,LGS_Sensor,adv,False,offline,,,,,,,,,-64
1775850923.565251,827482CC-A977-43D7-835E-8E8B6978E66A,LGS_Sensor,gatt,False,offline,,,,,,,,,-64
1775850923.565251,827482CC-A977-43D7-835E-8E8B6978E66A,LGS_Sensor,webserver,True,active,,,18.33785,40.0,18.94,52.39,1.0,0.824,-64
1775850923.565251,FABCEA8B-7EC8-2594-4879-2B3B63989660,ThermoBeacon2,adv,False,offline,,,,,,,,,
1775850923.565251,FABCEA8B-7EC8-2594-4879-2B3B63989660,ThermoBeacon2,gatt,False,offline,,,,,,,,,
1775850923.565251,FABCEA8B-7EC8-2594-4879-2B3B63989660,ThermoBeacon2,webserver,False,offline,,,,,,,,,
1775850923.565251,C898B4F2-B452-7502-1A67-0536E77D49EA,sps,adv,False,offline,,,,,,,,,
1775850923.565251,C898B4F2-B452-7502-1A67-0536E77D49EA,sps,gatt,False,offline,,,,,,,,,
1775850923.565251,C898B4F2-B452-7502-1A67-0536E77D49EA,sps,webserver,False,offline,,,,,,,,,
1775850923.565251,FF-FF-A1-00-00-01,LGS_NODE_17,adv,False,offline,,,,,,,,,
1775850923.565251,FF-FF-A1-00-00-01,LGS_NODE_17,gatt,False,offline,,,,,,,,,
1775850923.565251,FF-FF-A1-00-00-01,LGS_NODE_17,webserver,False,offline,,,,,,,,,
1775850983.5778859,827482CC-A977-43D7-835E-8E8B6978E66A,LGS_Sensor,adv,False,offline,,,,,,,,,-65
1775850983.5778859,827482CC-A977-43D7-835E-8E8B6978E66A,LGS_Sensor,gatt,False,offline,,,,,,,,,-65
1775850983.5778859,827482CC-A977-43D7-835E-8E8B6978E66A,LGS_Sensor,webserver,True,active,,,18.47106,40.0,18.93,52.55,1.008,0.821,-65
1775850983.5778859,FABCEA8B-7EC8-2594-4879-2B3B63989660,ThermoBeacon2,adv,False,offline,,,,,,,,,
1775850983.5778859,FABCEA8B-7EC8-2594-4879-2B3B63989660,ThermoBeacon2,gatt,False,offline,,,,,,,,,
1775850983.5778859,FABCEA8B-7EC8-2594-4879-2B3B63989660,ThermoBeacon2,webserver,False,offline,,,,,,,,,
1775850983.5778859,C898B4F2-B452-7502-1A67-0536E77D49EA,sps,adv,False,offline,,,,,,,,,
1775850983.5778859,C898B4F2-B452-7502-1A67-0536E77D49EA,sps,gatt,False,offline,,,,,,,,,
1775850983.5778859,C898B4F2-B452-7502-1A67-0536E77D49EA,sps,webserver,False,offline,,,,,,,,,
1775850983.5778859,FF-FF-A1-00-00-01,LGS_NODE_17,adv,False,offline,,,,,,,,,
1775850983.5778859,FF-FF-A1-00-00-01,LGS_NODE_17,gatt,False,offline,,,,,,,,,
1775850983.5778859,FF-FF-A1-00-00-01,LGS_NODE_17,webserver,False,offline,,,,,,,,,
1775851043.624276,827482CC-A977-43D7-835E-8E8B6978E66A,LGS_Sensor,adv,False,offline,,,,,,,,,-65
1775851043.624276,827482CC-A977-43D7-835E-8E8B6978E66A,LGS_Sensor,gatt,False,offline,,,,,,,,,-65
1775851043.624276,827482CC-A977-43D7-835E-8E8B6978E66A,LGS_Sensor,webserver,True,active,,,18.55554,40.0,18.96,52.57,1.014,0.822,-65
1775851043.624276,FABCEA8B-7EC8-2594-4879-2B3B63989660,ThermoBeacon2,adv,False,offline,,,,,,,,,
1775851043.624276,FABCEA8B-7EC8-2594-4879-2B3B63989660,ThermoBeacon2,gatt,False,offline,,,,,,,,,
1775851043.624276,FABCEA8B-7EC8-2594-4879-2B3B63989660,ThermoBeacon2,webserver,False,offline,,,,,,,,,
1775851043.624276,C898B4F2-B452-7502-1A67-0536E77D49EA,sps,adv,False,offline,,,,,,,,,
1775851043.624276,C898B4F2-B452-7502-1A67-0536E77D49EA,sps,gatt,False,offline,,,,,,,,,
1775851043.624276,C898B4F2-B452-7502-1A67-0536E77D49EA,sps,webserver,False,offline,,,,,,,,,
1775851043.624276,FF-FF-A1-00-00-01,LGS_NODE_17,adv,False,offline,,,,,,,,,
1775851043.624276,FF-FF-A1-00-00-01,LGS_NODE_17,gatt,False,offline,,,,,,,,,
1775851043.624276,FF-FF-A1-00-00-01,LGS_NODE_17,webserver,False,offline,,,,,,,,,
1775851103.7231328,827482CC-A977-43D7-835E-8E8B6978E66A,LGS_Sensor,adv,False,offline,,,,,,,,,-65
1775851103.7231328,827482CC-A977-43D7-835E-8E8B6978E66A,LGS_Sensor,gatt,False,offline,,,,,,,,,-65
1775851103.7231328,827482CC-A977-43D7-835E-8E8B6978E66A,LGS_Sensor,webserver,True,active,,,18.47628,40.0,18.94,52.61,1.008,0.821,-65
1775851103.7231328,FABCEA8B-7EC8-2594-4879-2B3B63989660,ThermoBeacon2,adv,False,offline,,,,,,,,,
1775851103.7231328,FABCEA8B-7EC8-2594-4879-2B3B63989660,ThermoBeacon2,gatt,False,offline,,,,,,,,,
1775851103.7231328,FABCEA8B-7EC8-2594-4879-2B3B63989660,ThermoBeacon2,webserver,False,offline,,,,,,,,,
1775851103.7231328,C898B4F2-B452-7502-1A67-0536E77D49EA,sps,adv,False,offline,,,,,,,,,
1775851103.7231328,C898B4F2-B452-7502-1A67-0536E77D49EA,sps,gatt,False,offline,,,,,,,,,
1775851103.7231328,C898B4F2-B452-7502-1A67-0536E77D49EA,sps,webserver,False,offline,,,,,,,,,
1775851103.7231328,FF-FF-A1-00-00-01,LGS_NODE_17,adv,False,offline,,,,,,,,,
1775851103.7231328,FF-FF-A1-00-00-01,LGS_NODE_17,gatt,False,offline,,,,,,,,,
1775851103.7231328,FF-FF-A1-00-00-01,LGS_NODE_17,webserver,False,offline,,,,,,,,,
1775851163.825237,827482CC-A977-43D7-835E-8E8B6978E66A,LGS_Sensor,adv,False,offline,,,,,,,,,-64
1775851163.825237,827482CC-A977-43D7-835E-8E8B6978E66A,LGS_Sensor,gatt,False,offline,,,,,,,,,-64
1775851163.825237,827482CC-A977-43D7-835E-8E8B6978E66A,LGS_Sensor,webserver,True,active,,,18.26821,40.0,18.96,52.64,0.995,0.821,-64
1775851163.825237,FABCEA8B-7EC8-2594-4879-2B3B63989660,ThermoBeacon2,adv,False,offline,,,,,,,,,
1775851163.825237,FABCEA8B-7EC8-2594-4879-2B3B63989660,ThermoBeacon2,gatt,False,offline,,,,,,,,,
1775851163.825237,FABCEA8B-7EC8-2594-4879-2B3B63989660,ThermoBeacon2,webserver,False,offline,,,,,,,,,
1775851163.825237,C898B4F2-B452-7502-1A67-0536E77D49EA,sps,adv,False,offline,,,,,,,,,
1775851163.825237,C898B4F2-B452-7502-1A67-0536E77D49EA,sps,gatt,False,offline,,,,,,,,,
1775851163.825237,C898B4F2-B452-7502-1A67-0536E77D49EA,sps,webserver,False,offline,,,,,,,,,
1775851163.825237,FF-FF-A1-00-00-01,LGS_NODE_17,adv,False,offline,,,,,,,,,
1775851163.825237,FF-FF-A1-00-00-01,LGS_NODE_17,gatt,False,offline,,,,,,,,,
1775851163.825237,FF-FF-A1-00-00-01,LGS_NODE_17,webserver,False,offline,,,,,,,,,
1775851223.902724,827482CC-A977-43D7-835E-8E8B6978E66A,LGS_Sensor,adv,False,offline,,,,,,,,,-67
1775851223.902724,827482CC-A977-43D7-835E-8E8B6978E66A,LGS_Sensor,gatt,False,offline,,,,,,,,,-67
1775851223.902724,827482CC-A977-43D7-835E-8E8B6978E66A,LGS_Sensor,webserver,True,active,,,18.5017,40.0,18.94,52.7,1.01,0.819,-67
1775851223.902724,FABCEA8B-7EC8-2594-4879-2B3B63989660,ThermoBeacon2,adv,False,offline,,,,,,,,,
1775851223.902724,FABCEA8B-7EC8-2594-4879-2B3B63989660,ThermoBeacon2,gatt,False,offline,,,,,,,,,
1775851223.902724,FABCEA8B-7EC8-2594-4879-2B3B63989660,ThermoBeacon2,webserver,False,offline,,,,,,,,,
1775851223.902724,C898B4F2-B452-7502-1A67-0536E77D49EA,sps,adv,False,offline,,,,,,,,,
1775851223.902724,C898B4F2-B452-7502-1A67-0536E77D49EA,sps,gatt,False,offline,,,,,,,,,
1775851223.902724,C898B4F2-B452-7502-1A67-0536E77D49EA,sps,webserver,False,offline,,,,,,,,,
1775851223.902724,FF-FF-A1-00-00-01,LGS_NODE_17,adv,False,offline,,,,,,,,,
1775851223.902724,FF-FF-A1-00-00-01,LGS_NODE_17,gatt,False,offline,,,,,,,,,
1775851223.902724,FF-FF-A1-00-00-01,LGS_NODE_17,webserver,False,offline,,,,,,,,,
1775851283.956227,827482CC-A977-43D7-835E-8E8B6978E66A,LGS_Sensor,adv,False,offline,,,,,,,,,-68
1775851283.956227,827482CC-A977-43D7-835E-8E8B6978E66A,LGS_Sensor,gatt,False,offline,,,,,,,,,-68
1775851283.956227,827482CC-A977-43D7-835E-8E8B6978E66A,LGS_Sensor,webserver,True,active,,,18.48751,40.0,18.96,53.09,1.009,0.813,-68
1775851283.956227,FABCEA8B-7EC8-2594-4879-2B3B63989660,ThermoBeacon2,adv,False,offline,,,,,,,,,
1775851283.956227,FABCEA8B-7EC8-2594-4879-2B3B63989660,ThermoBeacon2,gatt,False,offline,,,,,,,,,
1775851283.956227,FABCEA8B-7EC8-2594-4879-2B3B63989660,ThermoBeacon2,webserver,False,offline,,,,,,,,,
1775851283.956227,C898B4F2-B452-7502-1A67-0536E77D49EA,sps,adv,False,offline,,,,,,,,,
1775851283.956227,C898B4F2-B452-7502-1A67-0536E77D49EA,sps,gatt,False,offline,,,,,,,,,
1775851283.956227,C898B4F2-B452-7502-1A67-0536E77D49EA,sps,webserver,False,offline,,,,,,,,,
1775851283.956227,FF-FF-A1-00-00-01,LGS_NODE_17,adv,False,offline,,,,,,,,,
1775851283.956227,FF-FF-A1-00-00-01,LGS_NODE_17,gatt,False,offline,,,,,,,,,
1775851283.956227,FF-FF-A1-00-00-01,LGS_NODE_17,webserver,False,offline,,,,,,,,,
1775851344.001018,827482CC-A977-43D7-835E-8E8B6978E66A,LGS_Sensor,adv,False,offline,,,,,,,,,-64
1775851344.001018,827482CC-A977-43D7-835E-8E8B6978E66A,LGS_Sensor,gatt,False,offline,,,,,,,,,-64
1775851344.001018,827482CC-A977-43D7-835E-8E8B6978E66A,LGS_Sensor,webserver,True,active,,,18.48901,40.0,18.94,53.09,1.009,0.812,-64
1775851344.001018,FABCEA8B-7EC8-2594-4879-2B3B63989660,ThermoBeacon2,adv,False,offline,,,,,,,,,
1775851344.001018,FABCEA8B-7EC8-2594-4879-2B3B63989660,ThermoBeacon2,gatt,False,offline,,,,,,,,,
1775851344.001018,FABCEA8B-7EC8-2594-4879-2B3B63989660,ThermoBeacon2,webserver,False,offline,,,,,,,,,
1775851344.001018,C898B4F2-B452-7502-1A67-0536E77D49EA,sps,adv,False,offline,,,,,,,,,
1775851344.001018,C898B4F2-B452-7502-1A67-0536E77D49EA,sps,gatt,False,offline,,,,,,,,,
1775851344.001018,C898B4F2-B452-7502-1A67-0536E77D49EA,sps,webserver,False,offline,,,,,,,,,
1775851344.001018,FF-FF-A1-00-00-01,LGS_NODE_17,adv,False,offline,,,,,,,,,
1775851344.001018,FF-FF-A1-00-00-01,LGS_NODE_17,gatt,False,offline,,,,,,,,,
1775851344.001018,FF-FF-A1-00-00-01,LGS_NODE_17,webserver,False,offline,,,,,,,,,
1775851404.077706,827482CC-A977-43D7-835E-8E8B6978E66A,LGS_Sensor,adv,False,offline,,,,,,,,,-63
1775851404.077706,827482CC-A977-43D7-835E-8E8B6978E66A,LGS_Sensor,gatt,False,offline,,,,,,,,,-63
1775851404.077706,827482CC-A977-43D7-835E-8E8B6978E66A,LGS_Sensor,webserver,True,active,,,18.66158,40.0,18.96,52.85,1.021,0.818,-63
1775851404.077706,FABCEA8B-7EC8-2594-4879-2B3B63989660,ThermoBeacon2,adv,False,offline,,,,,,,,,
1775851404.077706,FABCEA8B-7EC8-2594-4879-2B3B63989660,ThermoBeacon2,gatt,False,offline,,,,,,,,,
1775851404.077706,FABCEA8B-7EC8-2594-4879-2B3B63989660,ThermoBeacon2,webserver,False,offline,,,,,,,,,
1775851404.077706,C898B4F2-B452-7502-1A67-0536E77D49EA,sps,adv,False,offline,,,,,,,,,
1775851404.077706,C898B4F2-B452-7502-1A67-0536E77D49EA,sps,gatt,False,offline,,,,,,,,,
1775851404.077706,C898B4F2-B452-7502-1A67-0536E77D49EA,sps,webserver,False,offline,,,,,,,,,
1775851404.077706,FF-FF-A1-00-00-01,LGS_NODE_17,adv,False,offline,,,,,,,,,
1775851404.077706,FF-FF-A1-00-00-01,LGS_NODE_17,gatt,False,offline,,,,,,,,,
1775851404.077706,FF-FF-A1-00-00-01,LGS_NODE_17,webserver,False,offline,,,,,,,,,
1775851464.163604,827482CC-A977-43D7-835E-8E8B6978E66A,LGS_Sensor,adv,False,offline,,,,,,,,,-63
1775851464.163604,827482CC-A977-43D7-835E-8E8B6978E66A,LGS_Sensor,gatt,False,offline,,,,,,,,,-63
1775851464.163604,827482CC-A977-43D7-835E-8E8B6978E66A,LGS_Sensor,webserver,True,active,,,18.46209,40.0,18.94,52.93,1.008,0.815,-63
1775851464.163604,FABCEA8B-7EC8-2594-4879-2B3B63989660,ThermoBeacon2,adv,False,offline,,,,,,,,,
1775851464.163604,FABCEA8B-7EC8-2594-4879-2B3B63989660,ThermoBeacon2,gatt,False,offline,,,,,,,,,
1775851464.163604,FABCEA8B-7EC8-2594-4879-2B3B63989660,ThermoBeacon2,webserver,False,offline,,,,,,,,,
1775851464.163604,C898B4F2-B452-7502-1A67-0536E77D49EA,sps,adv,False,offline,,,,,,,,,
1775851464.163604,C898B4F2-B452-7502-1A67-0536E77D49EA,sps,gatt,False,offline,,,,,,,,,
1775851464.163604,C898B4F2-B452-7502-1A67-0536E77D49EA,sps,webserver,False,offline,,,,,,,,,
1775851464.163604,FF-FF-A1-00-00-01,LGS_NODE_17,adv,False,offline,,,,,,,,,
1775851464.163604,FF-FF-A1-00-00-01,LGS_NODE_17,gatt,False,offline,,,,,,,,,
1775851464.163604,FF-FF-A1-00-00-01,LGS_NODE_17,webserver,False,offline,,,,,,,,,
1775851511.5463948,827482CC-A977-43D7-835E-8E8B6978E66A,LGS_Sensor,adv,False,offline,,,,,,,,,-64
1775851511.5463948,827482CC-A977-43D7-835E-8E8B6978E66A,LGS_Sensor,gatt,False,offline,,,,,,,,,-64
1775851511.5463948,827482CC-A977-43D7-835E-8E8B6978E66A,LGS_Sensor,webserver,True,active,,,18.42019,40.0,18.93,52.94,1.005,0.814,-64
1775851511.5463948,FABCEA8B-7EC8-2594-4879-2B3B63989660,ThermoBeacon2,adv,False,offline,,,,,,,,,
1775851511.5463948,FABCEA8B-7EC8-2594-4879-2B3B63989660,ThermoBeacon2,gatt,False,offline,,,,,,,,,
1775851511.5463948,FABCEA8B-7EC8-2594-4879-2B3B63989660,ThermoBeacon2,webserver,False,offline,,,,,,,,,
1775851511.5463948,C898B4F2-B452-7502-1A67-0536E77D49EA,sps,adv,False,offline,,,,,,,,,
1775851511.5463948,C898B4F2-B452-7502-1A67-0536E77D49EA,sps,gatt,False,offline,,,,,,,,,
1775851511.5463948,C898B4F2-B452-7502-1A67-0536E77D49EA,sps,webserver,False,offline,,,,,,,,,
1775851511.5463948,FF-FF-A1-00-00-01,LGS_NODE_17,adv,False,offline,,,,,,,,,
1775851511.5463948,FF-FF-A1-00-00-01,LGS_NODE_17,gatt,False,offline,,,,,,,,,
1775851511.5463948,FF-FF-A1-00-00-01,LGS_NODE_17,webserver,False,offline,,,,,,,,,
1775851537.4789052,827482CC-A977-43D7-835E-8E8B6978E66A,LGS_Sensor,adv,False,offline,,,,,,,,,-64
1775851537.4789052,827482CC-A977-43D7-835E-8E8B6978E66A,LGS_Sensor,gatt,False,offline,,,,,,,,,-64
1775851537.4789052,827482CC-A977-43D7-835E-8E8B6978E66A,LGS_Sensor,webserver,True,active,,,18.50994,40.0,18.87,53.0,1.011,0.81,-64
1775851537.4789052,FABCEA8B-7EC8-2594-4879-2B3B63989660,ThermoBeacon2,adv,False,offline,,,,,,,,,
1775851537.4789052,FABCEA8B-7EC8-2594-4879-2B3B63989660,ThermoBeacon2,gatt,False,offline,,,,,,,,,
1775851537.4789052,FABCEA8B-7EC8-2594-4879-2B3B63989660,ThermoBeacon2,webserver,False,offline,,,,,,,,,
1775851537.4789052,C898B4F2-B452-7502-1A67-0536E77D49EA,sps,adv,False,offline,,,,,,,,,
1775851537.4789052,C898B4F2-B452-7502-1A67-0536E77D49EA,sps,gatt,False,offline,,,,,,,,,
1775851537.4789052,C898B4F2-B452-7502-1A67-0536E77D49EA,sps,webserver,False,offline,,,,,,,,,
1775851537.4789052,FF-FF-A1-00-00-01,LGS_NODE_17,adv,False,offline,,,,,,,,,
1775851537.4789052,FF-FF-A1-00-00-01,LGS_NODE_17,gatt,False,offline,,,,,,,,,
1775851537.4789052,FF-FF-A1-00-00-01,LGS_NODE_17,webserver,False,offline,,,,,,,,,
1775851721.637711,827482CC-A977-43D7-835E-8E8B6978E66A,LGS_Sensor,adv,False,offline,,,,,,,,,-64
1775851721.637711,827482CC-A977-43D7-835E-8E8B6978E66A,LGS_Sensor,gatt,False,offline,,,,,,,,,-64
1775851721.637711,827482CC-A977-43D7-835E-8E8B6978E66A,LGS_Sensor,webserver,True,active,,,18.46209,40.0,18.84,53.3,1.008,0.804,-64
1775851721.637711,FABCEA8B-7EC8-2594-4879-2B3B63989660,ThermoBeacon2,adv,False,offline,,,,,,,,,
1775851721.637711,FABCEA8B-7EC8-2594-4879-2B3B63989660,ThermoBeacon2,gatt,False,offline,,,,,,,,,
1775851721.637711,FABCEA8B-7EC8-2594-4879-2B3B63989660,ThermoBeacon2,webserver,False,offline,,,,,,,,,
1775851721.637711,C898B4F2-B452-7502-1A67-0536E77D49EA,sps,adv,False,offline,,,,,,,,,
1775851721.637711,C898B4F2-B452-7502-1A67-0536E77D49EA,sps,gatt,False,offline,,,,,,,,,
1775851721.637711,C898B4F2-B452-7502-1A67-0536E77D49EA,sps,webserver,False,offline,,,,,,,,,
1775851721.637711,FF-FF-A1-00-00-01,LGS_NODE_17,adv,False,offline,,,,,,,,,
1775851721.637711,FF-FF-A1-00-00-01,LGS_NODE_17,gatt,False,offline,,,,,,,,,
1775851721.637711,FF-FF-A1-00-00-01,LGS_NODE_17,webserver,False,offline,,,,,,,,,
1775851781.800043,827482CC-A977-43D7-835E-8E8B6978E66A,LGS_Sensor,adv,False,offline,,,,,,,,,-63
1775851781.800043,827482CC-A977-43D7-835E-8E8B6978E66A,LGS_Sensor,gatt,False,offline,,,,,,,,,-63
1775851781.800043,827482CC-A977-43D7-835E-8E8B6978E66A,LGS_Sensor,webserver,True,active,,,18.48452,40.0,18.89,53.23,1.009,0.807,-63
1775851781.800043,FABCEA8B-7EC8-2594-4879-2B3B63989660,ThermoBeacon2,adv,False,offline,,,,,,,,,
1775851781.800043,FABCEA8B-7EC8-2594-4879-2B3B63989660,ThermoBeacon2,gatt,False,offline,,,,,,,,,
1775851781.800043,FABCEA8B-7EC8-2594-4879-2B3B63989660,ThermoBeacon2,webserver,False,offline,,,,,,,,,
1775851781.800043,C898B4F2-B452-7502-1A67-0536E77D49EA,sps,adv,False,offline,,,,,,,,,
1775851781.800043,C898B4F2-B452-7502-1A67-0536E77D49EA,sps,gatt,False,offline,,,,,,,,,
1775851781.800043,C898B4F2-B452-7502-1A67-0536E77D49EA,sps,webserver,False,offline,,,,,,,,,
1775851781.800043,FF-FF-A1-00-00-01,LGS_NODE_17,adv,False,offline,,,,,,,,,
1775851781.800043,FF-FF-A1-00-00-01,LGS_NODE_17,gatt,False,offline,,,,,,,,,
1775851781.800043,FF-FF-A1-00-00-01,LGS_NODE_17,webserver,False,offline,,,,,,,,,
1775851841.847898,827482CC-A977-43D7-835E-8E8B6978E66A,LGS_Sensor,adv,False,offline,,,,,,,,,-64
1775851841.847898,827482CC-A977-43D7-835E-8E8B6978E66A,LGS_Sensor,gatt,False,offline,,,,,,,,,-64
1775851841.847898,827482CC-A977-43D7-835E-8E8B6978E66A,LGS_Sensor,webserver,True,active,,,18.49273,40.0,18.89,53.2,1.01,0.808,-64
1775851841.847898,FABCEA8B-7EC8-2594-4879-2B3B63989660,ThermoBeacon2,adv,False,offline,,,,,,,,,
1775851841.847898,FABCEA8B-7EC8-2594-4879-2B3B63989660,ThermoBeacon2,gatt,False,offline,,,,,,,,,
1775851841.847898,FABCEA8B-7EC8-2594-4879-2B3B63989660,ThermoBeacon2,webserver,False,offline,,,,,,,,,
1775851841.847898,C898B4F2-B452-7502-1A67-0536E77D49EA,sps,adv,False,offline,,,,,,,,,
1775851841.847898,C898B4F2-B452-7502-1A67-0536E77D49EA,sps,gatt,False,offline,,,,,,,,,
1775851841.847898,C898B4F2-B452-7502-1A67-0536E77D49EA,sps,webserver,False,offline,,,,,,,,,
1775851841.847898,FF-FF-A1-00-00-01,LGS_NODE_17,adv,False,offline,,,,,,,,,
1775851841.847898,FF-FF-A1-00-00-01,LGS_NODE_17,gatt,False,offline,,,,,,,,,
1775851841.847898,FF-FF-A1-00-00-01,LGS_NODE_17,webserver,False,offline,,,,,,,,,
1775851901.9002628,827482CC-A977-43D7-835E-8E8B6978E66A,LGS_Sensor,adv,False,offline,,,,,,,,,-65
1775851901.9002628,827482CC-A977-43D7-835E-8E8B6978E66A,LGS_Sensor,gatt,False,offline,,,,,,,,,-65
1775851901.9002628,827482CC-A977-43D7-835E-8E8B6978E66A,LGS_Sensor,webserver,True,active,,,18.55627,40.0,18.89,53.17,1.014,0.808,-65
1775851901.9002628,FABCEA8B-7EC8-2594-4879-2B3B63989660,ThermoBeacon2,adv,False,offline,,,,,,,,,
1775851901.9002628,FABCEA8B-7EC8-2594-4879-2B3B63989660,ThermoBeacon2,gatt,False,offline,,,,,,,,,
1775851901.9002628,FABCEA8B-7EC8-2594-4879-2B3B63989660,ThermoBeacon2,webserver,False,offline,,,,,,,,,
1775851901.9002628,C898B4F2-B452-7502-1A67-0536E77D49EA,sps,adv,False,offline,,,,,,,,,
1775851901.9002628,C898B4F2-B452-7502-1A67-0536E77D49EA,sps,gatt,False,offline,,,,,,,,,
1775851901.9002628,C898B4F2-B452-7502-1A67-0536E77D49EA,sps,webserver,False,offline,,,,,,,,,
1775851901.9002628,FF-FF-A1-00-00-01,LGS_NODE_17,adv,False,offline,,,,,,,,,
1775851901.9002628,FF-FF-A1-00-00-01,LGS_NODE_17,gatt,False,offline,,,,,,,,,
1775851901.9002628,FF-FF-A1-00-00-01,LGS_NODE_17,webserver,False,offline,,,,,,,,,
1775851929.811299,827482CC-A977-43D7-835E-8E8B6978E66A,LGS_Sensor,adv,False,offline,,,,,,,,,-64
1775851929.811299,827482CC-A977-43D7-835E-8E8B6978E66A,LGS_Sensor,gatt,False,offline,,,,,,,,,-64
1775851929.811299,827482CC-A977-43D7-835E-8E8B6978E66A,LGS_Sensor,webserver,True,active,,,18.44637,40.0,18.9,53.26,1.007,0.807,-64
1775851929.811299,FABCEA8B-7EC8-2594-4879-2B3B63989660,ThermoBeacon2,adv,False,offline,,,,,,,,,
1775851929.811299,FABCEA8B-7EC8-2594-4879-2B3B63989660,ThermoBeacon2,gatt,False,offline,,,,,,,,,
1775851929.811299,FABCEA8B-7EC8-2594-4879-2B3B63989660,ThermoBeacon2,webserver,False,offline,,,,,,,,,
1775851929.811299,C898B4F2-B452-7502-1A67-0536E77D49EA,sps,adv,False,offline,,,,,,,,,
1775851929.811299,C898B4F2-B452-7502-1A67-0536E77D49EA,sps,gatt,False,offline,,,,,,,,,
1775851929.811299,C898B4F2-B452-7502-1A67-0536E77D49EA,sps,webserver,False,offline,,,,,,,,,
1775851929.811299,FF-FF-A1-00-00-01,LGS_NODE_17,adv,False,offline,,,,,,,,,
1775851929.811299,FF-FF-A1-00-00-01,LGS_NODE_17,gatt,False,offline,,,,,,,,,
1775851929.811299,FF-FF-A1-00-00-01,LGS_NODE_17,webserver,False,offline,,,,,,,,,
1775851989.917172,827482CC-A977-43D7-835E-8E8B6978E66A,LGS_Sensor,adv,False,offline,,,,,,,,,-64
1775851989.917172,827482CC-A977-43D7-835E-8E8B6978E66A,LGS_Sensor,gatt,False,offline,,,,,,,,,-64
1775851989.917172,827482CC-A977-43D7-835E-8E8B6978E66A,LGS_Sensor,webserver,True,active,,,18.51965,40.0,18.91,53.19,1.011,0.809,-64
1775851989.917172,FABCEA8B-7EC8-2594-4879-2B3B63989660,ThermoBeacon2,adv,False,offline,,,,,,,,,
1775851989.917172,FABCEA8B-7EC8-2594-4879-2B3B63989660,ThermoBeacon2,gatt,False,offline,,,,,,,,,
1775851989.917172,FABCEA8B-7EC8-2594-4879-2B3B63989660,ThermoBeacon2,webserver,False,offline,,,,,,,,,
1775851989.917172,C898B4F2-B452-7502-1A67-0536E77D49EA,sps,adv,False,offline,,,,,,,,,
1775851989.917172,C898B4F2-B452-7502-1A67-0536E77D49EA,sps,gatt,False,offline,,,,,,,,,
1775851989.917172,C898B4F2-B452-7502-1A67-0536E77D49EA,sps,webserver,False,offline,,,,,,,,,
1775851989.917172,FF-FF-A1-00-00-01,LGS_NODE_17,adv,False,offline,,,,,,,,,
1775851989.917172,FF-FF-A1-00-00-01,LGS_NODE_17,gatt,False,offline,,,,,,,,,
1775851989.917172,FF-FF-A1-00-00-01,LGS_NODE_17,webserver,False,offline,,,,,,,,,
1775852049.946526,827482CC-A977-43D7-835E-8E8B6978E66A,LGS_Sensor,adv,False,offline,,,,,,,,,-64
1775852049.946526,827482CC-A977-43D7-835E-8E8B6978E66A,LGS_Sensor,gatt,False,offline,,,,,,,,,-64
1775852049.946526,827482CC-A977-43D7-835E-8E8B6978E66A,LGS_Sensor,webserver,True,active,,,18.50396,40.0,18.93,53.24,1.01,0.809,-64
1775852049.946526,FABCEA8B-7EC8-2594-4879-2B3B63989660,ThermoBeacon2,adv,False,offline,,,,,,,,,
1775852049.946526,FABCEA8B-7EC8-2594-4879-2B3B63989660,ThermoBeacon2,gatt,False,offline,,,,,,,,,
1775852049.946526,FABCEA8B-7EC8-2594-4879-2B3B63989660,ThermoBeacon2,webserver,False,offline,,,,,,,,,
1775852049.946526,C898B4F2-B452-7502-1A67-0536E77D49EA,sps,adv,False,offline,,,,,,,,,
1775852049.946526,C898B4F2-B452-7502-1A67-0536E77D49EA,sps,gatt,False,offline,,,,,,,,,
1775852049.946526,C898B4F2-B452-7502-1A67-0536E77D49EA,sps,webserver,False,offline,,,,,,,,,
1775852049.946526,FF-FF-A1-00-00-01,LGS_NODE_17,adv,False,offline,,,,,,,,,
1775852049.946526,FF-FF-A1-00-00-01,LGS_NODE_17,gatt,False,offline,,,,,,,,,
1775852049.946526,FF-FF-A1-00-00-01,LGS_NODE_17,webserver,False,offline,,,,,,,,,
1775852109.9810739,827482CC-A977-43D7-835E-8E8B6978E66A,LGS_Sensor,adv,True,active,,D302A211076314D707370FA009F601A3000043,18.47,40.0,18.91,53.35,1.008,0.806,-65
1775852109.9810739,827482CC-A977-43D7-835E-8E8B6978E66A,LGS_Sensor,gatt,False,offline,,,,,,,,,-65
1775852109.9810739,827482CC-A977-43D7-835E-8E8B6978E66A,LGS_Sensor,webserver,True,active,,,18.40823,40.0,18.91,53.31,1.004,0.807,-65
1775852109.9810739,FABCEA8B-7EC8-2594-4879-2B3B63989660,ThermoBeacon2,adv,False,offline,,190019060000F1F01A104E015803FFFFFFFFD4BC2C00,,,,,,,
1775852109.9810739,FABCEA8B-7EC8-2594-4879-2B3B63989660,ThermoBeacon2,gatt,False,offline,,,,,,,,,
1775852109.9810739,FABCEA8B-7EC8-2594-4879-2B3B63989660,ThermoBeacon2,webserver,False,offline,,,,,,,,,
1775852109.9810739,C898B4F2-B452-7502-1A67-0536E77D49EA,sps,adv,False,offline,,E108C21700347A1B08,,,,,,,
1775852109.9810739,C898B4F2-B452-7502-1A67-0536E77D49EA,sps,gatt,False,offline,,,,,,,,,
1775852109.9810739,C898B4F2-B452-7502-1A67-0536E77D49EA,sps,webserver,False,offline,,,,,,,,,
1775852109.9810739,FF-FF-A1-00-00-01,LGS_NODE_17,adv,True,active,,7445A1110AE80D387E,27.92,33.84,,,2.0,,-51
1775852109.9810739,FF-FF-A1-00-00-01,LGS_NODE_17,gatt,False,offline,,,,,,,,,-51
1775852109.9810739,FF-FF-A1-00-00-01,LGS_NODE_17,webserver,False,offline,,,,,,,,,-51
1775852170.086432,827482CC-A977-43D7-835E-8E8B6978E66A,LGS_Sensor,adv,True,active,,D302A211076614CF07340FA009F601A300004F,18.44,40.0,18.94,53.27,1.006,0.809,-66
1775852170.086432,827482CC-A977-43D7-835E-8E8B6978E66A,LGS_Sensor,gatt,False,offline,,,,,,,,,-66
1775852170.086432,827482CC-A977-43D7-835E-8E8B6978E66A,LGS_Sensor,webserver,True,active,,,18.49572,40.0,18.93,53.27,1.01,0.809,-66
1775852170.086432,FABCEA8B-7EC8-2594-4879-2B3B63989660,ThermoBeacon2,adv,True,active,,190019060000F1F016104E015B03FFFFFFFF17BD2C00,20.875,53.6875,,,0.907,,-57
1775852170.086432,FABCEA8B-7EC8-2594-4879-2B3B63989660,ThermoBeacon2,gatt,False,offline,,,,,,,,,-57
1775852170.086432,FABCEA8B-7EC8-2594-4879-2B3B63989660,ThermoBeacon2,webserver,False,offline,,,,,,,,,-57
1775852170.086432,C898B4F2-B452-7502-1A67-0536E77D49EA,sps,adv,True,active,,E108B6170074601C08,22.73,60.7,,,0.865,,-57
1775852170.086432,C898B4F2-B452-7502-1A67-0536E77D49EA,sps,gatt,False,offline,,,,,,,,,-57
1775852170.086432,C898B4F2-B452-7502-1A67-0536E77D49EA,sps,webserver,False,offline,,,,,,,,,-57
1775852170.086432,FF-FF-A1-00-00-01,LGS_NODE_17,adv,True,active,,7445A1110AE80D388B,27.92,33.84,,,2.0,,-50
1775852170.086432,FF-FF-A1-00-00-01,LGS_NODE_17,gatt,False,offline,,,,,,,,,-50
1775852170.086432,FF-FF-A1-00-00-01,LGS_NODE_17,webserver,False,offline,,,,,,,,,-50
1775852230.1288629,827482CC-A977-43D7-835E-8E8B6978E66A,LGS_Sensor,adv,True,active,,D302A211076314D207360FA009F601A300005B,18.46,40.0,18.91,53.3,1.007,0.807,-65
1775852230.1288629,827482CC-A977-43D7-835E-8E8B6978E66A,LGS_Sensor,gatt,False,offline,,,,,,,,,-65
1775852230.1288629,827482CC-A977-43D7-835E-8E8B6978E66A,LGS_Sensor,webserver,True,active,,,18.42694,40.0,18.91,53.33,1.005,0.807,-65
1775852230.1288629,FABCEA8B-7EC8-2594-4879-2B3B63989660,ThermoBeacon2,adv,True,active,,190019060000F1F016104E015D03FFFFFFFF51BD2C00,20.875,53.8125,,,0.905,,-58
1775852230.1288629,FABCEA8B-7EC8-2594-4879-2B3B63989660,ThermoBeacon2,gatt,False,offline,,,,,,,,,-58
1775852230.1288629,FABCEA8B-7EC8-2594-4879-2B3B63989660,ThermoBeacon2,webserver,False,offline,,,,,,,,,-58
1775852230.1288629,C898B4F2-B452-7502-1A67-0536E77D49EA,sps,adv,True,active,,E1088F1700A46D1C08,22.73,60.31,,,0.874,,-58
1775852230.1288629,C898B4F2-B452-7502-1A67-0536E77D49EA,sps,gatt,False,offline,,,,,,,,,-58
1775852230.1288629,C898B4F2-B452-7502-1A67-0536E77D49EA,sps,webserver,False,offline,,,,,,,,,-58
1775852230.1288629,FF-FF-A1-00-00-01,LGS_NODE_17,adv,True,active,,7445A1110AE80D3897,27.92,33.84,,,2.0,,-52
1775852230.1288629,FF-FF-A1-00-00-01,LGS_NODE_17,gatt,False,offline,,,,,,,,,-52
1775852230.1288629,FF-FF-A1-00-00-01,LGS_NODE_17,webserver,False,offline,,,,,,,,,-52
1775852290.192498,827482CC-A977-43D7-835E-8E8B6978E66A,LGS_Sensor,adv,True,active,,D302A211076114E107380FA009F601A3000001,18.48,40.0,18.89,53.45,1.009,0.804,-65
1775852290.192498,827482CC-A977-43D7-835E-8E8B6978E66A,LGS_Sensor,gatt,False,offline,,,,,,,,,-65
1775852290.192498,827482CC-A977-43D7-835E-8E8B6978E66A,LGS_Sensor,webserver,True,active,,,18.55404,40.0,18.9,53.42,1.014,0.805,-65
1775852290.192498,FABCEA8B-7EC8-2594-4879-2B3B63989660,ThermoBeacon2,adv,True,active,,190019060000F1F01A104E015703FFFFFFFF90BD2C00,20.875,53.4375,,,0.912,,-62
1775852290.192498,FABCEA8B-7EC8-2594-4879-2B3B63989660,ThermoBeacon2,gatt,False,offline,,,,,,,,,-62
1775852290.192498,FABCEA8B-7EC8-2594-4879-2B3B63989660,ThermoBeacon2,webserver,False,offline,,,,,,,,,-62
1775852290.192498,C898B4F2-B452-7502-1A67-0536E77D49EA,sps,adv,True,active,,E7089417005C6A1C08,22.79,60.36,,,0.876,,-60
1775852290.192498,C898B4F2-B452-7502-1A67-0536E77D49EA,sps,gatt,False,offline,,,,,,,,,-60
1775852290.192498,C898B4F2-B452-7502-1A67-0536E77D49EA,sps,webserver,False,offline,,,,,,,,,-60
1775852290.192498,FF-FF-A1-00-00-01,LGS_NODE_17,adv,True,active,,7445A1110AE80D38A3,27.92,33.84,,,2.0,,-51
1775852290.192498,FF-FF-A1-00-00-01,LGS_NODE_17,gatt,False,offline,,,,,,,,,-51
1775852290.192498,FF-FF-A1-00-00-01,LGS_NODE_17,webserver,False,offline,,,,,,,,,-51
1775852350.248451,827482CC-A977-43D7-835E-8E8B6978E66A,LGS_Sensor,adv,True,active,,D302A211076514DC07380FA009F601A300000D,18.48,40.0,18.93,53.4,1.009,0.806,-66
1775852350.248451,827482CC-A977-43D7-835E-8E8B6978E66A,LGS_Sensor,gatt,False,offline,,,,,,,,,-66
1775852350.248451,827482CC-A977-43D7-835E-8E8B6978E66A,LGS_Sensor,webserver,True,active,,,18.55853,40.0,18.93,53.34,1.014,0.807,-66
1775852350.248451,FABCEA8B-7EC8-2594-4879-2B3B63989660,ThermoBeacon2,adv,True,active,,190019060000F1F016104E015C03FFFFFFFFC9BD2C00,20.875,53.75,,,0.906,,-60
1775852350.248451,FABCEA8B-7EC8-2594-4879-2B3B63989660,ThermoBeacon2,gatt,False,offline,,,,,,,,,-60
1775852350.248451,FABCEA8B-7EC8-2594-4879-2B3B63989660,ThermoBeacon2,webserver,False,offline,,,,,,,,,-60
1775852350.248451,C898B4F2-B452-7502-1A67-0536E77D49EA,sps,adv,True,active,,E108CA1700B5B81C08,22.73,60.9,,,0.861,,-58
1775852350.248451,C898B4F2-B452-7502-1A67-0536E77D49EA,sps,gatt,False,offline,,,,,,,,,-58
1775852350.248451,C898B4F2-B452-7502-1A67-0536E77D49EA,sps,webserver,False,offline,,,,,,,,,-58
1775852350.248451,FF-FF-A1-00-00-01,LGS_NODE_17,adv,True,active,,7445A111076314DFAE,18.91,53.43,,,0.805,,-59
1775852350.248451,FF-FF-A1-00-00-01,LGS_NODE_17,gatt,False,offline,,,,,,,,,-59
1775852350.248451,FF-FF-A1-00-00-01,LGS_NODE_17,webserver,False,offline,,,,,,,,,-59
1775852386.2896059,827482CC-A977-43D7-835E-8E8B6978E66A,LGS_Sensor,adv,False,offline,,,,,,,,,-64
1775852386.2896059,827482CC-A977-43D7-835E-8E8B6978E66A,LGS_Sensor,gatt,False,offline,,,,,,,,,-64
1775852386.2896059,827482CC-A977-43D7-835E-8E8B6978E66A,LGS_Sensor,webserver,True,active,,,18.44415,40.0,18.91,53.45,1.006,0.805,-64
1775852386.2896059,FABCEA8B-7EC8-2594-4879-2B3B63989660,ThermoBeacon2,adv,False,offline,,,,,,,,,
1775852386.2896059,FABCEA8B-7EC8-2594-4879-2B3B63989660,ThermoBeacon2,gatt,False,offline,,,,,,,,,
1775852386.2896059,FABCEA8B-7EC8-2594-4879-2B3B63989660,ThermoBeacon2,webserver,False,offline,,,,,,,,,
1775852386.2896059,C898B4F2-B452-7502-1A67-0536E77D49EA,sps,adv,False,offline,,,,,,,,,
1775852386.2896059,C898B4F2-B452-7502-1A67-0536E77D49EA,sps,gatt,False,offline,,,,,,,,,
1775852386.2896059,C898B4F2-B452-7502-1A67-0536E77D49EA,sps,webserver,False,offline,,,,,,,,,
1775852386.2896059,FF-FF-A1-00-00-01,LGS_NODE_17,adv,False,offline,,,,,,,,,
1775852386.2896059,FF-FF-A1-00-00-01,LGS_NODE_17,gatt,False,offline,,,,,,,,,
1775852386.2896059,FF-FF-A1-00-00-01,LGS_NODE_17,webserver,False,offline,,,,,,,,,
1775852426.38367,827482CC-A977-43D7-835E-8E8B6978E66A,LGS_Sensor,adv,False,offline,,,,,,,,,-64
1775852426.38367,827482CC-A977-43D7-835E-8E8B6978E66A,LGS_Sensor,gatt,False,offline,,,,,,,,,-64
1775852426.38367,827482CC-A977-43D7-835E-8E8B6978E66A,LGS_Sensor,webserver,True,active,,,18.39776,40.0,18.9,53.45,1.003,0.804,-64
1775852426.38367,FABCEA8B-7EC8-2594-4879-2B3B63989660,ThermoBeacon2,adv,False,offline,,,,,,,,,
1775852426.38367,FABCEA8B-7EC8-2594-4879-2B3B63989660,ThermoBeacon2,gatt,False,offline,,,,,,,,,
1775852426.38367,FABCEA8B-7EC8-2594-4879-2B3B63989660,ThermoBeacon2,webserver,False,offline,,,,,,,,,
1775852426.38367,C898B4F2-B452-7502-1A67-0536E77D49EA,sps,adv,False,offline,,,,,,,,,
1775852426.38367,C898B4F2-B452-7502-1A67-0536E77D49EA,sps,gatt,False,offline,,,,,,,,,
1775852426.38367,C898B4F2-B452-7502-1A67-0536E77D49EA,sps,webserver,False,offline,,,,,,,,,
1775852426.38367,FF-FF-A1-00-00-01,LGS_NODE_17,adv,False,offline,,,,,,,,,
1775852426.38367,FF-FF-A1-00-00-01,LGS_NODE_17,gatt,False,offline,,,,,,,,,
1775852426.38367,FF-FF-A1-00-00-01,LGS_NODE_17,webserver,False,offline,,,,,,,,,
1775852486.487162,827482CC-A977-43D7-835E-8E8B6978E66A,LGS_Sensor,adv,True,active,,D302A211076714DB07380FA009F601A3000028,18.48,40.0,18.95,53.39,1.009,0.808,-64
1775852486.487162,827482CC-A977-43D7-835E-8E8B6978E66A,LGS_Sensor,gatt,False,offline,,,,,,,,,-64
1775852486.487162,827482CC-A977-43D7-835E-8E8B6978E66A,LGS_Sensor,webserver,True,active,,,18.40524,40.0,18.94,53.4,1.004,0.807,-64
1775852486.487162,FABCEA8B-7EC8-2594-4879-2B3B63989660,ThermoBeacon2,adv,False,offline,,190019060000F1F016104E015E03FFFFFFFF39BE2C00,,,,,,,
1775852486.487162,FABCEA8B-7EC8-2594-4879-2B3B63989660,ThermoBeacon2,gatt,False,offline,,,,,,,,,
1775852486.487162,FABCEA8B-7EC8-2594-4879-2B3B63989660,ThermoBeacon2,webserver,False,offline,,,,,,,,,
1775852486.487162,C898B4F2-B452-7502-1A67-0536E77D49EA,sps,adv,True,active,,E708CB17006C781C08,22.79,60.91,,,0.864,,-60
1775852486.487162,C898B4F2-B452-7502-1A67-0536E77D49EA,sps,gatt,False,offline,,,,,,,,,-60
1775852486.487162,C898B4F2-B452-7502-1A67-0536E77D49EA,sps,webserver,False,offline,,,,,,,,,-60
1775852486.487162,FF-FF-A1-00-00-01,LGS_NODE_17,adv,True,active,,7445A111076514DDC8,18.93,53.41,,,0.806,,-57
1775852486.487162,FF-FF-A1-00-00-01,LGS_NODE_17,gatt,False,offline,,,,,,,,,-57
1775852486.487162,FF-FF-A1-00-00-01,LGS_NODE_17,webserver,False,offline,,,,,,,,,-57
1775852546.560422,827482CC-A977-43D7-835E-8E8B6978E66A,LGS_Sensor,adv,True,active,,D302A211076514DF07430FA009F601A3000034,18.59,40.0,18.93,53.43,1.016,0.806,-63
1775852546.560422,827482CC-A977-43D7-835E-8E8B6978E66A,LGS_Sensor,gatt,False,offline,,,,,,,,,-63
1775852546.560422,827482CC-A977-43D7-835E-8E8B6978E66A,LGS_Sensor,webserver,True,active,,,18.44564,40.0,18.94,53.44,1.006,0.806,-63
1775852546.560422,FABCEA8B-7EC8-2594-4879-2B3B63989660,ThermoBeacon2,adv,True,active,,190019060000F1F01A104E015B03FFFFFFFF90BE2C00,20.875,53.6875,,,0.907,,-58
1775852546.560422,FABCEA8B-7EC8-2594-4879-2B3B63989660,ThermoBeacon2,gatt,False,offline,,,,,,,,,-58
1775852546.560422,FABCEA8B-7EC8-2594-4879-2B3B63989660,ThermoBeacon2,webserver,False,offline,,,,,,,,,-58
1775852546.560422,C898B4F2-B452-7502-1A67-0536E77D49EA,sps,adv,True,active,,E208B4170091A01B08,22.74,60.68,,,0.866,,-60
1775852546.560422,C898B4F2-B452-7502-1A67-0536E77D49EA,sps,gatt,False,offline,,,,,,,,,-60
1775852546.560422,C898B4F2-B452-7502-1A67-0536E77D49EA,sps,webserver,False,offline,,,,,,,,,-60
1775852546.560422,FF-FF-A1-00-00-01,LGS_NODE_17,adv,True,active,,7445A111076514E1D4,18.93,53.45,,,0.806,,-61
1775852546.560422,FF-FF-A1-00-00-01,LGS_NODE_17,gatt,False,offline,,,,,,,,,-61
1775852546.560422,FF-FF-A1-00-00-01,LGS_NODE_17,webserver,False,offline,,,,,,,,,-61
1775852606.551564,827482CC-A977-43D7-835E-8E8B6978E66A,LGS_Sensor,adv,True,active,,D302A211076614E1072C0FA009F601A2000040,18.36,40.0,18.94,53.45,1.001,0.806,-63
1775852606.551564,827482CC-A977-43D7-835E-8E8B6978E66A,LGS_Sensor,gatt,False,offline,,,,,,,,,-63
1775852606.551564,827482CC-A977-43D7-835E-8E8B6978E66A,LGS_Sensor,webserver,True,active,,,18.5249,40.0,18.93,53.47,1.012,0.805,-63
1775852606.551564,FABCEA8B-7EC8-2594-4879-2B3B63989660,ThermoBeacon2,adv,True,active,,190019060000F1F016104E015B03FFFFFFFFCABE2C00,20.875,53.6875,,,0.907,,-59
1775852606.551564,FABCEA8B-7EC8-2594-4879-2B3B63989660,ThermoBeacon2,gatt,False,offline,,,,,,,,,-59
1775852606.551564,FABCEA8B-7EC8-2594-4879-2B3B63989660,ThermoBeacon2,webserver,False,offline,,,,,,,,,-59
1775852606.551564,C898B4F2-B452-7502-1A67-0536E77D49EA,sps,adv,True,active,,E7089417005C6A1B08,22.79,60.36,,,0.876,,-61
1775852606.551564,C898B4F2-B452-7502-1A67-0536E77D49EA,sps,gatt,False,offline,,,,,,,,,-61
1775852606.551564,C898B4F2-B452-7502-1A67-0536E77D49EA,sps,webserver,False,offline,,,,,,,,,-61
1775852606.551564,FF-FF-A1-00-00-01,LGS_NODE_17,adv,True,active,,7445A111076314DFE0,18.91,53.43,,,0.805,,-52
1775852606.551564,FF-FF-A1-00-00-01,LGS_NODE_17,gatt,False,offline,,,,,,,,,-52
1775852606.551564,FF-FF-A1-00-00-01,LGS_NODE_17,webserver,False,offline,,,,,,,,,-52
1775852666.642317,827482CC-A977-43D7-835E-8E8B6978E66A,LGS_Sensor,adv,True,active,,D302A211076614E3073E0FA009F601A300004B,18.54,40.0,18.94,53.47,1.013,0.806,-64
1775852666.642317,827482CC-A977-43D7-835E-8E8B6978E66A,LGS_Sensor,gatt,False,offline,,,,,,,,,-64
1775852666.642317,827482CC-A977-43D7-835E-8E8B6978E66A,LGS_Sensor,webserver,True,active,,,18.48525,40.0,18.93,53.45,1.009,0.806,-64
1775852666.642317,FABCEA8B-7EC8-2594-4879-2B3B63989660,ThermoBeacon2,adv,True,active,,190019060000F1F016104E015D03FFFFFFFF04BF2C00,20.875,53.8125,,,0.905,,-57
1775852666.642317,FABCEA8B-7EC8-2594-4879-2B3B63989660,ThermoBeacon2,gatt,False,offline,,,,,,,,,-57
1775852666.642317,FABCEA8B-7EC8-2594-4879-2B3B63989660,ThermoBeacon2,webserver,False,offline,,,,,,,,,-57
1775852666.642317,C898B4F2-B452-7502-1A67-0536E77D49EA,sps,adv,True,active,,E108A3170065A41B08,22.73,60.51,,,0.869,,-59
1775852666.642317,C898B4F2-B452-7502-1A67-0536E77D49EA,sps,gatt,False,offline,,,,,,,,,-59
1775852666.642317,C898B4F2-B452-7502-1A67-0536E77D49EA,sps,webserver,False,offline,,,,,,,,,-59
1775852666.642317,FF-FF-A1-00-00-01,LGS_NODE_17,adv,True,active,,7445A111076514E4EC,18.93,53.48,,,0.805,,-58
1775852666.642317,FF-FF-A1-00-00-01,LGS_NODE_17,gatt,False,offline,,,,,,,,,-58
1775852666.642317,FF-FF-A1-00-00-01,LGS_NODE_17,webserver,False,offline,,,,,,,,,-58
1775852702.8132548,827482CC-A977-43D7-835E-8E8B6978E66A,LGS_Sensor,adv,False,offline,,,,,,,,,-66
1775852702.8132548,827482CC-A977-43D7-835E-8E8B6978E66A,LGS_Sensor,gatt,False,offline,,,,,,,,,-66
1775852702.8132548,827482CC-A977-43D7-835E-8E8B6978E66A,LGS_Sensor,webserver,True,active,,,18.44863,40.0,18.89,53.58,1.007,0.801,-66
1775852702.8132548,FABCEA8B-7EC8-2594-4879-2B3B63989660,ThermoBeacon2,adv,False,offline,,,,,,,,,
1775852702.8132548,FABCEA8B-7EC8-2594-4879-2B3B63989660,ThermoBeacon2,gatt,False,offline,,,,,,,,,
1775852702.8132548,FABCEA8B-7EC8-2594-4879-2B3B63989660,ThermoBeacon2,webserver,False,offline,,,,,,,,,
1775852702.8132548,C898B4F2-B452-7502-1A67-0536E77D49EA,sps,adv,False,offline,,,,,,,,,
1775852702.8132548,C898B4F2-B452-7502-1A67-0536E77D49EA,sps,gatt,False,offline,,,,,,,,,
1775852702.8132548,C898B4F2-B452-7502-1A67-0536E77D49EA,sps,webserver,False,offline,,,,,,,,,
1775852702.8132548,FF-FF-A1-00-00-01,LGS_NODE_17,adv,False,offline,,,,,,,,,
1775852702.8132548,FF-FF-A1-00-00-01,LGS_NODE_17,gatt,False,offline,,,,,,,,,
1775852702.8132548,FF-FF-A1-00-00-01,LGS_NODE_17,webserver,False,offline,,,,,,,,,
1775852730.853858,827482CC-A977-43D7-835E-8E8B6978E66A,LGS_Sensor,adv,False,offline,,,,,,,,,-64
1775852730.853858,827482CC-A977-43D7-835E-8E8B6978E66A,LGS_Sensor,gatt,False,offline,,,,,,,,,-64
1775852730.853858,827482CC-A977-43D7-835E-8E8B6978E66A,LGS_Sensor,webserver,True,active,,,18.39102,40.0,18.91,53.56,1.003,0.803,-64
1775852730.853858,FABCEA8B-7EC8-2594-4879-2B3B63989660,ThermoBeacon2,adv,False,offline,,,,,,,,,
1775852730.853858,FABCEA8B-7EC8-2594-4879-2B3B63989660,ThermoBeacon2,gatt,False,offline,,,,,,,,,
1775852730.853858,FABCEA8B-7EC8-2594-4879-2B3B63989660,ThermoBeacon2,webserver,False,offline,,,,,,,,,
1775852730.853858,C898B4F2-B452-7502-1A67-0536E77D49EA,sps,adv,False,offline,,,,,,,,,
1775852730.853858,C898B4F2-B452-7502-1A67-0536E77D49EA,sps,gatt,False,offline,,,,,,,,,
1775852730.853858,C898B4F2-B452-7502-1A67-0536E77D49EA,sps,webserver,False,offline,,,,,,,,,
1775852730.853858,FF-FF-A1-00-00-01,LGS_NODE_17,adv,False,offline,,,,,,,,,
1775852730.853858,FF-FF-A1-00-00-01,LGS_NODE_17,gatt,False,offline,,,,,,,,,
1775852730.853858,FF-FF-A1-00-00-01,LGS_NODE_17,webserver,False,offline,,,,,,,,,
1775852790.9580119,827482CC-A977-43D7-835E-8E8B6978E66A,LGS_Sensor,adv,True,active,,D302A211076514F007340FA009F601A3000065,18.44,40.0,18.93,53.6,1.006,0.803,-64
1775852790.9580119,827482CC-A977-43D7-835E-8E8B6978E66A,LGS_Sensor,gatt,False,offline,,,,,,,,,-64
1775852790.9580119,827482CC-A977-43D7-835E-8E8B6978E66A,LGS_Sensor,webserver,True,active,,,18.48751,40.0,18.91,53.6,1.009,0.802,-64
1775852790.9580119,FABCEA8B-7EC8-2594-4879-2B3B63989660,ThermoBeacon2,adv,True,active,,190019060000F1F01A104E015903FFFFFFFF86BF2C00,20.875,53.5625,,,0.91,,-58
1775852790.9580119,FABCEA8B-7EC8-2594-4879-2B3B63989660,ThermoBeacon2,gatt,False,offline,,,,,,,,,-58
1775852790.9580119,FABCEA8B-7EC8-2594-4879-2B3B63989660,ThermoBeacon2,webserver,False,offline,,,,,,,,,-58
1775852790.9580119,C898B4F2-B452-7502-1A67-0536E77D49EA,sps,adv,False,offline,,E108A8170014661B08,,,,,,,
1775852790.9580119,C898B4F2-B452-7502-1A67-0536E77D49EA,sps,gatt,False,offline,,,,,,,,,
1775852790.9580119,C898B4F2-B452-7502-1A67-0536E77D49EA,sps,webserver,False,offline,,,,,,,,,
1775852790.9580119,FF-FF-A1-00-00-01,LGS_NODE_17,adv,True,active,,7445A111076314EE05,18.91,53.58,,,0.802,,-54
1775852790.9580119,FF-FF-A1-00-00-01,LGS_NODE_17,gatt,False,offline,,,,,,,,,-54
1775852790.9580119,FF-FF-A1-00-00-01,LGS_NODE_17,webserver,False,offline,,,,,,,,,-54
1775852851.016067,827482CC-A977-43D7-835E-8E8B6978E66A,LGS_Sensor,adv,True,active,,D302A211077B1501073C0FA009F601A3000071,18.52,40.0,19.15,53.77,1.011,0.811,-67
1775852851.016067,827482CC-A977-43D7-835E-8E8B6978E66A,LGS_Sensor,gatt,False,offline,,,,,,,,,-67
1775852851.016067,827482CC-A977-43D7-835E-8E8B6978E66A,LGS_Sensor,webserver,True,active,,,18.49948,40.0,19.21,53.76,1.01,0.815,-67
1775852851.016067,FABCEA8B-7EC8-2594-4879-2B3B63989660,ThermoBeacon2,adv,True,active,,190019060000F1F01A104E015A03FFFFFFFFBCBF2C00,20.875,53.625,,,0.909,,-63
1775852851.016067,FABCEA8B-7EC8-2594-4879-2B3B63989660,ThermoBeacon2,gatt,False,offline,,,,,,,,,-63
1775852851.016067,FABCEA8B-7EC8-2594-4879-2B3B63989660,ThermoBeacon2,webserver,False,offline,,,,,,,,,-63
1775852851.016067,C898B4F2-B452-7502-1A67-0536E77D49EA,sps,adv,True,active,,ED08BB1700F5A21C08,22.85,60.75,,,0.87,,-63
1775852851.016067,C898B4F2-B452-7502-1A67-0536E77D49EA,sps,gatt,False,offline,,,,,,,,,-63
1775852851.016067,C898B4F2-B452-7502-1A67-0536E77D49EA,sps,webserver,False,offline,,,,,,,,,-63
1775852851.016067,FF-FF-A1-00-00-01,LGS_NODE_17,adv,True,active,,7445A1110776150111,19.1,53.77,,,0.809,,-54
1775852851.016067,FF-FF-A1-00-00-01,LGS_NODE_17,gatt,False,offline,,,,,,,,,-54
1775852851.016067,FF-FF-A1-00-00-01,LGS_NODE_17,webserver,False,offline,,,,,,,,,-54
1775852911.0462432,827482CC-A977-43D7-835E-8E8B6978E66A,LGS_Sensor,adv,True,active,,D302A21107C6144007380FA009F601A300007D,18.48,40.0,19.9,51.84,1.009,0.887,-67
1775852911.0462432,827482CC-A977-43D7-835E-8E8B6978E66A,LGS_Sensor,gatt,False,offline,,,,,,,,,-67
1775852911.0462432,827482CC-A977-43D7-835E-8E8B6978E66A,LGS_Sensor,webserver,True,active,,,18.51217,40.0,19.93,51.81,1.011,0.889,-67
1775852911.0462432,FABCEA8B-7EC8-2594-4879-2B3B63989660,ThermoBeacon2,adv,True,active,,190019060000F1F01A104E016203FFFFFFFFFABF2C00,20.875,54.125,,,0.899,,-54
1775852911.0462432,FABCEA8B-7EC8-2594-4879-2B3B63989660,ThermoBeacon2,gatt,False,offline,,,,,,,,,-54
1775852911.0462432,FABCEA8B-7EC8-2594-4879-2B3B63989660,ThermoBeacon2,webserver,False,offline,,,,,,,,,-54
1775852911.0462432,C898B4F2-B452-7502-1A67-0536E77D49EA,sps,adv,True,active,,E408A0170059A41C08,22.76,60.48,,,0.872,,-67
1775852911.0462432,C898B4F2-B452-7502-1A67-0536E77D49EA,sps,gatt,False,offline,,,,,,,,,-67
1775852911.0462432,C898B4F2-B452-7502-1A67-0536E77D49EA,sps,webserver,False,offline,,,,,,,,,-67
1775852911.0462432,FF-FF-A1-00-00-01,LGS_NODE_17,adv,True,active,,7445A11107C514451D,19.89,51.89,,,0.885,,-55
1775852911.0462432,FF-FF-A1-00-00-01,LGS_NODE_17,gatt,False,offline,,,,,,,,,-55
1775852911.0462432,FF-FF-A1-00-00-01,LGS_NODE_17,webserver,False,offline,,,,,,,,,-55
1775852971.148057,827482CC-A977-43D7-835E-8E8B6978E66A,LGS_Sensor,adv,True,active,,D302A21107E413DC07330FA009F601A3000089,18.43,40.0,20.2,50.84,1.005,0.923,-68
1775852971.148057,827482CC-A977-43D7-835E-8E8B6978E66A,LGS_Sensor,gatt,False,offline,,,,,,,,,-68
1775852971.148057,827482CC-A977-43D7-835E-8E8B6978E66A,LGS_Sensor,webserver,True,active,,,18.49871,40.0,20.21,50.83,1.01,0.924,-68
1775852971.148057,FABCEA8B-7EC8-2594-4879-2B3B63989660,ThermoBeacon2,adv,True,active,,190019060000F1F01A104E015E03FFFFFFFF34C02C00,20.875,53.875,,,0.904,,-55
1775852971.148057,FABCEA8B-7EC8-2594-4879-2B3B63989660,ThermoBeacon2,gatt,False,offline,,,,,,,,,-55
1775852971.148057,FABCEA8B-7EC8-2594-4879-2B3B63989660,ThermoBeacon2,webserver,False,offline,,,,,,,,,-55
1775852971.148057,C898B4F2-B452-7502-1A67-0536E77D49EA,sps,adv,True,active,,ED08B3170074601B08,22.85,60.67,,,0.872,,-63
1775852971.148057,C898B4F2-B452-7502-1A67-0536E77D49EA,sps,gatt,False,offline,,,,,,,,,-63
1775852971.148057,C898B4F2-B452-7502-1A67-0536E77D49EA,sps,webserver,False,offline,,,,,,,,,-63
1775852971.148057,FF-FF-A1-00-00-01,LGS_NODE_17,adv,True,active,,7445A11107E113DD29,20.17,50.85,,,0.921,,-55
1775852971.148057,FF-FF-A1-00-00-01,LGS_NODE_17,gatt,False,offline,,,,,,,,,-55
1775852971.148057,FF-FF-A1-00-00-01,LGS_NODE_17,webserver,False,offline,,,,,,,,,-55
1775853031.1703548,827482CC-A977-43D7-835E-8E8B6978E66A,LGS_Sensor,adv,True,active,,D302A21107F313E7072E0FA009F601A3000095,18.38,40.0,20.35,50.95,1.002,0.929,-67
1775853031.1703548,827482CC-A977-43D7-835E-8E8B6978E66A,LGS_Sensor,gatt,False,offline,,,,,,,,,-67
1775853031.1703548,827482CC-A977-43D7-835E-8E8B6978E66A,LGS_Sensor,webserver,True,active,,,18.47256,40.0,20.34,50.92,1.008,0.929,-67
1775853031.1703548,FABCEA8B-7EC8-2594-4879-2B3B63989660,ThermoBeacon2,adv,True,active,,190019060000F1F016104E015F03FFFFFFFF6EC02C00,20.875,53.9375,,,0.902,,-55
1775853031.1703548,FABCEA8B-7EC8-2594-4879-2B3B63989660,ThermoBeacon2,gatt,False,offline,,,,,,,,,-55
1775853031.1703548,FABCEA8B-7EC8-2594-4879-2B3B63989660,ThermoBeacon2,webserver,False,offline,,,,,,,,,-55
1775853031.1703548,C898B4F2-B452-7502-1A67-0536E77D49EA,sps,adv,True,active,,E208AE1700B0671B08,22.74,60.62,,,0.867,,-62
1775853031.1703548,C898B4F2-B452-7502-1A67-0536E77D49EA,sps,gatt,False,offline,,,,,,,,,-62
1775853031.1703548,C898B4F2-B452-7502-1A67-0536E77D49EA,sps,webserver,False,offline,,,,,,,,,-62
1775853031.1703548,FF-FF-A1-00-00-01,LGS_NODE_17,adv,True,active,,7445A11107F513EA35,20.37,50.98,,,0.93,,-55
1775853031.1703548,FF-FF-A1-00-00-01,LGS_NODE_17,gatt,False,offline,,,,,,,,,-55
1775853031.1703548,FF-FF-A1-00-00-01,LGS_NODE_17,webserver,False,offline,,,,,,,,,-55
1775853048.419916,827482CC-A977-43D7-835E-8E8B6978E66A,LGS_Sensor,adv,False,offline,,,,,,,,,-67
1775853048.419916,827482CC-A977-43D7-835E-8E8B6978E66A,LGS_Sensor,gatt,False,offline,,,,,,,,,-67
1775853048.419916,827482CC-A977-43D7-835E-8E8B6978E66A,LGS_Sensor,webserver,True,active,,,18.48226,40.0,20.35,50.75,1.009,0.933,-67
1775853048.419916,FABCEA8B-7EC8-2594-4879-2B3B63989660,ThermoBeacon2,adv,False,offline,,,,,,,,,
1775853048.419916,FABCEA8B-7EC8-2594-4879-2B3B63989660,ThermoBeacon2,gatt,False,offline,,,,,,,,,
1775853048.419916,FABCEA8B-7EC8-2594-4879-2B3B63989660,ThermoBeacon2,webserver,False,offline,,,,,,,,,
1775853048.419916,C898B4F2-B452-7502-1A67-0536E77D49EA,sps,adv,False,offline,,,,,,,,,
1775853048.419916,C898B4F2-B452-7502-1A67-0536E77D49EA,sps,gatt,False,offline,,,,,,,,,
1775853048.419916,C898B4F2-B452-7502-1A67-0536E77D49EA,sps,webserver,False,offline,,,,,,,,,
1775853048.419916,FF-FF-A1-00-00-01,LGS_NODE_17,adv,False,offline,,,,,,,,,
1775853048.419916,FF-FF-A1-00-00-01,LGS_NODE_17,gatt,False,offline,,,,,,,,,
1775853048.419916,FF-FF-A1-00-00-01,LGS_NODE_17,webserver,False,offline,,,,,,,,,
1775853068.8083782,827482CC-A977-43D7-835E-8E8B6978E66A,LGS_Sensor,adv,False,offline,,,,,,,,,-67
1775853068.8083782,827482CC-A977-43D7-835E-8E8B6978E66A,LGS_Sensor,gatt,False,offline,,,,,,,,,-67
1775853068.8083782,827482CC-A977-43D7-835E-8E8B6978E66A,LGS_Sensor,webserver,True,active,,,18.45761,40.0,20.32,50.14,1.007,0.943,-67
1775853068.8083782,FABCEA8B-7EC8-2594-4879-2B3B63989660,ThermoBeacon2,adv,False,offline,,,,,,,,,
1775853068.8083782,FABCEA8B-7EC8-2594-4879-2B3B63989660,ThermoBeacon2,gatt,False,offline,,,,,,,,,
1775853068.8083782,FABCEA8B-7EC8-2594-4879-2B3B63989660,ThermoBeacon2,webserver,False,offline,,,,,,,,,
1775853068.8083782,C898B4F2-B452-7502-1A67-0536E77D49EA,sps,adv,False,offline,,,,,,,,,
1775853068.8083782,C898B4F2-B452-7502-1A67-0536E77D49EA,sps,gatt,False,offline,,,,,,,,,
1775853068.8083782,C898B4F2-B452-7502-1A67-0536E77D49EA,sps,webserver,False,offline,,,,,,,,,
1775853068.8083782,FF-FF-A1-00-00-01,LGS_NODE_17,adv,False,offline,,,,,,,,,
1775853068.8083782,FF-FF-A1-00-00-01,LGS_NODE_17,gatt,False,offline,,,,,,,,,
1775853068.8083782,FF-FF-A1-00-00-01,LGS_NODE_17,webserver,False,offline,,,,,,,,,
1775853128.929457,827482CC-A977-43D7-835E-8E8B6978E66A,LGS_Sensor,adv,True,active,,D302A21107F51387073A0FA009F601A30000A8,18.5,40.0,20.37,49.99,1.01,0.949,-67
1775853128.929457,827482CC-A977-43D7-835E-8E8B6978E66A,LGS_Sensor,gatt,False,offline,,,,,,,,,-67
1775853128.929457,827482CC-A977-43D7-835E-8E8B6978E66A,LGS_Sensor,webserver,True,active,,,18.53759,40.0,20.37,50.0,1.012,0.949,-67
1775853128.929457,FABCEA8B-7EC8-2594-4879-2B3B63989660,ThermoBeacon2,adv,True,active,,190019060000F1F016104E016303FFFFFFFFCFC02C00,20.875,54.1875,,,0.898,,-61
1775853128.929457,FABCEA8B-7EC8-2594-4879-2B3B63989660,ThermoBeacon2,gatt,False,offline,,,,,,,,,-61
1775853128.929457,FABCEA8B-7EC8-2594-4879-2B3B63989660,ThermoBeacon2,webserver,False,offline,,,,,,,,,-61
1775853128.929457,C898B4F2-B452-7502-1A67-0536E77D49EA,sps,adv,True,active,,E708A117004C641B08,22.79,60.49,,,0.873,,-63
1775853128.929457,C898B4F2-B452-7502-1A67-0536E77D49EA,sps,gatt,False,offline,,,,,,,,,-63
1775853128.929457,C898B4F2-B452-7502-1A67-0536E77D49EA,sps,webserver,False,offline,,,,,,,,,-63
1775853128.929457,FF-FF-A1-00-00-01,LGS_NODE_17,adv,True,active,,7445A11107F5138A48,20.37,50.02,,,0.948,,-55
1775853128.929457,FF-FF-A1-00-00-01,LGS_NODE_17,gatt,False,offline,,,,,,,,,-55
1775853128.929457,FF-FF-A1-00-00-01,LGS_NODE_17,webserver,False,offline,,,,,,,,,-55
1775853188.8382778,827482CC-A977-43D7-835E-8E8B6978E66A,LGS_Sensor,adv,True,active,,D302A21107F0139F073B0FA009F601A30000B4,18.51,40.0,20.32,50.23,1.011,0.941,-67
1775853188.8382778,827482CC-A977-43D7-835E-8E8B6978E66A,LGS_Sensor,gatt,False,offline,,,,,,,,,-67
1775853188.8382778,827482CC-A977-43D7-835E-8E8B6978E66A,LGS_Sensor,webserver,True,active,,,18.58093,40.0,20.34,50.23,1.015,0.943,-67
1775853188.8382778,FABCEA8B-7EC8-2594-4879-2B3B63989660,ThermoBeacon2,adv,True,active,,190019060000F1F016104E016003FFFFFFFF0EC12C00,20.875,54.0,,,0.901,,-55
1775853188.8382778,FABCEA8B-7EC8-2594-4879-2B3B63989660,ThermoBeacon2,gatt,False,offline,,,,,,,,,-55
1775853188.8382778,FABCEA8B-7EC8-2594-4879-2B3B63989660,ThermoBeacon2,webserver,False,offline,,,,,,,,,-55
1775853188.8382778,C898B4F2-B452-7502-1A67-0536E77D49EA,sps,adv,True,active,,EC08C11700E9BB1C08,22.84,60.81,,,0.869,,-68
1775853188.8382778,C898B4F2-B452-7502-1A67-0536E77D49EA,sps,gatt,False,offline,,,,,,,,,-68
1775853188.8382778,C898B4F2-B452-7502-1A67-0536E77D49EA,sps,webserver,False,offline,,,,,,,,,-68
1775853188.8382778,FF-FF-A1-00-00-01,LGS_NODE_17,adv,True,active,,7445A11107F2139854,20.34,50.16,,,0.944,,-56
1775853188.8382778,FF-FF-A1-00-00-01,LGS_NODE_17,gatt,False,offline,,,,,,,,,-56
1775853188.8382778,FF-FF-A1-00-00-01,LGS_NODE_17,webserver,False,offline,,,,,,,,,-56
1775853248.962847,827482CC-A977-43D7-835E-8E8B6978E66A,LGS_Sensor,adv,True,active,,D302A21107F513AB07380FA009F601A30000C0,18.48,40.0,20.37,50.35,1.009,0.942,-66
1775853248.962847,827482CC-A977-43D7-835E-8E8B6978E66A,LGS_Sensor,gatt,False,offline,,,,,,,,,-66
1775853248.962847,827482CC-A977-43D7-835E-8E8B6978E66A,LGS_Sensor,webserver,True,active,,,18.49349,40.0,20.37,50.38,1.01,0.941,-66
1775853248.962847,FABCEA8B-7EC8-2594-4879-2B3B63989660,ThermoBeacon2,adv,True,active,,190019060000F1F016104E015C03FFFFFFFF47C12C00,20.875,53.75,,,0.906,,-56
1775853248.962847,FABCEA8B-7EC8-2594-4879-2B3B63989660,ThermoBeacon2,gatt,False,offline,,,,,,,,,-56
1775853248.962847,FABCEA8B-7EC8-2594-4879-2B3B63989660,ThermoBeacon2,webserver,False,offline,,,,,,,,,-56
1775853248.962847,C898B4F2-B452-7502-1A67-0536E77D49EA,sps,adv,True,active,,EA08C51700207A1C08,22.82,60.85,,,0.867,,-63
1775853248.962847,C898B4F2-B452-7502-1A67-0536E77D49EA,sps,gatt,False,offline,,,,,,,,,-63
1775853248.962847,C898B4F2-B452-7502-1A67-0536E77D49EA,sps,webserver,False,offline,,,,,,,,,-63
1775853248.962847,FF-FF-A1-00-00-01,LGS_NODE_17,adv,True,active,,7445A11107F513AE60,20.37,50.38,,,0.941,,-56
1775853248.962847,FF-FF-A1-00-00-01,LGS_NODE_17,gatt,False,offline,,,,,,,,,-56
1775853248.962847,FF-FF-A1-00-00-01,LGS_NODE_17,webserver,False,offline,,,,,,,,,-56
1775853309.032191,827482CC-A977-43D7-835E-8E8B6978E66A,LGS_Sensor,adv,True,active,,D302A21107F513A107410FA009F601A30000CB,18.57,40.0,20.37,50.25,1.015,0.944,-67
1775853309.032191,827482CC-A977-43D7-835E-8E8B6978E66A,LGS_Sensor,gatt,False,offline,,,,,,,,,-67
1775853309.032191,827482CC-A977-43D7-835E-8E8B6978E66A,LGS_Sensor,webserver,True,active,,,18.54281,40.0,20.37,50.23,1.013,0.944,-67
1775853309.032191,FABCEA8B-7EC8-2594-4879-2B3B63989660,ThermoBeacon2,adv,True,active,,190019060000F1F016104E016303FFFFFFFF8BC12C00,20.875,54.1875,,,0.898,,-62
1775853309.032191,FABCEA8B-7EC8-2594-4879-2B3B63989660,ThermoBeacon2,gatt,False,offline,,,,,,,,,-62
1775853309.032191,FABCEA8B-7EC8-2594-4879-2B3B63989660,ThermoBeacon2,webserver,False,offline,,,,,,,,,-62
1775853309.032191,C898B4F2-B452-7502-1A67-0536E77D49EA,sps,adv,True,active,,FB08CC17000C7B1B08,22.99,60.92,,,0.874,,-59
1775853309.032191,C898B4F2-B452-7502-1A67-0536E77D49EA,sps,gatt,False,offline,,,,,,,,,-59
1775853309.032191,C898B4F2-B452-7502-1A67-0536E77D49EA,sps,webserver,False,offline,,,,,,,,,-59
1775853309.032191,FF-FF-A1-00-00-01,LGS_NODE_17,adv,True,active,,7445A11107F7139F6C,20.39,50.23,,,0.946,,-55
1775853309.032191,FF-FF-A1-00-00-01,LGS_NODE_17,gatt,False,offline,,,,,,,,,-55
1775853309.032191,FF-FF-A1-00-00-01,LGS_NODE_17,webserver,False,offline,,,,,,,,,-55
1775853458.027044,827482CC-A977-43D7-835E-8E8B6978E66A,LGS_Sensor,adv,False,offline,,,,,,,,,-67
1775853458.027044,827482CC-A977-43D7-835E-8E8B6978E66A,LGS_Sensor,gatt,False,offline,,,,,,,,,-67
1775853458.027044,827482CC-A977-43D7-835E-8E8B6978E66A,LGS_Sensor,webserver,True,active,,,18.52114,40.0,20.23,50.41,1.011,0.933,-67
1775853458.027044,FABCEA8B-7EC8-2594-4879-2B3B63989660,ThermoBeacon2,adv,False,offline,,,,,,,,,
1775853458.027044,FABCEA8B-7EC8-2594-4879-2B3B63989660,ThermoBeacon2,gatt,False,offline,,,,,,,,,
1775853458.027044,FABCEA8B-7EC8-2594-4879-2B3B63989660,ThermoBeacon2,webserver,False,offline,,,,,,,,,
1775853458.027044,C898B4F2-B452-7502-1A67-0536E77D49EA,sps,adv,False,offline,,,,,,,,,
1775853458.027044,C898B4F2-B452-7502-1A67-0536E77D49EA,sps,gatt,False,offline,,,,,,,,,
1775853458.027044,C898B4F2-B452-7502-1A67-0536E77D49EA,sps,webserver,False,offline,,,,,,,,,
1775853458.027044,FF-FF-A1-00-00-01,LGS_NODE_17,adv,False,offline,,,,,,,,,
1775853458.027044,FF-FF-A1-00-00-01,LGS_NODE_17,gatt,False,offline,,,,,,,,,
1775853458.027044,FF-FF-A1-00-00-01,LGS_NODE_17,webserver,False,offline,,,,,,,,,
1775853518.108552,827482CC-A977-43D7-835E-8E8B6978E66A,LGS_Sensor,adv,True,active,,D302A21107ED13BE073C0FA009F601A30000F5,18.52,40.0,20.29,50.54,1.011,0.934,-68
1775853518.108552,827482CC-A977-43D7-835E-8E8B6978E66A,LGS_Sensor,gatt,False,offline,,,,,,,,,-68
1775853518.108552,827482CC-A977-43D7-835E-8E8B6978E66A,LGS_Sensor,webserver,True,active,,,18.51144,40.0,20.25,50.56,1.011,0.931,-68
1775853518.108552,FABCEA8B-7EC8-2594-4879-2B3B63989660,ThermoBeacon2,adv,True,active,,190019060000F1F01A104E015E03FFFFFFFF5BC22C00,20.875,53.875,,,0.904,,-55
1775853518.108552,FABCEA8B-7EC8-2594-4879-2B3B63989660,ThermoBeacon2,gatt,False,offline,,,,,,,,,-55
1775853518.108552,FABCEA8B-7EC8-2594-4879-2B3B63989660,ThermoBeacon2,webserver,False,offline,,,,,,,,,-55
1775853518.108552,C898B4F2-B452-7502-1A67-0536E77D49EA,sps,adv,True,active,,ED08B6170064611B08,22.85,60.7,,,0.872,,-59
1775853518.108552,C898B4F2-B452-7502-1A67-0536E77D49EA,sps,gatt,False,offline,,,,,,,,,-59
1775853518.108552,C898B4F2-B452-7502-1A67-0536E77D49EA,sps,webserver,False,offline,,,,,,,,,-59
1775853518.108552,FF-FF-A1-00-00-01,LGS_NODE_17,adv,True,active,,7445A11107E913B196,20.25,50.41,,,0.934,,-53
1775853518.108552,FF-FF-A1-00-00-01,LGS_NODE_17,gatt,False,offline,,,,,,,,,-53
1775853518.108552,FF-FF-A1-00-00-01,LGS_NODE_17,webserver,False,offline,,,,,,,,,-53
1775853578.147244,827482CC-A977-43D7-835E-8E8B6978E66A,LGS_Sensor,adv,True,active,,D302A21107E813B9072B0FA009F601A3000001,18.35,40.0,20.24,50.49,1.0,0.932,-66
1775853578.147244,827482CC-A977-43D7-835E-8E8B6978E66A,LGS_Sensor,gatt,False,offline,,,,,,,,,-66
1775853578.147244,827482CC-A977-43D7-835E-8E8B6978E66A,LGS_Sensor,webserver,True,active,,,18.50921,40.0,20.25,50.56,1.011,0.931,-66
1775853578.147244,FABCEA8B-7EC8-2594-4879-2B3B63989660,ThermoBeacon2,adv,True,active,,190019060000F1F016104E015E03FFFFFFFF95C22C00,20.875,53.875,,,0.904,,-55
1775853578.147244,FABCEA8B-7EC8-2594-4879-2B3B63989660,ThermoBeacon2,gatt,False,offline,,,,,,,,,-55
1775853578.147244,FABCEA8B-7EC8-2594-4879-2B3B63989660,ThermoBeacon2,webserver,False,offline,,,,,,,,,-55
1775853578.147244,C898B4F2-B452-7502-1A67-0536E77D49EA,sps,adv,True,active,,ED08C8170004791C08,22.85,60.88,,,0.868,,-62
1775853578.147244,C898B4F2-B452-7502-1A67-0536E77D49EA,sps,gatt,False,offline,,,,,,,,,-62
1775853578.147244,C898B4F2-B452-7502-1A67-0536E77D49EA,sps,webserver,False,offline,,,,,,,,,-62
1775853578.147244,FF-FF-A1-00-00-01,LGS_NODE_17,adv,True,active,,7445A11107E913B1A2,20.25,50.41,,,0.934,,-55
1775853578.147244,FF-FF-A1-00-00-01,LGS_NODE_17,gatt,False,offline,,,,,,,,,-55
1775853578.147244,FF-FF-A1-00-00-01,LGS_NODE_17,webserver,False,offline,,,,,,,,,-55
1775853732.222379,827482CC-A977-43D7-835E-8E8B6978E66A,LGS_Sensor,adv,False,offline,,,,,,,,,-68
1775853732.222379,827482CC-A977-43D7-835E-8E8B6978E66A,LGS_Sensor,gatt,False,offline,,,,,,,,,-68
1775853732.222379,827482CC-A977-43D7-835E-8E8B6978E66A,LGS_Sensor,webserver,True,active,,,18.47781,40.0,20.16,51.0,1.009,0.917,-68
1775853732.222379,FABCEA8B-7EC8-2594-4879-2B3B63989660,ThermoBeacon2,adv,False,offline,,,,,,,,,
1775853732.222379,FABCEA8B-7EC8-2594-4879-2B3B63989660,ThermoBeacon2,gatt,False,offline,,,,,,,,,
1775853732.222379,FABCEA8B-7EC8-2594-4879-2B3B63989660,ThermoBeacon2,webserver,False,offline,,,,,,,,,
1775853732.222379,C898B4F2-B452-7502-1A67-0536E77D49EA,sps,adv,False,offline,,,,,,,,,
1775853732.222379,C898B4F2-B452-7502-1A67-0536E77D49EA,sps,gatt,False,offline,,,,,,,,,
1775853732.222379,C898B4F2-B452-7502-1A67-0536E77D49EA,sps,webserver,False,offline,,,,,,,,,
1775853732.222379,FF-FF-A1-00-00-01,LGS_NODE_17,adv,False,offline,,,,,,,,,
1775853732.222379,FF-FF-A1-00-00-01,LGS_NODE_17,gatt,False,offline,,,,,,,,,
1775853732.222379,FF-FF-A1-00-00-01,LGS_NODE_17,webserver,False,offline,,,,,,,,,
1775853792.303533,827482CC-A977-43D7-835E-8E8B6978E66A,LGS_Sensor,adv,True,active,,D302A21107E713E307370FA009F601A300002C,18.47,40.0,20.23,50.91,1.008,0.923,-66
1775853792.303533,827482CC-A977-43D7-835E-8E8B6978E66A,LGS_Sensor,gatt,False,offline,,,,,,,,,-66
1775853792.303533,827482CC-A977-43D7-835E-8E8B6978E66A,LGS_Sensor,webserver,True,active,,,18.36032,40.0,20.23,50.92,1.001,0.923,-66
1775853792.303533,FABCEA8B-7EC8-2594-4879-2B3B63989660,ThermoBeacon2,adv,True,active,,190019060000F1F016104E016103FFFFFFFF6EC32C00,20.875,54.0625,,,0.9,,-55
1775853792.303533,FABCEA8B-7EC8-2594-4879-2B3B63989660,ThermoBeacon2,gatt,False,offline,,,,,,,,,-55
1775853792.303533,FABCEA8B-7EC8-2594-4879-2B3B63989660,ThermoBeacon2,webserver,False,offline,,,,,,,,,-55
1775853792.303533,C898B4F2-B452-7502-1A67-0536E77D49EA,sps,adv,True,active,,ED08C5170095BA1B08,22.85,60.85,,,0.868,,-68
1775853792.303533,C898B4F2-B452-7502-1A67-0536E77D49EA,sps,gatt,False,offline,,,,,,,,,-68
1775853792.303533,C898B4F2-B452-7502-1A67-0536E77D49EA,sps,webserver,False,offline,,,,,,,,,-68
1775853792.303533,FF-FF-A1-00-00-01,LGS_NODE_17,adv,True,active,,7445A11107E913B1CC,20.25,50.41,,,0.934,,-54
1775853792.303533,FF-FF-A1-00-00-01,LGS_NODE_17,gatt,False,offline,,,,,,,,,-54
1775853792.303533,FF-FF-A1-00-00-01,LGS_NODE_17,webserver,False,offline,,,,,,,,,-54
1775853852.359082,827482CC-A977-43D7-835E-8E8B6978E66A,LGS_Sensor,adv,True,active,,D302A21107E013F707330FA009F601A3000038,18.43,40.0,20.16,51.11,1.005,0.915,-66
1775853852.359082,827482CC-A977-43D7-835E-8E8B6978E66A,LGS_Sensor,gatt,False,offline,,,,,,,,,-66
1775853852.359082,827482CC-A977-43D7-835E-8E8B6978E66A,LGS_Sensor,webserver,True,active,,,18.52636,40.0,20.14,51.13,1.012,0.914,-66
1775853852.359082,FABCEA8B-7EC8-2594-4879-2B3B63989660,ThermoBeacon2,adv,True,active,,190019060000F1F01A104E016203FFFFFFFFA4C32C00,20.875,54.125,,,0.899,,-62
1775853852.359082,FABCEA8B-7EC8-2594-4879-2B3B63989660,ThermoBeacon2,gatt,False,offline,,,,,,,,,-62
1775853852.359082,FABCEA8B-7EC8-2594-4879-2B3B63989660,ThermoBeacon2,webserver,False,offline,,,,,,,,,-62
1775853852.359082,C898B4F2-B452-7502-1A67-0536E77D49EA,sps,adv,True,active,,FB08C217006DB81C08,22.99,60.82,,,0.877,,-67
1775853852.359082,C898B4F2-B452-7502-1A67-0536E77D49EA,sps,gatt,False,offline,,,,,,,,,-67
1775853852.359082,C898B4F2-B452-7502-1A67-0536E77D49EA,sps,webserver,False,offline,,,,,,,,,-67
1775853852.359082,FF-FF-A1-00-00-01,LGS_NODE_17,adv,True,active,,7445A11107E913B1D8,20.25,50.41,,,0.934,,-58
1775853852.359082,FF-FF-A1-00-00-01,LGS_NODE_17,gatt,False,offline,,,,,,,,,-58
1775853852.359082,FF-FF-A1-00-00-01,LGS_NODE_17,webserver,False,offline,,,,,,,,,-58
1775853912.46322,827482CC-A977-43D7-835E-8E8B6978E66A,LGS_Sensor,adv,True,active,,D302A21107DE140A07380FA009F601A3000044,18.48,40.0,20.14,51.3,1.009,0.911,-66
1775853912.46322,827482CC-A977-43D7-835E-8E8B6978E66A,LGS_Sensor,gatt,False,offline,,,,,,,,,-66
1775853912.46322,827482CC-A977-43D7-835E-8E8B6978E66A,LGS_Sensor,webserver,True,active,,,18.65411,40.0,20.13,51.36,1.02,0.909,-66
1775853912.46322,FABCEA8B-7EC8-2594-4879-2B3B63989660,ThermoBeacon2,adv,True,active,,190019060000F1F016104E015C03FFFFFFFFE7C32C00,20.875,53.75,,,0.906,,-65
1775853912.46322,FABCEA8B-7EC8-2594-4879-2B3B63989660,ThermoBeacon2,gatt,False,offline,,,,,,,,,-65
1775853912.46322,FABCEA8B-7EC8-2594-4879-2B3B63989660,ThermoBeacon2,webserver,False,offline,,,,,,,,,-65
1775853912.46322,C898B4F2-B452-7502-1A67-0536E77D49EA,sps,adv,True,active,,ED08DF1700B47D1908,22.85,61.11,,,0.863,,-59
1775853912.46322,C898B4F2-B452-7502-1A67-0536E77D49EA,sps,gatt,False,offline,,,,,,,,,-59
1775853912.46322,C898B4F2-B452-7502-1A67-0536E77D49EA,sps,webserver,False,offline,,,,,,,,,-59
1775853912.46322,FF-FF-A1-00-00-01,LGS_NODE_17,adv,True,active,,7445A11107E913B1E4,20.25,50.41,,,0.934,,-57
1775853912.46322,FF-FF-A1-00-00-01,LGS_NODE_17,gatt,False,offline,,,,,,,,,-57
1775853912.46322,FF-FF-A1-00-00-01,LGS_NODE_17,webserver,False,offline,,,,,,,,,-57
1775853972.510525,827482CC-A977-43D7-835E-8E8B6978E66A,LGS_Sensor,adv,True,active,,D302A21107DE13FD07340FA009F601A300004F,18.44,40.0,20.14,51.17,1.006,0.913,-66
1775853972.510525,827482CC-A977-43D7-835E-8E8B6978E66A,LGS_Sensor,gatt,False,offline,,,,,,,,,-66
1775853972.510525,827482CC-A977-43D7-835E-8E8B6978E66A,LGS_Sensor,webserver,True,active,,,18.4606,40.0,20.16,51.13,1.007,0.915,-66
1775853972.510525,FABCEA8B-7EC8-2594-4879-2B3B63989660,ThermoBeacon2,adv,True,active,,190019060000F1F01A104E016303FFFFFFFF21C42C00,20.875,54.1875,,,0.898,,-67
1775853972.510525,FABCEA8B-7EC8-2594-4879-2B3B63989660,ThermoBeacon2,gatt,False,offline,,,,,,,,,-67
1775853972.510525,FABCEA8B-7EC8-2594-4879-2B3B63989660,ThermoBeacon2,webserver,False,offline,,,,,,,,,-67
1775853972.510525,C898B4F2-B452-7502-1A67-0536E77D49EA,sps,adv,True,active,,E708BC1700DC621C08,22.79,60.76,,,0.867,,-59
1775853972.510525,C898B4F2-B452-7502-1A67-0536E77D49EA,sps,gatt,False,offline,,,,,,,,,-59
1775853972.510525,C898B4F2-B452-7502-1A67-0536E77D49EA,sps,webserver,False,offline,,,,,,,,,-59
1775853972.510525,FF-FF-A1-00-00-01,LGS_NODE_17,adv,True,active,,7445A11107E913B1F0,20.25,50.41,,,0.934,,-55
1775853972.510525,FF-FF-A1-00-00-01,LGS_NODE_17,gatt,False,offline,,,,,,,,,-55
1775853972.510525,FF-FF-A1-00-00-01,LGS_NODE_17,webserver,False,offline,,,,,,,,,-55
1775854032.544545,827482CC-A977-43D7-835E-8E8B6978E66A,LGS_Sensor,adv,True,active,,D302A21107DE140207400FA009F601A300005B,18.56,40.0,20.14,51.22,1.283,1.15,-65
1775854032.544545,827482CC-A977-43D7-835E-8E8B6978E66A,LGS_Sensor,gatt,False,offline,,,,,,,,,-65
1775854032.544545,827482CC-A977-43D7-835E-8E8B6978E66A,LGS_Sensor,webserver,True,active,,,18.50768,40.0,20.13,51.3,1.278,1.148,-65
1775854032.544545,FABCEA8B-7EC8-2594-4879-2B3B63989660,ThermoBeacon2,adv,True,active,,190019060000F1F016104E015E03FFFFFFFF5BC42C00,20.875,53.875,,,1.138,,-69
1775854032.544545,FABCEA8B-7EC8-2594-4879-2B3B63989660,ThermoBeacon2,gatt,False,offline,,,,,,,,,-69
1775854032.544545,FABCEA8B-7EC8-2594-4879-2B3B63989660,ThermoBeacon2,webserver,False,offline,,,,,,,,,-69
1775854032.544545,C898B4F2-B452-7502-1A67-0536E77D49EA,sps,adv,True,active,,EE08C01700C1BB1B08,22.86,60.8,,,1.092,,-71
1775854032.544545,C898B4F2-B452-7502-1A67-0536E77D49EA,sps,gatt,False,offline,,,,,,,,,-71
1775854032.544545,C898B4F2-B452-7502-1A67-0536E77D49EA,sps,webserver,False,offline,,,,,,,,,-71
1775854032.544545,FF-FF-A1-00-00-01,LGS_NODE_17,adv,True,active,,7445A11107E913B1FC,20.25,50.41,,,1.177,,-54
1775854032.544545,FF-FF-A1-00-00-01,LGS_NODE_17,gatt,False,offline,,,,,,,,,-54
1775854032.544545,FF-FF-A1-00-00-01,LGS_NODE_17,webserver,False,offline,,,,,,,,,-54
1775854092.5609238,827482CC-A977-43D7-835E-8E8B6978E66A,LGS_Sensor,adv,True,active,,D302A21107DE141007340FA009F601A3000067,18.44,40.0,20.14,51.36,1.273,1.147,-66
1775854092.5609238,827482CC-A977-43D7-835E-8E8B6978E66A,LGS_Sensor,gatt,False,offline,,,,,,,,,-66
1775854092.5609238,827482CC-A977-43D7-835E-8E8B6978E66A,LGS_Sensor,webserver,True,active,,,18.49648,40.0,20.13,51.31,1.277,1.148,-66
1775854092.5609238,FABCEA8B-7EC8-2594-4879-2B3B63989660,ThermoBeacon2,adv,True,active,,190019060000F1F01A104E016203FFFFFFFF9AC42C00,20.875,54.125,,,1.132,,-61
1775854092.5609238,FABCEA8B-7EC8-2594-4879-2B3B63989660,ThermoBeacon2,gatt,False,offline,,,,,,,,,-61
1775854092.5609238,FABCEA8B-7EC8-2594-4879-2B3B63989660,ThermoBeacon2,webserver,False,offline,,,,,,,,,-61
1775854092.5609238,C898B4F2-B452-7502-1A67-0536E77D49EA,sps,adv,True,active,,E708C517000DBB1B08,22.79,60.85,,,1.086,,-59
1775854092.5609238,C898B4F2-B452-7502-1A67-0536E77D49EA,sps,gatt,False,offline,,,,,,,,,-59
1775854092.5609238,C898B4F2-B452-7502-1A67-0536E77D49EA,sps,webserver,False,offline,,,,,,,,,-59
1775854092.5609238,FF-FF-A1-00-00-01,LGS_NODE_17,adv,True,active,,7445A11107E913B108,20.25,50.41,,,1.177,,-55
1775854092.5609238,FF-FF-A1-00-00-01,LGS_NODE_17,gatt,False,offline,,,,,,,,,-55
1775854092.5609238,FF-FF-A1-00-00-01,LGS_NODE_17,webserver,False,offline,,,,,,,,,-55
1775854152.664448,827482CC-A977-43D7-835E-8E8B6978E66A,LGS_Sensor,adv,True,active,,D302A21107DE13FB07440FA009F601A3000073,18.6,40.0,20.14,51.15,1.286,1.152,-67
1775854152.664448,827482CC-A977-43D7-835E-8E8B6978E66A,LGS_Sensor,gatt,False,offline,,,,,,,,,-67
1775854152.664448,827482CC-A977-43D7-835E-8E8B6978E66A,LGS_Sensor,webserver,True,active,,,18.40972,40.0,20.16,51.15,1.271,1.153,-67
1775854152.664448,FABCEA8B-7EC8-2594-4879-2B3B63989660,ThermoBeacon2,adv,True,active,,190019060000F1F016104E016003FFFFFFFFD9C42C00,20.875,54.0,,,1.135,,-55
1775854152.664448,FABCEA8B-7EC8-2594-4879-2B3B63989660,ThermoBeacon2,gatt,False,offline,,,,,,,,,-55
1775854152.664448,FABCEA8B-7EC8-2594-4879-2B3B63989660,ThermoBeacon2,webserver,False,offline,,,,,,,,,-55
1775854152.664448,C898B4F2-B452-7502-1A67-0536E77D49EA,sps,adv,True,active,,E7089E17007C681B08,22.79,60.46,,,1.097,,-59
1775854152.664448,C898B4F2-B452-7502-1A67-0536E77D49EA,sps,gatt,False,offline,,,,,,,,,-59
1775854152.664448,C898B4F2-B452-7502-1A67-0536E77D49EA,sps,webserver,False,offline,,,,,,,,,-59
1775854152.664448,FF-FF-A1-00-00-01,LGS_NODE_17,adv,True,active,,7445A11107E913B114,20.25,50.41,,,1.177,,-56
1775854152.664448,FF-FF-A1-00-00-01,LGS_NODE_17,gatt,False,offline,,,,,,,,,-56
1775854152.664448,FF-FF-A1-00-00-01,LGS_NODE_17,webserver,False,offline,,,,,,,,,-56
1775854212.75711,827482CC-A977-43D7-835E-8E8B6978E66A,LGS_Sensor,adv,True,active,,D302A21107DE13FE07390FA009F601A300007F,18.49,40.0,20.14,51.18,1.277,1.151,-66
1775854212.75711,827482CC-A977-43D7-835E-8E8B6978E66A,LGS_Sensor,gatt,False,offline,,,,,,,,,-66
1775854212.75711,827482CC-A977-43D7-835E-8E8B6978E66A,LGS_Sensor,webserver,True,active,,,18.58319,40.0,20.13,51.21,1.284,1.15,-66
1775854212.75711,FABCEA8B-7EC8-2594-4879-2B3B63989660,ThermoBeacon2,adv,True,active,,190019060000F1F016104E016003FFFFFFFF0EC52C00,20.875,54.0,,,1.135,,-61
1775854212.75711,FABCEA8B-7EC8-2594-4879-2B3B63989660,ThermoBeacon2,gatt,False,offline,,,,,,,,,-61
1775854212.75711,FABCEA8B-7EC8-2594-4879-2B3B63989660,ThermoBeacon2,webserver,False,offline,,,,,,,,,-61
1775854212.75711,C898B4F2-B452-7502-1A67-0536E77D49EA,sps,adv,True,active,,0709AD17000C4D1C08,23.11,60.61,,,1.114,,-61
1775854212.75711,C898B4F2-B452-7502-1A67-0536E77D49EA,sps,gatt,False,offline,,,,,,,,,-61
1775854212.75711,C898B4F2-B452-7502-1A67-0536E77D49EA,sps,webserver,False,offline,,,,,,,,,-61
1775854212.75711,FF-FF-A1-00-00-01,LGS_NODE_17,adv,True,active,,7445A11107E913B11F,20.25,50.41,,,1.177,,-58
1775854212.75711,FF-FF-A1-00-00-01,LGS_NODE_17,gatt,False,offline,,,,,,,,,-58
1775854212.75711,FF-FF-A1-00-00-01,LGS_NODE_17,webserver,False,offline,,,,,,,,,-58
1775854480.7402492,827482CC-A977-43D7-835E-8E8B6978E66A,LGS_Sensor,adv,False,offline,,,,,,,,,-70
1775854480.7402492,827482CC-A977-43D7-835E-8E8B6978E66A,LGS_Sensor,gatt,False,offline,,,,,,,,,-70
1775854480.7402492,827482CC-A977-43D7-835E-8E8B6978E66A,LGS_Sensor,webserver,True,active,,,18.42843,40.0,20.03,51.81,1.272,1.129,-70
1775854480.7402492,FABCEA8B-7EC8-2594-4879-2B3B63989660,ThermoBeacon2,adv,False,offline,,,,,,,,,
1775854480.7402492,FABCEA8B-7EC8-2594-4879-2B3B63989660,ThermoBeacon2,gatt,False,offline,,,,,,,,,
1775854480.7402492,FABCEA8B-7EC8-2594-4879-2B3B63989660,ThermoBeacon2,webserver,False,offline,,,,,,,,,
1775854480.7402492,C898B4F2-B452-7502-1A67-0536E77D49EA,sps,adv,False,offline,,,,,,,,,
1775854480.7402492,C898B4F2-B452-7502-1A67-0536E77D49EA,sps,gatt,False,offline,,,,,,,,,
1775854480.7402492,C898B4F2-B452-7502-1A67-0536E77D49EA,sps,webserver,False,offline,,,,,,,,,
1775854480.7402492,FF-FF-A1-00-00-01,LGS_NODE_17,adv,False,offline,,,,,,,,,
1775854480.7402492,FF-FF-A1-00-00-01,LGS_NODE_17,gatt,False,offline,,,,,,,,,
1775854480.7402492,FF-FF-A1-00-00-01,LGS_NODE_17,webserver,False,offline,,,,,,,,,
1775854540.7520661,827482CC-A977-43D7-835E-8E8B6978E66A,LGS_Sensor,adv,True,active,,D302A21107D71419073E0FA009F601A30000C0,18.54,40.0,20.07,51.45,1.281,1.14,-66
1775854540.7520661,827482CC-A977-43D7-835E-8E8B6978E66A,LGS_Sensor,gatt,False,offline,,,,,,,,,-66
1775854540.7520661,827482CC-A977-43D7-835E-8E8B6978E66A,LGS_Sensor,webserver,True,active,,,18.55328,40.0,20.1,51.39,1.282,1.144,-66
1775854540.7520661,FABCEA8B-7EC8-2594-4879-2B3B63989660,ThermoBeacon2,adv,True,active,,190019060000F1F016104E016003FFFFFFFF5BC62C00,20.875,54.0,,,1.135,,-60
1775854540.7520661,FABCEA8B-7EC8-2594-4879-2B3B63989660,ThermoBeacon2,gatt,False,offline,,,,,,,,,-60
1775854540.7520661,FABCEA8B-7EC8-2594-4879-2B3B63989660,ThermoBeacon2,webserver,False,offline,,,,,,,,,-60
1775854540.7520661,C898B4F2-B452-7502-1A67-0536E77D49EA,sps,adv,True,active,,E808701700485C1C08,22.8,60.0,,,1.11,,-60
1775854540.7520661,C898B4F2-B452-7502-1A67-0536E77D49EA,sps,gatt,False,offline,,,,,,,,,-60
1775854540.7520661,C898B4F2-B452-7502-1A67-0536E77D49EA,sps,webserver,False,offline,,,,,,,,,-60
1775854540.7520661,FF-FF-A1-00-00-01,LGS_NODE_17,adv,True,active,,7445A11107D7141561,20.07,51.41,,,1.141,,-47
1775854540.7520661,FF-FF-A1-00-00-01,LGS_NODE_17,gatt,False,offline,,,,,,,,,-47
1775854540.7520661,FF-FF-A1-00-00-01,LGS_NODE_17,webserver,False,offline,,,,,,,,,-47
1775854600.785255,827482CC-A977-43D7-835E-8E8B6978E66A,LGS_Sensor,adv,True,active,,D302A21107D0141A07340FA009F601A30000CC,18.44,40.0,20.0,51.46,1.273,1.135,-64
1775854600.785255,827482CC-A977-43D7-835E-8E8B6978E66A,LGS_Sensor,gatt,False,offline,,,,,,,,,-64
1775854600.785255,827482CC-A977-43D7-835E-8E8B6978E66A,LGS_Sensor,webserver,True,active,,,18.56375,40.0,19.97,51.51,1.283,1.132,-64
1775854600.785255,FABCEA8B-7EC8-2594-4879-2B3B63989660,ThermoBeacon2,adv,True,active,,190019060000F1F01A104F016603FFFFFFFF8CC62C00,20.9375,54.375,,,1.13,,-73
1775854600.785255,FABCEA8B-7EC8-2594-4879-2B3B63989660,ThermoBeacon2,gatt,False,offline,,,,,,,,,-73
1775854600.785255,FABCEA8B-7EC8-2594-4879-2B3B63989660,ThermoBeacon2,webserver,False,offline,,,,,,,,,-73
1775854600.785255,C898B4F2-B452-7502-1A67-0536E77D49EA,sps,adv,True,active,,E708531700ED971C08,22.79,59.71,,,1.117,,-65
1775854600.785255,C898B4F2-B452-7502-1A67-0536E77D49EA,sps,gatt,False,offline,,,,,,,,,-65
1775854600.785255,C898B4F2-B452-7502-1A67-0536E77D49EA,sps,webserver,False,offline,,,,,,,,,-65
1775854600.785255,FF-FF-A1-00-00-01,LGS_NODE_17,adv,False,offline,,7445A11107D7141766,,,,,,,
1775854600.785255,FF-FF-A1-00-00-01,LGS_NODE_17,gatt,False,offline,,,,,,,,,
1775854600.785255,FF-FF-A1-00-00-01,LGS_NODE_17,webserver,False,offline,,,,,,,,,
1775854660.8382761,827482CC-A977-43D7-835E-8E8B6978E66A,LGS_Sensor,adv,True,active,,D302A21107B8144807390FA009F601A30000D8,18.49,40.0,19.76,51.92,1.277,1.108,-70
1775854660.8382761,827482CC-A977-43D7-835E-8E8B6978E66A,LGS_Sensor,gatt,False,offline,,,,,,,,,-70
1775854660.8382761,827482CC-A977-43D7-835E-8E8B6978E66A,LGS_Sensor,webserver,True,active,,,18.55853,40.0,19.75,51.97,1.282,1.106,-70
1775854660.8382761,FABCEA8B-7EC8-2594-4879-2B3B63989660,ThermoBeacon2,adv,True,active,,190019060000F1F016104E016403FFFFFFFFD5C62C00,20.875,54.25,,,1.129,,-62
1775854660.8382761,FABCEA8B-7EC8-2594-4879-2B3B63989660,ThermoBeacon2,gatt,False,offline,,,,,,,,,-62
1775854660.8382761,FABCEA8B-7EC8-2594-4879-2B3B63989660,ThermoBeacon2,webserver,False,offline,,,,,,,,,-62
1775854660.8382761,C898B4F2-B452-7502-1A67-0536E77D49EA,sps,adv,True,active,,E4082F1700684F1C08,22.76,59.35,,,1.125,,-66
1775854660.8382761,C898B4F2-B452-7502-1A67-0536E77D49EA,sps,gatt,False,offline,,,,,,,,,-66
1775854660.8382761,C898B4F2-B452-7502-1A67-0536E77D49EA,sps,webserver,False,offline,,,,,,,,,-66
1775854660.8382761,FF-FF-A1-00-00-01,LGS_NODE_17,adv,False,offline,,7445A11107D7141766,,,,,,,
1775854660.8382761,FF-FF-A1-00-00-01,LGS_NODE_17,gatt,False,offline,,,,,,,,,
1775854660.8382761,FF-FF-A1-00-00-01,LGS_NODE_17,webserver,False,offline,,,,,,,,,
1775854720.9408991,827482CC-A977-43D7-835E-8E8B6978E66A,LGS_Sensor,adv,True,active,,D302A21107AF1474074B0FA009F601A30000E4,18.67,40.0,19.67,52.36,1.291,1.091,-62
1775854720.9408991,827482CC-A977-43D7-835E-8E8B6978E66A,LGS_Sensor,gatt,False,offline,,,,,,,,,-62
1775854720.9408991,827482CC-A977-43D7-835E-8E8B6978E66A,LGS_Sensor,webserver,True,active,,,18.47854,40.0,19.67,52.38,1.276,1.091,-62
1775854720.9408991,FABCEA8B-7EC8-2594-4879-2B3B63989660,ThermoBeacon2,adv,False,offline,,190019060000F1F01A104E016A03FFFFFFFF00C72C00,,,,,,,
1775854720.9408991,FABCEA8B-7EC8-2594-4879-2B3B63989660,ThermoBeacon2,gatt,False,offline,,,,,,,,,
1775854720.9408991,FABCEA8B-7EC8-2594-4879-2B3B63989660,ThermoBeacon2,webserver,False,offline,,,,,,,,,
1775854720.9408991,C898B4F2-B452-7502-1A67-0536E77D49EA,sps,adv,True,active,,D508261700C5891C08,22.61,59.26,,,1.118,,-61
1775854720.9408991,C898B4F2-B452-7502-1A67-0536E77D49EA,sps,gatt,False,offline,,,,,,,,,-61
1775854720.9408991,C898B4F2-B452-7502-1A67-0536E77D49EA,sps,webserver,False,offline,,,,,,,,,-61
1775854720.9408991,FF-FF-A1-00-00-01,LGS_NODE_17,adv,False,offline,,7445A11107D7141766,,,,,,,
1775854720.9408991,FF-FF-A1-00-00-01,LGS_NODE_17,gatt,False,offline,,,,,,,,,
1775854720.9408991,FF-FF-A1-00-00-01,LGS_NODE_17,webserver,False,offline,,,,,,,,,
1775854781.039157,827482CC-A977-43D7-835E-8E8B6978E66A,LGS_Sensor,adv,True,active,,D302A21107AE1484073A0FA009F601A30000F0,18.5,40.0,19.66,52.52,1.278,1.087,-62
1775854781.039157,827482CC-A977-43D7-835E-8E8B6978E66A,LGS_Sensor,gatt,False,offline,,,,,,,,,-62
1775854781.039157,827482CC-A977-43D7-835E-8E8B6978E66A,LGS_Sensor,webserver,True,active,,,18.50619,40.0,19.67,52.53,1.278,1.087,-62
1775854781.039157,FABCEA8B-7EC8-2594-4879-2B3B63989660,ThermoBeacon2,adv,True,active,,190019060000F1F01A104E016B03FFFFFFFF4DC72C00,20.875,54.6875,,,1.118,,-64
1775854781.039157,FABCEA8B-7EC8-2594-4879-2B3B63989660,ThermoBeacon2,gatt,False,offline,,,,,,,,,-64
1775854781.039157,FABCEA8B-7EC8-2594-4879-2B3B63989660,ThermoBeacon2,webserver,False,offline,,,,,,,,,-64
1775854781.039157,C898B4F2-B452-7502-1A67-0536E77D49EA,sps,adv,True,active,,E1081C170054401C08,22.73,59.16,,,1.129,,-58
1775854781.039157,C898B4F2-B452-7502-1A67-0536E77D49EA,sps,gatt,False,offline,,,,,,,,,-58
1775854781.039157,C898B4F2-B452-7502-1A67-0536E77D49EA,sps,webserver,False,offline,,,,,,,,,-58
1775854781.039157,FF-FF-A1-00-00-01,LGS_NODE_17,adv,False,offline,,7445A11107D7141766,,,,,,,
1775854781.039157,FF-FF-A1-00-00-01,LGS_NODE_17,gatt,False,offline,,,,,,,,,
1775854781.039157,FF-FF-A1-00-00-01,LGS_NODE_17,webserver,False,offline,,,,,,,,,
1775854841.1198962,827482CC-A977-43D7-835E-8E8B6978E66A,LGS_Sensor,adv,True,active,,D302A21107BB1482072F0FA009F601A30000FC,18.39,40.0,19.79,52.5,1.269,1.096,-64
1775854841.1198962,827482CC-A977-43D7-835E-8E8B6978E66A,LGS_Sensor,gatt,False,offline,,,,,,,,,-64
1775854841.1198962,827482CC-A977-43D7-835E-8E8B6978E66A,LGS_Sensor,webserver,True,active,,,18.69366,40.0,19.8,52.39,1.293,1.099,-64
1775854841.1198962,FABCEA8B-7EC8-2594-4879-2B3B63989660,ThermoBeacon2,adv,True,active,,190019060000F1F01A104E016B03FFFFFFFF87C72C00,20.875,54.6875,,,1.118,,-69
1775854841.1198962,FABCEA8B-7EC8-2594-4879-2B3B63989660,ThermoBeacon2,gatt,False,offline,,,,,,,,,-69
1775854841.1198962,FABCEA8B-7EC8-2594-4879-2B3B63989660,ThermoBeacon2,webserver,False,offline,,,,,,,,,-69
1775854841.1198962,C898B4F2-B452-7502-1A67-0536E77D49EA,sps,adv,True,active,,D908FF160005E31C08,22.65,58.87,,,1.131,,-63
1775854841.1198962,C898B4F2-B452-7502-1A67-0536E77D49EA,sps,gatt,False,offline,,,,,,,,,-63
1775854841.1198962,C898B4F2-B452-7502-1A67-0536E77D49EA,sps,webserver,False,offline,,,,,,,,,-63
1775854841.1198962,FF-FF-A1-00-00-01,LGS_NODE_17,adv,False,offline,,7445A11107D7141766,,,,,,,
1775854841.1198962,FF-FF-A1-00-00-01,LGS_NODE_17,gatt,False,offline,,,,,,,,,
1775854841.1198962,FF-FF-A1-00-00-01,LGS_NODE_17,webserver,False,offline,,,,,,,,,
1775854901.169138,827482CC-A977-43D7-835E-8E8B6978E66A,LGS_Sensor,adv,True,active,,D302A21107D0143D073F0FA009F601A3000008,18.55,40.0,20.0,51.81,1.282,1.127,-64
1775854901.169138,827482CC-A977-43D7-835E-8E8B6978E66A,LGS_Sensor,gatt,False,offline,,,,,,,,,-64
1775854901.169138,827482CC-A977-43D7-835E-8E8B6978E66A,LGS_Sensor,webserver,True,active,,,18.44039,40.0,19.98,51.87,1.273,1.124,-64
1775854901.169138,FABCEA8B-7EC8-2594-4879-2B3B63989660,ThermoBeacon2,adv,True,active,,190019060000F1F01A104E016903FFFFFFFFC1C72C00,20.875,54.5625,,,1.121,,-68
1775854901.169138,FABCEA8B-7EC8-2594-4879-2B3B63989660,ThermoBeacon2,gatt,False,offline,,,,,,,,,-68
1775854901.169138,FABCEA8B-7EC8-2594-4879-2B3B63989660,ThermoBeacon2,webserver,False,offline,,,,,,,,,-68
1775854901.169138,C898B4F2-B452-7502-1A67-0536E77D49EA,sps,adv,True,active,,C808C6160029ED1B08,22.48,58.3,,,1.135,,-73
1775854901.169138,C898B4F2-B452-7502-1A67-0536E77D49EA,sps,gatt,False,offline,,,,,,,,,-73
1775854901.169138,C898B4F2-B452-7502-1A67-0536E77D49EA,sps,webserver,False,offline,,,,,,,,,-73
1775854901.169138,FF-FF-A1-00-00-01,LGS_NODE_17,adv,False,offline,,7445A11107D7141766,,,,,,,
1775854901.169138,FF-FF-A1-00-00-01,LGS_NODE_17,gatt,False,offline,,,,,,,,,
1775854901.169138,FF-FF-A1-00-00-01,LGS_NODE_17,webserver,False,offline,,,,,,,,,
1775854961.1836958,827482CC-A977-43D7-835E-8E8B6978E66A,LGS_Sensor,adv,True,active,,D302A21107D7142507490FA009F601A3000013,18.65,40.0,20.07,51.57,1.29,1.137,-63
1775854961.1836958,827482CC-A977-43D7-835E-8E8B6978E66A,LGS_Sensor,gatt,False,offline,,,,,,,,,-63
1775854961.1836958,827482CC-A977-43D7-835E-8E8B6978E66A,LGS_Sensor,webserver,True,active,,,18.48602,40.0,20.09,51.55,1.277,1.139,-63
1775854961.1836958,FABCEA8B-7EC8-2594-4879-2B3B63989660,ThermoBeacon2,adv,True,active,,190019060000F1F013104D016803FFFFFFFF01C82C00,20.8125,54.5,,,1.118,,-68
1775854961.1836958,FABCEA8B-7EC8-2594-4879-2B3B63989660,ThermoBeacon2,gatt,False,offline,,,,,,,,,-68
1775854961.1836958,FABCEA8B-7EC8-2594-4879-2B3B63989660,ThermoBeacon2,webserver,False,offline,,,,,,,,,-68
1775854961.1836958,C898B4F2-B452-7502-1A67-0536E77D49EA,sps,adv,True,active,,B508B61600443C1C08,22.29,58.14,,,1.126,,-62
1775854961.1836958,C898B4F2-B452-7502-1A67-0536E77D49EA,sps,gatt,False,offline,,,,,,,,,-62
1775854961.1836958,C898B4F2-B452-7502-1A67-0536E77D49EA,sps,webserver,False,offline,,,,,,,,,-62
1775854961.1836958,FF-FF-A1-00-00-01,LGS_NODE_17,adv,False,offline,,7445A11107D7141766,,,,,,,
1775854961.1836958,FF-FF-A1-00-00-01,LGS_NODE_17,gatt,False,offline,,,,,,,,,
1775854961.1836958,FF-FF-A1-00-00-01,LGS_NODE_17,webserver,False,offline,,,,,,,,,
1775855021.185777,827482CC-A977-43D7-835E-8E8B6978E66A,LGS_Sensor,adv,True,active,,D302A21107DA141F073C0FA009F601A300001F,18.52,40.0,20.1,51.51,1.279,1.141,-63
1775855021.185777,827482CC-A977-43D7-835E-8E8B6978E66A,LGS_Sensor,gatt,False,offline,,,,,,,,,-63
1775855021.185777,827482CC-A977-43D7-835E-8E8B6978E66A,LGS_Sensor,webserver,True,active,,,18.54656,40.0,20.1,51.47,1.281,1.142,-63
1775855021.185777,FABCEA8B-7EC8-2594-4879-2B3B63989660,ThermoBeacon2,adv,True,active,,190019060000F1F01A104C016803FFFFFFFF3AC82C00,20.75,54.5,,,1.114,,-63
1775855021.185777,FABCEA8B-7EC8-2594-4879-2B3B63989660,ThermoBeacon2,gatt,False,offline,,,,,,,,,-63
1775855021.185777,FABCEA8B-7EC8-2594-4879-2B3B63989660,ThermoBeacon2,webserver,False,offline,,,,,,,,,-63
1775855021.185777,C898B4F2-B452-7502-1A67-0536E77D49EA,sps,adv,True,active,,A3089D16007DF71B08,22.11,57.89,,,1.121,,-63
1775855021.185777,C898B4F2-B452-7502-1A67-0536E77D49EA,sps,gatt,False,offline,,,,,,,,,-63
1775855021.185777,C898B4F2-B452-7502-1A67-0536E77D49EA,sps,webserver,False,offline,,,,,,,,,-63
1775855021.185777,FF-FF-A1-00-00-01,LGS_NODE_17,adv,False,offline,,7445A11107D7141766,,,,,,,
1775855021.185777,FF-FF-A1-00-00-01,LGS_NODE_17,gatt,False,offline,,,,,,,,,
1775855021.185777,FF-FF-A1-00-00-01,LGS_NODE_17,webserver,False,offline,,,,,,,,,
1775855081.237143,827482CC-A977-43D7-835E-8E8B6978E66A,LGS_Sensor,adv,True,active,,D302A21107DB141107390FA009F601A300002C,18.49,40.0,20.11,51.37,1.277,1.145,-64
1775855081.237143,827482CC-A977-43D7-835E-8E8B6978E66A,LGS_Sensor,gatt,False,offline,,,,,,,,,-64
1775855081.237143,827482CC-A977-43D7-835E-8E8B6978E66A,LGS_Sensor,webserver,True,active,,,18.39474,40.0,20.14,51.33,1.269,1.148,-64
1775855081.237143,FABCEA8B-7EC8-2594-4879-2B3B63989660,ThermoBeacon2,adv,True,active,,190019060000F1F01A104C016703FFFFFFFF79C82C00,20.75,54.4375,,,1.116,,-61
1775855081.237143,FABCEA8B-7EC8-2594-4879-2B3B63989660,ThermoBeacon2,gatt,False,offline,,,,,,,,,-61
1775855081.237143,FABCEA8B-7EC8-2594-4879-2B3B63989660,ThermoBeacon2,webserver,False,offline,,,,,,,,,-61
1775855081.237143,C898B4F2-B452-7502-1A67-0536E77D49EA,sps,adv,True,active,,9608BB160010381B08,21.98,58.19,,,1.104,,-74
1775855081.237143,C898B4F2-B452-7502-1A67-0536E77D49EA,sps,gatt,False,offline,,,,,,,,,-74
1775855081.237143,C898B4F2-B452-7502-1A67-0536E77D49EA,sps,webserver,False,offline,,,,,,,,,-74
1775855081.237143,FF-FF-A1-00-00-01,LGS_NODE_17,adv,True,active,,7445A11107DE14100B,20.14,51.36,,,1.147,,-55
1775855081.237143,FF-FF-A1-00-00-01,LGS_NODE_17,gatt,False,offline,,,,,,,,,-55
1775855081.237143,FF-FF-A1-00-00-01,LGS_NODE_17,webserver,False,offline,,,,,,,,,-55
1775855141.276822,827482CC-A977-43D7-835E-8E8B6978E66A,LGS_Sensor,adv,True,active,,D302A21107DE1416073C0FA009F601A3000036,18.52,40.0,20.14,51.42,1.279,1.146,-65
1775855141.276822,827482CC-A977-43D7-835E-8E8B6978E66A,LGS_Sensor,gatt,False,offline,,,,,,,,,-65
1775855141.276822,827482CC-A977-43D7-835E-8E8B6978E66A,LGS_Sensor,webserver,True,active,,,18.51367,40.0,20.14,51.48,1.279,1.144,-65
1775855141.276822,FABCEA8B-7EC8-2594-4879-2B3B63989660,ThermoBeacon2,adv,True,active,,190019060000F1F01A104C016703FFFFFFFFAEC82C00,20.75,54.4375,,,1.116,,-69
1775855141.276822,FABCEA8B-7EC8-2594-4879-2B3B63989660,ThermoBeacon2,gatt,False,offline,,,,,,,,,-69
1775855141.276822,FABCEA8B-7EC8-2594-4879-2B3B63989660,ThermoBeacon2,webserver,False,offline,,,,,,,,,-69
1775855141.276822,C898B4F2-B452-7502-1A67-0536E77D49EA,sps,adv,True,active,,8908C51600E5E21C08,21.85,58.29,,,1.093,,-61
1775855141.276822,C898B4F2-B452-7502-1A67-0536E77D49EA,sps,gatt,False,offline,,,,,,,,,-61
1775855141.276822,C898B4F2-B452-7502-1A67-0536E77D49EA,sps,webserver,False,offline,,,,,,,,,-61
1775855141.276822,FF-FF-A1-00-00-01,LGS_NODE_17,adv,False,offline,,7445A11107E0140D0E,,,,,,,
1775855141.276822,FF-FF-A1-00-00-01,LGS_NODE_17,gatt,False,offline,,,,,,,,,
1775855141.276822,FF-FF-A1-00-00-01,LGS_NODE_17,webserver,False,offline,,,,,,,,,
1775855201.343908,827482CC-A977-43D7-835E-8E8B6978E66A,LGS_Sensor,adv,True,active,,D302A21107E2141807340FA009F601A3000043,18.44,40.0,20.18,51.44,1.273,1.148,-65
1775855201.343908,827482CC-A977-43D7-835E-8E8B6978E66A,LGS_Sensor,gatt,False,offline,,,,,,,,,-65
1775855201.343908,827482CC-A977-43D7-835E-8E8B6978E66A,LGS_Sensor,webserver,True,active,,,18.47256,40.0,20.18,51.44,1.276,1.148,-65
1775855201.343908,FABCEA8B-7EC8-2594-4879-2B3B63989660,ThermoBeacon2,adv,True,active,,190019060000F1F01A104B016803FFFFFFFFE8C82C00,20.6875,54.5,,,1.11,,-66
1775855201.343908,FABCEA8B-7EC8-2594-4879-2B3B63989660,ThermoBeacon2,gatt,False,offline,,,,,,,,,-66
1775855201.343908,FABCEA8B-7EC8-2594-4879-2B3B63989660,ThermoBeacon2,webserver,False,offline,,,,,,,,,-66
1775855201.343908,C898B4F2-B452-7502-1A67-0536E77D49EA,sps,adv,True,active,,7708EE1600BC3E1B08,21.67,58.7,,,1.07,,-65
1775855201.343908,C898B4F2-B452-7502-1A67-0536E77D49EA,sps,gatt,False,offline,,,,,,,,,-65
1775855201.343908,C898B4F2-B452-7502-1A67-0536E77D49EA,sps,webserver,False,offline,,,,,,,,,-65
1775855201.343908,FF-FF-A1-00-00-01,LGS_NODE_17,adv,False,offline,,7445A11107E0140D0E,,,,,,,
1775855201.343908,FF-FF-A1-00-00-01,LGS_NODE_17,gatt,False,offline,,,,,,,,,
1775855201.343908,FF-FF-A1-00-00-01,LGS_NODE_17,webserver,False,offline,,,,,,,,,
1775855261.417631,827482CC-A977-43D7-835E-8E8B6978E66A,LGS_Sensor,adv,True,active,,D302A21107E11411072E0FA009F601A300004F,18.38,40.0,20.17,51.37,1.268,1.149,-64
1775855261.417631,827482CC-A977-43D7-835E-8E8B6978E66A,LGS_Sensor,gatt,False,offline,,,,,,,,,-64
1775855261.417631,827482CC-A977-43D7-835E-8E8B6978E66A,LGS_Sensor,webserver,True,active,,,18.54879,40.0,20.18,51.37,1.282,1.15,-64
1775855261.417631,FABCEA8B-7EC8-2594-4879-2B3B63989660,ThermoBeacon2,adv,False,offline,,190019060000F1F01A104A016903FFFFFFFF0FC92C00,,,,,,,
1775855261.417631,FABCEA8B-7EC8-2594-4879-2B3B63989660,ThermoBeacon2,gatt,False,offline,,,,,,,,,
1775855261.417631,FABCEA8B-7EC8-2594-4879-2B3B63989660,ThermoBeacon2,webserver,False,offline,,,,,,,,,
1775855261.417631,C898B4F2-B452-7502-1A67-0536E77D49EA,sps,adv,True,active,,63080217004C581C08,21.47,58.9,,,1.052,,-64
1775855261.417631,C898B4F2-B452-7502-1A67-0536E77D49EA,sps,gatt,False,offline,,,,,,,,,-64
1775855261.417631,C898B4F2-B452-7502-1A67-0536E77D49EA,sps,webserver,False,offline,,,,,,,,,-64
1775855261.417631,FF-FF-A1-00-00-01,LGS_NODE_17,adv,False,offline,,7445A11107E0140D0E,,,,,,,
1775855261.417631,FF-FF-A1-00-00-01,LGS_NODE_17,gatt,False,offline,,,,,,,,,
1775855261.417631,FF-FF-A1-00-00-01,LGS_NODE_17,webserver,False,offline,,,,,,,,,
1775855321.417108,827482CC-A977-43D7-835E-8E8B6978E66A,LGS_Sensor,adv,True,active,,D302A21107E2140A07390FA009F601A800005B,18.49,40.0,20.18,51.3,1.277,1.151,-64
1775855321.417108,827482CC-A977-43D7-835E-8E8B6978E66A,LGS_Sensor,gatt,False,offline,,,,,,,,,-64
1775855321.417108,827482CC-A977-43D7-835E-8E8B6978E66A,LGS_Sensor,webserver,True,active,,,18.55105,40.0,20.17,51.29,1.282,1.151,-64
1775855321.417108,FABCEA8B-7EC8-2594-4879-2B3B63989660,ThermoBeacon2,adv,True,active,,190019060000F1F01A104A016A03FFFFFFFF61C92C00,20.625,54.625,,,1.103,,-61
1775855321.417108,FABCEA8B-7EC8-2594-4879-2B3B63989660,ThermoBeacon2,gatt,False,offline,,,,,,,,,-61
1775855321.417108,FABCEA8B-7EC8-2594-4879-2B3B63989660,ThermoBeacon2,webserver,False,offline,,,,,,,,,-61
1775855321.417108,C898B4F2-B452-7502-1A67-0536E77D49EA,sps,adv,False,offline,,6308F41600ADFA1B08,,,,,,,
1775855321.417108,C898B4F2-B452-7502-1A67-0536E77D49EA,sps,gatt,False,offline,,,,,,,,,
1775855321.417108,C898B4F2-B452-7502-1A67-0536E77D49EA,sps,webserver,False,offline,,,,,,,,,
1775855321.417108,FF-FF-A1-00-00-01,LGS_NODE_17,adv,False,offline,,7445A11107E0140D0E,,,,,,,
1775855321.417108,FF-FF-A1-00-00-01,LGS_NODE_17,gatt,False,offline,,,,,,,,,
1775855321.417108,FF-FF-A1-00-00-01,LGS_NODE_17,webserver,False,offline,,,,,,,,,
1775855381.459208,827482CC-A977-43D7-835E-8E8B6978E66A,LGS_Sensor,adv,True,active,,D302A21107DE140C073E0FA009F601A3000067,18.54,40.0,20.14,51.32,1.281,1.148,-62
1775855381.459208,827482CC-A977-43D7-835E-8E8B6978E66A,LGS_Sensor,gatt,False,offline,,,,,,,,,-62
1775855381.459208,827482CC-A977-43D7-835E-8E8B6978E66A,LGS_Sensor,webserver,True,active,,,18.44488,40.0,20.18,51.32,1.273,1.151,-62
1775855381.459208,FABCEA8B-7EC8-2594-4879-2B3B63989660,ThermoBeacon2,adv,True,active,,190019060000F1F01A1049016B03FFFFFFFFA0C92C00,20.5625,54.6875,,,1.097,,-60
1775855381.459208,FABCEA8B-7EC8-2594-4879-2B3B63989660,ThermoBeacon2,gatt,False,offline,,,,,,,,,-60
1775855381.459208,FABCEA8B-7EC8-2594-4879-2B3B63989660,ThermoBeacon2,webserver,False,offline,,,,,,,,,-60
1775855381.459208,C898B4F2-B452-7502-1A67-0536E77D49EA,sps,adv,False,offline,,6308F41600ADFA1B08,,,,,,,
1775855381.459208,C898B4F2-B452-7502-1A67-0536E77D49EA,sps,gatt,False,offline,,,,,,,,,
1775855381.459208,C898B4F2-B452-7502-1A67-0536E77D49EA,sps,webserver,False,offline,,,,,,,,,
1775855381.459208,FF-FF-A1-00-00-01,LGS_NODE_17,adv,False,offline,,7445A11107E0140D0E,,,,,,,
1775855381.459208,FF-FF-A1-00-00-01,LGS_NODE_17,gatt,False,offline,,,,,,,,,
1775855381.459208,FF-FF-A1-00-00-01,LGS_NODE_17,webserver,False,offline,,,,,,,,,
1775855441.464673,827482CC-A977-43D7-835E-8E8B6978E66A,LGS_Sensor,adv,True,active,,D302A21107E41412073A0FA009F601A3000073,18.5,40.0,20.2,51.38,1.278,1.151,-58
1775855441.464673,827482CC-A977-43D7-835E-8E8B6978E66A,LGS_Sensor,gatt,False,offline,,,,,,,,,-58
1775855441.464673,827482CC-A977-43D7-835E-8E8B6978E66A,LGS_Sensor,webserver,True,active,,,18.54806,40.0,20.23,51.5,1.282,1.15,-58
1775855441.464673,FABCEA8B-7EC8-2594-4879-2B3B63989660,ThermoBeacon2,adv,True,active,,190019060000F1F01A1048016B03FFFFFFFFD9C92C00,20.5,54.6875,,,1.093,,-59
1775855441.464673,FABCEA8B-7EC8-2594-4879-2B3B63989660,ThermoBeacon2,gatt,False,offline,,,,,,,,,-59
1775855441.464673,FABCEA8B-7EC8-2594-4879-2B3B63989660,ThermoBeacon2,webserver,False,offline,,,,,,,,,-59
1775855441.464673,C898B4F2-B452-7502-1A67-0536E77D49EA,sps,adv,False,offline,,6308F41600ADFA1B08,,,,,,,
1775855441.464673,C898B4F2-B452-7502-1A67-0536E77D49EA,sps,gatt,False,offline,,,,,,,,,
1775855441.464673,C898B4F2-B452-7502-1A67-0536E77D49EA,sps,webserver,False,offline,,,,,,,,,
1775855441.464673,FF-FF-A1-00-00-01,LGS_NODE_17,adv,False,offline,,7445A11107E0140D0E,,,,,,,
1775855441.464673,FF-FF-A1-00-00-01,LGS_NODE_17,gatt,False,offline,,,,,,,,,
1775855441.464673,FF-FF-A1-00-00-01,LGS_NODE_17,webserver,False,offline,,,,,,,,,
1775855501.5146198,827482CC-A977-43D7-835E-8E8B6978E66A,LGS_Sensor,adv,True,active,,D302A21107E7141B07380FA009F601A300007F,18.48,40.0,20.23,51.47,1.276,1.151,-61
1775855501.5146198,827482CC-A977-43D7-835E-8E8B6978E66A,LGS_Sensor,gatt,False,offline,,,,,,,,,-61
1775855501.5146198,827482CC-A977-43D7-835E-8E8B6978E66A,LGS_Sensor,webserver,True,active,,,18.48226,40.0,20.2,51.46,1.276,1.149,-61
1775855501.5146198,FABCEA8B-7EC8-2594-4879-2B3B63989660,ThermoBeacon2,adv,True,active,,190019060000F1F0161047016D03FFFFFFFF1DCA2C00,20.4375,54.8125,,,1.085,,-57
1775855501.5146198,FABCEA8B-7EC8-2594-4879-2B3B63989660,ThermoBeacon2,gatt,False,offline,,,,,,,,,-57
1775855501.5146198,FABCEA8B-7EC8-2594-4879-2B3B63989660,ThermoBeacon2,webserver,False,offline,,,,,,,,,-57
1775855501.5146198,C898B4F2-B452-7502-1A67-0536E77D49EA,sps,adv,False,offline,,6308F41600ADFA1B08,,,,,,,
1775855501.5146198,C898B4F2-B452-7502-1A67-0536E77D49EA,sps,gatt,False,offline,,,,,,,,,
1775855501.5146198,C898B4F2-B452-7502-1A67-0536E77D49EA,sps,webserver,False,offline,,,,,,,,,
1775855501.5146198,FF-FF-A1-00-00-01,LGS_NODE_17,adv,False,offline,,7445A11107E0140D0E,,,,,,,
1775855501.5146198,FF-FF-A1-00-00-01,LGS_NODE_17,gatt,False,offline,,,,,,,,,
1775855501.5146198,FF-FF-A1-00-00-01,LGS_NODE_17,webserver,False,offline,,,,,,,,,
1775855561.563008,827482CC-A977-43D7-835E-8E8B6978E66A,LGS_Sensor,adv,True,active,,D302A21107E8141607350FA009F601A300008B,18.45,40.0,20.24,51.42,1.274,1.153,-61
1775855561.563008,827482CC-A977-43D7-835E-8E8B6978E66A,LGS_Sensor,gatt,False,offline,,,,,,,,,-61
1775855561.563008,827482CC-A977-43D7-835E-8E8B6978E66A,LGS_Sensor,webserver,True,active,,,18.48303,40.0,20.23,51.44,1.276,1.152,-61
1775855561.563008,FABCEA8B-7EC8-2594-4879-2B3B63989660,ThermoBeacon2,adv,True,active,,190019060000F1F0161047016F03FFFFFFFF53CA2C00,20.4375,54.9375,,,1.082,,-73
1775855561.563008,FABCEA8B-7EC8-2594-4879-2B3B63989660,ThermoBeacon2,gatt,False,offline,,,,,,,,,-73
1775855561.563008,FABCEA8B-7EC8-2594-4879-2B3B63989660,ThermoBeacon2,webserver,False,offline,,,,,,,,,-73
1775855561.563008,C898B4F2-B452-7502-1A67-0536E77D49EA,sps,adv,False,offline,,6308F41600ADFA1B08,,,,,,,
1775855561.563008,C898B4F2-B452-7502-1A67-0536E77D49EA,sps,gatt,False,offline,,,,,,,,,
1775855561.563008,C898B4F2-B452-7502-1A67-0536E77D49EA,sps,webserver,False,offline,,,,,,,,,
1775855561.563008,FF-FF-A1-00-00-01,LGS_NODE_17,adv,False,offline,,7445A11107E0140D0E,,,,,,,
1775855561.563008,FF-FF-A1-00-00-01,LGS_NODE_17,gatt,False,offline,,,,,,,,,
1775855561.563008,FF-FF-A1-00-00-01,LGS_NODE_17,webserver,False,offline,,,,,,,,,
1775855621.584818,827482CC-A977-43D7-835E-8E8B6978E66A,LGS_Sensor,adv,True,active,,D302A21107E71415073D0FA009F601A3000096,18.53,40.0,20.23,51.41,1.28,1.152,-58
1775855621.584818,827482CC-A977-43D7-835E-8E8B6978E66A,LGS_Sensor,gatt,False,offline,,,,,,,,,-58
1775855621.584818,827482CC-A977-43D7-835E-8E8B6978E66A,LGS_Sensor,webserver,True,active,,,18.45535,40.0,20.25,51.43,1.274,1.153,-58
1775855621.584818,FABCEA8B-7EC8-2594-4879-2B3B63989660,ThermoBeacon2,adv,True,active,,190019060000F1F01A1046016F03FFFFFFFF91CA2C00,20.375,54.9375,,,1.078,,-56
1775855621.584818,FABCEA8B-7EC8-2594-4879-2B3B63989660,ThermoBeacon2,gatt,False,offline,,,,,,,,,-56
1775855621.584818,FABCEA8B-7EC8-2594-4879-2B3B63989660,ThermoBeacon2,webserver,False,offline,,,,,,,,,-56
1775855621.584818,C898B4F2-B452-7502-1A67-0536E77D49EA,sps,adv,False,offline,,6308F41600ADFA1B08,,,,,,,
1775855621.584818,C898B4F2-B452-7502-1A67-0536E77D49EA,sps,gatt,False,offline,,,,,,,,,
1775855621.584818,C898B4F2-B452-7502-1A67-0536E77D49EA,sps,webserver,False,offline,,,,,,,,,
1775855621.584818,FF-FF-A1-00-00-01,LGS_NODE_17,adv,False,offline,,7445A11107E0140D0E,,,,,,,
1775855621.584818,FF-FF-A1-00-00-01,LGS_NODE_17,gatt,False,offline,,,,,,,,,
1775855621.584818,FF-FF-A1-00-00-01,LGS_NODE_17,webserver,False,offline,,,,,,,,,
1775855670.0745542,827482CC-A977-43D7-835E-8E8B6978E66A,LGS_Sensor,adv,False,offline,,,,,,,,,-62
1775855670.0745542,827482CC-A977-43D7-835E-8E8B6978E66A,LGS_Sensor,gatt,False,offline,,,,,,,,,-62
1775855670.0745542,FABCEA8B-7EC8-2594-4879-2B3B63989660,ThermoBeacon2,adv,False,offline,,,,,,,,,
1775855670.0745542,FABCEA8B-7EC8-2594-4879-2B3B63989660,ThermoBeacon2,gatt,False,offline,,,,,,,,,
1775855670.0745542,C898B4F2-B452-7502-1A67-0536E77D49EA,sps,adv,False,offline,,,,,,,,,
1775855670.0745542,C898B4F2-B452-7502-1A67-0536E77D49EA,sps,gatt,False,offline,,,,,,,,,
1775855670.0745542,FF-FF-A1-00-00-01,LGS_NODE_17,adv,False,offline,,,,,,,,,
1775855670.0745542,FF-FF-A1-00-00-01,LGS_NODE_17,gatt,False,offline,,,,,,,,,
1775855730.114215,827482CC-A977-43D7-835E-8E8B6978E66A,LGS_Sensor,adv,True,active,,D302A21107EF141C073B0FA009F601A30000AD,18.51,40.0,20.31,51.48,1.279,1.156,-62
1775855730.114215,827482CC-A977-43D7-835E-8E8B6978E66A,LGS_Sensor,gatt,False,offline,,,,,,,,,-62
1775855730.114215,FABCEA8B-7EC8-2594-4879-2B3B63989660,ThermoBeacon2,adv,True,active,,190019060000F1F01A1045017303FFFFFFFF00CB2C00,20.3125,55.1875,,,1.068,,-59
1775855730.114215,FABCEA8B-7EC8-2594-4879-2B3B63989660,ThermoBeacon2,gatt,False,offline,,,,,,,,,-59
1775855730.114215,C898B4F2-B452-7502-1A67-0536E77D49EA,sps,adv,False,offline,,6308F41600ADFA1B08,,,,,,,
1775855730.114215,C898B4F2-B452-7502-1A67-0536E77D49EA,sps,gatt,False,offline,,,,,,,,,
1775855730.114215,FF-FF-A1-00-00-01,LGS_NODE_17,adv,False,offline,,7445A11107E0140D0E,,,,,,,
1775855730.114215,FF-FF-A1-00-00-01,LGS_NODE_17,gatt,False,offline,,,,,,,,,
1775855790.133793,827482CC-A977-43D7-835E-8E8B6978E66A,LGS_Sensor,adv,True,active,,D302A21107FA140007490FA009F601A30000B8,18.65,40.0,20.42,51.2,1.29,1.171,-63
1775855790.133793,827482CC-A977-43D7-835E-8E8B6978E66A,LGS_Sensor,gatt,False,offline,,,,,,,,,-63
1775855790.133793,FABCEA8B-7EC8-2594-4879-2B3B63989660,ThermoBeacon2,adv,True,active,,190019060000F1F01A1045016103FFFFFFFF3FCB2C00,20.3125,54.0625,,,1.095,,-60
1775855790.133793,FABCEA8B-7EC8-2594-4879-2B3B63989660,ThermoBeacon2,gatt,False,offline,,,,,,,,,-60
1775855790.133793,C898B4F2-B452-7502-1A67-0536E77D49EA,sps,adv,False,offline,,6308F41600ADFA1B08,,,,,,,
1775855790.133793,C898B4F2-B452-7502-1A67-0536E77D49EA,sps,gatt,False,offline,,,,,,,,,
1775855790.133793,FF-FF-A1-00-00-01,LGS_NODE_17,adv,False,offline,,7445A11107E0140D0E,,,,,,,
1775855790.133793,FF-FF-A1-00-00-01,LGS_NODE_17,gatt,False,offline,,,,,,,,,
1775855850.2010958,827482CC-A977-43D7-835E-8E8B6978E66A,LGS_Sensor,adv,True,active,,D302A21107EB13DF073D0FA009F6019E0000C4,18.53,40.0,20.27,50.87,1.28,1.168,-64
1775855850.2010958,827482CC-A977-43D7-835E-8E8B6978E66A,LGS_Sensor,gatt,False,offline,,,,,,,,,-64
1775855850.2010958,FABCEA8B-7EC8-2594-4879-2B3B63989660,ThermoBeacon2,adv,True,active,,190019060000F1F01A1044016703FFFFFFFF74CB2C00,20.25,54.4375,,,1.082,,-58
1775855850.2010958,FABCEA8B-7EC8-2594-4879-2B3B63989660,ThermoBeacon2,gatt,False,offline,,,,,,,,,-58
1775855850.2010958,C898B4F2-B452-7502-1A67-0536E77D49EA,sps,adv,False,offline,,6308F41600ADFA1B08,,,,,,,
1775855850.2010958,C898B4F2-B452-7502-1A67-0536E77D49EA,sps,gatt,False,offline,,,,,,,,,
1775855850.2010958,FF-FF-A1-00-00-01,LGS_NODE_17,adv,False,offline,,7445A11107E0140D0E,,,,,,,
1775855850.2010958,FF-FF-A1-00-00-01,LGS_NODE_17,gatt,False,offline,,,,,,,,,
1775855910.272135,827482CC-A977-43D7-835E-8E8B6978E66A,LGS_Sensor,adv,True,active,,D302A21107FD141907500FA009F601A30000D0,18.72,40.0,20.45,51.45,1.295,1.167,-64
1775855910.272135,827482CC-A977-43D7-835E-8E8B6978E66A,LGS_Sensor,gatt,False,offline,,,,,,,,,-64
1775855910.272135,FABCEA8B-7EC8-2594-4879-2B3B63989660,ThermoBeacon2,adv,True,active,,190019060000F1F01A1043016D03FFFFFFFFB3CB2C00,20.1875,54.8125,,,1.069,,-64
1775855910.272135,FABCEA8B-7EC8-2594-4879-2B3B63989660,ThermoBeacon2,gatt,False,offline,,,,,,,,,-64
1775855910.272135,C898B4F2-B452-7502-1A67-0536E77D49EA,sps,adv,True,active,,F207E91700C2A51A08,20.34,61.21,,,0.926,,-63
1775855910.272135,C898B4F2-B452-7502-1A67-0536E77D49EA,sps,gatt,False,offline,,,,,,,,,-63
1775855910.272135,FF-FF-A1-00-00-01,LGS_NODE_17,adv,False,offline,,7445A11107E0140D0E,,,,,,,
1775855910.272135,FF-FF-A1-00-00-01,LGS_NODE_17,gatt,False,offline,,,,,,,,,
1775855970.362122,827482CC-A977-43D7-835E-8E8B6978E66A,LGS_Sensor,adv,True,active,,D302A2110828139E07400FA009F601A20000DC,18.56,40.0,20.88,50.22,1.283,1.229,-65
1775855970.362122,827482CC-A977-43D7-835E-8E8B6978E66A,LGS_Sensor,gatt,False,offline,,,,,,,,,-65
1775855970.362122,FABCEA8B-7EC8-2594-4879-2B3B63989660,ThermoBeacon2,adv,True,active,,190019060000F1F0161043016B03FFFFFFFFF2CB2C00,20.1875,54.6875,,,1.072,,-69
1775855970.362122,FABCEA8B-7EC8-2594-4879-2B3B63989660,ThermoBeacon2,gatt,False,offline,,,,,,,,,-69
1775855970.362122,C898B4F2-B452-7502-1A67-0536E77D49EA,sps,adv,True,active,,E607E5170032A51D08,20.22,61.17,,,0.92,,-63
1775855970.362122,C898B4F2-B452-7502-1A67-0536E77D49EA,sps,gatt,False,offline,,,,,,,,,-63
1775855970.362122,FF-FF-A1-00-00-01,LGS_NODE_17,adv,False,offline,,7445A111081413DE01,,,,,,,
1775855970.362122,FF-FF-A1-00-00-01,LGS_NODE_17,gatt,False,offline,,,,,,,,,
1775856030.3864598,827482CC-A977-43D7-835E-8E8B6978E66A,LGS_Sensor,adv,True,active,,D302A21108341375074E0FA009F601A30000E8,18.7,40.0,21.0,49.81,1.294,1.248,-64
1775856030.3864598,827482CC-A977-43D7-835E-8E8B6978E66A,LGS_Sensor,gatt,False,offline,,,,,,,,,-64
1775856030.3864598,FABCEA8B-7EC8-2594-4879-2B3B63989660,ThermoBeacon2,adv,False,offline,,190019060000F1F0161043016B03FFFFFFFFF7CB2C00,,,,,,,
1775856030.3864598,FABCEA8B-7EC8-2594-4879-2B3B63989660,ThermoBeacon2,gatt,False,offline,,,,,,,,,
1775856030.3864598,C898B4F2-B452-7502-1A67-0536E77D49EA,sps,adv,True,active,,D207F0170092A51D08,20.02,61.28,,,0.906,,-62
1775856030.3864598,C898B4F2-B452-7502-1A67-0536E77D49EA,sps,gatt,False,offline,,,,,,,,,-62
1775856030.3864598,FF-FF-A1-00-00-01,LGS_NODE_17,adv,False,offline,,7445A111081413DE01,,,,,,,
1775856030.3864598,FF-FF-A1-00-00-01,LGS_NODE_17,gatt,False,offline,,,,,,,,,
1775856090.3892338,827482CC-A977-43D7-835E-8E8B6978E66A,LGS_Sensor,adv,True,active,,D302A2110838136407580FA009F601A20000F3,18.8,40.0,21.04,49.64,1.302,1.255,-63
1775856090.3892338,827482CC-A977-43D7-835E-8E8B6978E66A,LGS_Sensor,gatt,False,offline,,,,,,,,,-63
1775856090.3892338,FABCEA8B-7EC8-2594-4879-2B3B63989660,ThermoBeacon2,adv,False,offline,,190019060000F1F0161043016B03FFFFFFFFF7CB2C00,,,,,,,
1775856090.3892338,FABCEA8B-7EC8-2594-4879-2B3B63989660,ThermoBeacon2,gatt,False,offline,,,,,,,,,
1775856090.3892338,C898B4F2-B452-7502-1A67-0536E77D49EA,sps,adv,True,active,,DC07FC17003B671D08,20.12,61.4,,,0.909,,-63
1775856090.3892338,C898B4F2-B452-7502-1A67-0536E77D49EA,sps,gatt,False,offline,,,,,,,,,-63
1775856090.3892338,FF-FF-A1-00-00-01,LGS_NODE_17,adv,False,offline,,7445A111081413DE01,,,,,,,
1775856090.3892338,FF-FF-A1-00-00-01,LGS_NODE_17,gatt,False,offline,,,,,,,,,
1775856150.48293,827482CC-A977-43D7-835E-8E8B6978E66A,LGS_Sensor,adv,True,active,,D302A211083D135A074A0FA009F601A30000FF,18.66,40.0,21.09,49.54,1.291,1.262,-62
1775856150.48293,827482CC-A977-43D7-835E-8E8B6978E66A,LGS_Sensor,gatt,False,offline,,,,,,,,,-62
1775856150.48293,FABCEA8B-7EC8-2594-4879-2B3B63989660,ThermoBeacon2,adv,False,offline,,190019060000F1F0161043016B03FFFFFFFFF7CB2C00,,,,,,,
1775856150.48293,FABCEA8B-7EC8-2594-4879-2B3B63989660,ThermoBeacon2,gatt,False,offline,,,,,,,,,
1775856150.48293,C898B4F2-B452-7502-1A67-0536E77D49EA,sps,adv,True,active,,CD07FC1700C7641D08,19.97,61.4,,,0.901,,-54
1775856150.48293,C898B4F2-B452-7502-1A67-0536E77D49EA,sps,gatt,False,offline,,,,,,,,,-54
1775856150.48293,FF-FF-A1-00-00-01,LGS_NODE_17,adv,False,offline,,7445A111081413DE01,,,,,,,
1775856150.48293,FF-FF-A1-00-00-01,LGS_NODE_17,gatt,False,offline,,,,,,,,,
1775856206.1894479,827482CC-A977-43D7-835E-8E8B6978E66A,LGS_Sensor,adv,False,offline,,,,,,,,,-64
1775856206.1894479,827482CC-A977-43D7-835E-8E8B6978E66A,LGS_Sensor,gatt,False,offline,,,,,,,,,-64
1775856206.1894479,FABCEA8B-7EC8-2594-4879-2B3B63989660,ThermoBeacon2,adv,False,offline,,,,,,,,,
1775856206.1894479,FABCEA8B-7EC8-2594-4879-2B3B63989660,ThermoBeacon2,gatt,False,offline,,,,,,,,,
1775856206.1894479,C898B4F2-B452-7502-1A67-0536E77D49EA,sps,adv,False,offline,,,,,,,,,
1775856206.1894479,C898B4F2-B452-7502-1A67-0536E77D49EA,sps,gatt,False,offline,,,,,,,,,
1775856206.1894479,FF-FF-A1-00-00-01,LGS_NODE_17,adv,False,offline,,,,,,,,,
1775856206.1894479,FF-FF-A1-00-00-01,LGS_NODE_17,gatt,False,offline,,,,,,,,,
1775856266.2503638,827482CC-A977-43D7-835E-8E8B6978E66A,LGS_Sensor,adv,True,active,,D302A211083B136007510FA009F601A3000017,18.73,40.0,21.07,49.6,1.296,1.259,-63
1775856266.2503638,827482CC-A977-43D7-835E-8E8B6978E66A,LGS_Sensor,gatt,False,offline,,,,,,,,,-63
1775856266.2503638,FABCEA8B-7EC8-2594-4879-2B3B63989660,ThermoBeacon2,adv,False,offline,,190019060000F1F0161043016B03FFFFFFFFF7CB2C00,,,,,,,
1775856266.2503638,FABCEA8B-7EC8-2594-4879-2B3B63989660,ThermoBeacon2,gatt,False,offline,,,,,,,,,
1775856266.2503638,C898B4F2-B452-7502-1A67-0536E77D49EA,sps,adv,True,active,,B6071F1800D7681C08,19.74,61.75,,,0.88,,-54
1775856266.2503638,C898B4F2-B452-7502-1A67-0536E77D49EA,sps,gatt,False,offline,,,,,,,,,-54
1775856266.2503638,FF-FF-A1-00-00-01,LGS_NODE_17,adv,False,offline,,7445A111081413DE01,,,,,,,
1775856266.2503638,FF-FF-A1-00-00-01,LGS_NODE_17,gatt,False,offline,,,,,,,,,
1775856326.270659,827482CC-A977-43D7-835E-8E8B6978E66A,LGS_Sensor,adv,True,active,,D302A2110838135707490FA009F601A2000023,18.65,40.0,21.04,49.51,1.29,1.259,-62
1775856326.270659,827482CC-A977-43D7-835E-8E8B6978E66A,LGS_Sensor,gatt,False,offline,,,,,,,,,-62
1775856326.270659,FABCEA8B-7EC8-2594-4879-2B3B63989660,ThermoBeacon2,adv,False,offline,,190019060000F1F0161043016B03FFFFFFFFF7CB2C00,,,,,,,
1775856326.270659,FABCEA8B-7EC8-2594-4879-2B3B63989660,ThermoBeacon2,gatt,False,offline,,,,,,,,,
1775856326.270659,C898B4F2-B452-7502-1A67-0536E77D49EA,sps,adv,True,active,,B6071F1800D7681C08,19.74,61.75,,,0.88,,-53
1775856326.270659,C898B4F2-B452-7502-1A67-0536E77D49EA,sps,gatt,False,offline,,,,,,,,,-53
1775856326.270659,FF-FF-A1-00-00-01,LGS_NODE_17,adv,False,offline,,7445A111081413DE01,,,,,,,
1775856326.270659,FF-FF-A1-00-00-01,LGS_NODE_17,gatt,False,offline,,,,,,,,,
1775856386.3409479,827482CC-A977-43D7-835E-8E8B6978E66A,LGS_Sensor,adv,True,active,,D302A21108381369074B0FA009F601A300002F,18.67,40.0,21.04,49.69,1.291,1.254,-59
1775856386.3409479,827482CC-A977-43D7-835E-8E8B6978E66A,LGS_Sensor,gatt,False,offline,,,,,,,,,-59
1775856386.3409479,FABCEA8B-7EC8-2594-4879-2B3B63989660,ThermoBeacon2,adv,False,offline,,190019060000F1F0161043016B03FFFFFFFFF7CB2C00,,,,,,,
1775856386.3409479,FABCEA8B-7EC8-2594-4879-2B3B63989660,ThermoBeacon2,gatt,False,offline,,,,,,,,,
1775856386.3409479,C898B4F2-B452-7502-1A67-0536E77D49EA,sps,adv,True,active,,B3072218008AA41C08,19.71,61.78,,,0.878,,-56
1775856386.3409479,C898B4F2-B452-7502-1A67-0536E77D49EA,sps,gatt,False,offline,,,,,,,,,-56
1775856386.3409479,FF-FF-A1-00-00-01,LGS_NODE_17,adv,False,offline,,7445A111081413DE01,,,,,,,
1775856386.3409479,FF-FF-A1-00-00-01,LGS_NODE_17,gatt,False,offline,,,,,,,,,
1775856446.376702,827482CC-A977-43D7-835E-8E8B6978E66A,LGS_Sensor,adv,True,active,,D302A2110837137207520FA009F601A300003A,18.74,40.0,21.03,49.78,1.297,1.251,-67
1775856446.376702,827482CC-A977-43D7-835E-8E8B6978E66A,LGS_Sensor,gatt,False,offline,,,,,,,,,-67
1775856446.376702,FABCEA8B-7EC8-2594-4879-2B3B63989660,ThermoBeacon2,adv,False,offline,,190019060000F1F0161043016B03FFFFFFFFF7CB2C00,,,,,,,
1775856446.376702,FABCEA8B-7EC8-2594-4879-2B3B63989660,ThermoBeacon2,gatt,False,offline,,,,,,,,,
1775856446.376702,C898B4F2-B452-7502-1A67-0536E77D49EA,sps,adv,True,active,,AD07211800D2A61C08,19.65,61.77,,,0.875,,-64
1775856446.376702,C898B4F2-B452-7502-1A67-0536E77D49EA,sps,gatt,False,offline,,,,,,,,,-64
1775856446.376702,FF-FF-A1-00-00-01,LGS_NODE_17,adv,False,offline,,7445A111081413DE01,,,,,,,
1775856446.376702,FF-FF-A1-00-00-01,LGS_NODE_17,gatt,False,offline,,,,,,,,,
1775856506.3821929,827482CC-A977-43D7-835E-8E8B6978E66A,LGS_Sensor,adv,True,active,,D302A2110837136807530FA009F601A3000046,18.75,40.0,21.03,49.68,1.298,1.254,-58
1775856506.3821929,827482CC-A977-43D7-835E-8E8B6978E66A,LGS_Sensor,gatt,False,offline,,,,,,,,,-58
1775856506.3821929,FABCEA8B-7EC8-2594-4879-2B3B63989660,ThermoBeacon2,adv,True,active,,190019060000F1F01D103E015403FFFFFFFF02CE2C00,19.875,53.25,,,1.085,,-59
1775856506.3821929,FABCEA8B-7EC8-2594-4879-2B3B63989660,ThermoBeacon2,gatt,False,offline,,,,,,,,,-59
1775856506.3821929,C898B4F2-B452-7502-1A67-0536E77D49EA,sps,adv,False,offline,,B3071118007AAB1C08,,,,,,,
1775856506.3821929,C898B4F2-B452-7502-1A67-0536E77D49EA,sps,gatt,False,offline,,,,,,,,,
1775856506.3821929,FF-FF-A1-00-00-01,LGS_NODE_17,adv,False,offline,,7445A111081413DE01,,,,,,,
1775856506.3821929,FF-FF-A1-00-00-01,LGS_NODE_17,gatt,False,offline,,,,,,,,,
1775856566.400676,827482CC-A977-43D7-835E-8E8B6978E66A,LGS_Sensor,adv,True,active,,D302A2110836135507640FA009F601A3000052,18.92,40.0,21.02,49.49,1.312,1.258,-62
1775856566.400676,827482CC-A977-43D7-835E-8E8B6978E66A,LGS_Sensor,gatt,False,offline,,,,,,,,,-62
1775856566.400676,FABCEA8B-7EC8-2594-4879-2B3B63989660,ThermoBeacon2,adv,True,active,,190019060000F1F01D103E015503FFFFFFFF41CE2C00,19.875,53.3125,,,1.083,,-55
1775856566.400676,FABCEA8B-7EC8-2594-4879-2B3B63989660,ThermoBeacon2,gatt,False,offline,,,,,,,,,-55
1775856566.400676,C898B4F2-B452-7502-1A67-0536E77D49EA,sps,adv,False,offline,,B3071118007AAB1C08,,,,,,,
1775856566.400676,C898B4F2-B452-7502-1A67-0536E77D49EA,sps,gatt,False,offline,,,,,,,,,
1775856566.400676,FF-FF-A1-00-00-01,LGS_NODE_17,adv,False,offline,,7445A111081413DE01,,,,,,,
1775856566.400676,FF-FF-A1-00-00-01,LGS_NODE_17,gatt,False,offline,,,,,,,,,
1775856626.502666,827482CC-A977-43D7-835E-8E8B6978E66A,LGS_Sensor,adv,True,active,,D302A2110836135907470FA009F601A300005E,18.63,40.0,21.02,49.53,1.288,1.257,-63
1775856626.502666,827482CC-A977-43D7-835E-8E8B6978E66A,LGS_Sensor,gatt,False,offline,,,,,,,,,-63
1775856626.502666,FABCEA8B-7EC8-2594-4879-2B3B63989660,ThermoBeacon2,adv,True,active,,190019060000F1F01D103D015703FFFFFFFF7BCE2C00,19.8125,53.4375,,,1.076,,-56
1775856626.502666,FABCEA8B-7EC8-2594-4879-2B3B63989660,ThermoBeacon2,gatt,False,offline,,,,,,,,,-56
1775856626.502666,C898B4F2-B452-7502-1A67-0536E77D49EA,sps,adv,False,offline,,B3071118007AAB1C08,,,,,,,
1775856626.502666,C898B4F2-B452-7502-1A67-0536E77D49EA,sps,gatt,False,offline,,,,,,,,,
1775856626.502666,FF-FF-A1-00-00-01,LGS_NODE_17,adv,False,offline,,7445A111081413DE01,,,,,,,
1775856626.502666,FF-FF-A1-00-00-01,LGS_NODE_17,gatt,False,offline,,,,,,,,,
1775856686.555182,827482CC-A977-43D7-835E-8E8B6978E66A,LGS_Sensor,adv,True,active,,D302A2110831136D07440FA009F601A300006A,18.6,40.0,20.97,49.73,1.286,1.248,-61
1775856686.555182,827482CC-A977-43D7-835E-8E8B6978E66A,LGS_Sensor,gatt,False,offline,,,,,,,,,-61
1775856686.555182,FABCEA8B-7EC8-2594-4879-2B3B63989660,ThermoBeacon2,adv,True,active,,190019060000F1F01D103D015E03FFFFFFFFBACE2C00,19.8125,53.875,,,1.066,,-59
1775856686.555182,FABCEA8B-7EC8-2594-4879-2B3B63989660,ThermoBeacon2,gatt,False,offline,,,,,,,,,-59
1775856686.555182,C898B4F2-B452-7502-1A67-0536E77D49EA,sps,adv,False,offline,,B3071118007AAB1C08,,,,,,,
1775856686.555182,C898B4F2-B452-7502-1A67-0536E77D49EA,sps,gatt,False,offline,,,,,,,,,
1775856686.555182,FF-FF-A1-00-00-01,LGS_NODE_17,adv,False,offline,,7445A111081413DE01,,,,,,,
1775856686.555182,FF-FF-A1-00-00-01,LGS_NODE_17,gatt,False,offline,,,,,,,,,
1775856746.5684218,827482CC-A977-43D7-835E-8E8B6978E66A,LGS_Sensor,adv,True,active,,D302A2110834137207450FA009F601A3000076,18.61,40.0,21.0,49.78,1.287,1.249,-62
1775856746.5684218,827482CC-A977-43D7-835E-8E8B6978E66A,LGS_Sensor,gatt,False,offline,,,,,,,,,-62
1775856746.5684218,FABCEA8B-7EC8-2594-4879-2B3B63989660,ThermoBeacon2,adv,True,active,,190019060000F1F01A103C016103FFFFFFFFF8CE2C00,19.75,54.0625,,,1.058,,-56
1775856746.5684218,FABCEA8B-7EC8-2594-4879-2B3B63989660,ThermoBeacon2,gatt,False,offline,,,,,,,,,-56
1775856746.5684218,C898B4F2-B452-7502-1A67-0536E77D49EA,sps,adv,False,offline,,B3071118007AAB1C08,,,,,,,
1775856746.5684218,C898B4F2-B452-7502-1A67-0536E77D49EA,sps,gatt,False,offline,,,,,,,,,
1775856746.5684218,FF-FF-A1-00-00-01,LGS_NODE_17,adv,False,offline,,7445A111081413DE01,,,,,,,
1775856746.5684218,FF-FF-A1-00-00-01,LGS_NODE_17,gatt,False,offline,,,,,,,,,
1775856806.637434,827482CC-A977-43D7-835E-8E8B6978E66A,LGS_Sensor,adv,True,active,,D302A2110831137C07430FA009F601A3000081,18.59,40.0,20.97,49.88,1.285,1.244,-62
1775856806.637434,827482CC-A977-43D7-835E-8E8B6978E66A,LGS_Sensor,gatt,False,offline,,,,,,,,,-62
1775856806.637434,FABCEA8B-7EC8-2594-4879-2B3B63989660,ThermoBeacon2,adv,True,active,,190019060000F1F01D103C016303FFFFFFFF29CF2C00,19.75,54.1875,,,1.055,,-57
1775856806.637434,FABCEA8B-7EC8-2594-4879-2B3B63989660,ThermoBeacon2,gatt,False,offline,,,,,,,,,-57
1775856806.637434,C898B4F2-B452-7502-1A67-0536E77D49EA,sps,adv,False,offline,,B3071118007AAB1C08,,,,,,,
1775856806.637434,C898B4F2-B452-7502-1A67-0536E77D49EA,sps,gatt,False,offline,,,,,,,,,
1775856806.637434,FF-FF-A1-00-00-01,LGS_NODE_17,adv,False,offline,,7445A111081413DE01,,,,,,,
1775856806.637434,FF-FF-A1-00-00-01,LGS_NODE_17,gatt,False,offline,,,,,,,,,
1775856845.9668941,827482CC-A977-43D7-835E-8E8B6978E66A,LGS_Sensor,adv,False,offline,,,,,,,,,-64
1775856845.9668941,827482CC-A977-43D7-835E-8E8B6978E66A,LGS_Sensor,gatt,False,offline,,,,,,,,,-64
1775856845.9668941,FABCEA8B-7EC8-2594-4879-2B3B63989660,ThermoBeacon2,adv,False,offline,,,,,,,,,
1775856845.9668941,FABCEA8B-7EC8-2594-4879-2B3B63989660,ThermoBeacon2,gatt,False,offline,,,,,,,,,
1775856845.9668941,C898B4F2-B452-7502-1A67-0536E77D49EA,sps,adv,False,offline,,,,,,,,,
1775856845.9668941,C898B4F2-B452-7502-1A67-0536E77D49EA,sps,gatt,False,offline,,,,,,,,,
1775856845.9668941,FF-FF-A1-00-00-01,LGS_NODE_17,adv,False,offline,,,,,,,,,
1775856845.9668941,FF-FF-A1-00-00-01,LGS_NODE_17,gatt,False,offline,,,,,,,,,
1775856906.038615,827482CC-A977-43D7-835E-8E8B6978E66A,LGS_Sensor,adv,True,active,,D302A21108331394074C0FA009F601A3000096,18.68,40.0,20.99,50.12,1.292,1.24,-65
1775856906.038615,827482CC-A977-43D7-835E-8E8B6978E66A,LGS_Sensor,gatt,False,offline,,,,,,,,,-65
1775856906.038615,FABCEA8B-7EC8-2594-4879-2B3B63989660,ThermoBeacon2,adv,True,active,,190019060000F1F01A103B016403FFFFFFFF98CF2C00,19.6875,54.25,,,1.049,,-66
1775856906.038615,FABCEA8B-7EC8-2594-4879-2B3B63989660,ThermoBeacon2,gatt,False,offline,,,,,,,,,-66
1775856906.038615,C898B4F2-B452-7502-1A67-0536E77D49EA,sps,adv,False,offline,,B3071118007AAB1C08,,,,,,,
1775856906.038615,C898B4F2-B452-7502-1A67-0536E77D49EA,sps,gatt,False,offline,,,,,,,,,
1775856906.038615,FF-FF-A1-00-00-01,LGS_NODE_17,adv,False,offline,,7445A111081413DE01,,,,,,,
1775856906.038615,FF-FF-A1-00-00-01,LGS_NODE_17,gatt,False,offline,,,,,,,,,
1775858989.859456,827482CC-A977-43D7-835E-8E8B6978E66A,LGS_Sensor,adv,False,offline,,,,,,,,,-64
1775858989.859456,827482CC-A977-43D7-835E-8E8B6978E66A,LGS_Sensor,gatt,False,offline,,,,,,,,,-64
1775858989.859456,FABCEA8B-7EC8-2594-4879-2B3B63989660,ThermoBeacon2,adv,False,offline,,,,,,,,,
1775858989.859456,FABCEA8B-7EC8-2594-4879-2B3B63989660,ThermoBeacon2,gatt,False,offline,,,,,,,,,
1775858989.859456,C898B4F2-B452-7502-1A67-0536E77D49EA,sps,adv,False,offline,,,,,,,,,
1775858989.859456,C898B4F2-B452-7502-1A67-0536E77D49EA,sps,gatt,False,offline,,,,,,,,,
1775858989.859456,FF-FF-A1-00-00-01,LGS_NODE_17,adv,False,offline,,,,,,,,,
1775858989.859456,FF-FF-A1-00-00-01,LGS_NODE_17,gatt,False,offline,,,,,,,,,
1775859049.929367,827482CC-A977-43D7-835E-8E8B6978E66A,LGS_Sensor,adv,True,active,,D302A211085D135707430FA009F601A3000041,18.59,40.0,21.41,49.51,1.285,1.288,-64
1775859049.929367,827482CC-A977-43D7-835E-8E8B6978E66A,LGS_Sensor,gatt,False,offline,,,,,,,,,-64
1775859049.929367,FABCEA8B-7EC8-2594-4879-2B3B63989660,ThermoBeacon2,adv,False,offline,,190019060000F1F01D1036016203FFFFFFFF5AD72C00,,,,,,,
1775859049.929367,FABCEA8B-7EC8-2594-4879-2B3B63989660,ThermoBeacon2,gatt,False,offline,,,,,,,,,
1775859049.929367,C898B4F2-B452-7502-1A67-0536E77D49EA,sps,adv,False,offline,,9407691700CB451D08,,,,,,,
1775859049.929367,C898B4F2-B452-7502-1A67-0536E77D49EA,sps,gatt,False,offline,,,,,,,,,
1775859049.929367,FF-FF-A1-00-00-01,LGS_NODE_17,adv,False,offline,,7445A111089412FB01,,,,,,,
1775859049.929367,FF-FF-A1-00-00-01,LGS_NODE_17,gatt,False,offline,,,,,,,,,
1775859109.9364538,827482CC-A977-43D7-835E-8E8B6978E66A,LGS_Sensor,adv,True,active,,D302A211084F137B07510FA009F601A200004C,18.73,40.0,21.27,49.87,1.296,1.267,-65
1775859109.9364538,827482CC-A977-43D7-835E-8E8B6978E66A,LGS_Sensor,gatt,False,offline,,,,,,,,,-65
1775859109.9364538,FABCEA8B-7EC8-2594-4879-2B3B63989660,ThermoBeacon2,adv,True,active,,190019060000F1F0211035016103FFFFFFFF30D82C00,19.3125,54.0625,,,1.029,,-68
1775859109.9364538,FABCEA8B-7EC8-2594-4879-2B3B63989660,ThermoBeacon2,gatt,False,offline,,,,,,,,,-68
1775859109.9364538,C898B4F2-B452-7502-1A67-0536E77D49EA,sps,adv,False,offline,,94076417005A861D08,,,,,,,
1775859109.9364538,C898B4F2-B452-7502-1A67-0536E77D49EA,sps,gatt,False,offline,,,,,,,,,
1775859109.9364538,FF-FF-A1-00-00-01,LGS_NODE_17,adv,False,offline,,7445A111089412FB01,,,,,,,
1775859109.9364538,FF-FF-A1-00-00-01,LGS_NODE_17,gatt,False,offline,,,,,,,,,
1775859169.9543848,827482CC-A977-43D7-835E-8E8B6978E66A,LGS_Sensor,adv,True,active,,D302A211084C137E074D0FA009F601A2000059,18.69,40.0,21.24,49.9,1.293,1.264,-64
1775859169.9543848,827482CC-A977-43D7-835E-8E8B6978E66A,LGS_Sensor,gatt,False,offline,,,,,,,,,-64
1775859169.9543848,FABCEA8B-7EC8-2594-4879-2B3B63989660,ThermoBeacon2,adv,True,active,,190019060000F1F01D1035016203FFFFFFFF69D82C00,19.3125,54.125,,,1.028,,-66
1775859169.9543848,FABCEA8B-7EC8-2594-4879-2B3B63989660,ThermoBeacon2,gatt,False,offline,,,,,,,,,-66
1775859169.9543848,C898B4F2-B452-7502-1A67-0536E77D49EA,sps,adv,False,offline,,94076417005A861D08,,,,,,,
1775859169.9543848,C898B4F2-B452-7502-1A67-0536E77D49EA,sps,gatt,False,offline,,,,,,,,,
1775859169.9543848,FF-FF-A1-00-00-01,LGS_NODE_17,adv,False,offline,,7445A111089412FB01,,,,,,,
1775859169.9543848,FF-FF-A1-00-00-01,LGS_NODE_17,gatt,False,offline,,,,,,,,,
1775859230.020895,827482CC-A977-43D7-835E-8E8B6978E66A,LGS_Sensor,adv,True,active,,D302A2110848138007540FA009F601A3000064,18.76,40.0,21.2,49.92,1.299,1.261,-62
1775859230.020895,827482CC-A977-43D7-835E-8E8B6978E66A,LGS_Sensor,gatt,False,offline,,,,,,,,,-62
1775859230.020895,FABCEA8B-7EC8-2594-4879-2B3B63989660,ThermoBeacon2,adv,True,active,,190019060000F1F01D1035016103FFFFFFFFADD82C00,19.3125,54.0625,,,1.029,,-59
1775859230.020895,FABCEA8B-7EC8-2594-4879-2B3B63989660,ThermoBeacon2,gatt,False,offline,,,,,,,,,-59
1775859230.020895,C898B4F2-B452-7502-1A67-0536E77D49EA,sps,adv,False,offline,,8D07691700D6871D08,,,,,,,
1775859230.020895,C898B4F2-B452-7502-1A67-0536E77D49EA,sps,gatt,False,offline,,,,,,,,,
1775859230.020895,FF-FF-A1-00-00-01,LGS_NODE_17,adv,False,offline,,7445A111089412FB01,,,,,,,
1775859230.020895,FF-FF-A1-00-00-01,LGS_NODE_17,gatt,False,offline,,,,,,,,,
1775859290.0416799,827482CC-A977-43D7-835E-8E8B6978E66A,LGS_Sensor,adv,True,active,,D302A211083F139707520FA009F601A3000070,18.74,40.0,21.11,50.15,1.297,1.248,-69
1775859290.0416799,827482CC-A977-43D7-835E-8E8B6978E66A,LGS_Sensor,gatt,False,offline,,,,,,,,,-69
1775859290.0416799,FABCEA8B-7EC8-2594-4879-2B3B63989660,ThermoBeacon2,adv,True,active,,190019060000F1F01D1035016103FFFFFFFFE7D82C00,19.3125,54.0625,,,1.029,,-64
1775859290.0416799,FABCEA8B-7EC8-2594-4879-2B3B63989660,ThermoBeacon2,gatt,False,offline,,,,,,,,,-64
1775859290.0416799,C898B4F2-B452-7502-1A67-0536E77D49EA,sps,adv,False,offline,,9B076417000E871D08,,,,,,,
1775859290.0416799,C898B4F2-B452-7502-1A67-0536E77D49EA,sps,gatt,False,offline,,,,,,,,,
1775859290.0416799,FF-FF-A1-00-00-01,LGS_NODE_17,adv,False,offline,,7445A111089412FB01,,,,,,,
1775859290.0416799,FF-FF-A1-00-00-01,LGS_NODE_17,gatt,False,offline,,,,,,,,,
1775859350.120217,827482CC-A977-43D7-835E-8E8B6978E66A,LGS_Sensor,adv,True,active,,D302A211082F13C7074A0FA009F601A200007C,18.66,40.0,20.95,50.63,1.291,1.224,-66
1775859350.120217,827482CC-A977-43D7-835E-8E8B6978E66A,LGS_Sensor,gatt,False,offline,,,,,,,,,-66
1775859350.120217,FABCEA8B-7EC8-2594-4879-2B3B63989660,ThermoBeacon2,adv,True,active,,190019060000F1F01D1035016103FFFFFFFF26D92C00,19.3125,54.0625,,,1.029,,-64
1775859350.120217,FABCEA8B-7EC8-2594-4879-2B3B63989660,ThermoBeacon2,gatt,False,offline,,,,,,,,,-64
1775859350.120217,C898B4F2-B452-7502-1A67-0536E77D49EA,sps,adv,True,active,,87075B1700EF491D08,19.27,59.79,,,0.898,,-60
1775859350.120217,C898B4F2-B452-7502-1A67-0536E77D49EA,sps,gatt,False,offline,,,,,,,,,-60
1775859350.120217,FF-FF-A1-00-00-01,LGS_NODE_17,adv,False,offline,,7445A111089412FB01,,,,,,,
1775859350.120217,FF-FF-A1-00-00-01,LGS_NODE_17,gatt,False,offline,,,,,,,,,
1775859410.152029,827482CC-A977-43D7-835E-8E8B6978E66A,LGS_Sensor,adv,True,active,,D302A211084113E007520FA009F601A2000088,18.74,40.0,21.13,50.88,1.297,1.231,-67
1775859410.152029,827482CC-A977-43D7-835E-8E8B6978E66A,LGS_Sensor,gatt,False,offline,,,,,,,,,-67
1775859410.152029,FABCEA8B-7EC8-2594-4879-2B3B63989660,ThermoBeacon2,adv,True,active,,190019060000F1F01D1035016103FFFFFFFF60D92C00,19.3125,54.0625,,,1.029,,-64
1775859410.152029,FABCEA8B-7EC8-2594-4879-2B3B63989660,ThermoBeacon2,gatt,False,offline,,,,,,,,,-64
1775859410.152029,C898B4F2-B452-7502-1A67-0536E77D49EA,sps,adv,True,active,,950751170077481D08,19.41,59.69,,,0.909,,-58
1775859410.152029,C898B4F2-B452-7502-1A67-0536E77D49EA,sps,gatt,False,offline,,,,,,,,,-58
1775859410.152029,FF-FF-A1-00-00-01,LGS_NODE_17,adv,False,offline,,7445A111089412FB01,,,,,,,
1775859410.152029,FF-FF-A1-00-00-01,LGS_NODE_17,gatt,False,offline,,,,,,,,,
1775859470.19151,827482CC-A977-43D7-835E-8E8B6978E66A,LGS_Sensor,adv,True,active,,D302A211084713DF07450FA009F601A3000094,18.61,40.0,21.19,50.87,1.287,1.236,-67
1775859470.19151,827482CC-A977-43D7-835E-8E8B6978E66A,LGS_Sensor,gatt,False,offline,,,,,,,,,-67
1775859470.19151,FABCEA8B-7EC8-2594-4879-2B3B63989660,ThermoBeacon2,adv,True,active,,190019060000F1F01D1035016303FFFFFFFF9BD92C00,19.3125,54.1875,,,1.026,,-62
1775859470.19151,FABCEA8B-7EC8-2594-4879-2B3B63989660,ThermoBeacon2,gatt,False,offline,,,,,,,,,-62
1775859470.19151,C898B4F2-B452-7502-1A67-0536E77D49EA,sps,adv,True,active,,97076017005F471D08,19.43,59.84,,,0.906,,-61
1775859470.19151,C898B4F2-B452-7502-1A67-0536E77D49EA,sps,gatt,False,offline,,,,,,,,,-61
1775859470.19151,FF-FF-A1-00-00-01,LGS_NODE_17,adv,False,offline,,7445A111089412FB01,,,,,,,
1775859470.19151,FF-FF-A1-00-00-01,LGS_NODE_17,gatt,False,offline,,,,,,,,,
1775859530.2701719,827482CC-A977-43D7-835E-8E8B6978E66A,LGS_Sensor,adv,True,active,,D302A211084513E5074E0FA009F601A20000A0,18.7,40.0,21.17,50.93,1.294,1.233,-65
1775859530.2701719,827482CC-A977-43D7-835E-8E8B6978E66A,LGS_Sensor,gatt,False,offline,,,,,,,,,-65
1775859530.2701719,FABCEA8B-7EC8-2594-4879-2B3B63989660,ThermoBeacon2,adv,True,active,,190019060000F1F01A1035016303FFFFFFFFD9D92C00,19.3125,54.1875,,,1.026,,-57
1775859530.2701719,FABCEA8B-7EC8-2594-4879-2B3B63989660,ThermoBeacon2,gatt,False,offline,,,,,,,,,-57
1775859530.2701719,C898B4F2-B452-7502-1A67-0536E77D49EA,sps,adv,True,active,,9907681700B7441D08,19.45,59.92,,,0.906,,-62
1775859530.2701719,C898B4F2-B452-7502-1A67-0536E77D49EA,sps,gatt,False,offline,,,,,,,,,-62
1775859530.2701719,FF-FF-A1-00-00-01,LGS_NODE_17,adv,False,offline,,7445A111089412FB01,,,,,,,
1775859530.2701719,FF-FF-A1-00-00-01,LGS_NODE_17,gatt,False,offline,,,,,,,,,
1775859590.342486,827482CC-A977-43D7-835E-8E8B6978E66A,LGS_Sensor,adv,True,active,,D302A211083E13F307450FA009F601A30000AC,18.61,40.0,21.1,51.07,1.287,1.224,-66
1775859590.342486,827482CC-A977-43D7-835E-8E8B6978E66A,LGS_Sensor,gatt,False,offline,,,,,,,,,-66
1775859590.342486,FABCEA8B-7EC8-2594-4879-2B3B63989660,ThermoBeacon2,adv,True,active,,190019060000F1F01A1035016303FFFFFFFF13DA2C00,19.3125,54.1875,,,1.026,,-57
1775859590.342486,FABCEA8B-7EC8-2594-4879-2B3B63989660,ThermoBeacon2,gatt,False,offline,,,,,,,,,-57
1775859590.342486,C898B4F2-B452-7502-1A67-0536E77D49EA,sps,adv,True,active,,97076D1700CE841D08,19.43,59.97,,,0.903,,-58
1775859590.342486,C898B4F2-B452-7502-1A67-0536E77D49EA,sps,gatt,False,offline,,,,,,,,,-58
1775859590.342486,FF-FF-A1-00-00-01,LGS_NODE_17,adv,False,offline,,7445A111089412FB01,,,,,,,
1775859590.342486,FF-FF-A1-00-00-01,LGS_NODE_17,gatt,False,offline,,,,,,,,,
1775859650.351184,827482CC-A977-43D7-835E-8E8B6978E66A,LGS_Sensor,adv,True,active,,D302A211083A13F6074A0FA009F601A30000B8,18.66,40.0,21.06,51.1,1.291,1.22,-67
1775859650.351184,827482CC-A977-43D7-835E-8E8B6978E66A,LGS_Sensor,gatt,False,offline,,,,,,,,,-67
1775859650.351184,FABCEA8B-7EC8-2594-4879-2B3B63989660,ThermoBeacon2,adv,True,active,,190019060000F1F01D1035016303FFFFFFFF52DA2C00,19.3125,54.1875,,,1.026,,-57
1775859650.351184,FABCEA8B-7EC8-2594-4879-2B3B63989660,ThermoBeacon2,gatt,False,offline,,,,,,,,,-57
1775859650.351184,C898B4F2-B452-7502-1A67-0536E77D49EA,sps,adv,True,active,,9A0764170033471D08,19.46,59.88,,,0.907,,-59
1775859650.351184,C898B4F2-B452-7502-1A67-0536E77D49EA,sps,gatt,False,offline,,,,,,,,,-59
1775859650.351184,FF-FF-A1-00-00-01,LGS_NODE_17,adv,False,offline,,7445A111089412FB01,,,,,,,
1775859650.351184,FF-FF-A1-00-00-01,LGS_NODE_17,gatt,False,offline,,,,,,,,,
1775859710.36048,827482CC-A977-43D7-835E-8E8B6978E66A,LGS_Sensor,adv,True,active,,D302A211083813FE07510FA009F601A30000C4,18.73,40.0,21.04,51.18,1.296,1.217,-67
1775859710.36048,827482CC-A977-43D7-835E-8E8B6978E66A,LGS_Sensor,gatt,False,offline,,,,,,,,,-67
1775859710.36048,FABCEA8B-7EC8-2594-4879-2B3B63989660,ThermoBeacon2,adv,True,active,,190019060000F1F01D1035016203FFFFFFFF8CDA2C00,19.3125,54.125,,,1.028,,-58
1775859710.36048,FABCEA8B-7EC8-2594-4879-2B3B63989660,ThermoBeacon2,gatt,False,offline,,,,,,,,,-58
1775859710.36048,C898B4F2-B452-7502-1A67-0536E77D49EA,sps,adv,True,active,,97075E17003E8B1D08,19.43,59.82,,,0.907,,-63
1775859710.36048,C898B4F2-B452-7502-1A67-0536E77D49EA,sps,gatt,False,offline,,,,,,,,,-63
1775859710.36048,FF-FF-A1-00-00-01,LGS_NODE_17,adv,False,offline,,7445A111089412FB01,,,,,,,
1775859710.36048,FF-FF-A1-00-00-01,LGS_NODE_17,gatt,False,offline,,,,,,,,,
1775859770.448947,827482CC-A977-43D7-835E-8E8B6978E66A,LGS_Sensor,adv,True,active,,D302A21108311408074A0FA009F601A20000D0,18.66,40.0,20.97,51.28,1.291,1.209,-66
1775859770.448947,827482CC-A977-43D7-835E-8E8B6978E66A,LGS_Sensor,gatt,False,offline,,,,,,,,,-66
1775859770.448947,FABCEA8B-7EC8-2594-4879-2B3B63989660,ThermoBeacon2,adv,True,active,,190019060000F1F01D1035016303FFFFFFFFC1DA2C00,19.3125,54.1875,,,1.026,,-59
1775859770.448947,FABCEA8B-7EC8-2594-4879-2B3B63989660,ThermoBeacon2,gatt,False,offline,,,,,,,,,-59
1775859770.448947,C898B4F2-B452-7502-1A67-0536E77D49EA,sps,adv,True,active,,8707511700CF4B1D08,19.27,59.69,,,0.901,,-58
1775859770.448947,C898B4F2-B452-7502-1A67-0536E77D49EA,sps,gatt,False,offline,,,,,,,,,-58
1775859770.448947,FF-FF-A1-00-00-01,LGS_NODE_17,adv,False,offline,,7445A111089412FB01,,,,,,,
1775859770.448947,FF-FF-A1-00-00-01,LGS_NODE_17,gatt,False,offline,,,,,,,,,
1775859830.473689,827482CC-A977-43D7-835E-8E8B6978E66A,LGS_Sensor,adv,True,active,,D302A211082C140207560FA009F601A20000DC,18.78,40.0,20.92,51.22,1.3,1.207,-67
1775859830.473689,827482CC-A977-43D7-835E-8E8B6978E66A,LGS_Sensor,gatt,False,offline,,,,,,,,,-67
1775859830.473689,FABCEA8B-7EC8-2594-4879-2B3B63989660,ThermoBeacon2,adv,True,active,,190019060000F1F01D1034016403FFFFFFFF00DB2C00,19.25,54.25,,,1.021,,-58
1775859830.473689,FABCEA8B-7EC8-2594-4879-2B3B63989660,ThermoBeacon2,gatt,False,offline,,,,,,,,,-58
1775859830.473689,C898B4F2-B452-7502-1A67-0536E77D49EA,sps,adv,True,active,,94075E17007A8B1C08,19.4,59.82,,,0.905,,-59
1775859830.473689,C898B4F2-B452-7502-1A67-0536E77D49EA,sps,gatt,False,offline,,,,,,,,,-59
1775859830.473689,FF-FF-A1-00-00-01,LGS_NODE_17,adv,False,offline,,7445A111089412FB01,,,,,,,
1775859830.473689,FF-FF-A1-00-00-01,LGS_NODE_17,gatt,False,offline,,,,,,,,,
1775859890.541609,827482CC-A977-43D7-835E-8E8B6978E66A,LGS_Sensor,adv,True,active,,D302A211082A140D07480FA009F601A20000E8,18.64,40.0,20.9,51.33,1.289,1.203,-66
1775859890.541609,827482CC-A977-43D7-835E-8E8B6978E66A,LGS_Sensor,gatt,False,offline,,,,,,,,,-66
1775859890.541609,FABCEA8B-7EC8-2594-4879-2B3B63989660,ThermoBeacon2,adv,True,active,,190019060000F1F01D1034016303FFFFFFFF3FDB2C00,19.25,54.1875,,,1.022,,-63
1775859890.541609,FABCEA8B-7EC8-2594-4879-2B3B63989660,ThermoBeacon2,gatt,False,offline,,,,,,,,,-63
1775859890.541609,C898B4F2-B452-7502-1A67-0536E77D49EA,sps,adv,True,active,,94076117004A871D08,19.4,59.85,,,0.904,,-58
1775859890.541609,C898B4F2-B452-7502-1A67-0536E77D49EA,sps,gatt,False,offline,,,,,,,,,-58
1775859890.541609,FF-FF-A1-00-00-01,LGS_NODE_17,adv,False,offline,,7445A111089412FB01,,,,,,,
1775859890.541609,FF-FF-A1-00-00-01,LGS_NODE_17,gatt,False,offline,,,,,,,,,
1775859953.372301,827482CC-A977-43D7-835E-8E8B6978E66A,LGS_Sensor,adv,False,offline,,,,,,,,,-67
1775859953.372301,827482CC-A977-43D7-835E-8E8B6978E66A,LGS_Sensor,gatt,False,offline,,,,,,,,,-67
1775859953.372301,FABCEA8B-7EC8-2594-4879-2B3B63989660,ThermoBeacon2,adv,False,offline,,,,,,,,,
1775859953.372301,FABCEA8B-7EC8-2594-4879-2B3B63989660,ThermoBeacon2,gatt,False,offline,,,,,,,,,
1775859953.372301,C898B4F2-B452-7502-1A67-0536E77D49EA,sps,adv,False,offline,,,,,,,,,
1775859953.372301,C898B4F2-B452-7502-1A67-0536E77D49EA,sps,gatt,False,offline,,,,,,,,,
1775859953.372301,FF-FF-A1-00-00-01,LGS_NODE_17,adv,False,offline,,,,,,,,,
1775859953.372301,FF-FF-A1-00-00-01,LGS_NODE_17,gatt,False,offline,,,,,,,,,
1775860013.4524171,827482CC-A977-43D7-835E-8E8B6978E66A,LGS_Sensor,adv,True,active,,D302A2110823141A07480FA009F601A30000FE,18.64,40.0,20.83,51.46,1.289,1.195,-67
1775860013.4524171,827482CC-A977-43D7-835E-8E8B6978E66A,LGS_Sensor,gatt,False,offline,,,,,,,,,-67
1775860013.4524171,FABCEA8B-7EC8-2594-4879-2B3B63989660,ThermoBeacon2,adv,False,offline,,190019060000F1F01A1034016403FFFFFFFFA4DB2C00,,,,,,,
1775860013.4524171,FABCEA8B-7EC8-2594-4879-2B3B63989660,ThermoBeacon2,gatt,False,offline,,,,,,,,,
1775860013.4524171,C898B4F2-B452-7502-1A67-0536E77D49EA,sps,adv,False,offline,,84076417009B451D08,,,,,,,
1775860013.4524171,C898B4F2-B452-7502-1A67-0536E77D49EA,sps,gatt,False,offline,,,,,,,,,
1775860013.4524171,FF-FF-A1-00-00-01,LGS_NODE_17,adv,False,offline,,7445A111089412FB01,,,,,,,
1775860013.4524171,FF-FF-A1-00-00-01,LGS_NODE_17,gatt,False,offline,,,,,,,,,
1775860073.469836,827482CC-A977-43D7-835E-8E8B6978E66A,LGS_Sensor,adv,True,active,,D302A211081C142507500FA009F601A300000C,18.72,40.0,20.76,51.57,1.295,1.187,-67
1775860073.469836,827482CC-A977-43D7-835E-8E8B6978E66A,LGS_Sensor,gatt,False,offline,,,,,,,,,-67
1775860073.469836,FABCEA8B-7EC8-2594-4879-2B3B63989660,ThermoBeacon2,adv,True,active,,190019060000F1F01A1034016403FFFFFFFFEDDB2C00,19.25,54.25,,,1.021,,-58
1775860073.469836,FABCEA8B-7EC8-2594-4879-2B3B63989660,ThermoBeacon2,gatt,False,offline,,,,,,,,,-58
1775860073.469836,C898B4F2-B452-7502-1A67-0536E77D49EA,sps,adv,True,active,,87075E1700FF481C08,19.27,59.82,,,0.898,,-58
1775860073.469836,C898B4F2-B452-7502-1A67-0536E77D49EA,sps,gatt,False,offline,,,,,,,,,-58
1775860073.469836,FF-FF-A1-00-00-01,LGS_NODE_17,adv,False,offline,,,,,,,,,
1775860073.469836,FF-FF-A1-00-00-01,LGS_NODE_17,gatt,False,offline,,,,,,,,,
1775860133.518441,827482CC-A977-43D7-835E-8E8B6978E66A,LGS_Sensor,adv,True,active,,D302A211081B143507550FA009F601A3000018,18.77,40.0,20.75,51.73,1.299,1.182,-67
1775860133.518441,827482CC-A977-43D7-835E-8E8B6978E66A,LGS_Sensor,gatt,False,offline,,,,,,,,,-67
1775860133.518441,FABCEA8B-7EC8-2594-4879-2B3B63989660,ThermoBeacon2,adv,True,active,,190019060000F1F01A1034016403FFFFFFFF31DC2C00,19.25,54.25,,,1.021,,-57
1775860133.518441,FABCEA8B-7EC8-2594-4879-2B3B63989660,ThermoBeacon2,gatt,False,offline,,,,,,,,,-57
1775860133.518441,C898B4F2-B452-7502-1A67-0536E77D49EA,sps,adv,True,active,,97075F17006F4B1D08,19.43,59.83,,,0.907,,-58
1775860133.518441,C898B4F2-B452-7502-1A67-0536E77D49EA,sps,gatt,False,offline,,,,,,,,,-58
1775860133.518441,FF-FF-A1-00-00-01,LGS_NODE_17,adv,False,offline,,,,,,,,,
1775860133.518441,FF-FF-A1-00-00-01,LGS_NODE_17,gatt,False,offline,,,,,,,,,
1775860193.602638,827482CC-A977-43D7-835E-8E8B6978E66A,LGS_Sensor,adv,True,active,,D302A211081B1436074C0FA009F601A3000024,18.68,40.0,20.75,51.74,1.292,1.182,-66
1775860193.602638,827482CC-A977-43D7-835E-8E8B6978E66A,LGS_Sensor,gatt,False,offline,,,,,,,,,-66
1775860193.602638,FABCEA8B-7EC8-2594-4879-2B3B63989660,ThermoBeacon2,adv,True,active,,190019060000F1F01A1034016503FFFFFFFF6BDC2C00,19.25,54.3125,,,1.02,,-59
1775860193.602638,FABCEA8B-7EC8-2594-4879-2B3B63989660,ThermoBeacon2,gatt,False,offline,,,,,,,,,-59
1775860193.602638,C898B4F2-B452-7502-1A67-0536E77D49EA,sps,adv,True,active,,8D075D170097491C08,19.33,59.81,,,0.901,,-59
1775860193.602638,C898B4F2-B452-7502-1A67-0536E77D49EA,sps,gatt,False,offline,,,,,,,,,-59
1775860193.602638,FF-FF-A1-00-00-01,LGS_NODE_17,adv,False,offline,,,,,,,,,
1775860193.602638,FF-FF-A1-00-00-01,LGS_NODE_17,gatt,False,offline,,,,,,,,,
1775860253.7011042,827482CC-A977-43D7-835E-8E8B6978E66A,LGS_Sensor,adv,True,active,,D302A2110819144207560FA009F601A2000030,18.78,40.0,20.73,51.86,1.3,1.177,-66
1775860253.7011042,827482CC-A977-43D7-835E-8E8B6978E66A,LGS_Sensor,gatt,False,offline,,,,,,,,,-66
1775860253.7011042,FABCEA8B-7EC8-2594-4879-2B3B63989660,ThermoBeacon2,adv,False,offline,,190019060000F1F01D1034016603FFFFFFFF9BDC2C00,,,,,,,
1775860253.7011042,FABCEA8B-7EC8-2594-4879-2B3B63989660,ThermoBeacon2,gatt,False,offline,,,,,,,,,
1775860253.7011042,C898B4F2-B452-7502-1A67-0536E77D49EA,sps,adv,False,offline,,9D0767170076871D08,,,,,,,
1775860253.7011042,C898B4F2-B452-7502-1A67-0536E77D49EA,sps,gatt,False,offline,,,,,,,,,
1775860253.7011042,FF-FF-A1-00-00-01,LGS_NODE_17,adv,False,offline,,,,,,,,,
1775860253.7011042,FF-FF-A1-00-00-01,LGS_NODE_17,gatt,False,offline,,,,,,,,,
1775860313.793366,827482CC-A977-43D7-835E-8E8B6978E66A,LGS_Sensor,adv,True,active,,D302A2110819144007400FA009F601A300003C,18.56,40.0,20.73,51.84,1.283,1.178,-66
1775860313.793366,827482CC-A977-43D7-835E-8E8B6978E66A,LGS_Sensor,gatt,False,offline,,,,,,,,,-66
1775860313.793366,FABCEA8B-7EC8-2594-4879-2B3B63989660,ThermoBeacon2,adv,False,offline,,190019060000F1F01D1034016603FFFFFFFFC2DC2C00,,,,,,,
1775860313.793366,FABCEA8B-7EC8-2594-4879-2B3B63989660,ThermoBeacon2,gatt,False,offline,,,,,,,,,
1775860313.793366,C898B4F2-B452-7502-1A67-0536E77D49EA,sps,adv,True,active,,94076517000B461C08,19.4,59.89,,,0.904,,-60
1775860313.793366,C898B4F2-B452-7502-1A67-0536E77D49EA,sps,gatt,False,offline,,,,,,,,,-60
1775860313.793366,FF-FF-A1-00-00-01,LGS_NODE_17,adv,False,offline,,7445A1110817144001,,,,,,,
1775860313.793366,FF-FF-A1-00-00-01,LGS_NODE_17,gatt,False,offline,,,,,,,,,
1775860373.83336,827482CC-A977-43D7-835E-8E8B6978E66A,LGS_Sensor,adv,True,active,,D302A2110817144107470FA009F601A3000048,18.63,40.0,20.71,51.85,1.288,1.176,-67
1775860373.83336,827482CC-A977-43D7-835E-8E8B6978E66A,LGS_Sensor,gatt,False,offline,,,,,,,,,-67
1775860373.83336,FABCEA8B-7EC8-2594-4879-2B3B63989660,ThermoBeacon2,adv,True,active,,190019060000F1F01D1034016603FFFFFFFF23DD2C00,19.25,54.375,,,1.018,,-59
1775860373.83336,FABCEA8B-7EC8-2594-4879-2B3B63989660,ThermoBeacon2,gatt,False,offline,,,,,,,,,-59
1775860373.83336,C898B4F2-B452-7502-1A67-0536E77D49EA,sps,adv,False,offline,,94076517000B461C08,,,,,,,
1775860373.83336,C898B4F2-B452-7502-1A67-0536E77D49EA,sps,gatt,False,offline,,,,,,,,,
1775860373.83336,FF-FF-A1-00-00-01,LGS_NODE_17,adv,False,offline,,7445A1110817144001,,,,,,,
1775860373.83336,FF-FF-A1-00-00-01,LGS_NODE_17,gatt,False,offline,,,,,,,,,
1775860433.8495622,827482CC-A977-43D7-835E-8E8B6978E66A,LGS_Sensor,adv,True,active,,D302A2110815144A074C0FA009F601A2000053,18.68,40.0,20.69,51.94,1.292,1.173,-66
1775860433.8495622,827482CC-A977-43D7-835E-8E8B6978E66A,LGS_Sensor,gatt,False,offline,,,,,,,,,-66
1775860433.8495622,FABCEA8B-7EC8-2594-4879-2B3B63989660,ThermoBeacon2,adv,True,active,,190019060000F1F01A1033016603FFFFFFFF61DD2C00,19.1875,54.375,,,1.014,,-61
1775860433.8495622,FABCEA8B-7EC8-2594-4879-2B3B63989660,ThermoBeacon2,gatt,False,offline,,,,,,,,,-61
1775860433.8495622,C898B4F2-B452-7502-1A67-0536E77D49EA,sps,adv,False,offline,,94076517000B461C08,,,,,,,
1775860433.8495622,C898B4F2-B452-7502-1A67-0536E77D49EA,sps,gatt,False,offline,,,,,,,,,
1775860433.8495622,FF-FF-A1-00-00-01,LGS_NODE_17,adv,False,offline,,7445A1110817144001,,,,,,,
1775860433.8495622,FF-FF-A1-00-00-01,LGS_NODE_17,gatt,False,offline,,,,,,,,,
1775860493.878978,827482CC-A977-43D7-835E-8E8B6978E66A,LGS_Sensor,adv,True,active,,D302A21108111455074E0FA009F601A300005F,18.7,40.0,20.65,52.05,1.294,1.167,-67
1775860493.878978,827482CC-A977-43D7-835E-8E8B6978E66A,LGS_Sensor,gatt,False,offline,,,,,,,,,-67
1775860493.878978,FABCEA8B-7EC8-2594-4879-2B3B63989660,ThermoBeacon2,adv,True,active,,190019060000F1F01D1034016703FFFFFFFF9BDD2C00,19.25,54.4375,,,1.017,,-61
1775860493.878978,FABCEA8B-7EC8-2594-4879-2B3B63989660,ThermoBeacon2,gatt,False,offline,,,,,,,,,-61
1775860493.878978,C898B4F2-B452-7502-1A67-0536E77D49EA,sps,adv,False,offline,,94076517000B461C08,,,,,,,
1775860493.878978,C898B4F2-B452-7502-1A67-0536E77D49EA,sps,gatt,False,offline,,,,,,,,,
1775860493.878978,FF-FF-A1-00-00-01,LGS_NODE_17,adv,False,offline,,7445A1110817144001,,,,,,,
1775860493.878978,FF-FF-A1-00-00-01,LGS_NODE_17,gatt,False,offline,,,,,,,,,
1775860553.910316,827482CC-A977-43D7-835E-8E8B6978E66A,LGS_Sensor,adv,True,active,,D302A211080E146407490FA009F601A200006B,18.65,40.0,20.62,52.2,1.29,1.161,-66
1775860553.910316,827482CC-A977-43D7-835E-8E8B6978E66A,LGS_Sensor,gatt,False,offline,,,,,,,,,-66
1775860553.910316,FABCEA8B-7EC8-2594-4879-2B3B63989660,ThermoBeacon2,adv,True,active,,190019060000F1F01D1034016703FFFFFFFFD0DD2C00,19.25,54.4375,,,1.017,,-61
1775860553.910316,FABCEA8B-7EC8-2594-4879-2B3B63989660,ThermoBeacon2,gatt,False,offline,,,,,,,,,-61
1775860553.910316,C898B4F2-B452-7502-1A67-0536E77D49EA,sps,adv,False,offline,,94076517000B461C08,,,,,,,
1775860553.910316,C898B4F2-B452-7502-1A67-0536E77D49EA,sps,gatt,False,offline,,,,,,,,,
1775860553.910316,FF-FF-A1-00-00-01,LGS_NODE_17,adv,False,offline,,7445A1110817144001,,,,,,,
1775860553.910316,FF-FF-A1-00-00-01,LGS_NODE_17,gatt,False,offline,,,,,,,,,
1775860613.976578,827482CC-A977-43D7-835E-8E8B6978E66A,LGS_Sensor,adv,True,active,,D302A211080A146E074B0FA009F601A3000077,18.67,40.0,20.58,52.3,1.291,1.156,-66
1775860613.976578,827482CC-A977-43D7-835E-8E8B6978E66A,LGS_Sensor,gatt,False,offline,,,,,,,,,-66
1775860613.976578,FABCEA8B-7EC8-2594-4879-2B3B63989660,ThermoBeacon2,adv,True,active,,190019060000F1F01A1034016803FFFFFFFF0FDE2C00,19.25,54.5,,,1.015,,-61
1775860613.976578,FABCEA8B-7EC8-2594-4879-2B3B63989660,ThermoBeacon2,gatt,False,offline,,,,,,,,,-61
1775860613.976578,C898B4F2-B452-7502-1A67-0536E77D49EA,sps,adv,False,offline,,94076517000B461C08,,,,,,,
1775860613.976578,C898B4F2-B452-7502-1A67-0536E77D49EA,sps,gatt,False,offline,,,,,,,,,
1775860613.976578,FF-FF-A1-00-00-01,LGS_NODE_17,adv,False,offline,,7445A1110817144001,,,,,,,
1775860613.976578,FF-FF-A1-00-00-01,LGS_NODE_17,gatt,False,offline,,,,,,,,,
1775860674.033947,827482CC-A977-43D7-835E-8E8B6978E66A,LGS_Sensor,adv,True,active,,D302A2110805147E07480FA009F601A3000083,18.64,40.0,20.53,52.46,1.289,1.148,-67
1775860674.033947,827482CC-A977-43D7-835E-8E8B6978E66A,LGS_Sensor,gatt,False,offline,,,,,,,,,-67
1775860674.033947,FABCEA8B-7EC8-2594-4879-2B3B63989660,ThermoBeacon2,adv,True,active,,190019060000F1F01D1034016903FFFFFFFF4EDE2C00,19.25,54.5625,,,1.014,,-61
1775860674.033947,FABCEA8B-7EC8-2594-4879-2B3B63989660,ThermoBeacon2,gatt,False,offline,,,,,,,,,-61
1775860674.033947,C898B4F2-B452-7502-1A67-0536E77D49EA,sps,adv,False,offline,,94076517000B461C08,,,,,,,
1775860674.033947,C898B4F2-B452-7502-1A67-0536E77D49EA,sps,gatt,False,offline,,,,,,,,,
1775860674.033947,FF-FF-A1-00-00-01,LGS_NODE_17,adv,False,offline,,7445A1110817144001,,,,,,,
1775860674.033947,FF-FF-A1-00-00-01,LGS_NODE_17,gatt,False,offline,,,,,,,,,
1775860734.1494899,827482CC-A977-43D7-835E-8E8B6978E66A,LGS_Sensor,adv,True,active,,D302A2110804148407490FA009F601A300008F,18.65,40.0,20.52,52.52,1.29,1.146,-66
1775860734.1494899,827482CC-A977-43D7-835E-8E8B6978E66A,LGS_Sensor,gatt,False,offline,,,,,,,,,-66
1775860734.1494899,FABCEA8B-7EC8-2594-4879-2B3B63989660,ThermoBeacon2,adv,True,active,,190019060000F1F01A1034016903FFFFFFFF83DE2C00,19.25,54.5625,,,1.014,,-62
1775860734.1494899,FABCEA8B-7EC8-2594-4879-2B3B63989660,ThermoBeacon2,gatt,False,offline,,,,,,,,,-62
1775860734.1494899,C898B4F2-B452-7502-1A67-0536E77D49EA,sps,adv,False,offline,,94076517000B461C08,,,,,,,
1775860734.1494899,C898B4F2-B452-7502-1A67-0536E77D49EA,sps,gatt,False,offline,,,,,,,,,
1775860734.1494899,FF-FF-A1-00-00-01,LGS_NODE_17,adv,False,offline,,7445A1110817144001,,,,,,,
1775860734.1494899,FF-FF-A1-00-00-01,LGS_NODE_17,gatt,False,offline,,,,,,,,,
1775860794.213799,827482CC-A977-43D7-835E-8E8B6978E66A,LGS_Sensor,adv,True,active,,D302A2110803149107410FA009F601A300009B,18.57,40.0,20.51,52.65,1.283,1.142,-66
1775860794.213799,827482CC-A977-43D7-835E-8E8B6978E66A,LGS_Sensor,gatt,False,offline,,,,,,,,,-66
1775860794.213799,FABCEA8B-7EC8-2594-4879-2B3B63989660,ThermoBeacon2,adv,True,active,,190019060000F1F01D1034016903FFFFFFFFC2DE2C00,19.25,54.5625,,,1.014,,-63
1775860794.213799,FABCEA8B-7EC8-2594-4879-2B3B63989660,ThermoBeacon2,gatt,False,offline,,,,,,,,,-63
1775860794.213799,C898B4F2-B452-7502-1A67-0536E77D49EA,sps,adv,True,active,,81076C1700D6871D08,19.21,59.96,,,0.891,,-58
1775860794.213799,C898B4F2-B452-7502-1A67-0536E77D49EA,sps,gatt,False,offline,,,,,,,,,-58
1775860794.213799,FF-FF-A1-00-00-01,LGS_NODE_17,adv,True,active,,7445A1110803148F01,20.51,52.63,,,1.143,,-54
1775860794.213799,FF-FF-A1-00-00-01,LGS_NODE_17,gatt,False,offline,,,,,,,,,-54
1775860854.264553,827482CC-A977-43D7-835E-8E8B6978E66A,LGS_Sensor,adv,True,active,,D302A21107FA149C074F0FA009F601A30000A7,18.71,40.0,20.42,52.76,1.295,1.134,-65
1775860854.264553,827482CC-A977-43D7-835E-8E8B6978E66A,LGS_Sensor,gatt,False,offline,,,,,,,,,-65
1775860854.264553,FABCEA8B-7EC8-2594-4879-2B3B63989660,ThermoBeacon2,adv,True,active,,190019060000F1F01A1033016903FFFFFFFF06DF2C00,19.1875,54.5625,,,1.01,,-59
1775860854.264553,FABCEA8B-7EC8-2594-4879-2B3B63989660,ThermoBeacon2,gatt,False,offline,,,,,,,,,-59
1775860854.264553,C898B4F2-B452-7502-1A67-0536E77D49EA,sps,adv,True,active,,9407671700AA861D08,19.4,59.91,,,0.903,,-60
1775860854.264553,C898B4F2-B452-7502-1A67-0536E77D49EA,sps,gatt,False,offline,,,,,,,,,-60
1775860854.264553,FF-FF-A1-00-00-01,LGS_NODE_17,adv,False,offline,,7445A1110803149002,,,,,,,
1775860854.264553,FF-FF-A1-00-00-01,LGS_NODE_17,gatt,False,offline,,,,,,,,,
1775860914.355104,827482CC-A977-43D7-835E-8E8B6978E66A,LGS_Sensor,adv,True,active,,D302A21107FA14A4074E0FA009F601A20000B3,18.7,40.0,20.42,52.84,1.294,1.132,-67
1775860914.355104,827482CC-A977-43D7-835E-8E8B6978E66A,LGS_Sensor,gatt,False,offline,,,,,,,,,-67
1775860914.355104,FABCEA8B-7EC8-2594-4879-2B3B63989660,ThermoBeacon2,adv,True,active,,190019060000F1F01D1034016903FFFFFFFF41DF2C00,19.25,54.5625,,,1.014,,-59
1775860914.355104,FABCEA8B-7EC8-2594-4879-2B3B63989660,ThermoBeacon2,gatt,False,offline,,,,,,,,,-59
1775860914.355104,C898B4F2-B452-7502-1A67-0536E77D49EA,sps,adv,True,active,,8B076A1700AE871B08,19.31,59.94,,,0.897,,-60
1775860914.355104,C898B4F2-B452-7502-1A67-0536E77D49EA,sps,gatt,False,offline,,,,,,,,,-60
1775860914.355104,FF-FF-A1-00-00-01,LGS_NODE_17,adv,False,offline,,7445A1110803149002,,,,,,,
1775860914.355104,FF-FF-A1-00-00-01,LGS_NODE_17,gatt,False,offline,,,,,,,,,
1775860974.454549,827482CC-A977-43D7-835E-8E8B6978E66A,LGS_Sensor,adv,True,active,,D302A21107F914B207500FA009F601A30000BF,18.72,40.0,20.41,52.98,1.295,1.128,-66
1775860974.454549,827482CC-A977-43D7-835E-8E8B6978E66A,LGS_Sensor,gatt,False,offline,,,,,,,,,-66
1775860974.454549,FABCEA8B-7EC8-2594-4879-2B3B63989660,ThermoBeacon2,adv,True,active,,190019060000F1F01D1034016A03FFFFFFFF7BDF2C00,19.25,54.625,,,1.013,,-59
1775860974.454549,FABCEA8B-7EC8-2594-4879-2B3B63989660,ThermoBeacon2,gatt,False,offline,,,,,,,,,-59
1775860974.454549,C898B4F2-B452-7502-1A67-0536E77D49EA,sps,adv,True,active,,8D07691700D6871D08,19.33,59.93,,,0.899,,-60
1775860974.454549,C898B4F2-B452-7502-1A67-0536E77D49EA,sps,gatt,False,offline,,,,,,,,,-60
1775860974.454549,FF-FF-A1-00-00-01,LGS_NODE_17,adv,False,offline,,7445A1110803149002,,,,,,,
1775860974.454549,FF-FF-A1-00-00-01,LGS_NODE_17,gatt,False,offline,,,,,,,,,
1775861034.50796,827482CC-A977-43D7-835E-8E8B6978E66A,LGS_Sensor,adv,True,active,,D302A21107FD14B4074A0FA009F601A20000CB,18.66,40.0,20.45,53.0,1.291,1.13,-68
1775861034.50796,827482CC-A977-43D7-835E-8E8B6978E66A,LGS_Sensor,gatt,False,offline,,,,,,,,,-68
1775861034.50796,FABCEA8B-7EC8-2594-4879-2B3B63989660,ThermoBeacon2,adv,True,active,,190019060000F1F01D1033016B03FFFFFFFFADDF2C00,19.1875,54.6875,,,1.007,,-63
1775861034.50796,FABCEA8B-7EC8-2594-4879-2B3B63989660,ThermoBeacon2,gatt,False,offline,,,,,,,,,-63
1775861034.50796,C898B4F2-B452-7502-1A67-0536E77D49EA,sps,adv,True,active,,8B076D17001F461D08,19.31,59.97,,,0.897,,-60
1775861034.50796,C898B4F2-B452-7502-1A67-0536E77D49EA,sps,gatt,False,offline,,,,,,,,,-60
1775861034.50796,FF-FF-A1-00-00-01,LGS_NODE_17,adv,False,offline,,7445A1110803149002,,,,,,,
1775861034.50796,FF-FF-A1-00-00-01,LGS_NODE_17,gatt,False,offline,,,,,,,,,
1775861094.603383,827482CC-A977-43D7-835E-8E8B6978E66A,LGS_Sensor,adv,True,active,,D302A21107FD14AF074E0FA009F601A30000D7,18.7,40.0,20.45,52.95,1.294,1.131,-71
1775861094.603383,827482CC-A977-43D7-835E-8E8B6978E66A,LGS_Sensor,gatt,False,offline,,,,,,,,,-71
1775861094.603383,FABCEA8B-7EC8-2594-4879-2B3B63989660,ThermoBeacon2,adv,True,active,,190019060000F1F01A1033016C03FFFFFFFFF5DF2C00,19.1875,54.75,,,1.006,,-52
1775861094.603383,FABCEA8B-7EC8-2594-4879-2B3B63989660,ThermoBeacon2,gatt,False,offline,,,,,,,,,-52
1775861094.603383,C898B4F2-B452-7502-1A67-0536E77D49EA,sps,adv,True,active,,810774170056801D08,19.21,60.04,,,0.89,,-54
1775861094.603383,C898B4F2-B452-7502-1A67-0536E77D49EA,sps,gatt,False,offline,,,,,,,,,-54
1775861094.603383,FF-FF-A1-00-00-01,LGS_NODE_17,adv,False,offline,,7445A1110803149002,,,,,,,
1775861094.603383,FF-FF-A1-00-00-01,LGS_NODE_17,gatt,False,offline,,,,,,,,,
1775861154.7021801,827482CC-A977-43D7-835E-8E8B6978E66A,LGS_Sensor,adv,True,active,,D302A21107FA14B907450FA009F601A20000E3,18.61,40.0,20.42,53.05,1.287,1.127,-70
1775861154.7021801,827482CC-A977-43D7-835E-8E8B6978E66A,LGS_Sensor,gatt,False,offline,,,,,,,,,-70
1775861154.7021801,FABCEA8B-7EC8-2594-4879-2B3B63989660,ThermoBeacon2,adv,True,active,,190019060000F1F01D1033016B03FFFFFFFF2FE02C00,19.1875,54.6875,,,1.007,,-55
1775861154.7021801,FABCEA8B-7EC8-2594-4879-2B3B63989660,ThermoBeacon2,gatt,False,offline,,,,,,,,,-55
1775861154.7021801,C898B4F2-B452-7502-1A67-0536E77D49EA,sps,adv,True,active,,8D07691700D6871D08,19.33,59.93,,,0.899,,-57
1775861154.7021801,C898B4F2-B452-7502-1A67-0536E77D49EA,sps,gatt,False,offline,,,,,,,,,-57
1775861154.7021801,FF-FF-A1-00-00-01,LGS_NODE_17,adv,False,offline,,7445A1110803149002,,,,,,,
1775861154.7021801,FF-FF-A1-00-00-01,LGS_NODE_17,gatt,False,offline,,,,,,,,,
1775861214.7969012,827482CC-A977-43D7-835E-8E8B6978E66A,LGS_Sensor,adv,True,active,,D302A21107FC14B607460FA009F601A30000EF,18.62,40.0,20.44,53.02,1.287,1.129,-72
1775861214.7969012,827482CC-A977-43D7-835E-8E8B6978E66A,LGS_Sensor,gatt,False,offline,,,,,,,,,-72
1775861214.7969012,FABCEA8B-7EC8-2594-4879-2B3B63989660,ThermoBeacon2,adv,True,active,,190019060000F1F01D1033016B03FFFFFFFF6EE02C00,19.1875,54.6875,,,1.007,,-67
1775861214.7969012,FABCEA8B-7EC8-2594-4879-2B3B63989660,ThermoBeacon2,gatt,False,offline,,,,,,,,,-67
1775861214.7969012,C898B4F2-B452-7502-1A67-0536E77D49EA,sps,adv,True,active,,8D0780170007731D08,19.33,60.16,,,0.894,,-64
1775861214.7969012,C898B4F2-B452-7502-1A67-0536E77D49EA,sps,gatt,False,offline,,,,,,,,,-64
1775861214.7969012,FF-FF-A1-00-00-01,LGS_NODE_17,adv,False,offline,,7445A1110803149002,,,,,,,
1775861214.7969012,FF-FF-A1-00-00-01,LGS_NODE_17,gatt,False,offline,,,,,,,,,
1775861274.878418,827482CC-A977-43D7-835E-8E8B6978E66A,LGS_Sensor,adv,True,active,,D302A21107FE14B307450FA009F601A30000FB,18.61,40.0,20.46,52.99,1.287,1.131,-73
1775861274.878418,827482CC-A977-43D7-835E-8E8B6978E66A,LGS_Sensor,gatt,False,offline,,,,,,,,,-73
1775861274.878418,FABCEA8B-7EC8-2594-4879-2B3B63989660,ThermoBeacon2,adv,True,active,,190019060000F1F01D1033016D03FFFFFFFFA8E02C00,19.1875,54.8125,,,1.005,,-67
1775861274.878418,FABCEA8B-7EC8-2594-4879-2B3B63989660,ThermoBeacon2,gatt,False,offline,,,,,,,,,-67
1775861274.878418,C898B4F2-B452-7502-1A67-0536E77D49EA,sps,adv,True,active,,81076D170087471D08,19.21,59.97,,,0.891,,-78
1775861274.878418,C898B4F2-B452-7502-1A67-0536E77D49EA,sps,gatt,False,offline,,,,,,,,,-78
1775861274.878418,FF-FF-A1-00-00-01,LGS_NODE_17,adv,False,offline,,7445A1110803149002,,,,,,,
1775861274.878418,FF-FF-A1-00-00-01,LGS_NODE_17,gatt,False,offline,,,,,,,,,
1775861334.925167,827482CC-A977-43D7-835E-8E8B6978E66A,LGS_Sensor,adv,True,active,,D302A21107F914AC074E0FA009F601A3000006,18.7,40.0,20.41,52.92,1.294,1.129,-68
1775861334.925167,827482CC-A977-43D7-835E-8E8B6978E66A,LGS_Sensor,gatt,False,offline,,,,,,,,,-68
1775861334.925167,FABCEA8B-7EC8-2594-4879-2B3B63989660,ThermoBeacon2,adv,True,active,,190019060000F1F01D1033016D03FFFFFFFFE2E02C00,19.1875,54.8125,,,1.005,,-61
1775861334.925167,FABCEA8B-7EC8-2594-4879-2B3B63989660,ThermoBeacon2,gatt,False,offline,,,,,,,,,-61
1775861334.925167,C898B4F2-B452-7502-1A67-0536E77D49EA,sps,adv,True,active,,8507701700E6811D08,19.25,60.0,,,0.893,,-63
1775861334.925167,C898B4F2-B452-7502-1A67-0536E77D49EA,sps,gatt,False,offline,,,,,,,,,-63
1775861334.925167,FF-FF-A1-00-00-01,LGS_NODE_17,adv,False,offline,,7445A1110803149002,,,,,,,
1775861334.925167,FF-FF-A1-00-00-01,LGS_NODE_17,gatt,False,offline,,,,,,,,,
1775861394.932777,827482CC-A977-43D7-835E-8E8B6978E66A,LGS_Sensor,adv,True,active,,D302A21107FD149807460FA009F601A3000012,18.62,40.0,20.45,52.72,1.287,1.137,-67
1775861394.932777,827482CC-A977-43D7-835E-8E8B6978E66A,LGS_Sensor,gatt,False,offline,,,,,,,,,-67
1775861394.932777,FABCEA8B-7EC8-2594-4879-2B3B63989660,ThermoBeacon2,adv,True,active,,190019060000F1F01D1033016B03FFFFFFFF21E12C00,19.1875,54.6875,,,1.007,,-60
1775861394.932777,FABCEA8B-7EC8-2594-4879-2B3B63989660,ThermoBeacon2,gatt,False,offline,,,,,,,,,-60
1775861394.932777,C898B4F2-B452-7502-1A67-0536E77D49EA,sps,adv,True,active,,8C078017003AB31D08,19.32,60.16,,,0.893,,-62
1775861394.932777,C898B4F2-B452-7502-1A67-0536E77D49EA,sps,gatt,False,offline,,,,,,,,,-62
1775861394.932777,FF-FF-A1-00-00-01,LGS_NODE_17,adv,False,offline,,7445A1110803149002,,,,,,,
1775861394.932777,FF-FF-A1-00-00-01,LGS_NODE_17,gatt,False,offline,,,,,,,,,
1775861455.031172,827482CC-A977-43D7-835E-8E8B6978E66A,LGS_Sensor,adv,True,active,,D302A21107FE14A807460FA009F601A300001E,18.62,40.0,20.46,52.88,1.287,1.133,-66
1775861455.031172,827482CC-A977-43D7-835E-8E8B6978E66A,LGS_Sensor,gatt,False,offline,,,,,,,,,-66
1775861455.031172,FABCEA8B-7EC8-2594-4879-2B3B63989660,ThermoBeacon2,adv,True,active,,190019060000F1F01D1033016B03FFFFFFFF5FE12C00,19.1875,54.6875,,,1.007,,-61
1775861455.031172,FABCEA8B-7EC8-2594-4879-2B3B63989660,ThermoBeacon2,gatt,False,offline,,,,,,,,,-61
1775861455.031172,C898B4F2-B452-7502-1A67-0536E77D49EA,sps,adv,True,active,,97076F17006F441D08,19.43,59.99,,,0.903,,-65
1775861455.031172,C898B4F2-B452-7502-1A67-0536E77D49EA,sps,gatt,False,offline,,,,,,,,,-65
1775861455.031172,FF-FF-A1-00-00-01,LGS_NODE_17,adv,False,offline,,7445A1110803149002,,,,,,,
1775861455.031172,FF-FF-A1-00-00-01,LGS_NODE_17,gatt,False,offline,,,,,,,,,
1775861515.099781,827482CC-A977-43D7-835E-8E8B6978E66A,LGS_Sensor,adv,True,active,,D302A21107FD14B6074D0FA009F601A300002A,18.69,40.0,20.45,53.02,1.293,1.129,-67
1775861515.099781,827482CC-A977-43D7-835E-8E8B6978E66A,LGS_Sensor,gatt,False,offline,,,,,,,,,-67
1775861515.099781,FABCEA8B-7EC8-2594-4879-2B3B63989660,ThermoBeacon2,adv,False,offline,,190019060000F1F01A1033016B03FFFFFFFF8BE12C00,,,,,,,
1775861515.099781,FABCEA8B-7EC8-2594-4879-2B3B63989660,ThermoBeacon2,gatt,False,offline,,,,,,,,,
1775861515.099781,C898B4F2-B452-7502-1A67-0536E77D49EA,sps,adv,True,active,,8D07761700E7411C08,19.33,60.06,,,0.896,,-67
1775861515.099781,C898B4F2-B452-7502-1A67-0536E77D49EA,sps,gatt,False,offline,,,,,,,,,-67
1775861515.099781,FF-FF-A1-00-00-01,LGS_NODE_17,adv,False,offline,,7445A1110803149002,,,,,,,
1775861515.099781,FF-FF-A1-00-00-01,LGS_NODE_17,gatt,False,offline,,,,,,,,,
1775861575.11227,827482CC-A977-43D7-835E-8E8B6978E66A,LGS_Sensor,adv,True,active,,D302A21107FD14B007440FA009F601A2000036,18.6,40.0,20.45,52.96,1.286,1.131,-68
1775861575.11227,827482CC-A977-43D7-835E-8E8B6978E66A,LGS_Sensor,gatt,False,offline,,,,,,,,,-68
1775861575.11227,FABCEA8B-7EC8-2594-4879-2B3B63989660,ThermoBeacon2,adv,True,active,,190019060000F1F01D1033016B03FFFFFFFFD4E12C00,19.1875,54.6875,,,1.007,,-61
1775861575.11227,FABCEA8B-7EC8-2594-4879-2B3B63989660,ThermoBeacon2,gatt,False,offline,,,,,,,,,-61
1775861575.11227,C898B4F2-B452-7502-1A67-0536E77D49EA,sps,adv,True,active,,990774170076821D08,19.45,60.04,,,0.903,,-65
1775861575.11227,C898B4F2-B452-7502-1A67-0536E77D49EA,sps,gatt,False,offline,,,,,,,,,-65
1775861575.11227,FF-FF-A1-00-00-01,LGS_NODE_17,adv,False,offline,,7445A1110803149002,,,,,,,
1775861575.11227,FF-FF-A1-00-00-01,LGS_NODE_17,gatt,False,offline,,,,,,,,,
1775861635.1942122,827482CC-A977-43D7-835E-8E8B6978E66A,LGS_Sensor,adv,True,active,,D302A21107FE14B607420FA009F601A3000042,18.58,40.0,20.46,53.02,1.284,1.13,-69
1775861635.1942122,827482CC-A977-43D7-835E-8E8B6978E66A,LGS_Sensor,gatt,False,offline,,,,,,,,,-69
1775861635.1942122,FABCEA8B-7EC8-2594-4879-2B3B63989660,ThermoBeacon2,adv,True,active,,190019060000F1F01D1033016C03FFFFFFFF0DE22C00,19.1875,54.75,,,1.006,,-62
1775861635.1942122,FABCEA8B-7EC8-2594-4879-2B3B63989660,ThermoBeacon2,gatt,False,offline,,,,,,,,,-62
1775861635.1942122,C898B4F2-B452-7502-1A67-0536E77D49EA,sps,adv,True,active,,8607751700B2801D08,19.26,60.05,,,0.892,,-71
1775861635.1942122,C898B4F2-B452-7502-1A67-0536E77D49EA,sps,gatt,False,offline,,,,,,,,,-71
1775861635.1942122,FF-FF-A1-00-00-01,LGS_NODE_17,adv,False,offline,,7445A1110803149002,,,,,,,
1775861635.1942122,FF-FF-A1-00-00-01,LGS_NODE_17,gatt,False,offline,,,,,,,,,
1775861695.2131011,827482CC-A977-43D7-835E-8E8B6978E66A,LGS_Sensor,adv,True,active,,D302A21107FA14BB074C0FA009F601A300004E,18.68,40.0,20.42,53.07,1.292,1.126,-68
1775861695.2131011,827482CC-A977-43D7-835E-8E8B6978E66A,LGS_Sensor,gatt,False,offline,,,,,,,,,-68
1775861695.2131011,FABCEA8B-7EC8-2594-4879-2B3B63989660,ThermoBeacon2,adv,True,active,,190019060000F1F01D1033016C03FFFFFFFF48E22C00,19.1875,54.75,,,1.006,,-62
1775861695.2131011,FABCEA8B-7EC8-2594-4879-2B3B63989660,ThermoBeacon2,gatt,False,offline,,,,,,,,,-62
1775861695.2131011,C898B4F2-B452-7502-1A67-0536E77D49EA,sps,adv,True,active,,9A0784170032B11C08,19.46,60.2,,,0.9,,-63
1775861695.2131011,C898B4F2-B452-7502-1A67-0536E77D49EA,sps,gatt,False,offline,,,,,,,,,-63
1775861695.2131011,FF-FF-A1-00-00-01,LGS_NODE_17,adv,False,offline,,7445A1110803149002,,,,,,,
1775861695.2131011,FF-FF-A1-00-00-01,LGS_NODE_17,gatt,False,offline,,,,,,,,,
1775861755.2724311,827482CC-A977-43D7-835E-8E8B6978E66A,LGS_Sensor,adv,True,active,,D302A21107FC14B407480FA009F601A300005A,18.64,40.0,20.44,53.0,1.289,1.129,-66
1775861755.2724311,827482CC-A977-43D7-835E-8E8B6978E66A,LGS_Sensor,gatt,False,offline,,,,,,,,,-66
1775861755.2724311,FABCEA8B-7EC8-2594-4879-2B3B63989660,ThermoBeacon2,adv,True,active,,190019060000F1F01D1033016D03FFFFFFFF8BE22C00,19.1875,54.8125,,,1.005,,-62
1775861755.2724311,FABCEA8B-7EC8-2594-4879-2B3B63989660,ThermoBeacon2,gatt,False,offline,,,,,,,,,-62
1775861755.2724311,C898B4F2-B452-7502-1A67-0536E77D49EA,sps,adv,True,active,,84077917000B431D08,19.24,60.09,,,0.89,,-66
1775861755.2724311,C898B4F2-B452-7502-1A67-0536E77D49EA,sps,gatt,False,offline,,,,,,,,,-66
1775861755.2724311,FF-FF-A1-00-00-01,LGS_NODE_17,adv,True,active,,7445A11107FC14B501,20.44,53.01,,,1.129,,-47
1775861755.2724311,FF-FF-A1-00-00-01,LGS_NODE_17,gatt,False,offline,,,,,,,,,-47
1775861815.366345,827482CC-A977-43D7-835E-8E8B6978E66A,LGS_Sensor,adv,True,active,,D302A21107FD14B507530FA009F601A3000066,18.75,40.0,20.45,53.01,1.298,1.13,-66
1775861815.366345,827482CC-A977-43D7-835E-8E8B6978E66A,LGS_Sensor,gatt,False,offline,,,,,,,,,-66
1775861815.366345,FABCEA8B-7EC8-2594-4879-2B3B63989660,ThermoBeacon2,adv,True,active,,190019060000F1F01D1033016D03FFFFFFFFC5E22C00,19.1875,54.8125,,,1.005,,-61
1775861815.366345,FABCEA8B-7EC8-2594-4879-2B3B63989660,ThermoBeacon2,gatt,False,offline,,,,,,,,,-61
1775861815.366345,C898B4F2-B452-7502-1A67-0536E77D49EA,sps,adv,False,offline,,8D077A170027421C08,,,,,,,
1775861815.366345,C898B4F2-B452-7502-1A67-0536E77D49EA,sps,gatt,False,offline,,,,,,,,,
1775861815.366345,FF-FF-A1-00-00-01,LGS_NODE_17,adv,False,offline,,7445A11107FC14B403,,,,,,,
1775861815.366345,FF-FF-A1-00-00-01,LGS_NODE_17,gatt,False,offline,,,,,,,,,
1775861875.384801,827482CC-A977-43D7-835E-8E8B6978E66A,LGS_Sensor,adv,True,active,,D302A211080014AF07460FA009F601A3000072,18.62,40.0,20.48,52.95,1.287,1.133,-68
1775861875.384801,827482CC-A977-43D7-835E-8E8B6978E66A,LGS_Sensor,gatt,False,offline,,,,,,,,,-68
1775861875.384801,FABCEA8B-7EC8-2594-4879-2B3B63989660,ThermoBeacon2,adv,True,active,,190019060000F1F01D1033016D03FFFFFFFF01E32C00,19.1875,54.8125,,,1.005,,-62
1775861875.384801,FABCEA8B-7EC8-2594-4879-2B3B63989660,ThermoBeacon2,gatt,False,offline,,,,,,,,,-62
1775861875.384801,C898B4F2-B452-7502-1A67-0536E77D49EA,sps,adv,True,active,,87077317006F411C08,19.27,60.03,,,0.893,,-63
1775861875.384801,C898B4F2-B452-7502-1A67-0536E77D49EA,sps,gatt,False,offline,,,,,,,,,-63
1775861875.384801,FF-FF-A1-00-00-01,LGS_NODE_17,adv,False,offline,,7445A11107FC14B403,,,,,,,
1775861875.384801,FF-FF-A1-00-00-01,LGS_NODE_17,gatt,False,offline,,,,,,,,,
1775861935.3986938,827482CC-A977-43D7-835E-8E8B6978E66A,LGS_Sensor,adv,True,active,,D302A21107FE14B207400FA009F601A300007D,18.56,40.0,20.46,52.98,1.283,1.131,-67
1775861935.3986938,827482CC-A977-43D7-835E-8E8B6978E66A,LGS_Sensor,gatt,False,offline,,,,,,,,,-67
1775861935.3986938,FABCEA8B-7EC8-2594-4879-2B3B63989660,ThermoBeacon2,adv,True,active,,190019060000F1F01D1033016D03FFFFFFFF40E32C00,19.1875,54.8125,,,1.005,,-76
1775861935.3986938,FABCEA8B-7EC8-2594-4879-2B3B63989660,ThermoBeacon2,gatt,False,offline,,,,,,,,,-76
1775861935.3986938,C898B4F2-B452-7502-1A67-0536E77D49EA,sps,adv,False,offline,,8D076F170036861D08,,,,,,,
1775861935.3986938,C898B4F2-B452-7502-1A67-0536E77D49EA,sps,gatt,False,offline,,,,,,,,,
1775861935.3986938,FF-FF-A1-00-00-01,LGS_NODE_17,adv,False,offline,,7445A11107FC14B403,,,,,,,
1775861935.3986938,FF-FF-A1-00-00-01,LGS_NODE_17,gatt,False,offline,,,,,,,,,
1775861995.4804459,827482CC-A977-43D7-835E-8E8B6978E66A,LGS_Sensor,adv,True,active,,D302A21107FE14AC07470FA009F601A3000089,18.63,40.0,20.46,52.92,1.288,1.132,-66
1775861995.4804459,827482CC-A977-43D7-835E-8E8B6978E66A,LGS_Sensor,gatt,False,offline,,,,,,,,,-66
1775861995.4804459,FABCEA8B-7EC8-2594-4879-2B3B63989660,ThermoBeacon2,adv,True,active,,190019060000F1F01D1033016D03FFFFFFFF7AE32C00,19.1875,54.8125,,,1.005,,-78
1775861995.4804459,FABCEA8B-7EC8-2594-4879-2B3B63989660,ThermoBeacon2,gatt,False,offline,,,,,,,,,-78
1775861995.4804459,C898B4F2-B452-7502-1A67-0536E77D49EA,sps,adv,False,offline,,8E07781700C2821C08,,,,,,,
1775861995.4804459,C898B4F2-B452-7502-1A67-0536E77D49EA,sps,gatt,False,offline,,,,,,,,,
1775861995.4804459,FF-FF-A1-00-00-01,LGS_NODE_17,adv,False,offline,,7445A11107FC14B403,,,,,,,
1775861995.4804459,FF-FF-A1-00-00-01,LGS_NODE_17,gatt,False,offline,,,,,,,,,
1775862055.555163,827482CC-A977-43D7-835E-8E8B6978E66A,LGS_Sensor,adv,True,active,,D302A21107FD14F307470FA009F601A3000096,18.63,40.0,20.45,53.63,1.288,1.115,-68
1775862055.555163,827482CC-A977-43D7-835E-8E8B6978E66A,LGS_Sensor,gatt,False,offline,,,,,,,,,-68
1775862055.555163,FABCEA8B-7EC8-2594-4879-2B3B63989660,ThermoBeacon2,adv,False,offline,,190019060000F1F01D1033016D03FFFFFFFFA1E32C00,,,,,,,
1775862055.555163,FABCEA8B-7EC8-2594-4879-2B3B63989660,ThermoBeacon2,gatt,False,offline,,,,,,,,,
1775862055.555163,C898B4F2-B452-7502-1A67-0536E77D49EA,sps,adv,True,active,,9B076B17003E841C08,19.47,59.95,,,0.906,,-73
1775862055.555163,C898B4F2-B452-7502-1A67-0536E77D49EA,sps,gatt,False,offline,,,,,,,,,-73
1775862055.555163,FF-FF-A1-00-00-01,LGS_NODE_17,adv,False,offline,,7445A11107FC14B403,,,,,,,
1775862055.555163,FF-FF-A1-00-00-01,LGS_NODE_17,gatt,False,offline,,,,,,,,,
1775862115.662687,827482CC-A977-43D7-835E-8E8B6978E66A,LGS_Sensor,adv,True,active,,D302A21107FE154507440FA009F601A20000A2,18.6,40.0,20.46,54.45,1.286,1.096,-68
1775862115.662687,827482CC-A977-43D7-835E-8E8B6978E66A,LGS_Sensor,gatt,False,offline,,,,,,,,,-68
1775862115.662687,FABCEA8B-7EC8-2594-4879-2B3B63989660,ThermoBeacon2,adv,True,active,,190019060000F1F01D1033016E03FFFFFFFFE9E32C00,19.1875,54.875,,,1.003,,-57
1775862115.662687,FABCEA8B-7EC8-2594-4879-2B3B63989660,ThermoBeacon2,gatt,False,offline,,,,,,,,,-57
1775862115.662687,C898B4F2-B452-7502-1A67-0536E77D49EA,sps,adv,True,active,,84075D17004B481D08,19.24,59.81,,,0.896,,-67
1775862115.662687,C898B4F2-B452-7502-1A67-0536E77D49EA,sps,gatt,False,offline,,,,,,,,,-67
1775862115.662687,FF-FF-A1-00-00-01,LGS_NODE_17,adv,False,offline,,7445A11107FC14B403,,,,,,,
1775862115.662687,FF-FF-A1-00-00-01,LGS_NODE_17,gatt,False,offline,,,,,,,,,
1775862175.6974669,827482CC-A977-43D7-835E-8E8B6978E66A,LGS_Sensor,adv,True,active,,D302A2110800154E07460FA009F601A30000AD,18.62,40.0,20.48,54.54,1.287,1.095,-58
1775862175.6974669,827482CC-A977-43D7-835E-8E8B6978E66A,LGS_Sensor,gatt,False,offline,,,,,,,,,-58
1775862175.6974669,FABCEA8B-7EC8-2594-4879-2B3B63989660,ThermoBeacon2,adv,True,active,,190019060000F1F01D1033016F03FFFFFFFF24E42C00,19.1875,54.9375,,,1.002,,-53
1775862175.6974669,FABCEA8B-7EC8-2594-4879-2B3B63989660,ThermoBeacon2,gatt,False,offline,,,,,,,,,-53
1775862175.6974669,C898B4F2-B452-7502-1A67-0536E77D49EA,sps,adv,True,active,,9707821700FF711D08,19.43,60.18,,,0.899,,-68
1775862175.6974669,C898B4F2-B452-7502-1A67-0536E77D49EA,sps,gatt,False,offline,,,,,,,,,-68
1775862175.6974669,FF-FF-A1-00-00-01,LGS_NODE_17,adv,False,offline,,7445A11107FC14B403,,,,,,,
1775862175.6974669,FF-FF-A1-00-00-01,LGS_NODE_17,gatt,False,offline,,,,,,,,,
1775862235.7079282,827482CC-A977-43D7-835E-8E8B6978E66A,LGS_Sensor,adv,True,active,,D302A21107FE153307500FA009F601A20000B9,18.72,40.0,20.46,54.27,1.295,1.1,-69
1775862235.7079282,827482CC-A977-43D7-835E-8E8B6978E66A,LGS_Sensor,gatt,False,offline,,,,,,,,,-69
1775862235.7079282,FABCEA8B-7EC8-2594-4879-2B3B63989660,ThermoBeacon2,adv,True,active,,190019060000F1F01D1033016F03FFFFFFFF6CE42C00,19.1875,54.9375,,,1.002,,-62
1775862235.7079282,FABCEA8B-7EC8-2594-4879-2B3B63989660,ThermoBeacon2,gatt,False,offline,,,,,,,,,-62
1775862235.7079282,C898B4F2-B452-7502-1A67-0536E77D49EA,sps,adv,True,active,,81077B170066831C08,19.21,60.11,,,0.888,,-64
1775862235.7079282,C898B4F2-B452-7502-1A67-0536E77D49EA,sps,gatt,False,offline,,,,,,,,,-64
1775862235.7079282,FF-FF-A1-00-00-01,LGS_NODE_17,adv,False,offline,,7445A11107FC14B403,,,,,,,
1775862235.7079282,FF-FF-A1-00-00-01,LGS_NODE_17,gatt,False,offline,,,,,,,,,
1775862295.7251358,827482CC-A977-43D7-835E-8E8B6978E66A,LGS_Sensor,adv,True,active,,D302A21107FA1507074A0FA009F601A30000C5,18.66,40.0,20.42,53.83,1.291,1.108,-58
1775862295.7251358,827482CC-A977-43D7-835E-8E8B6978E66A,LGS_Sensor,gatt,False,offline,,,,,,,,,-58
1775862295.7251358,FABCEA8B-7EC8-2594-4879-2B3B63989660,ThermoBeacon2,adv,True,active,,190019060000F1F01D1033017003FFFFFFFFA6E42C00,19.1875,55.0,,,1.0,,-63
1775862295.7251358,FABCEA8B-7EC8-2594-4879-2B3B63989660,ThermoBeacon2,gatt,False,offline,,,,,,,,,-63
1775862295.7251358,C898B4F2-B452-7502-1A67-0536E77D49EA,sps,adv,True,active,,860772170003411D08,19.26,60.02,,,0.893,,-52
1775862295.7251358,C898B4F2-B452-7502-1A67-0536E77D49EA,sps,gatt,False,offline,,,,,,,,,-52
1775862295.7251358,FF-FF-A1-00-00-01,LGS_NODE_17,adv,False,offline,,7445A11107FC14B403,,,,,,,
1775862295.7251358,FF-FF-A1-00-00-01,LGS_NODE_17,gatt,False,offline,,,,,,,,,
1775862355.775895,827482CC-A977-43D7-835E-8E8B6978E66A,LGS_Sensor,adv,True,active,,D302A21107FD14FD074A0FA009F601A30000D0,18.66,40.0,20.45,53.73,1.291,1.112,-63
1775862355.775895,827482CC-A977-43D7-835E-8E8B6978E66A,LGS_Sensor,gatt,False,offline,,,,,,,,,-63
1775862355.775895,FABCEA8B-7EC8-2594-4879-2B3B63989660,ThermoBeacon2,adv,True,active,,190019060000F1F01A1033017003FFFFFFFFE1E42C00,19.1875,55.0,,,1.0,,-60
1775862355.775895,FABCEA8B-7EC8-2594-4879-2B3B63989660,ThermoBeacon2,gatt,False,offline,,,,,,,,,-60
1775862355.775895,C898B4F2-B452-7502-1A67-0536E77D49EA,sps,adv,True,active,,84077917000B431D08,19.24,60.09,,,0.89,,-60
1775862355.775895,C898B4F2-B452-7502-1A67-0536E77D49EA,sps,gatt,False,offline,,,,,,,,,-60
1775862355.775895,FF-FF-A1-00-00-01,LGS_NODE_17,adv,False,offline,,7445A11107FC14B403,,,,,,,
1775862355.775895,FF-FF-A1-00-00-01,LGS_NODE_17,gatt,False,offline,,,,,,,,,
1775862415.8235211,827482CC-A977-43D7-835E-8E8B6978E66A,LGS_Sensor,adv,True,active,,D302A21107FA14D007480FA009F601A20000DC,18.64,40.0,20.42,53.28,1.289,1.121,-65
1775862415.8235211,827482CC-A977-43D7-835E-8E8B6978E66A,LGS_Sensor,gatt,False,offline,,,,,,,,,-65
1775862415.8235211,FABCEA8B-7EC8-2594-4879-2B3B63989660,ThermoBeacon2,adv,True,active,,190019060000F1F01D1033017103FFFFFFFF1BE52C00,19.1875,55.0625,,,0.999,,-53
1775862415.8235211,FABCEA8B-7EC8-2594-4879-2B3B63989660,ThermoBeacon2,gatt,False,offline,,,,,,,,,-53
1775862415.8235211,C898B4F2-B452-7502-1A67-0536E77D49EA,sps,adv,True,active,,8107731700E7411C08,19.21,60.03,,,0.89,,-77
1775862415.8235211,C898B4F2-B452-7502-1A67-0536E77D49EA,sps,gatt,False,offline,,,,,,,,,-77
1775862415.8235211,FF-FF-A1-00-00-01,LGS_NODE_17,adv,False,offline,,7445A11107FC14B403,,,,,,,
1775862415.8235211,FF-FF-A1-00-00-01,LGS_NODE_17,gatt,False,offline,,,,,,,,,
1775862475.8336608,827482CC-A977-43D7-835E-8E8B6978E66A,LGS_Sensor,adv,True,active,,D302A21107F814DB07450FA009F601A30000E8,18.61,40.0,20.4,53.39,1.287,1.117,-65
1775862475.8336608,827482CC-A977-43D7-835E-8E8B6978E66A,LGS_Sensor,gatt,False,offline,,,,,,,,,-65
1775862475.8336608,FABCEA8B-7EC8-2594-4879-2B3B63989660,ThermoBeacon2,adv,True,active,,190019060000F1F01D1033017103FFFFFFFF54E52C00,19.1875,55.0625,,,0.999,,-64
1775862475.8336608,FABCEA8B-7EC8-2594-4879-2B3B63989660,ThermoBeacon2,gatt,False,offline,,,,,,,,,-64
1775862475.8336608,C898B4F2-B452-7502-1A67-0536E77D49EA,sps,adv,True,active,,9A077D1700E2801D08,19.46,60.13,,,0.901,,-64
1775862475.8336608,C898B4F2-B452-7502-1A67-0536E77D49EA,sps,gatt,False,offline,,,,,,,,,-64
1775862475.8336608,FF-FF-A1-00-00-01,LGS_NODE_17,adv,False,offline,,7445A11107FC14B403,,,,,,,
1775862475.8336608,FF-FF-A1-00-00-01,LGS_NODE_17,gatt,False,offline,,,,,,,,,
1775862535.9010801,827482CC-A977-43D7-835E-8E8B6978E66A,LGS_Sensor,adv,True,active,,D302A21107F514DE07440FA009F601A30000F4,18.6,40.0,20.37,53.42,1.286,1.114,-64
1775862535.9010801,827482CC-A977-43D7-835E-8E8B6978E66A,LGS_Sensor,gatt,False,offline,,,,,,,,,-64
1775862535.9010801,FABCEA8B-7EC8-2594-4879-2B3B63989660,ThermoBeacon2,adv,False,offline,,190019060000F1F01D1033017103FFFFFFFF7BE52C00,,,,,,,
1775862535.9010801,FABCEA8B-7EC8-2594-4879-2B3B63989660,ThermoBeacon2,gatt,False,offline,,,,,,,,,
1775862535.9010801,C898B4F2-B452-7502-1A67-0536E77D49EA,sps,adv,True,active,,8707811700CEB21D08,19.27,60.17,,,0.89,,-63
1775862535.9010801,C898B4F2-B452-7502-1A67-0536E77D49EA,sps,gatt,False,offline,,,,,,,,,-63
1775862535.9010801,FF-FF-A1-00-00-01,LGS_NODE_17,adv,False,offline,,7445A11107FC14B403,,,,,,,
1775862535.9010801,FF-FF-A1-00-00-01,LGS_NODE_17,gatt,False,offline,,,,,,,,,
1775862595.9646232,827482CC-A977-43D7-835E-8E8B6978E66A,LGS_Sensor,adv,True,active,,D302A21107F514D507450FA009F601A2000000,18.61,40.0,20.37,53.33,1.287,1.116,-64
1775862595.9646232,827482CC-A977-43D7-835E-8E8B6978E66A,LGS_Sensor,gatt,False,offline,,,,,,,,,-64
1775862595.9646232,FABCEA8B-7EC8-2594-4879-2B3B63989660,ThermoBeacon2,adv,True,active,,190019060000F1F01D1033017103FFFFFFFFCDE52C00,19.1875,55.0625,,,0.999,,-57
1775862595.9646232,FABCEA8B-7EC8-2594-4879-2B3B63989660,ThermoBeacon2,gatt,False,offline,,,,,,,,,-57
1775862595.9646232,C898B4F2-B452-7502-1A67-0536E77D49EA,sps,adv,True,active,,8D07761700E7411D08,19.33,60.06,,,0.896,,-61
1775862595.9646232,C898B4F2-B452-7502-1A67-0536E77D49EA,sps,gatt,False,offline,,,,,,,,,-61
1775862595.9646232,FF-FF-A1-00-00-01,LGS_NODE_17,adv,False,offline,,7445A11107FC14B403,,,,,,,
1775862595.9646232,FF-FF-A1-00-00-01,LGS_NODE_17,gatt,False,offline,,,,,,,,,
1775862655.9893172,827482CC-A977-43D7-835E-8E8B6978E66A,LGS_Sensor,adv,True,active,,D302A21107F214E607460FA009F601A300000C,18.62,40.0,20.34,53.5,1.287,1.11,-66
1775862655.9893172,827482CC-A977-43D7-835E-8E8B6978E66A,LGS_Sensor,gatt,False,offline,,,,,,,,,-66
1775862655.9893172,FABCEA8B-7EC8-2594-4879-2B3B63989660,ThermoBeacon2,adv,True,active,,190019060000F1F01A1033017103FFFFFFFF0CE62C00,19.1875,55.0625,,,0.999,,-62
1775862655.9893172,FABCEA8B-7EC8-2594-4879-2B3B63989660,ThermoBeacon2,gatt,False,offline,,,,,,,,,-62
1775862655.9893172,C898B4F2-B452-7502-1A67-0536E77D49EA,sps,adv,True,active,,8D07861700E7721D08,19.33,60.22,,,0.892,,-58
1775862655.9893172,C898B4F2-B452-7502-1A67-0536E77D49EA,sps,gatt,False,offline,,,,,,,,,-58
1775862655.9893172,FF-FF-A1-00-00-01,LGS_NODE_17,adv,False,offline,,7445A11107FC14B403,,,,,,,
1775862655.9893172,FF-FF-A1-00-00-01,LGS_NODE_17,gatt,False,offline,,,,,,,,,
1775862716.077016,827482CC-A977-43D7-835E-8E8B6978E66A,LGS_Sensor,adv,True,active,,D302A21107F214ED073F0FA009F601A3000018,18.55,40.0,20.34,53.57,1.282,1.109,-65
1775862716.077016,827482CC-A977-43D7-835E-8E8B6978E66A,LGS_Sensor,gatt,False,offline,,,,,,,,,-65
1775862716.077016,FABCEA8B-7EC8-2594-4879-2B3B63989660,ThermoBeacon2,adv,True,active,,190019060000F1F01A1033017103FFFFFFFF4BE62C00,19.1875,55.0625,,,0.999,,-62
1775862716.077016,FABCEA8B-7EC8-2594-4879-2B3B63989660,ThermoBeacon2,gatt,False,offline,,,,,,,,,-62
1775862716.077016,C898B4F2-B452-7502-1A67-0536E77D49EA,sps,adv,True,active,,8D07861700E7721C08,19.33,60.22,,,0.892,,-61
1775862716.077016,C898B4F2-B452-7502-1A67-0536E77D49EA,sps,gatt,False,offline,,,,,,,,,-61
1775862716.077016,FF-FF-A1-00-00-01,LGS_NODE_17,adv,False,offline,,7445A11107FC14B403,,,,,,,
1775862716.077016,FF-FF-A1-00-00-01,LGS_NODE_17,gatt,False,offline,,,,,,,,,
1775862776.0888362,827482CC-A977-43D7-835E-8E8B6978E66A,LGS_Sensor,adv,True,active,,D302A21107F014D907440FA009F601A2000024,18.6,40.0,20.32,53.37,1.286,1.112,-67
1775862776.0888362,827482CC-A977-43D7-835E-8E8B6978E66A,LGS_Sensor,gatt,False,offline,,,,,,,,,-67
1775862776.0888362,FABCEA8B-7EC8-2594-4879-2B3B63989660,ThermoBeacon2,adv,True,active,,190019060000F1F01D1033017103FFFFFFFF84E62C00,19.1875,55.0625,,,0.999,,-62
1775862776.0888362,FABCEA8B-7EC8-2594-4879-2B3B63989660,ThermoBeacon2,gatt,False,offline,,,,,,,,,-62
1775862776.0888362,C898B4F2-B452-7502-1A67-0536E77D49EA,sps,adv,False,offline,,8A0786170052B21C08,,,,,,,
1775862776.0888362,C898B4F2-B452-7502-1A67-0536E77D49EA,sps,gatt,False,offline,,,,,,,,,
1775862776.0888362,FF-FF-A1-00-00-01,LGS_NODE_17,adv,False,offline,,7445A11107FC14B403,,,,,,,
1775862776.0888362,FF-FF-A1-00-00-01,LGS_NODE_17,gatt,False,offline,,,,,,,,,
1775862836.1151638,827482CC-A977-43D7-835E-8E8B6978E66A,LGS_Sensor,adv,True,active,,D302A21107EF14D5074A0FA009F601A3000030,18.66,40.0,20.31,53.33,1.291,1.112,-65
1775862836.1151638,827482CC-A977-43D7-835E-8E8B6978E66A,LGS_Sensor,gatt,False,offline,,,,,,,,,-65
1775862836.1151638,FABCEA8B-7EC8-2594-4879-2B3B63989660,ThermoBeacon2,adv,True,active,,190019060000F1F01A1033017103FFFFFFFFC3E62C00,19.1875,55.0625,,,0.999,,-61
1775862836.1151638,FABCEA8B-7EC8-2594-4879-2B3B63989660,ThermoBeacon2,gatt,False,offline,,,,,,,,,-61
1775862836.1151638,C898B4F2-B452-7502-1A67-0536E77D49EA,sps,adv,True,active,,810785170007731C08,19.21,60.21,,,0.886,,-73
1775862836.1151638,C898B4F2-B452-7502-1A67-0536E77D49EA,sps,gatt,False,offline,,,,,,,,,-73
1775862836.1151638,FF-FF-A1-00-00-01,LGS_NODE_17,adv,False,offline,,7445A11107FC14B403,,,,,,,
1775862836.1151638,FF-FF-A1-00-00-01,LGS_NODE_17,gatt,False,offline,,,,,,,,,
1775862896.177085,827482CC-A977-43D7-835E-8E8B6978E66A,LGS_Sensor,adv,True,active,,D302A21107F014CF07490FA009F601A300003B,18.65,40.0,20.32,53.27,1.29,1.114,-66
1775862896.177085,827482CC-A977-43D7-835E-8E8B6978E66A,LGS_Sensor,gatt,False,offline,,,,,,,,,-66
1775862896.177085,FABCEA8B-7EC8-2594-4879-2B3B63989660,ThermoBeacon2,adv,True,active,,190019060000F1F01D1033017103FFFFFFFFFEE62C00,19.1875,55.0625,,,0.999,,-64
1775862896.177085,FABCEA8B-7EC8-2594-4879-2B3B63989660,ThermoBeacon2,gatt,False,offline,,,,,,,,,-64
1775862896.177085,C898B4F2-B452-7502-1A67-0536E77D49EA,sps,adv,True,active,,8C077E17005B431D08,19.32,60.14,,,0.893,,-69
1775862896.177085,C898B4F2-B452-7502-1A67-0536E77D49EA,sps,gatt,False,offline,,,,,,,,,-69
1775862896.177085,FF-FF-A1-00-00-01,LGS_NODE_17,adv,False,offline,,7445A11107FC14B403,,,,,,,
1775862896.177085,FF-FF-A1-00-00-01,LGS_NODE_17,gatt,False,offline,,,,,,,,,
1775862956.304456,827482CC-A977-43D7-835E-8E8B6978E66A,LGS_Sensor,adv,True,active,,D302A21107F215B907440FA009F601A3000047,18.6,40.0,20.34,55.61,1.286,1.06,-67
1775862956.304456,827482CC-A977-43D7-835E-8E8B6978E66A,LGS_Sensor,gatt,False,offline,,,,,,,,,-67
1775862956.304456,FABCEA8B-7EC8-2594-4879-2B3B63989660,ThermoBeacon2,adv,True,active,,190019060000F1F01D1033017203FFFFFFFF37E72C00,19.1875,55.125,,,0.998,,-65
1775862956.304456,FABCEA8B-7EC8-2594-4879-2B3B63989660,ThermoBeacon2,gatt,False,offline,,,,,,,,,-65
1775862956.304456,C898B4F2-B452-7502-1A67-0536E77D49EA,sps,adv,True,active,,8D078B170076B11C08,19.33,60.27,,,0.891,,-63
1775862956.304456,C898B4F2-B452-7502-1A67-0536E77D49EA,sps,gatt,False,offline,,,,,,,,,-63
1775862956.304456,FF-FF-A1-00-00-01,LGS_NODE_17,adv,False,offline,,7445A11107F014FF02,,,,,,,
1775862956.304456,FF-FF-A1-00-00-01,LGS_NODE_17,gatt,False,offline,,,,,,,,,
1775863016.398955,827482CC-A977-43D7-835E-8E8B6978E66A,LGS_Sensor,adv,True,active,,D302A21107F3161807410FA009F601A3000054,18.57,40.0,20.35,56.56,1.283,1.038,-69
1775863016.398955,827482CC-A977-43D7-835E-8E8B6978E66A,LGS_Sensor,gatt,False,offline,,,,,,,,,-69
1775863016.398955,FABCEA8B-7EC8-2594-4879-2B3B63989660,ThermoBeacon2,adv,True,active,,190019060000F1F01D1033017303FFFFFFFF76E72C00,19.1875,55.1875,,,0.996,,-77
1775863016.398955,FABCEA8B-7EC8-2594-4879-2B3B63989660,ThermoBeacon2,gatt,False,offline,,,,,,,,,-77
1775863016.398955,C898B4F2-B452-7502-1A67-0536E77D49EA,sps,adv,True,active,,93078717001EB01C08,19.39,60.23,,,0.895,,-63
1775863016.398955,C898B4F2-B452-7502-1A67-0536E77D49EA,sps,gatt,False,offline,,,,,,,,,-63
1775863016.398955,FF-FF-A1-00-00-01,LGS_NODE_17,adv,False,offline,,7445A11107F014FF02,,,,,,,
1775863016.398955,FF-FF-A1-00-00-01,LGS_NODE_17,gatt,False,offline,,,,,,,,,
1775863076.400863,827482CC-A977-43D7-835E-8E8B6978E66A,LGS_Sensor,adv,True,active,,D302A21107F015D1074D0FA009F601A300005F,18.69,40.0,20.32,55.85,1.293,1.053,-69
1775863076.400863,827482CC-A977-43D7-835E-8E8B6978E66A,LGS_Sensor,gatt,False,offline,,,,,,,,,-69
1775863076.400863,FABCEA8B-7EC8-2594-4879-2B3B63989660,ThermoBeacon2,adv,True,active,,190019060000F1F01D1033017203FFFFFFFFABE72C00,19.1875,55.125,,,0.998,,-67
1775863076.400863,FABCEA8B-7EC8-2594-4879-2B3B63989660,ThermoBeacon2,gatt,False,offline,,,,,,,,,-67
1775863076.400863,C898B4F2-B452-7502-1A67-0536E77D49EA,sps,adv,False,offline,,84079417009B761C08,,,,,,,
1775863076.400863,C898B4F2-B452-7502-1A67-0536E77D49EA,sps,gatt,False,offline,,,,,,,,,
1775863076.400863,FF-FF-A1-00-00-01,LGS_NODE_17,adv,False,offline,,7445A11107F014FF02,,,,,,,
1775863076.400863,FF-FF-A1-00-00-01,LGS_NODE_17,gatt,False,offline,,,,,,,,,
1775863136.423425,827482CC-A977-43D7-835E-8E8B6978E66A,LGS_Sensor,adv,True,active,,D302A21107ED155D07420FA009F601A300006B,18.58,40.0,20.29,54.69,1.284,1.079,-67
1775863136.423425,827482CC-A977-43D7-835E-8E8B6978E66A,LGS_Sensor,gatt,False,offline,,,,,,,,,-67
1775863136.423425,FABCEA8B-7EC8-2594-4879-2B3B63989660,ThermoBeacon2,adv,True,active,,190019060000F1F01D1032017203FFFFFFFFEFE72C00,19.125,55.125,,,0.994,,-68
1775863136.423425,FABCEA8B-7EC8-2594-4879-2B3B63989660,ThermoBeacon2,gatt,False,offline,,,,,,,,,-68
1775863136.423425,C898B4F2-B452-7502-1A67-0536E77D49EA,sps,adv,True,active,,9A07881700F2B21C08,19.46,60.24,,,0.899,,-73
1775863136.423425,C898B4F2-B452-7502-1A67-0536E77D49EA,sps,gatt,False,offline,,,,,,,,,-73
1775863136.423425,FF-FF-A1-00-00-01,LGS_NODE_17,adv,False,offline,,7445A11107F014FF02,,,,,,,
1775863136.423425,FF-FF-A1-00-00-01,LGS_NODE_17,gatt,False,offline,,,,,,,,,
1775863196.454188,827482CC-A977-43D7-835E-8E8B6978E66A,LGS_Sensor,adv,True,active,,D302A21107ED156607420FA009F601A3000077,18.58,40.0,20.29,54.78,1.284,1.076,-67
1775863196.454188,827482CC-A977-43D7-835E-8E8B6978E66A,LGS_Sensor,gatt,False,offline,,,,,,,,,-67
1775863196.454188,FABCEA8B-7EC8-2594-4879-2B3B63989660,ThermoBeacon2,adv,True,active,,190019060000F1F01D1032017303FFFFFFFF29E82C00,19.125,55.1875,,,0.992,,-66
1775863196.454188,FABCEA8B-7EC8-2594-4879-2B3B63989660,ThermoBeacon2,gatt,False,offline,,,,,,,,,-66
1775863196.454188,C898B4F2-B452-7502-1A67-0536E77D49EA,sps,adv,False,offline,,810791170047771D08,,,,,,,
1775863196.454188,C898B4F2-B452-7502-1A67-0536E77D49EA,sps,gatt,False,offline,,,,,,,,,
1775863196.454188,FF-FF-A1-00-00-01,LGS_NODE_17,adv,False,offline,,7445A11107F0155E02,,,,,,,
1775863196.454188,FF-FF-A1-00-00-01,LGS_NODE_17,gatt,False,offline,,,,,,,,,
1775863256.546408,827482CC-A977-43D7-835E-8E8B6978E66A,LGS_Sensor,adv,True,active,,D302A21107ED156A07450FA009F601A3000083,18.61,40.0,20.29,54.82,1.287,1.075,-66
1775863256.546408,827482CC-A977-43D7-835E-8E8B6978E66A,LGS_Sensor,gatt,False,offline,,,,,,,,,-66
1775863256.546408,FABCEA8B-7EC8-2594-4879-2B3B63989660,ThermoBeacon2,adv,True,active,,190019060000F1F01A1032017303FFFFFFFF63E82C00,19.125,55.1875,,,0.992,,-62
1775863256.546408,FABCEA8B-7EC8-2594-4879-2B3B63989660,ThermoBeacon2,gatt,False,offline,,,,,,,,,-62
1775863256.546408,C898B4F2-B452-7502-1A67-0536E77D49EA,sps,adv,True,active,,8D079E170067751C08,19.33,60.46,,,0.887,,-62
1775863256.546408,C898B4F2-B452-7502-1A67-0536E77D49EA,sps,gatt,False,offline,,,,,,,,,-62
1775863256.546408,FF-FF-A1-00-00-01,LGS_NODE_17,adv,False,offline,,7445A11107F0155E02,,,,,,,
1775863256.546408,FF-FF-A1-00-00-01,LGS_NODE_17,gatt,False,offline,,,,,,,,,
1775863316.624306,827482CC-A977-43D7-835E-8E8B6978E66A,LGS_Sensor,adv,True,active,,D302A21107EC1553073C0FA009F601A300008F,18.52,40.0,20.28,54.59,1.279,1.08,-68
1775863316.624306,827482CC-A977-43D7-835E-8E8B6978E66A,LGS_Sensor,gatt,False,offline,,,,,,,,,-68
1775863316.624306,FABCEA8B-7EC8-2594-4879-2B3B63989660,ThermoBeacon2,adv,True,active,,190019060000F1F01D1032017403FFFFFFFFA2E82C00,19.125,55.25,,,0.991,,-63
1775863316.624306,FABCEA8B-7EC8-2594-4879-2B3B63989660,ThermoBeacon2,gatt,False,offline,,,,,,,,,-63
1775863316.624306,C898B4F2-B452-7502-1A67-0536E77D49EA,sps,adv,True,active,,8707941700DF761D08,19.27,60.36,,,0.886,,-70
1775863316.624306,C898B4F2-B452-7502-1A67-0536E77D49EA,sps,gatt,False,offline,,,,,,,,,-70
1775863316.624306,FF-FF-A1-00-00-01,LGS_NODE_17,adv,False,offline,,7445A11107F0155E02,,,,,,,
1775863316.624306,FF-FF-A1-00-00-01,LGS_NODE_17,gatt,False,offline,,,,,,,,,
1775863376.663805,827482CC-A977-43D7-835E-8E8B6978E66A,LGS_Sensor,adv,True,active,,D302A21107ED155807420FA009F601A300009B,18.58,40.0,20.29,54.64,1.284,1.08,-66
1775863376.663805,827482CC-A977-43D7-835E-8E8B6978E66A,LGS_Sensor,gatt,False,offline,,,,,,,,,-66
1775863376.663805,FABCEA8B-7EC8-2594-4879-2B3B63989660,ThermoBeacon2,adv,True,active,,190019060000F1F01A1032017503FFFFFFFFD7E82C00,19.125,55.3125,,,0.99,,-60
1775863376.663805,FABCEA8B-7EC8-2594-4879-2B3B63989660,ThermoBeacon2,gatt,False,offline,,,,,,,,,-60
1775863376.663805,C898B4F2-B452-7502-1A67-0536E77D49EA,sps,adv,True,active,,8C078F17000AB01D08,19.32,60.31,,,0.89,,-73
1775863376.663805,C898B4F2-B452-7502-1A67-0536E77D49EA,sps,gatt,False,offline,,,,,,,,,-73
1775863376.663805,FF-FF-A1-00-00-01,LGS_NODE_17,adv,False,offline,,7445A11107F0155E02,,,,,,,
1775863376.663805,FF-FF-A1-00-00-01,LGS_NODE_17,gatt,False,offline,,,,,,,,,
1775863436.7264829,827482CC-A977-43D7-835E-8E8B6978E66A,LGS_Sensor,adv,True,active,,D302A21107EB154407450FA009F601A30000A7,18.61,40.0,20.27,54.44,1.287,1.083,-68
1775863436.7264829,827482CC-A977-43D7-835E-8E8B6978E66A,LGS_Sensor,gatt,False,offline,,,,,,,,,-68
1775863436.7264829,FABCEA8B-7EC8-2594-4879-2B3B63989660,ThermoBeacon2,adv,True,active,,190019060000F1F01D1033017603FFFFFFFF16E92C00,19.1875,55.375,,,0.992,,-62
1775863436.7264829,FABCEA8B-7EC8-2594-4879-2B3B63989660,ThermoBeacon2,gatt,False,offline,,,,,,,,,-62
1775863436.7264829,C898B4F2-B452-7502-1A67-0536E77D49EA,sps,adv,True,active,,84078F1700EB711D08,19.24,60.31,,,0.885,,-63
1775863436.7264829,C898B4F2-B452-7502-1A67-0536E77D49EA,sps,gatt,False,offline,,,,,,,,,-63
1775863436.7264829,FF-FF-A1-00-00-01,LGS_NODE_17,adv,False,offline,,7445A11107EC154B01,,,,,,,
1775863436.7264829,FF-FF-A1-00-00-01,LGS_NODE_17,gatt,False,offline,,,,,,,,,
1775863496.74085,827482CC-A977-43D7-835E-8E8B6978E66A,LGS_Sensor,adv,True,active,,D302A21107F0153107450FA009F601A30000B2,18.61,40.0,20.32,54.25,1.287,1.091,-68
1775863496.74085,827482CC-A977-43D7-835E-8E8B6978E66A,LGS_Sensor,gatt,False,offline,,,,,,,,,-68
1775863496.74085,FABCEA8B-7EC8-2594-4879-2B3B63989660,ThermoBeacon2,adv,True,active,,190019060000F1F01A1032017603FFFFFFFF55E92C00,19.125,55.375,,,0.988,,-82
1775863496.74085,FABCEA8B-7EC8-2594-4879-2B3B63989660,ThermoBeacon2,gatt,False,offline,,,,,,,,,-82
1775863496.74085,C898B4F2-B452-7502-1A67-0536E77D49EA,sps,adv,True,active,,84078D17004AB11C08,19.24,60.29,,,0.886,,-72
1775863496.74085,C898B4F2-B452-7502-1A67-0536E77D49EA,sps,gatt,False,offline,,,,,,,,,-72
1775863496.74085,FF-FF-A1-00-00-01,LGS_NODE_17,adv,False,offline,,7445A11107EC154B01,,,,,,,
1775863496.74085,FF-FF-A1-00-00-01,LGS_NODE_17,gatt,False,offline,,,,,,,,,
1775863556.780063,827482CC-A977-43D7-835E-8E8B6978E66A,LGS_Sensor,adv,True,active,,D302A21107F2151B073C0FA009F601A30000BF,18.52,40.0,20.34,54.03,1.279,1.098,-67
1775863556.780063,827482CC-A977-43D7-835E-8E8B6978E66A,LGS_Sensor,gatt,False,offline,,,,,,,,,-67
1775863556.780063,FABCEA8B-7EC8-2594-4879-2B3B63989660,ThermoBeacon2,adv,True,active,,190019060000F1F01D1033017703FFFFFFFF8AE92C00,19.1875,55.4375,,,0.991,,-62
1775863556.780063,FABCEA8B-7EC8-2594-4879-2B3B63989660,ThermoBeacon2,gatt,False,offline,,,,,,,,,-62
1775863556.780063,C898B4F2-B452-7502-1A67-0536E77D49EA,sps,adv,True,active,,8D079F170036B51D08,19.33,60.47,,,0.887,,-67
1775863556.780063,C898B4F2-B452-7502-1A67-0536E77D49EA,sps,gatt,False,offline,,,,,,,,,-67
1775863556.780063,FF-FF-A1-00-00-01,LGS_NODE_17,adv,False,offline,,7445A11107EC154B01,,,,,,,
1775863556.780063,FF-FF-A1-00-00-01,LGS_NODE_17,gatt,False,offline,,,,,,,,,
1775863616.890282,827482CC-A977-43D7-835E-8E8B6978E66A,LGS_Sensor,adv,True,active,,D302A21107F2151D07410FA009F601A30000CB,18.57,40.0,20.34,54.05,1.283,1.097,-68
1775863616.890282,827482CC-A977-43D7-835E-8E8B6978E66A,LGS_Sensor,gatt,False,offline,,,,,,,,,-68
1775863616.890282,FABCEA8B-7EC8-2594-4879-2B3B63989660,ThermoBeacon2,adv,True,active,,190019060000F1F01D1032017703FFFFFFFFD0E92C00,19.125,55.4375,,,0.987,,-87
1775863616.890282,FABCEA8B-7EC8-2594-4879-2B3B63989660,ThermoBeacon2,gatt,False,offline,,,,,,,,,-87
1775863616.890282,C898B4F2-B452-7502-1A67-0536E77D49EA,sps,adv,True,active,,8D0795170016B71C08,19.33,60.37,,,0.889,,-65
1775863616.890282,C898B4F2-B452-7502-1A67-0536E77D49EA,sps,gatt,False,offline,,,,,,,,,-65
1775863616.890282,FF-FF-A1-00-00-01,LGS_NODE_17,adv,False,offline,,7445A11107EC154B01,,,,,,,
1775863616.890282,FF-FF-A1-00-00-01,LGS_NODE_17,gatt,False,offline,,,,,,,,,
1775863677.0055318,827482CC-A977-43D7-835E-8E8B6978E66A,LGS_Sensor,adv,True,active,,D302A21107F5151707450FA009F601A30000D6,18.61,40.0,20.37,53.99,1.287,1.101,-71
1775863677.0055318,827482CC-A977-43D7-835E-8E8B6978E66A,LGS_Sensor,gatt,False,offline,,,,,,,,,-71
1775863677.0055318,FABCEA8B-7EC8-2594-4879-2B3B63989660,ThermoBeacon2,adv,True,active,,190019060000F1F01A1033017703FFFFFFFF05EA2C00,19.1875,55.4375,,,0.991,,-56
1775863677.0055318,FABCEA8B-7EC8-2594-4879-2B3B63989660,ThermoBeacon2,gatt,False,offline,,,,,,,,,-56
1775863677.0055318,C898B4F2-B452-7502-1A67-0536E77D49EA,sps,adv,True,active,,87079017009EB71C08,19.27,60.32,,,0.887,,-76
1775863677.0055318,C898B4F2-B452-7502-1A67-0536E77D49EA,sps,gatt,False,offline,,,,,,,,,-76
1775863677.0055318,FF-FF-A1-00-00-01,LGS_NODE_17,adv,False,offline,,7445A11107EC154B01,,,,,,,
1775863677.0055318,FF-FF-A1-00-00-01,LGS_NODE_17,gatt,False,offline,,,,,,,,,
1775863737.105471,827482CC-A977-43D7-835E-8E8B6978E66A,LGS_Sensor,adv,True,active,,D302A21107F8151107470FA009F601A30000E2,18.63,40.0,20.4,53.93,1.288,1.104,-68
1775863737.105471,827482CC-A977-43D7-835E-8E8B6978E66A,LGS_Sensor,gatt,False,offline,,,,,,,,,-68
1775863737.105471,FABCEA8B-7EC8-2594-4879-2B3B63989660,ThermoBeacon2,adv,True,active,,190019060000F1F01D1032017703FFFFFFFF49EA2C00,19.125,55.4375,,,0.987,,-63
1775863737.105471,FABCEA8B-7EC8-2594-4879-2B3B63989660,ThermoBeacon2,gatt,False,offline,,,,,,,,,-63
1775863737.105471,C898B4F2-B452-7502-1A67-0536E77D49EA,sps,adv,True,active,,84079817005B751C08,19.24,60.4,,,0.883,,-74
1775863737.105471,C898B4F2-B452-7502-1A67-0536E77D49EA,sps,gatt,False,offline,,,,,,,,,-74
1775863737.105471,FF-FF-A1-00-00-01,LGS_NODE_17,adv,False,offline,,7445A11107EC154B01,,,,,,,
1775863737.105471,FF-FF-A1-00-00-01,LGS_NODE_17,gatt,False,offline,,,,,,,,,
1775863797.216098,827482CC-A977-43D7-835E-8E8B6978E66A,LGS_Sensor,adv,True,active,,D302A21107F8150607470FA009F601A20000EE,18.63,40.0,20.4,53.82,1.288,1.107,-65
1775863797.216098,827482CC-A977-43D7-835E-8E8B6978E66A,LGS_Sensor,gatt,False,offline,,,,,,,,,-65
1775863797.216098,FABCEA8B-7EC8-2594-4879-2B3B63989660,ThermoBeacon2,adv,False,offline,,190019060000F1F01D1032017703FFFFFFFF69EA2C00,,,,,,,
1775863797.216098,FABCEA8B-7EC8-2594-4879-2B3B63989660,ThermoBeacon2,gatt,False,offline,,,,,,,,,
1775863797.216098,C898B4F2-B452-7502-1A67-0536E77D49EA,sps,adv,True,active,,83079117003EB71C08,19.23,60.33,,,0.884,,-53
1775863797.216098,C898B4F2-B452-7502-1A67-0536E77D49EA,sps,gatt,False,offline,,,,,,,,,-53
1775863797.216098,FF-FF-A1-00-00-01,LGS_NODE_17,adv,False,offline,,7445A11107EC154B01,,,,,,,
1775863797.216098,FF-FF-A1-00-00-01,LGS_NODE_17,gatt,False,offline,,,,,,,,,
1775863802.65262,827482CC-A977-43D7-835E-8E8B6978E66A,LGS_Sensor,adv,False,offline,,,,,,,,,-64
1775863802.65262,827482CC-A977-43D7-835E-8E8B6978E66A,LGS_Sensor,gatt,False,offline,,,,,,,,,-64
1775863802.65262,FABCEA8B-7EC8-2594-4879-2B3B63989660,ThermoBeacon2,adv,False,offline,,,,,,,,,
1775863802.65262,FABCEA8B-7EC8-2594-4879-2B3B63989660,ThermoBeacon2,gatt,False,offline,,,,,,,,,
1775863802.65262,C898B4F2-B452-7502-1A67-0536E77D49EA,sps,adv,False,offline,,,,,,,,,
1775863802.65262,C898B4F2-B452-7502-1A67-0536E77D49EA,sps,gatt,False,offline,,,,,,,,,
1775863802.65262,FF-FF-A1-00-00-01,LGS_NODE_17,adv,False,offline,,,,,,,,,
1775863802.65262,FF-FF-A1-00-00-01,LGS_NODE_17,gatt,False,offline,,,,,,,,,
1775863862.679749,827482CC-A977-43D7-835E-8E8B6978E66A,LGS_Sensor,adv,True,active,,D302A21107F51513074A0FA009F601A30000FC,18.66,40.0,20.37,53.95,1.291,1.102,-67
1775863862.679749,827482CC-A977-43D7-835E-8E8B6978E66A,LGS_Sensor,gatt,False,offline,,,,,,,,,-67
1775863862.679749,FABCEA8B-7EC8-2594-4879-2B3B63989660,ThermoBeacon2,adv,True,active,,190019060000F1F01D1032017803FFFFFFFFC0EA2C00,19.125,55.5,,,0.985,,-64
1775863862.679749,FABCEA8B-7EC8-2594-4879-2B3B63989660,ThermoBeacon2,gatt,False,offline,,,,,,,,,-64
1775863862.679749,C898B4F2-B452-7502-1A67-0536E77D49EA,sps,adv,True,active,,8F07A417003EB81C08,19.35,60.52,,,0.887,,-78
1775863862.679749,C898B4F2-B452-7502-1A67-0536E77D49EA,sps,gatt,False,offline,,,,,,,,,-78
1775863862.679749,FF-FF-A1-00-00-01,LGS_NODE_17,adv,False,offline,,7445A11107EC154B01,,,,,,,
1775863862.679749,FF-FF-A1-00-00-01,LGS_NODE_17,gatt,False,offline,,,,,,,,,
1775863922.7236512,827482CC-A977-43D7-835E-8E8B6978E66A,LGS_Sensor,adv,True,active,,D302A21107F5150607450FA009F601A3000007,18.61,40.0,20.37,53.82,1.287,1.105,-68
1775863922.7236512,827482CC-A977-43D7-835E-8E8B6978E66A,LGS_Sensor,gatt,False,offline,,,,,,,,,-68
1775863922.7236512,FABCEA8B-7EC8-2594-4879-2B3B63989660,ThermoBeacon2,adv,False,offline,,190019060000F1F01D1033017803FFFFFFFFE6EA2C00,,,,,,,
1775863922.7236512,FABCEA8B-7EC8-2594-4879-2B3B63989660,ThermoBeacon2,gatt,False,offline,,,,,,,,,
1775863922.7236512,C898B4F2-B452-7502-1A67-0536E77D49EA,sps,adv,True,active,,87079E1700FF741C08,19.27,60.46,,,0.883,,-71
1775863922.7236512,C898B4F2-B452-7502-1A67-0536E77D49EA,sps,gatt,False,offline,,,,,,,,,-71
1775863922.7236512,FF-FF-A1-00-00-01,LGS_NODE_17,adv,False,offline,,7445A11107EC154B01,,,,,,,
1775863922.7236512,FF-FF-A1-00-00-01,LGS_NODE_17,gatt,False,offline,,,,,,,,,
1775863982.781955,827482CC-A977-43D7-835E-8E8B6978E66A,LGS_Sensor,adv,True,active,,D302A21107F5151107440FA009F601A3000013,18.6,40.0,20.37,53.93,1.286,1.102,-68
1775863982.781955,827482CC-A977-43D7-835E-8E8B6978E66A,LGS_Sensor,gatt,False,offline,,,,,,,,,-68
1775863982.781955,FABCEA8B-7EC8-2594-4879-2B3B63989660,ThermoBeacon2,adv,False,offline,,190019060000F1F01D1033017803FFFFFFFFE6EA2C00,,,,,,,
1775863982.781955,FABCEA8B-7EC8-2594-4879-2B3B63989660,ThermoBeacon2,gatt,False,offline,,,,,,,,,
1775863982.781955,C898B4F2-B452-7502-1A67-0536E77D49EA,sps,adv,True,active,,8D07A71700B7781C08,19.33,60.55,,,0.885,,-75
1775863982.781955,C898B4F2-B452-7502-1A67-0536E77D49EA,sps,gatt,False,offline,,,,,,,,,-75
1775863982.781955,FF-FF-A1-00-00-01,LGS_NODE_17,adv,True,active,,7445A11107440FA00A,18.6,40.0,,,1.286,,-57
1775863982.781955,FF-FF-A1-00-00-01,LGS_NODE_17,gatt,False,offline,,,,,,,,,-57
1775864042.880447,827482CC-A977-43D7-835E-8E8B6978E66A,LGS_Sensor,adv,True,active,,D302A21107F3151007440FA009F601A300001F,18.6,40.0,20.35,53.92,1.286,1.101,-68
1775864042.880447,827482CC-A977-43D7-835E-8E8B6978E66A,LGS_Sensor,gatt,False,offline,,,,,,,,,-68
1775864042.880447,FABCEA8B-7EC8-2594-4879-2B3B63989660,ThermoBeacon2,adv,False,offline,,190019060000F1F01D1033017803FFFFFFFFE6EA2C00,,,,,,,
1775864042.880447,FABCEA8B-7EC8-2594-4879-2B3B63989660,ThermoBeacon2,gatt,False,offline,,,,,,,,,
1775864042.880447,C898B4F2-B452-7502-1A67-0536E77D49EA,sps,adv,True,active,,8307AE17000EBB1D08,19.23,60.62,,,0.878,,-70
1775864042.880447,C898B4F2-B452-7502-1A67-0536E77D49EA,sps,gatt,False,offline,,,,,,,,,-70
1775864042.880447,FF-FF-A1-00-00-01,LGS_NODE_17,adv,True,active,,7445A11107410FA016,18.57,40.0,,,1.283,,-57
1775864042.880447,FF-FF-A1-00-00-01,LGS_NODE_17,gatt,False,offline,,,,,,,,,-57
1775864102.9439979,827482CC-A977-43D7-835E-8E8B6978E66A,LGS_Sensor,adv,True,active,,D302A21107F5150407420FA009F601A300002B,18.58,40.0,20.37,53.8,1.284,1.105,-65
1775864102.9439979,827482CC-A977-43D7-835E-8E8B6978E66A,LGS_Sensor,gatt,False,offline,,,,,,,,,-65
1775864102.9439979,FABCEA8B-7EC8-2594-4879-2B3B63989660,ThermoBeacon2,adv,False,offline,,190019060000F1F01D1033017803FFFFFFFFE6EA2C00,,,,,,,
1775864102.9439979,FABCEA8B-7EC8-2594-4879-2B3B63989660,ThermoBeacon2,gatt,False,offline,,,,,,,,,
1775864102.9439979,C898B4F2-B452-7502-1A67-0536E77D49EA,sps,adv,True,active,,8D079F170036B51D08,19.33,60.47,,,0.887,,-72
1775864102.9439979,C898B4F2-B452-7502-1A67-0536E77D49EA,sps,gatt,False,offline,,,,,,,,,-72
1775864102.9439979,FF-FF-A1-00-00-01,LGS_NODE_17,adv,True,active,,7445A11107440FA022,18.6,40.0,,,1.286,,-58
1775864102.9439979,FF-FF-A1-00-00-01,LGS_NODE_17,gatt,False,offline,,,,,,,,,-58
1775864163.0350358,827482CC-A977-43D7-835E-8E8B6978E66A,LGS_Sensor,adv,True,active,,D302A21107F31504073F0FA009F601A3000037,18.55,40.0,20.35,53.8,1.282,1.104,-75
1775864163.0350358,827482CC-A977-43D7-835E-8E8B6978E66A,LGS_Sensor,gatt,False,offline,,,,,,,,,-75
1775864163.0350358,FABCEA8B-7EC8-2594-4879-2B3B63989660,ThermoBeacon2,adv,False,offline,,190019060000F1F01D1033017803FFFFFFFFE6EA2C00,,,,,,,
1775864163.0350358,FABCEA8B-7EC8-2594-4879-2B3B63989660,ThermoBeacon2,gatt,False,offline,,,,,,,,,
1775864163.0350358,C898B4F2-B452-7502-1A67-0536E77D49EA,sps,adv,True,active,,8107AC1700D6BB1D08,19.21,60.6,,,0.877,,-55
1775864163.0350358,C898B4F2-B452-7502-1A67-0536E77D49EA,sps,gatt,False,offline,,,,,,,,,-55
1775864163.0350358,FF-FF-A1-00-00-01,LGS_NODE_17,adv,True,active,,7445A11107400FA02E,18.56,40.0,,,1.283,,-46
1775864163.0350358,FF-FF-A1-00-00-01,LGS_NODE_17,gatt,False,offline,,,,,,,,,-46
1775864223.043724,827482CC-A977-43D7-835E-8E8B6978E66A,LGS_Sensor,adv,True,active,,D302A21107ED150F07430FA009F601A3000043,18.59,40.0,20.29,53.91,1.285,1.097,-74
1775864223.043724,827482CC-A977-43D7-835E-8E8B6978E66A,LGS_Sensor,gatt,False,offline,,,,,,,,,-74
1775864223.043724,FABCEA8B-7EC8-2594-4879-2B3B63989660,ThermoBeacon2,adv,False,offline,,190019060000F1F01D1033017803FFFFFFFFE6EA2C00,,,,,,,
1775864223.043724,FABCEA8B-7EC8-2594-4879-2B3B63989660,ThermoBeacon2,gatt,False,offline,,,,,,,,,
1775864223.043724,C898B4F2-B452-7502-1A67-0536E77D49EA,sps,adv,True,active,,8107B21700B6BD1D08,19.21,60.66,,,0.876,,-59
1775864223.043724,C898B4F2-B452-7502-1A67-0536E77D49EA,sps,gatt,False,offline,,,,,,,,,-59
1775864223.043724,FF-FF-A1-00-00-01,LGS_NODE_17,adv,True,active,,7445A11107420FA03A,18.58,40.0,,,1.284,,-47
1775864223.043724,FF-FF-A1-00-00-01,LGS_NODE_17,gatt,False,offline,,,,,,,,,-47
1775864283.0484102,827482CC-A977-43D7-835E-8E8B6978E66A,LGS_Sensor,adv,True,active,,D302A21107F0151907420FA009F601A300004F,18.58,40.0,20.32,54.01,1.284,1.097,-71
1775864283.0484102,827482CC-A977-43D7-835E-8E8B6978E66A,LGS_Sensor,gatt,False,offline,,,,,,,,,-71
1775864283.0484102,FABCEA8B-7EC8-2594-4879-2B3B63989660,ThermoBeacon2,adv,False,offline,,190019060000F1F01D1033017803FFFFFFFFE6EA2C00,,,,,,,
1775864283.0484102,FABCEA8B-7EC8-2594-4879-2B3B63989660,ThermoBeacon2,gatt,False,offline,,,,,,,,,
1775864283.0484102,C898B4F2-B452-7502-1A67-0536E77D49EA,sps,adv,False,offline,,8707A817001F7A1C08,,,,,,,
1775864283.0484102,C898B4F2-B452-7502-1A67-0536E77D49EA,sps,gatt,False,offline,,,,,,,,,
1775864283.0484102,FF-FF-A1-00-00-01,LGS_NODE_17,adv,True,active,,7445A11107440FA045,18.6,40.0,,,1.286,,-46
1775864283.0484102,FF-FF-A1-00-00-01,LGS_NODE_17,gatt,False,offline,,,,,,,,,-46
1775864343.051552,827482CC-A977-43D7-835E-8E8B6978E66A,LGS_Sensor,adv,True,active,,D302A21107EC151E07450FA009F601A300005B,18.61,40.0,20.28,54.06,1.287,1.093,-67
1775864343.051552,827482CC-A977-43D7-835E-8E8B6978E66A,LGS_Sensor,gatt,False,offline,,,,,,,,,-67
1775864343.051552,FABCEA8B-7EC8-2594-4879-2B3B63989660,ThermoBeacon2,adv,False,offline,,190019060000F1F01D1033017803FFFFFFFFE6EA2C00,,,,,,,
1775864343.051552,FABCEA8B-7EC8-2594-4879-2B3B63989660,ThermoBeacon2,gatt,False,offline,,,,,,,,,
1775864343.051552,C898B4F2-B452-7502-1A67-0536E77D49EA,sps,adv,True,active,,8107B31700E77D1D08,19.21,60.67,,,0.876,,-68
1775864343.051552,C898B4F2-B452-7502-1A67-0536E77D49EA,sps,gatt,False,offline,,,,,,,,,-68
1775864343.051552,FF-FF-A1-00-00-01,LGS_NODE_17,adv,True,active,,7445A11107440FA051,18.6,40.0,,,1.286,,-48
1775864343.051552,FF-FF-A1-00-00-01,LGS_NODE_17,gatt,False,offline,,,,,,,,,-48
1775864403.135039,827482CC-A977-43D7-835E-8E8B6978E66A,LGS_Sensor,adv,True,active,,D302A21107E8152707470FA009F601A3000067,18.63,40.0,20.24,54.15,1.288,1.088,-74
1775864403.135039,827482CC-A977-43D7-835E-8E8B6978E66A,LGS_Sensor,gatt,False,offline,,,,,,,,,-74
1775864403.135039,FABCEA8B-7EC8-2594-4879-2B3B63989660,ThermoBeacon2,adv,False,offline,,190019060000F1F01D1033017803FFFFFFFFE6EA2C00,,,,,,,
1775864403.135039,FABCEA8B-7EC8-2594-4879-2B3B63989660,ThermoBeacon2,gatt,False,offline,,,,,,,,,
1775864403.135039,C898B4F2-B452-7502-1A67-0536E77D49EA,sps,adv,True,active,,8107B91700C77F1C08,19.21,60.73,,,0.874,,-66
1775864403.135039,C898B4F2-B452-7502-1A67-0536E77D49EA,sps,gatt,False,offline,,,,,,,,,-66
1775864403.135039,FF-FF-A1-00-00-01,LGS_NODE_17,adv,True,active,,7445A111073F0FA05D,18.55,40.0,,,1.282,,-48
1775864403.135039,FF-FF-A1-00-00-01,LGS_NODE_17,gatt,False,offline,,,,,,,,,-48
1775864463.1815119,827482CC-A977-43D7-835E-8E8B6978E66A,LGS_Sensor,adv,True,active,,D302A21107E7152A07410FA009F601A3000073,18.57,40.0,20.23,54.18,1.283,1.087,-71
1775864463.1815119,827482CC-A977-43D7-835E-8E8B6978E66A,LGS_Sensor,gatt,False,offline,,,,,,,,,-71
1775864463.1815119,FABCEA8B-7EC8-2594-4879-2B3B63989660,ThermoBeacon2,adv,False,offline,,190019060000F1F01D1033017803FFFFFFFFE6EA2C00,,,,,,,
1775864463.1815119,FABCEA8B-7EC8-2594-4879-2B3B63989660,ThermoBeacon2,gatt,False,offline,,,,,,,,,
1775864463.1815119,C898B4F2-B452-7502-1A67-0536E77D49EA,sps,adv,True,active,,8107B8170096BF1C08,19.21,60.72,,,0.874,,-59
1775864463.1815119,C898B4F2-B452-7502-1A67-0536E77D49EA,sps,gatt,False,offline,,,,,,,,,-59
1775864463.1815119,FF-FF-A1-00-00-01,LGS_NODE_17,adv,True,active,,7445A11107450FA068,18.61,40.0,,,1.287,,-44
1775864463.1815119,FF-FF-A1-00-00-01,LGS_NODE_17,gatt,False,offline,,,,,,,,,-44
1775864523.249818,827482CC-A977-43D7-835E-8E8B6978E66A,LGS_Sensor,adv,True,active,,D302A21107EB153107430FA009F601A300007E,18.59,40.0,20.27,54.25,1.285,1.088,-72
1775864523.249818,827482CC-A977-43D7-835E-8E8B6978E66A,LGS_Sensor,gatt,False,offline,,,,,,,,,-72
1775864523.249818,FABCEA8B-7EC8-2594-4879-2B3B63989660,ThermoBeacon2,adv,False,offline,,190019060000F1F01D1033017803FFFFFFFFE6EA2C00,,,,,,,
1775864523.249818,FABCEA8B-7EC8-2594-4879-2B3B63989660,ThermoBeacon2,gatt,False,offline,,,,,,,,,
1775864523.249818,C898B4F2-B452-7502-1A67-0536E77D49EA,sps,adv,True,active,,8D07BB170076BE1C08,19.33,60.75,,,0.88,,-57
1775864523.249818,C898B4F2-B452-7502-1A67-0536E77D49EA,sps,gatt,False,offline,,,,,,,,,-57
1775864523.249818,FF-FF-A1-00-00-01,LGS_NODE_17,adv,True,active,,7445A11107430FA074,18.59,40.0,,,1.285,,-46
1775864523.249818,FF-FF-A1-00-00-01,LGS_NODE_17,gatt,False,offline,,,,,,,,,-46
1775864583.305673,827482CC-A977-43D7-835E-8E8B6978E66A,LGS_Sensor,adv,True,active,,D302A21107E41537074A0FA009F601A300008A,18.66,40.0,20.2,54.31,1.291,1.082,-74
1775864583.305673,827482CC-A977-43D7-835E-8E8B6978E66A,LGS_Sensor,gatt,False,offline,,,,,,,,,-74
1775864583.305673,FABCEA8B-7EC8-2594-4879-2B3B63989660,ThermoBeacon2,adv,False,offline,,190019060000F1F01D1033017803FFFFFFFFE6EA2C00,,,,,,,
1775864583.305673,FABCEA8B-7EC8-2594-4879-2B3B63989660,ThermoBeacon2,gatt,False,offline,,,,,,,,,
1775864583.305673,C898B4F2-B452-7502-1A67-0536E77D49EA,sps,adv,False,offline,,8D07B1170056BC1C08,,,,,,,
1775864583.305673,C898B4F2-B452-7502-1A67-0536E77D49EA,sps,gatt,False,offline,,,,,,,,,
1775864583.305673,FF-FF-A1-00-00-01,LGS_NODE_17,adv,True,active,,7445A11107470FA080,18.63,40.0,,,1.288,,-46
1775864583.305673,FF-FF-A1-00-00-01,LGS_NODE_17,gatt,False,offline,,,,,,,,,-46
1775864643.378946,827482CC-A977-43D7-835E-8E8B6978E66A,LGS_Sensor,adv,True,active,,D302A21107E4153307470FA009F601A3000096,18.63,40.0,20.2,54.27,1.288,1.082,-74
1775864643.378946,827482CC-A977-43D7-835E-8E8B6978E66A,LGS_Sensor,gatt,False,offline,,,,,,,,,-74
1775864643.378946,FABCEA8B-7EC8-2594-4879-2B3B63989660,ThermoBeacon2,adv,False,offline,,190019060000F1F01D1033017803FFFFFFFFE6EA2C00,,,,,,,
1775864643.378946,FABCEA8B-7EC8-2594-4879-2B3B63989660,ThermoBeacon2,gatt,False,offline,,,,,,,,,
1775864643.378946,C898B4F2-B452-7502-1A67-0536E77D49EA,sps,adv,True,active,,8207B61700B37C1D08,19.22,60.7,,,0.875,,-57
1775864643.378946,C898B4F2-B452-7502-1A67-0536E77D49EA,sps,gatt,False,offline,,,,,,,,,-57
1775864643.378946,FF-FF-A1-00-00-01,LGS_NODE_17,adv,True,active,,7445A11107450FA08A,18.61,40.0,,,1.287,,-45
1775864643.378946,FF-FF-A1-00-00-01,LGS_NODE_17,gatt,False,offline,,,,,,,,,-45
1775864703.458905,827482CC-A977-43D7-835E-8E8B6978E66A,LGS_Sensor,adv,True,active,,D302A21107E2153607400FA009F601A30000A2,18.56,40.0,20.18,54.3,1.283,1.08,-74
1775864703.458905,827482CC-A977-43D7-835E-8E8B6978E66A,LGS_Sensor,gatt,False,offline,,,,,,,,,-74
1775864703.458905,FABCEA8B-7EC8-2594-4879-2B3B63989660,ThermoBeacon2,adv,False,offline,,190019060000F1F01D1033017803FFFFFFFFE6EA2C00,,,,,,,
1775864703.458905,FABCEA8B-7EC8-2594-4879-2B3B63989660,ThermoBeacon2,gatt,False,offline,,,,,,,,,
1775864703.458905,C898B4F2-B452-7502-1A67-0536E77D49EA,sps,adv,True,active,,9307B917007F7C1B08,19.39,60.73,,,0.884,,-58
1775864703.458905,C898B4F2-B452-7502-1A67-0536E77D49EA,sps,gatt,False,offline,,,,,,,,,-58
1775864703.458905,FF-FF-A1-00-00-01,LGS_NODE_17,adv,True,active,,7445A111073F0FA096,18.55,40.0,,,1.282,,-47
1775864703.458905,FF-FF-A1-00-00-01,LGS_NODE_17,gatt,False,offline,,,,,,,,,-47
1775864763.491755,827482CC-A977-43D7-835E-8E8B6978E66A,LGS_Sensor,adv,True,active,,D302A21107E4153B07410FA009F601A30000AE,18.57,40.0,20.2,54.35,1.283,1.081,-71
1775864763.491755,827482CC-A977-43D7-835E-8E8B6978E66A,LGS_Sensor,gatt,False,offline,,,,,,,,,-71
1775864763.491755,FABCEA8B-7EC8-2594-4879-2B3B63989660,ThermoBeacon2,adv,False,offline,,190019060000F1F01D1033017803FFFFFFFFE6EA2C00,,,,,,,
1775864763.491755,FABCEA8B-7EC8-2594-4879-2B3B63989660,ThermoBeacon2,gatt,False,offline,,,,,,,,,
1775864763.491755,C898B4F2-B452-7502-1A67-0536E77D49EA,sps,adv,True,active,,8207B4170012BC1C08,19.22,60.68,,,0.876,,-68
1775864763.491755,C898B4F2-B452-7502-1A67-0536E77D49EA,sps,gatt,False,offline,,,,,,,,,-68
1775864763.491755,FF-FF-A1-00-00-01,LGS_NODE_17,adv,True,active,,7445A111073F0FA0A2,18.55,40.0,,,1.282,,-49
1775864763.491755,FF-FF-A1-00-00-01,LGS_NODE_17,gatt,False,offline,,,,,,,,,-49
1775864823.573633,827482CC-A977-43D7-835E-8E8B6978E66A,LGS_Sensor,adv,True,active,,D302A21107E2154A07450FA009F601A30000BA,18.61,40.0,20.18,54.5,1.287,1.076,-74
1775864823.573633,827482CC-A977-43D7-835E-8E8B6978E66A,LGS_Sensor,gatt,False,offline,,,,,,,,,-74
1775864823.573633,FABCEA8B-7EC8-2594-4879-2B3B63989660,ThermoBeacon2,adv,False,offline,,190019060000F1F01D1033017803FFFFFFFFE6EA2C00,,,,,,,
1775864823.573633,FABCEA8B-7EC8-2594-4879-2B3B63989660,ThermoBeacon2,gatt,False,offline,,,,,,,,,
1775864823.573633,C898B4F2-B452-7502-1A67-0536E77D49EA,sps,adv,True,active,,8407BA1700FB7F1C08,19.24,60.74,,,0.876,,-57
1775864823.573633,C898B4F2-B452-7502-1A67-0536E77D49EA,sps,gatt,False,offline,,,,,,,,,-57
1775864823.573633,FF-FF-A1-00-00-01,LGS_NODE_17,adv,True,active,,7445A111073F0FA0AE,18.55,40.0,,,1.282,,-47
1775864823.573633,FF-FF-A1-00-00-01,LGS_NODE_17,gatt,False,offline,,,,,,,,,-47
1775864886.565683,827482CC-A977-43D7-835E-8E8B6978E66A,LGS_Sensor,adv,False,offline,,,,,,,,,-71
1775864886.565683,827482CC-A977-43D7-835E-8E8B6978E66A,LGS_Sensor,gatt,False,offline,,,,,,,,,-71
1775864886.565683,827482CC-A977-43D7-835E-8E8B6978E66A,LGS_Sensor,webserver,True,active,,,18.64739,40.0,20.18,54.57,1.29,1.074,-71
1775864886.565683,FABCEA8B-7EC8-2594-4879-2B3B63989660,ThermoBeacon2,adv,False,offline,,,,,,,,,
1775864886.565683,FABCEA8B-7EC8-2594-4879-2B3B63989660,ThermoBeacon2,gatt,False,offline,,,,,,,,,
1775864886.565683,FABCEA8B-7EC8-2594-4879-2B3B63989660,ThermoBeacon2,webserver,False,offline,,,,,,,,,
1775864886.565683,C898B4F2-B452-7502-1A67-0536E77D49EA,sps,adv,False,offline,,,,,,,,,
1775864886.565683,C898B4F2-B452-7502-1A67-0536E77D49EA,sps,gatt,False,offline,,,,,,,,,
1775864886.565683,C898B4F2-B452-7502-1A67-0536E77D49EA,sps,webserver,False,offline,,,,,,,,,
1775864886.565683,FF-FF-A1-00-00-01,LGS_NODE_17,adv,False,offline,,,,,,,,,
1775864886.565683,FF-FF-A1-00-00-01,LGS_NODE_17,gatt,False,offline,,,,,,,,,
1775864886.565683,FF-FF-A1-00-00-01,LGS_NODE_17,webserver,False,offline,,,,,,,,,
1775864946.593327,827482CC-A977-43D7-835E-8E8B6978E66A,LGS_Sensor,adv,True,active,,D302A21107E7154C073F0FA009F601A20000D3,18.55,40.0,20.23,54.52,1.282,1.079,-83
1775864946.593327,827482CC-A977-43D7-835E-8E8B6978E66A,LGS_Sensor,gatt,False,offline,,,,,,,,,-83
1775864946.593327,827482CC-A977-43D7-835E-8E8B6978E66A,LGS_Sensor,webserver,True,active,,,18.6123,40.0,20.21,54.52,1.287,1.077,-83
1775864946.593327,FABCEA8B-7EC8-2594-4879-2B3B63989660,ThermoBeacon2,adv,False,offline,,190019060000F1F01D1033017803FFFFFFFFE6EA2C00,,,,,,,
1775864946.593327,FABCEA8B-7EC8-2594-4879-2B3B63989660,ThermoBeacon2,gatt,False,offline,,,,,,,,,
1775864946.593327,FABCEA8B-7EC8-2594-4879-2B3B63989660,ThermoBeacon2,webserver,False,offline,,,,,,,,,
1775864946.593327,C898B4F2-B452-7502-1A67-0536E77D49EA,sps,adv,True,active,,8707CE1700FF651C08,19.27,60.94,,,0.873,,-58
1775864946.593327,C898B4F2-B452-7502-1A67-0536E77D49EA,sps,gatt,False,offline,,,,,,,,,-58
1775864946.593327,C898B4F2-B452-7502-1A67-0536E77D49EA,sps,webserver,False,offline,,,,,,,,,-58
1775864946.593327,FF-FF-A1-00-00-01,LGS_NODE_17,adv,True,active,,7445A111073F0FA0C6,18.55,40.0,,,1.282,,-47
1775864946.593327,FF-FF-A1-00-00-01,LGS_NODE_17,gatt,False,offline,,,,,,,,,-47
1775864946.593327,FF-FF-A1-00-00-01,LGS_NODE_17,webserver,False,offline,,,,,,,,,-47
1775865006.595293,827482CC-A977-43D7-835E-8E8B6978E66A,LGS_Sensor,adv,True,active,,D302A21107EB153E074C0FA009F601A30000DE,18.68,40.0,20.27,54.38,1.292,1.085,-81
1775865006.595293,827482CC-A977-43D7-835E-8E8B6978E66A,LGS_Sensor,gatt,False,offline,,,,,,,,,-81
1775865006.595293,827482CC-A977-43D7-835E-8E8B6978E66A,LGS_Sensor,webserver,True,active,,,18.61529,40.0,20.25,54.36,1.287,1.084,-81
1775865006.595293,FABCEA8B-7EC8-2594-4879-2B3B63989660,ThermoBeacon2,adv,False,offline,,190019060000F1F01D1033017803FFFFFFFFE6EA2C00,,,,,,,
1775865006.595293,FABCEA8B-7EC8-2594-4879-2B3B63989660,ThermoBeacon2,gatt,False,offline,,,,,,,,,
1775865006.595293,FABCEA8B-7EC8-2594-4879-2B3B63989660,ThermoBeacon2,webserver,False,offline,,,,,,,,,
1775865006.595293,C898B4F2-B452-7502-1A67-0536E77D49EA,sps,adv,True,active,,8407B617003B7C1D08,19.24,60.7,,,0.876,,-60
1775865006.595293,C898B4F2-B452-7502-1A67-0536E77D49EA,sps,gatt,False,offline,,,,,,,,,-60
1775865006.595293,C898B4F2-B452-7502-1A67-0536E77D49EA,sps,webserver,False,offline,,,,,,,,,-60
1775865006.595293,FF-FF-A1-00-00-01,LGS_NODE_17,adv,True,active,,7445A111073F0FA0D2,18.55,40.0,,,1.282,,-49
1775865006.595293,FF-FF-A1-00-00-01,LGS_NODE_17,gatt,False,offline,,,,,,,,,-49
1775865006.595293,FF-FF-A1-00-00-01,LGS_NODE_17,webserver,False,offline,,,,,,,,,-49
1775865066.619914,827482CC-A977-43D7-835E-8E8B6978E66A,LGS_Sensor,adv,True,active,,D302A21107EF153707470FA009F601A30000EA,18.63,40.0,20.31,54.31,1.288,1.089,-88
1775865066.619914,827482CC-A977-43D7-835E-8E8B6978E66A,LGS_Sensor,gatt,False,offline,,,,,,,,,-88
1775865066.619914,827482CC-A977-43D7-835E-8E8B6978E66A,LGS_Sensor,webserver,True,active,,,18.59588,40.0,20.3,54.26,1.285,1.089,-88
1775865066.619914,FABCEA8B-7EC8-2594-4879-2B3B63989660,ThermoBeacon2,adv,False,offline,,190019060000F1F01D1033017803FFFFFFFFE6EA2C00,,,,,,,
1775865066.619914,FABCEA8B-7EC8-2594-4879-2B3B63989660,ThermoBeacon2,gatt,False,offline,,,,,,,,,
1775865066.619914,FABCEA8B-7EC8-2594-4879-2B3B63989660,ThermoBeacon2,webserver,False,offline,,,,,,,,,
1775865066.619914,C898B4F2-B452-7502-1A67-0536E77D49EA,sps,adv,True,active,,8E07BC1700837F1C08,19.34,60.76,,,0.881,,-59
1775865066.619914,C898B4F2-B452-7502-1A67-0536E77D49EA,sps,gatt,False,offline,,,,,,,,,-59
1775865066.619914,C898B4F2-B452-7502-1A67-0536E77D49EA,sps,webserver,False,offline,,,,,,,,,-59
1775865066.619914,FF-FF-A1-00-00-01,LGS_NODE_17,adv,True,active,,7445A111073F0FA0DE,18.55,40.0,,,1.282,,-46
1775865066.619914,FF-FF-A1-00-00-01,LGS_NODE_17,gatt,False,offline,,,,,,,,,-46
1775865066.619914,FF-FF-A1-00-00-01,LGS_NODE_17,webserver,False,offline,,,,,,,,,-46
1775865126.710847,827482CC-A977-43D7-835E-8E8B6978E66A,LGS_Sensor,adv,True,active,,D302A21107F2152907410FA009F601A30000F6,18.57,40.0,20.34,54.17,1.283,1.094,-87
1775865126.710847,827482CC-A977-43D7-835E-8E8B6978E66A,LGS_Sensor,gatt,False,offline,,,,,,,,,-87
1775865126.710847,827482CC-A977-43D7-835E-8E8B6978E66A,LGS_Sensor,webserver,True,active,,,18.55328,40.0,20.32,54.24,1.282,1.091,-87
1775865126.710847,FABCEA8B-7EC8-2594-4879-2B3B63989660,ThermoBeacon2,adv,False,offline,,190019060000F1F01D1033017803FFFFFFFFE6EA2C00,,,,,,,
1775865126.710847,FABCEA8B-7EC8-2594-4879-2B3B63989660,ThermoBeacon2,gatt,False,offline,,,,,,,,,
1775865126.710847,FABCEA8B-7EC8-2594-4879-2B3B63989660,ThermoBeacon2,webserver,False,offline,,,,,,,,,
1775865126.710847,C898B4F2-B452-7502-1A67-0536E77D49EA,sps,adv,True,active,,9007B817006ABC1B08,19.36,60.72,,,0.883,,-59
1775865126.710847,C898B4F2-B452-7502-1A67-0536E77D49EA,sps,gatt,False,offline,,,,,,,,,-59
1775865126.710847,C898B4F2-B452-7502-1A67-0536E77D49EA,sps,webserver,False,offline,,,,,,,,,-59
1775865126.710847,FF-FF-A1-00-00-01,LGS_NODE_17,adv,True,active,,7445A111073F0FA0E9,18.55,40.0,,,1.282,,-45
1775865126.710847,FF-FF-A1-00-00-01,LGS_NODE_17,gatt,False,offline,,,,,,,,,-45
1775865126.710847,FF-FF-A1-00-00-01,LGS_NODE_17,webserver,False,offline,,,,,,,,,-45
1775865185.791494,827482CC-A977-43D7-835E-8E8B6978E66A,LGS_Sensor,adv,False,offline,,,,,,,,,-70
1775865185.791494,827482CC-A977-43D7-835E-8E8B6978E66A,LGS_Sensor,gatt,False,offline,,,,,,,,,-70
1775865185.791494,827482CC-A977-43D7-835E-8E8B6978E66A,LGS_Sensor,webserver,True,active,,,18.57272,40.0,20.34,54.14,1.284,1.095,-70
1775865185.791494,FABCEA8B-7EC8-2594-4879-2B3B63989660,ThermoBeacon2,adv,False,offline,,,,,,,,,
1775865185.791494,FABCEA8B-7EC8-2594-4879-2B3B63989660,ThermoBeacon2,gatt,False,offline,,,,,,,,,
1775865185.791494,FABCEA8B-7EC8-2594-4879-2B3B63989660,ThermoBeacon2,webserver,False,offline,,,,,,,,,
1775865185.791494,C898B4F2-B452-7502-1A67-0536E77D49EA,sps,adv,False,offline,,,,,,,,,
1775865185.791494,C898B4F2-B452-7502-1A67-0536E77D49EA,sps,gatt,False,offline,,,,,,,,,
1775865185.791494,C898B4F2-B452-7502-1A67-0536E77D49EA,sps,webserver,False,offline,,,,,,,,,
1775865185.791494,FF-FF-A1-00-00-01,LGS_NODE_17,adv,False,offline,,,,,,,,,
1775865185.791494,FF-FF-A1-00-00-01,LGS_NODE_17,gatt,False,offline,,,,,,,,,
1775865185.791494,FF-FF-A1-00-00-01,LGS_NODE_17,webserver,False,offline,,,,,,,,,
1775865245.862348,827482CC-A977-43D7-835E-8E8B6978E66A,LGS_Sensor,adv,True,active,,D302A21107F3152907400FA009F601A300000E,18.56,40.0,20.35,54.17,1.283,1.095,-74
1775865245.862348,827482CC-A977-43D7-835E-8E8B6978E66A,LGS_Sensor,gatt,False,offline,,,,,,,,,-74
1775865245.862348,827482CC-A977-43D7-835E-8E8B6978E66A,LGS_Sensor,webserver,True,active,,,18.59884,40.0,20.35,54.15,1.286,1.095,-74
1775865245.862348,FABCEA8B-7EC8-2594-4879-2B3B63989660,ThermoBeacon2,adv,False,offline,,190019060000F1F01D1033017803FFFFFFFFE6EA2C00,,,,,,,
1775865245.862348,FABCEA8B-7EC8-2594-4879-2B3B63989660,ThermoBeacon2,gatt,False,offline,,,,,,,,,
1775865245.862348,FABCEA8B-7EC8-2594-4879-2B3B63989660,ThermoBeacon2,webserver,False,offline,,,,,,,,,
1775865245.862348,C898B4F2-B452-7502-1A67-0536E77D49EA,sps,adv,True,active,,8707CA1700BEA41B08,19.27,60.9,,,0.874,,-67
1775865245.862348,C898B4F2-B452-7502-1A67-0536E77D49EA,sps,gatt,False,offline,,,,,,,,,-67
1775865245.862348,C898B4F2-B452-7502-1A67-0536E77D49EA,sps,webserver,False,offline,,,,,,,,,-67
1775865245.862348,FF-FF-A1-00-00-01,LGS_NODE_17,adv,True,active,,7445A111073F0FA001,18.55,40.0,,,1.282,,-49
1775865245.862348,FF-FF-A1-00-00-01,LGS_NODE_17,gatt,False,offline,,,,,,,,,-49
1775865245.862348,FF-FF-A1-00-00-01,LGS_NODE_17,webserver,False,offline,,,,,,,,,-49
1775865305.908735,827482CC-A977-43D7-835E-8E8B6978E66A,LGS_Sensor,adv,True,active,,D302A21107F2152B07400FA009F601A300001A,18.56,40.0,20.34,54.19,1.283,1.094,-74
1775865305.908735,827482CC-A977-43D7-835E-8E8B6978E66A,LGS_Sensor,gatt,False,offline,,,,,,,,,-74
1775865305.908735,827482CC-A977-43D7-835E-8E8B6978E66A,LGS_Sensor,webserver,True,active,,,18.59884,40.0,20.35,54.15,1.286,1.095,-74
1775865305.908735,FABCEA8B-7EC8-2594-4879-2B3B63989660,ThermoBeacon2,adv,False,offline,,190019060000F1F01D1033017803FFFFFFFFE6EA2C00,,,,,,,
1775865305.908735,FABCEA8B-7EC8-2594-4879-2B3B63989660,ThermoBeacon2,gatt,False,offline,,,,,,,,,
1775865305.908735,FABCEA8B-7EC8-2594-4879-2B3B63989660,ThermoBeacon2,webserver,False,offline,,,,,,,,,
1775865305.908735,C898B4F2-B452-7502-1A67-0536E77D49EA,sps,adv,True,active,,8D07C21700A7671D08,19.33,60.82,,,0.879,,-60
1775865305.908735,C898B4F2-B452-7502-1A67-0536E77D49EA,sps,gatt,False,offline,,,,,,,,,-60
1775865305.908735,C898B4F2-B452-7502-1A67-0536E77D49EA,sps,webserver,False,offline,,,,,,,,,-60
1775865305.908735,FF-FF-A1-00-00-01,LGS_NODE_17,adv,True,active,,7445A111073F0FA00D,18.55,40.0,,,1.282,,-49
1775865305.908735,FF-FF-A1-00-00-01,LGS_NODE_17,gatt,False,offline,,,,,,,,,-49
1775865305.908735,FF-FF-A1-00-00-01,LGS_NODE_17,webserver,False,offline,,,,,,,,,-49
1775865324.04413,827482CC-A977-43D7-835E-8E8B6978E66A,LGS_Sensor,adv,False,offline,,,,,,,,,
1775865324.04413,827482CC-A977-43D7-835E-8E8B6978E66A,LGS_Sensor,gatt,False,offline,,,,,,,,,
1775865324.04413,827482CC-A977-43D7-835E-8E8B6978E66A,LGS_Sensor,webserver,False,offline,,,,,,,,,
1775865324.04413,FABCEA8B-7EC8-2594-4879-2B3B63989660,ThermoBeacon2,adv,False,offline,,,,,,,,,
1775865324.04413,FABCEA8B-7EC8-2594-4879-2B3B63989660,ThermoBeacon2,gatt,False,offline,,,,,,,,,
1775865324.04413,FABCEA8B-7EC8-2594-4879-2B3B63989660,ThermoBeacon2,webserver,False,offline,,,,,,,,,
1775865324.04413,C898B4F2-B452-7502-1A67-0536E77D49EA,sps,adv,False,offline,,,,,,,,,
1775865324.04413,C898B4F2-B452-7502-1A67-0536E77D49EA,sps,gatt,False,offline,,,,,,,,,
1775865324.04413,C898B4F2-B452-7502-1A67-0536E77D49EA,sps,webserver,False,offline,,,,,,,,,
1775865324.04413,FF-FF-A1-00-00-01,LGS_NODE_17,adv,False,offline,,,,,,,,,
1775865324.04413,FF-FF-A1-00-00-01,LGS_NODE_17,gatt,False,offline,,,,,,,,,
1775865324.04413,FF-FF-A1-00-00-01,LGS_NODE_17,webserver,False,offline,,,,,,,,,
1775865384.072149,827482CC-A977-43D7-835E-8E8B6978E66A,LGS_Sensor,adv,True,active,,D302A21107F31527073A0FA009F601A3000029,18.5,40.0,20.35,54.15,1.278,1.095,-71
1775865384.072149,827482CC-A977-43D7-835E-8E8B6978E66A,LGS_Sensor,gatt,False,offline,,,,,,,,,-71
1775865384.072149,827482CC-A977-43D7-835E-8E8B6978E66A,LGS_Sensor,webserver,False,offline,,,,,,,,,-71
1775865384.072149,FABCEA8B-7EC8-2594-4879-2B3B63989660,ThermoBeacon2,adv,False,offline,,190019060000F1F01D1033017803FFFFFFFFE6EA2C00,,,,,,,
1775865384.072149,FABCEA8B-7EC8-2594-4879-2B3B63989660,ThermoBeacon2,gatt,False,offline,,,,,,,,,
1775865384.072149,FABCEA8B-7EC8-2594-4879-2B3B63989660,ThermoBeacon2,webserver,False,offline,,,,,,,,,
1775865384.072149,C898B4F2-B452-7502-1A67-0536E77D49EA,sps,adv,True,active,,8107C5170006A71D08,19.21,60.85,,,0.872,,-59
1775865384.072149,C898B4F2-B452-7502-1A67-0536E77D49EA,sps,gatt,False,offline,,,,,,,,,-59
1775865384.072149,C898B4F2-B452-7502-1A67-0536E77D49EA,sps,webserver,False,offline,,,,,,,,,-59
1775865384.072149,FF-FF-A1-00-00-01,LGS_NODE_17,adv,True,active,,7445A111073F0FA01D,18.55,40.0,,,1.282,,-51
1775865384.072149,FF-FF-A1-00-00-01,LGS_NODE_17,gatt,False,offline,,,,,,,,,-51
1775865384.072149,FF-FF-A1-00-00-01,LGS_NODE_17,webserver,False,offline,,,,,,,,,-51
1775865444.1281312,827482CC-A977-43D7-835E-8E8B6978E66A,LGS_Sensor,adv,True,active,,D302A21107F8151707430FA009F601A3000035,18.59,40.0,20.4,53.99,1.285,1.103,-72
1775865444.1281312,827482CC-A977-43D7-835E-8E8B6978E66A,LGS_Sensor,gatt,False,offline,,,,,,,,,-72
1775865444.1281312,827482CC-A977-43D7-835E-8E8B6978E66A,LGS_Sensor,webserver,False,offline,,,,,,,,,-72
1775865444.1281312,FABCEA8B-7EC8-2594-4879-2B3B63989660,ThermoBeacon2,adv,False,offline,,190019060000F1F01D1033017803FFFFFFFFE6EA2C00,,,,,,,
1775865444.1281312,FABCEA8B-7EC8-2594-4879-2B3B63989660,ThermoBeacon2,gatt,False,offline,,,,,,,,,
1775865444.1281312,FABCEA8B-7EC8-2594-4879-2B3B63989660,ThermoBeacon2,webserver,False,offline,,,,,,,,,
1775865444.1281312,C898B4F2-B452-7502-1A67-0536E77D49EA,sps,adv,True,active,,8407C51700CAA71C08,19.24,60.85,,,0.873,,-61
1775865444.1281312,C898B4F2-B452-7502-1A67-0536E77D49EA,sps,gatt,False,offline,,,,,,,,,-61
1775865444.1281312,C898B4F2-B452-7502-1A67-0536E77D49EA,sps,webserver,False,offline,,,,,,,,,-61
1775865444.1281312,FF-FF-A1-00-00-01,LGS_NODE_17,adv,True,active,,7445A111073F0FA029,18.55,40.0,,,1.282,,-50
1775865444.1281312,FF-FF-A1-00-00-01,LGS_NODE_17,gatt,False,offline,,,,,,,,,-50
1775865444.1281312,FF-FF-A1-00-00-01,LGS_NODE_17,webserver,False,offline,,,,,,,,,-50
1775865504.142687,827482CC-A977-43D7-835E-8E8B6978E66A,LGS_Sensor,adv,True,active,,D302A21107FC1517073E0FA009F601A3000041,18.54,40.0,20.44,53.99,1.281,1.105,-72
1775865504.142687,827482CC-A977-43D7-835E-8E8B6978E66A,LGS_Sensor,gatt,False,offline,,,,,,,,,-72
1775865504.142687,827482CC-A977-43D7-835E-8E8B6978E66A,LGS_Sensor,webserver,True,active,,,18.61157,40.0,20.42,53.95,1.287,1.105,-72
1775865504.142687,FABCEA8B-7EC8-2594-4879-2B3B63989660,ThermoBeacon2,adv,False,offline,,190019060000F1F01D1033017803FFFFFFFFE6EA2C00,,,,,,,
1775865504.142687,FABCEA8B-7EC8-2594-4879-2B3B63989660,ThermoBeacon2,gatt,False,offline,,,,,,,,,
1775865504.142687,FABCEA8B-7EC8-2594-4879-2B3B63989660,ThermoBeacon2,webserver,False,offline,,,,,,,,,
1775865504.142687,C898B4F2-B452-7502-1A67-0536E77D49EA,sps,adv,True,active,,8107CA170036A41C08,19.21,60.9,,,0.87,,-60
1775865504.142687,C898B4F2-B452-7502-1A67-0536E77D49EA,sps,gatt,False,offline,,,,,,,,,-60
1775865504.142687,C898B4F2-B452-7502-1A67-0536E77D49EA,sps,webserver,False,offline,,,,,,,,,-60
1775865504.142687,FF-FF-A1-00-00-01,LGS_NODE_17,adv,True,active,,7445A111073F0FA035,18.55,40.0,,,1.282,,-47
1775865504.142687,FF-FF-A1-00-00-01,LGS_NODE_17,gatt,False,offline,,,,,,,,,-47
1775865504.142687,FF-FF-A1-00-00-01,LGS_NODE_17,webserver,False,offline,,,,,,,,,-47
1775865564.174334,827482CC-A977-43D7-835E-8E8B6978E66A,LGS_Sensor,adv,True,active,,D302A21107FD150807400FA009F601A300004D,18.56,40.0,20.45,53.84,1.283,1.11,-72
1775865564.174334,827482CC-A977-43D7-835E-8E8B6978E66A,LGS_Sensor,gatt,False,offline,,,,,,,,,-72
1775865564.174334,827482CC-A977-43D7-835E-8E8B6978E66A,LGS_Sensor,webserver,True,active,,,18.63171,40.0,20.45,53.86,1.288,1.109,-72
1775865564.174334,FABCEA8B-7EC8-2594-4879-2B3B63989660,ThermoBeacon2,adv,False,offline,,190019060000F1F01D1033017803FFFFFFFFE6EA2C00,,,,,,,
1775865564.174334,FABCEA8B-7EC8-2594-4879-2B3B63989660,ThermoBeacon2,gatt,False,offline,,,,,,,,,
1775865564.174334,FABCEA8B-7EC8-2594-4879-2B3B63989660,ThermoBeacon2,webserver,False,offline,,,,,,,,,
1775865564.174334,C898B4F2-B452-7502-1A67-0536E77D49EA,sps,adv,True,active,,8407C317002AA61C08,19.24,60.83,,,0.874,,-57
1775865564.174334,C898B4F2-B452-7502-1A67-0536E77D49EA,sps,gatt,False,offline,,,,,,,,,-57
1775865564.174334,C898B4F2-B452-7502-1A67-0536E77D49EA,sps,webserver,False,offline,,,,,,,,,-57
1775865564.174334,FF-FF-A1-00-00-01,LGS_NODE_17,adv,True,active,,7445A111073F0FA041,18.55,40.0,,,1.282,,-47
1775865564.174334,FF-FF-A1-00-00-01,LGS_NODE_17,gatt,False,offline,,,,,,,,,-47
1775865564.174334,FF-FF-A1-00-00-01,LGS_NODE_17,webserver,False,offline,,,,,,,,,-47
1775865626.0479949,827482CC-A977-43D7-835E-8E8B6978E66A,LGS_Sensor,adv,False,offline,,,,,,,,,-73
1775865626.0479949,827482CC-A977-43D7-835E-8E8B6978E66A,LGS_Sensor,gatt,False,offline,,,,,,,,,-73
1775865626.0479949,827482CC-A977-43D7-835E-8E8B6978E66A,LGS_Sensor,webserver,True,active,,,18.53311,40.0,20.45,53.78,1.28,1.111,-73
1775865626.0479949,FABCEA8B-7EC8-2594-4879-2B3B63989660,ThermoBeacon2,adv,False,offline,,,,,,,,,
1775865626.0479949,FABCEA8B-7EC8-2594-4879-2B3B63989660,ThermoBeacon2,gatt,False,offline,,,,,,,,,
1775865626.0479949,FABCEA8B-7EC8-2594-4879-2B3B63989660,ThermoBeacon2,webserver,False,offline,,,,,,,,,
1775865626.0479949,C898B4F2-B452-7502-1A67-0536E77D49EA,sps,adv,False,offline,,,,,,,,,
1775865626.0479949,C898B4F2-B452-7502-1A67-0536E77D49EA,sps,gatt,False,offline,,,,,,,,,
1775865626.0479949,C898B4F2-B452-7502-1A67-0536E77D49EA,sps,webserver,False,offline,,,,,,,,,
1775865626.0479949,FF-FF-A1-00-00-01,LGS_NODE_17,adv,False,offline,,,,,,,,,
1775865626.0479949,FF-FF-A1-00-00-01,LGS_NODE_17,gatt,False,offline,,,,,,,,,
1775865626.0479949,FF-FF-A1-00-00-01,LGS_NODE_17,webserver,False,offline,,,,,,,,,
1775865686.10378,827482CC-A977-43D7-835E-8E8B6978E66A,LGS_Sensor,adv,False,offline,,D302A21107FC1505073E0FA009F601A3000062,,,,,,,
1775865686.10378,827482CC-A977-43D7-835E-8E8B6978E66A,LGS_Sensor,gatt,False,offline,,,,,,,,,
1775865686.10378,827482CC-A977-43D7-835E-8E8B6978E66A,LGS_Sensor,webserver,False,offline,,,,,,,,,
1775865686.10378,FABCEA8B-7EC8-2594-4879-2B3B63989660,ThermoBeacon2,adv,False,offline,,190019060000F1F01D1033017803FFFFFFFFE6EA2C00,,,,,,,
1775865686.10378,FABCEA8B-7EC8-2594-4879-2B3B63989660,ThermoBeacon2,gatt,False,offline,,,,,,,,,
1775865686.10378,FABCEA8B-7EC8-2594-4879-2B3B63989660,ThermoBeacon2,webserver,False,offline,,,,,,,,,
1775865686.10378,C898B4F2-B452-7502-1A67-0536E77D49EA,sps,adv,False,offline,,8C07DA17001AA01C08,,,,,,,
1775865686.10378,C898B4F2-B452-7502-1A67-0536E77D49EA,sps,gatt,False,offline,,,,,,,,,
1775865686.10378,C898B4F2-B452-7502-1A67-0536E77D49EA,sps,webserver,False,offline,,,,,,,,,
1775865686.10378,FF-FF-A1-00-00-01,LGS_NODE_17,adv,False,offline,,7445A111073F0FA056,,,,,,,
1775865686.10378,FF-FF-A1-00-00-01,LGS_NODE_17,gatt,False,offline,,,,,,,,,
1775865686.10378,FF-FF-A1-00-00-01,LGS_NODE_17,webserver,False,offline,,,,,,,,,
1775865746.206985,827482CC-A977-43D7-835E-8E8B6978E66A,LGS_Sensor,adv,True,active,,D302A21107FE14FE07410FA009F601A3000071,18.57,40.0,20.46,53.74,1.283,1.113,-72
1775865746.206985,827482CC-A977-43D7-835E-8E8B6978E66A,LGS_Sensor,gatt,False,offline,,,,,,,,,-72
1775865746.206985,827482CC-A977-43D7-835E-8E8B6978E66A,LGS_Sensor,webserver,True,active,,,18.60482,40.0,20.47,53.73,1.286,1.114,-72
1775865746.206985,FABCEA8B-7EC8-2594-4879-2B3B63989660,ThermoBeacon2,adv,False,offline,,190019060000F1F01D1033017803FFFFFFFFE6EA2C00,,,,,,,
1775865746.206985,FABCEA8B-7EC8-2594-4879-2B3B63989660,ThermoBeacon2,gatt,False,offline,,,,,,,,,
1775865746.206985,FABCEA8B-7EC8-2594-4879-2B3B63989660,ThermoBeacon2,webserver,False,offline,,,,,,,,,
1775865746.206985,C898B4F2-B452-7502-1A67-0536E77D49EA,sps,adv,True,active,,8707BF1700AF7E1C08,19.27,60.79,,,0.876,,-68
1775865746.206985,C898B4F2-B452-7502-1A67-0536E77D49EA,sps,gatt,False,offline,,,,,,,,,-68
1775865746.206985,C898B4F2-B452-7502-1A67-0536E77D49EA,sps,webserver,False,offline,,,,,,,,,-68
1775865746.206985,FF-FF-A1-00-00-01,LGS_NODE_17,adv,True,active,,7445A111073F0FA065,18.55,40.0,,,1.282,,-47
1775865746.206985,FF-FF-A1-00-00-01,LGS_NODE_17,gatt,False,offline,,,,,,,,,-47
1775865746.206985,FF-FF-A1-00-00-01,LGS_NODE_17,webserver,False,offline,,,,,,,,,-47
1775865806.265951,827482CC-A977-43D7-835E-8E8B6978E66A,LGS_Sensor,adv,True,active,,D302A211080014F807470FA009F601A200007D,18.63,40.0,20.48,53.68,1.288,1.116,-72
1775865806.265951,827482CC-A977-43D7-835E-8E8B6978E66A,LGS_Sensor,gatt,False,offline,,,,,,,,,-72
1775865806.265951,827482CC-A977-43D7-835E-8E8B6978E66A,LGS_Sensor,webserver,True,active,,,18.59738,40.0,20.49,53.63,1.286,1.117,-72
1775865806.265951,FABCEA8B-7EC8-2594-4879-2B3B63989660,ThermoBeacon2,adv,False,offline,,190019060000F1F01D1033017803FFFFFFFFE6EA2C00,,,,,,,
1775865806.265951,FABCEA8B-7EC8-2594-4879-2B3B63989660,ThermoBeacon2,gatt,False,offline,,,,,,,,,
1775865806.265951,FABCEA8B-7EC8-2594-4879-2B3B63989660,ThermoBeacon2,webserver,False,offline,,,,,,,,,
1775865806.265951,C898B4F2-B452-7502-1A67-0536E77D49EA,sps,adv,True,active,,8107CA170036A41C08,19.21,60.9,,,0.87,,-57
1775865806.265951,C898B4F2-B452-7502-1A67-0536E77D49EA,sps,gatt,False,offline,,,,,,,,,-57
1775865806.265951,C898B4F2-B452-7502-1A67-0536E77D49EA,sps,webserver,False,offline,,,,,,,,,-57
1775865806.265951,FF-FF-A1-00-00-01,LGS_NODE_17,adv,True,active,,7445A111073F0FA071,18.55,40.0,,,1.282,,-47
1775865806.265951,FF-FF-A1-00-00-01,LGS_NODE_17,gatt,False,offline,,,,,,,,,-47
1775865806.265951,FF-FF-A1-00-00-01,LGS_NODE_17,webserver,False,offline,,,,,,,,,-47
1775865866.3057978,827482CC-A977-43D7-835E-8E8B6978E66A,LGS_Sensor,adv,True,active,,D302A211080114ED07390FA009F601A3000089,18.49,40.0,20.49,53.57,1.277,1.119,-74
1775865866.3057978,827482CC-A977-43D7-835E-8E8B6978E66A,LGS_Sensor,gatt,False,offline,,,,,,,,,-74
1775865866.3057978,827482CC-A977-43D7-835E-8E8B6978E66A,LGS_Sensor,webserver,True,active,,,18.6795,40.0,20.48,53.58,1.292,1.118,-74
1775865866.3057978,FABCEA8B-7EC8-2594-4879-2B3B63989660,ThermoBeacon2,adv,False,offline,,190019060000F1F01D1033017803FFFFFFFFE6EA2C00,,,,,,,
1775865866.3057978,FABCEA8B-7EC8-2594-4879-2B3B63989660,ThermoBeacon2,gatt,False,offline,,,,,,,,,
1775865866.3057978,FABCEA8B-7EC8-2594-4879-2B3B63989660,ThermoBeacon2,webserver,False,offline,,,,,,,,,
1775865866.3057978,C898B4F2-B452-7502-1A67-0536E77D49EA,sps,adv,True,active,,8107D21700B6A31C08,19.21,60.98,,,0.869,,-67
1775865866.3057978,C898B4F2-B452-7502-1A67-0536E77D49EA,sps,gatt,False,offline,,,,,,,,,-67
1775865866.3057978,C898B4F2-B452-7502-1A67-0536E77D49EA,sps,webserver,False,offline,,,,,,,,,-67
1775865866.3057978,FF-FF-A1-00-00-01,LGS_NODE_17,adv,True,active,,7445A111073F0FA07D,18.55,40.0,,,1.282,,-48
1775865866.3057978,FF-FF-A1-00-00-01,LGS_NODE_17,gatt,False,offline,,,,,,,,,-48
1775865866.3057978,FF-FF-A1-00-00-01,LGS_NODE_17,webserver,False,offline,,,,,,,,,-48
1775865926.318998,827482CC-A977-43D7-835E-8E8B6978E66A,LGS_Sensor,adv,True,active,,D302A21107F214F7073B0FA009F601A2000094,18.51,40.0,20.34,53.67,1.279,1.106,-75
1775865926.318998,827482CC-A977-43D7-835E-8E8B6978E66A,LGS_Sensor,gatt,False,offline,,,,,,,,,-75
1775865926.318998,827482CC-A977-43D7-835E-8E8B6978E66A,LGS_Sensor,webserver,True,active,,,18.53234,40.0,20.31,53.72,1.28,1.103,-75
1775865926.318998,FABCEA8B-7EC8-2594-4879-2B3B63989660,ThermoBeacon2,adv,False,offline,,190019060000F1F01D1033017803FFFFFFFFE6EA2C00,,,,,,,
1775865926.318998,FABCEA8B-7EC8-2594-4879-2B3B63989660,ThermoBeacon2,gatt,False,offline,,,,,,,,,
1775865926.318998,FABCEA8B-7EC8-2594-4879-2B3B63989660,ThermoBeacon2,webserver,False,offline,,,,,,,,,
1775865926.318998,C898B4F2-B452-7502-1A67-0536E77D49EA,sps,adv,True,active,,8707C017009EA61C08,19.27,60.8,,,0.876,,-63
1775865926.318998,C898B4F2-B452-7502-1A67-0536E77D49EA,sps,gatt,False,offline,,,,,,,,,-63
1775865926.318998,C898B4F2-B452-7502-1A67-0536E77D49EA,sps,webserver,False,offline,,,,,,,,,-63
1775865926.318998,FF-FF-A1-00-00-01,LGS_NODE_17,adv,True,active,,7445A111073D0FA088,18.53,40.0,,,1.28,,-57
1775865926.318998,FF-FF-A1-00-00-01,LGS_NODE_17,gatt,False,offline,,,,,,,,,-57
1775865926.318998,FF-FF-A1-00-00-01,LGS_NODE_17,webserver,False,offline,,,,,,,,,-57
1775865986.347268,827482CC-A977-43D7-835E-8E8B6978E66A,LGS_Sensor,adv,True,active,,D302A21107DB153B07400FA009F601A30000A0,18.56,40.0,20.11,54.35,1.283,1.075,-81
1775865986.347268,827482CC-A977-43D7-835E-8E8B6978E66A,LGS_Sensor,gatt,False,offline,,,,,,,,,-81
1775865986.347268,827482CC-A977-43D7-835E-8E8B6978E66A,LGS_Sensor,webserver,True,active,,,18.56747,40.0,20.11,54.34,1.283,1.075,-81
1775865986.347268,FABCEA8B-7EC8-2594-4879-2B3B63989660,ThermoBeacon2,adv,True,active,,190019060000F1F01D1032017B03FFFFFFFF0CF32C00,19.125,55.6875,,,0.981,,-53
1775865986.347268,FABCEA8B-7EC8-2594-4879-2B3B63989660,ThermoBeacon2,gatt,False,offline,,,,,,,,,-53
1775865986.347268,FABCEA8B-7EC8-2594-4879-2B3B63989660,ThermoBeacon2,webserver,False,offline,,,,,,,,,-53
1775865986.347268,C898B4F2-B452-7502-1A67-0536E77D49EA,sps,adv,True,active,,8107CA170036A41C08,19.21,60.9,,,0.87,,-58
1775865986.347268,C898B4F2-B452-7502-1A67-0536E77D49EA,sps,gatt,False,offline,,,,,,,,,-58
1775865986.347268,C898B4F2-B452-7502-1A67-0536E77D49EA,sps,webserver,False,offline,,,,,,,,,-58
1775865986.347268,FF-FF-A1-00-00-01,LGS_NODE_17,adv,True,active,,7445A11107430FA094,18.59,40.0,,,1.285,,-52
1775865986.347268,FF-FF-A1-00-00-01,LGS_NODE_17,gatt,False,offline,,,,,,,,,-52
1775865986.347268,FF-FF-A1-00-00-01,LGS_NODE_17,webserver,False,offline,,,,,,,,,-52
1775866046.4150069,827482CC-A977-43D7-835E-8E8B6978E66A,LGS_Sensor,adv,True,active,,D302A21107CC1561073E0FA009F601A30000AC,18.54,40.0,19.96,54.73,1.281,1.056,-75
1775866046.4150069,827482CC-A977-43D7-835E-8E8B6978E66A,LGS_Sensor,gatt,False,offline,,,,,,,,,-75
1775866046.4150069,827482CC-A977-43D7-835E-8E8B6978E66A,LGS_Sensor,webserver,True,active,,,18.66903,40.0,19.97,54.76,1.291,1.056,-75
1775866046.4150069,FABCEA8B-7EC8-2594-4879-2B3B63989660,ThermoBeacon2,adv,True,active,,190019060000F1F01D1032017B03FFFFFFFF46F32C00,19.125,55.6875,,,0.981,,-50
1775866046.4150069,FABCEA8B-7EC8-2594-4879-2B3B63989660,ThermoBeacon2,gatt,False,offline,,,,,,,,,-50
1775866046.4150069,FABCEA8B-7EC8-2594-4879-2B3B63989660,ThermoBeacon2,webserver,False,offline,,,,,,,,,-50
1775866046.4150069,C898B4F2-B452-7502-1A67-0536E77D49EA,sps,adv,True,active,,8707D017009F631C08,19.27,60.96,,,0.872,,-59
1775866046.4150069,C898B4F2-B452-7502-1A67-0536E77D49EA,sps,gatt,False,offline,,,,,,,,,-59
1775866046.4150069,C898B4F2-B452-7502-1A67-0536E77D49EA,sps,webserver,False,offline,,,,,,,,,-59
1775866046.4150069,FF-FF-A1-00-00-01,LGS_NODE_17,adv,True,active,,7445A11107440FA0A0,18.6,40.0,,,1.286,,-65
1775866046.4150069,FF-FF-A1-00-00-01,LGS_NODE_17,gatt,False,offline,,,,,,,,,-65
1775866046.4150069,FF-FF-A1-00-00-01,LGS_NODE_17,webserver,False,offline,,,,,,,,,-65
1775866106.512556,827482CC-A977-43D7-835E-8E8B6978E66A,LGS_Sensor,adv,True,active,,D302A21107C6157E07450FA009F601A20000B8,18.61,40.0,19.9,55.02,1.287,1.045,-75
1775866106.512556,827482CC-A977-43D7-835E-8E8B6978E66A,LGS_Sensor,gatt,False,offline,,,,,,,,,-75
1775866106.512556,827482CC-A977-43D7-835E-8E8B6978E66A,LGS_Sensor,webserver,True,active,,,18.55032,40.0,19.94,55.03,1.282,1.048,-75
1775866106.512556,FABCEA8B-7EC8-2594-4879-2B3B63989660,ThermoBeacon2,adv,True,active,,190019060000F1F01D1032017C03FFFFFFFF86F32C00,19.125,55.75,,,0.98,,-53
1775866106.512556,FABCEA8B-7EC8-2594-4879-2B3B63989660,ThermoBeacon2,gatt,False,offline,,,,,,,,,-53
1775866106.512556,FABCEA8B-7EC8-2594-4879-2B3B63989660,ThermoBeacon2,webserver,False,offline,,,,,,,,,-53
1775866106.512556,C898B4F2-B452-7502-1A67-0536E77D49EA,sps,adv,True,active,,8707CC17005EA51D08,19.27,60.92,,,0.873,,-59
1775866106.512556,C898B4F2-B452-7502-1A67-0536E77D49EA,sps,gatt,False,offline,,,,,,,,,-59
1775866106.512556,C898B4F2-B452-7502-1A67-0536E77D49EA,sps,webserver,False,offline,,,,,,,,,-59
1775866106.512556,FF-FF-A1-00-00-01,LGS_NODE_17,adv,True,active,,7445A111073C0FA0AB,18.52,40.0,,,1.279,,-65
1775866106.512556,FF-FF-A1-00-00-01,LGS_NODE_17,gatt,False,offline,,,,,,,,,-65
1775866106.512556,FF-FF-A1-00-00-01,LGS_NODE_17,webserver,False,offline,,,,,,,,,-65
1775866166.6081622,827482CC-A977-43D7-835E-8E8B6978E66A,LGS_Sensor,adv,True,active,,D302A21107C5158D07410FA009F601A30000C4,18.57,40.0,19.89,55.17,1.283,1.041,-75
1775866166.6081622,827482CC-A977-43D7-835E-8E8B6978E66A,LGS_Sensor,gatt,False,offline,,,,,,,,,-75
1775866166.6081622,827482CC-A977-43D7-835E-8E8B6978E66A,LGS_Sensor,webserver,True,active,,,18.59066,40.0,19.87,55.13,1.285,1.041,-75
1775866166.6081622,FABCEA8B-7EC8-2594-4879-2B3B63989660,ThermoBeacon2,adv,True,active,,190019060000F1F01D1032017C03FFFFFFFFC3F32C00,19.125,55.75,,,0.98,,-65
1775866166.6081622,FABCEA8B-7EC8-2594-4879-2B3B63989660,ThermoBeacon2,gatt,False,offline,,,,,,,,,-65
1775866166.6081622,FABCEA8B-7EC8-2594-4879-2B3B63989660,ThermoBeacon2,webserver,False,offline,,,,,,,,,-65
1775866166.6081622,C898B4F2-B452-7502-1A67-0536E77D49EA,sps,adv,True,active,,8107C91700C6A41D08,19.21,60.89,,,0.871,,-68
1775866166.6081622,C898B4F2-B452-7502-1A67-0536E77D49EA,sps,gatt,False,offline,,,,,,,,,-68
1775866166.6081622,C898B4F2-B452-7502-1A67-0536E77D49EA,sps,webserver,False,offline,,,,,,,,,-68
1775866166.6081622,FF-FF-A1-00-00-01,LGS_NODE_17,adv,True,active,,7445A111073D0FA0B7,18.53,40.0,,,1.28,,-59
1775866166.6081622,FF-FF-A1-00-00-01,LGS_NODE_17,gatt,False,offline,,,,,,,,,-59
1775866166.6081622,FF-FF-A1-00-00-01,LGS_NODE_17,webserver,False,offline,,,,,,,,,-59
1775866216.170559,827482CC-A977-43D7-835E-8E8B6978E66A,LGS_Sensor,adv,False,offline,,,,,,,,,-73
1775866216.170559,827482CC-A977-43D7-835E-8E8B6978E66A,LGS_Sensor,gatt,False,offline,,,,,,,,,-73
1775866216.170559,827482CC-A977-43D7-835E-8E8B6978E66A,LGS_Sensor,webserver,True,active,,,18.52636,40.0,19.83,55.22,1.28,1.036,-73
1775866216.170559,FABCEA8B-7EC8-2594-4879-2B3B63989660,ThermoBeacon2,adv,False,offline,,,,,,,,,
1775866216.170559,FABCEA8B-7EC8-2594-4879-2B3B63989660,ThermoBeacon2,gatt,False,offline,,,,,,,,,
1775866216.170559,FABCEA8B-7EC8-2594-4879-2B3B63989660,ThermoBeacon2,webserver,False,offline,,,,,,,,,
1775866216.170559,C898B4F2-B452-7502-1A67-0536E77D49EA,sps,adv,False,offline,,,,,,,,,
1775866216.170559,C898B4F2-B452-7502-1A67-0536E77D49EA,sps,gatt,False,offline,,,,,,,,,
1775866216.170559,C898B4F2-B452-7502-1A67-0536E77D49EA,sps,webserver,False,offline,,,,,,,,,
1775866216.170559,FF-FF-A1-00-00-01,LGS_NODE_17,adv,False,offline,,,,,,,,,
1775866216.170559,FF-FF-A1-00-00-01,LGS_NODE_17,gatt,False,offline,,,,,,,,,
1775866216.170559,FF-FF-A1-00-00-01,LGS_NODE_17,webserver,False,offline,,,,,,,,,
1775866276.2337449,827482CC-A977-43D7-835E-8E8B6978E66A,LGS_Sensor,adv,True,active,,D302A21107C0159407430FA009F601A30000DA,18.59,40.0,19.84,55.24,1.285,1.036,-73
1775866276.2337449,827482CC-A977-43D7-835E-8E8B6978E66A,LGS_Sensor,gatt,False,offline,,,,,,,,,-73
1775866276.2337449,827482CC-A977-43D7-835E-8E8B6978E66A,LGS_Sensor,webserver,True,active,,,18.54434,40.0,19.83,55.3,1.281,1.034,-73
1775866276.2337449,FABCEA8B-7EC8-2594-4879-2B3B63989660,ThermoBeacon2,adv,True,active,,190019060000F1F0211031017C03FFFFFFFF29F42C00,19.0625,55.75,,,0.976,,-51
1775866276.2337449,FABCEA8B-7EC8-2594-4879-2B3B63989660,ThermoBeacon2,gatt,False,offline,,,,,,,,,-51
1775866276.2337449,FABCEA8B-7EC8-2594-4879-2B3B63989660,ThermoBeacon2,webserver,False,offline,,,,,,,,,-51
1775866276.2337449,C898B4F2-B452-7502-1A67-0536E77D49EA,sps,adv,True,active,,7B07CA1700EEB01C08,19.15,60.9,,,0.867,,-59
1775866276.2337449,C898B4F2-B452-7502-1A67-0536E77D49EA,sps,gatt,False,offline,,,,,,,,,-59
1775866276.2337449,C898B4F2-B452-7502-1A67-0536E77D49EA,sps,webserver,False,offline,,,,,,,,,-59
1775866276.2337449,FF-FF-A1-00-00-01,LGS_NODE_17,adv,True,active,,7445A11107470FA0CC,18.63,40.0,,,1.288,,-66
1775866276.2337449,FF-FF-A1-00-00-01,LGS_NODE_17,gatt,False,offline,,,,,,,,,-66
1775866276.2337449,FF-FF-A1-00-00-01,LGS_NODE_17,webserver,False,offline,,,,,,,,,-66
1775866336.288121,827482CC-A977-43D7-835E-8E8B6978E66A,LGS_Sensor,adv,True,active,,D302A21107C2159A07400FA009F601A30000E6,18.56,40.0,19.86,55.3,1.283,1.036,-76
1775866336.288121,827482CC-A977-43D7-835E-8E8B6978E66A,LGS_Sensor,gatt,False,offline,,,,,,,,,-76
1775866336.288121,827482CC-A977-43D7-835E-8E8B6978E66A,LGS_Sensor,webserver,True,active,,,18.48825,40.0,19.83,55.34,1.277,1.033,-76
1775866336.288121,FABCEA8B-7EC8-2594-4879-2B3B63989660,ThermoBeacon2,adv,True,active,,190019060000F1F01D1031017C03FFFFFFFF68F42C00,19.0625,55.75,,,0.976,,-53
1775866336.288121,FABCEA8B-7EC8-2594-4879-2B3B63989660,ThermoBeacon2,gatt,False,offline,,,,,,,,,-53
1775866336.288121,FABCEA8B-7EC8-2594-4879-2B3B63989660,ThermoBeacon2,webserver,False,offline,,,,,,,,,-53
1775866336.288121,C898B4F2-B452-7502-1A67-0536E77D49EA,sps,adv,True,active,,8207DB170022A11C08,19.22,61.07,,,0.867,,-67
1775866336.288121,C898B4F2-B452-7502-1A67-0536E77D49EA,sps,gatt,False,offline,,,,,,,,,-67
1775866336.288121,C898B4F2-B452-7502-1A67-0536E77D49EA,sps,webserver,False,offline,,,,,,,,,-67
1775866336.288121,FF-FF-A1-00-00-01,LGS_NODE_17,adv,True,active,,7445A11107410FA0D8,18.57,40.0,,,1.283,,-62
1775866336.288121,FF-FF-A1-00-00-01,LGS_NODE_17,gatt,False,offline,,,,,,,,,-62
1775866336.288121,FF-FF-A1-00-00-01,LGS_NODE_17,webserver,False,offline,,,,,,,,,-62
1775866396.391327,827482CC-A977-43D7-835E-8E8B6978E66A,LGS_Sensor,adv,False,offline,,D302A21107BE159807420FA009F601A30000E9,,,,,,,
1775866396.391327,827482CC-A977-43D7-835E-8E8B6978E66A,LGS_Sensor,gatt,False,offline,,,,,,,,,
1775866396.391327,827482CC-A977-43D7-835E-8E8B6978E66A,LGS_Sensor,webserver,False,offline,,,,,,,,,
1775866396.391327,FABCEA8B-7EC8-2594-4879-2B3B63989660,ThermoBeacon2,adv,True,active,,190019060000F1F01D1031017D03FFFFFFFFA4F42C00,19.0625,55.8125,,,0.975,,-62
1775866396.391327,FABCEA8B-7EC8-2594-4879-2B3B63989660,ThermoBeacon2,gatt,False,offline,,,,,,,,,-62
1775866396.391327,FABCEA8B-7EC8-2594-4879-2B3B63989660,ThermoBeacon2,webserver,False,offline,,,,,,,,,-62
1775866396.391327,C898B4F2-B452-7502-1A67-0536E77D49EA,sps,adv,True,active,,8107D61700F7621D08,19.21,61.02,,,0.868,,-75
1775866396.391327,C898B4F2-B452-7502-1A67-0536E77D49EA,sps,gatt,False,offline,,,,,,,,,-75
1775866396.391327,C898B4F2-B452-7502-1A67-0536E77D49EA,sps,webserver,False,offline,,,,,,,,,-75
1775866396.391327,FF-FF-A1-00-00-01,LGS_NODE_17,adv,False,offline,,7445A111073C0FA0DF,,,,,,,
1775866396.391327,FF-FF-A1-00-00-01,LGS_NODE_17,gatt,False,offline,,,,,,,,,
1775866396.391327,FF-FF-A1-00-00-01,LGS_NODE_17,webserver,False,offline,,,,,,,,,
1775866456.494385,827482CC-A977-43D7-835E-8E8B6978E66A,LGS_Sensor,adv,False,offline,,D302A21107BE159807420FA009F601A30000E9,,,,,,,
1775866456.494385,827482CC-A977-43D7-835E-8E8B6978E66A,LGS_Sensor,gatt,False,offline,,,,,,,,,
1775866456.494385,827482CC-A977-43D7-835E-8E8B6978E66A,LGS_Sensor,webserver,False,offline,,,,,,,,,
1775866456.494385,FABCEA8B-7EC8-2594-4879-2B3B63989660,ThermoBeacon2,adv,True,active,,190019060000F1F01D1032017D03FFFFFFFFE6F42C00,19.125,55.8125,,,0.978,,-63
1775866456.494385,FABCEA8B-7EC8-2594-4879-2B3B63989660,ThermoBeacon2,gatt,False,offline,,,,,,,,,-63
1775866456.494385,FABCEA8B-7EC8-2594-4879-2B3B63989660,ThermoBeacon2,webserver,False,offline,,,,,,,,,-63
1775866456.494385,C898B4F2-B452-7502-1A67-0536E77D49EA,sps,adv,True,active,,8107C8170097641C08,19.21,60.88,,,0.871,,-56
1775866456.494385,C898B4F2-B452-7502-1A67-0536E77D49EA,sps,gatt,False,offline,,,,,,,,,-56
1775866456.494385,C898B4F2-B452-7502-1A67-0536E77D49EA,sps,webserver,False,offline,,,,,,,,,-56
1775866456.494385,FF-FF-A1-00-00-01,LGS_NODE_17,adv,False,offline,,7445A111073C0FA0DF,,,,,,,
1775866456.494385,FF-FF-A1-00-00-01,LGS_NODE_17,gatt,False,offline,,,,,,,,,
1775866456.494385,FF-FF-A1-00-00-01,LGS_NODE_17,webserver,False,offline,,,,,,,,,
1775866516.5465071,827482CC-A977-43D7-835E-8E8B6978E66A,LGS_Sensor,adv,False,offline,,D302A21107BE159807420FA009F601A30000E9,,,,,,,
1775866516.5465071,827482CC-A977-43D7-835E-8E8B6978E66A,LGS_Sensor,gatt,False,offline,,,,,,,,,
1775866516.5465071,827482CC-A977-43D7-835E-8E8B6978E66A,LGS_Sensor,webserver,False,offline,,,,,,,,,
1775866516.5465071,FABCEA8B-7EC8-2594-4879-2B3B63989660,ThermoBeacon2,adv,True,active,,190019060000F1F01D1032017D03FFFFFFFF1FF52C00,19.125,55.8125,,,0.978,,-56
1775866516.5465071,FABCEA8B-7EC8-2594-4879-2B3B63989660,ThermoBeacon2,gatt,False,offline,,,,,,,,,-56
1775866516.5465071,FABCEA8B-7EC8-2594-4879-2B3B63989660,ThermoBeacon2,webserver,False,offline,,,,,,,,,-56
1775866516.5465071,C898B4F2-B452-7502-1A67-0536E77D49EA,sps,adv,True,active,,8107D8170096A11C08,19.21,61.04,,,0.867,,-58
1775866516.5465071,C898B4F2-B452-7502-1A67-0536E77D49EA,sps,gatt,False,offline,,,,,,,,,-58
1775866516.5465071,C898B4F2-B452-7502-1A67-0536E77D49EA,sps,webserver,False,offline,,,,,,,,,-58
1775866516.5465071,FF-FF-A1-00-00-01,LGS_NODE_17,adv,False,offline,,7445A111073C0FA0DF,,,,,,,
1775866516.5465071,FF-FF-A1-00-00-01,LGS_NODE_17,gatt,False,offline,,,,,,,,,
1775866516.5465071,FF-FF-A1-00-00-01,LGS_NODE_17,webserver,False,offline,,,,,,,,,
1775866576.557034,827482CC-A977-43D7-835E-8E8B6978E66A,LGS_Sensor,adv,False,offline,,D302A21107BE159807420FA009F601A30000E9,,,,,,,
1775866576.557034,827482CC-A977-43D7-835E-8E8B6978E66A,LGS_Sensor,gatt,False,offline,,,,,,,,,
1775866576.557034,827482CC-A977-43D7-835E-8E8B6978E66A,LGS_Sensor,webserver,False,offline,,,,,,,,,
1775866576.557034,FABCEA8B-7EC8-2594-4879-2B3B63989660,ThermoBeacon2,adv,True,active,,190019060000F1F01D1032017D03FFFFFFFF5EF52C00,19.125,55.8125,,,0.978,,-56
1775866576.557034,FABCEA8B-7EC8-2594-4879-2B3B63989660,ThermoBeacon2,gatt,False,offline,,,,,,,,,-56
1775866576.557034,FABCEA8B-7EC8-2594-4879-2B3B63989660,ThermoBeacon2,webserver,False,offline,,,,,,,,,-56
1775866576.557034,C898B4F2-B452-7502-1A67-0536E77D49EA,sps,adv,True,active,,8207DC170093601C08,19.22,61.08,,,0.867,,-57
1775866576.557034,C898B4F2-B452-7502-1A67-0536E77D49EA,sps,gatt,False,offline,,,,,,,,,-57
1775866576.557034,C898B4F2-B452-7502-1A67-0536E77D49EA,sps,webserver,False,offline,,,,,,,,,-57
1775866576.557034,FF-FF-A1-00-00-01,LGS_NODE_17,adv,False,offline,,7445A111073C0FA0DF,,,,,,,
1775866576.557034,FF-FF-A1-00-00-01,LGS_NODE_17,gatt,False,offline,,,,,,,,,
1775866576.557034,FF-FF-A1-00-00-01,LGS_NODE_17,webserver,False,offline,,,,,,,,,
1775866636.670264,827482CC-A977-43D7-835E-8E8B6978E66A,LGS_Sensor,adv,True,active,,D302A21107B81576073E0FA009F601A2000006,18.54,40.0,19.76,54.94,1.281,1.038,-72
1775866636.670264,827482CC-A977-43D7-835E-8E8B6978E66A,LGS_Sensor,gatt,False,offline,,,,,,,,,-72
1775866636.670264,827482CC-A977-43D7-835E-8E8B6978E66A,LGS_Sensor,webserver,True,active,,,18.51217,40.0,19.8,54.98,1.279,1.04,-72
1775866636.670264,FABCEA8B-7EC8-2594-4879-2B3B63989660,ThermoBeacon2,adv,True,active,,190019060000F1F01D1031017D03FFFFFFFF9AF52C00,19.0625,55.8125,,,0.975,,-53
1775866636.670264,FABCEA8B-7EC8-2594-4879-2B3B63989660,ThermoBeacon2,gatt,False,offline,,,,,,,,,-53
1775866636.670264,FABCEA8B-7EC8-2594-4879-2B3B63989660,ThermoBeacon2,webserver,False,offline,,,,,,,,,-53
1775866636.670264,C898B4F2-B452-7502-1A67-0536E77D49EA,sps,adv,True,active,,8C07C517002B661C08,19.32,60.85,,,0.878,,-54
1775866636.670264,C898B4F2-B452-7502-1A67-0536E77D49EA,sps,gatt,False,offline,,,,,,,,,-54
1775866636.670264,C898B4F2-B452-7502-1A67-0536E77D49EA,sps,webserver,False,offline,,,,,,,,,-54
1775866636.670264,FF-FF-A1-00-00-01,LGS_NODE_17,adv,False,offline,,7445A111073C0FA0DF,,,,,,,
1775866636.670264,FF-FF-A1-00-00-01,LGS_NODE_17,gatt,False,offline,,,,,,,,,
1775866636.670264,FF-FF-A1-00-00-01,LGS_NODE_17,webserver,False,offline,,,,,,,,,
1775866696.773391,827482CC-A977-43D7-835E-8E8B6978E66A,LGS_Sensor,adv,True,active,,D302A21107BB157307500FA009F601A2000011,18.72,40.0,19.79,54.91,1.295,1.041,-73
1775866696.773391,827482CC-A977-43D7-835E-8E8B6978E66A,LGS_Sensor,gatt,False,offline,,,,,,,,,-73
1775866696.773391,827482CC-A977-43D7-835E-8E8B6978E66A,LGS_Sensor,webserver,True,active,,,18.53686,40.0,19.83,54.88,1.281,1.044,-73
1775866696.773391,FABCEA8B-7EC8-2594-4879-2B3B63989660,ThermoBeacon2,adv,True,active,,190019060000F1F01D1032017D03FFFFFFFFD5F52C00,19.125,55.8125,,,0.978,,-54
1775866696.773391,FABCEA8B-7EC8-2594-4879-2B3B63989660,ThermoBeacon2,gatt,False,offline,,,,,,,,,-54
1775866696.773391,FABCEA8B-7EC8-2594-4879-2B3B63989660,ThermoBeacon2,webserver,False,offline,,,,,,,,,-54
1775866696.773391,C898B4F2-B452-7502-1A67-0536E77D49EA,sps,adv,True,active,,8D07C91700D6A51D08,19.33,60.89,,,0.877,,-55
1775866696.773391,C898B4F2-B452-7502-1A67-0536E77D49EA,sps,gatt,False,offline,,,,,,,,,-55
1775866696.773391,C898B4F2-B452-7502-1A67-0536E77D49EA,sps,webserver,False,offline,,,,,,,,,-55
1775866696.773391,FF-FF-A1-00-00-01,LGS_NODE_17,adv,False,offline,,7445A111073C0FA0DF,,,,,,,
1775866696.773391,FF-FF-A1-00-00-01,LGS_NODE_17,gatt,False,offline,,,,,,,,,
1775866696.773391,FF-FF-A1-00-00-01,LGS_NODE_17,webserver,False,offline,,,,,,,,,
1775866756.796536,827482CC-A977-43D7-835E-8E8B6978E66A,LGS_Sensor,adv,True,active,,D302A21107BF157307350FA009F601A200001D,18.45,40.0,19.83,54.91,1.274,1.043,-72
1775866756.796536,827482CC-A977-43D7-835E-8E8B6978E66A,LGS_Sensor,gatt,False,offline,,,,,,,,,-72
1775866756.796536,827482CC-A977-43D7-835E-8E8B6978E66A,LGS_Sensor,webserver,True,active,,,18.48751,40.0,19.8,54.89,1.277,1.042,-72
1775866756.796536,FABCEA8B-7EC8-2594-4879-2B3B63989660,ThermoBeacon2,adv,True,active,,190019060000F1F01D1032017D03FFFFFFFF12F62C00,19.125,55.8125,,,0.978,,-55
1775866756.796536,FABCEA8B-7EC8-2594-4879-2B3B63989660,ThermoBeacon2,gatt,False,offline,,,,,,,,,-55
1775866756.796536,FABCEA8B-7EC8-2594-4879-2B3B63989660,ThermoBeacon2,webserver,False,offline,,,,,,,,,-55
1775866756.796536,C898B4F2-B452-7502-1A67-0536E77D49EA,sps,adv,False,offline,,8107DA170037611C08,,,,,,,
1775866756.796536,C898B4F2-B452-7502-1A67-0536E77D49EA,sps,gatt,False,offline,,,,,,,,,
1775866756.796536,C898B4F2-B452-7502-1A67-0536E77D49EA,sps,webserver,False,offline,,,,,,,,,
1775866756.796536,FF-FF-A1-00-00-01,LGS_NODE_17,adv,False,offline,,7445A111073C0FA0DF,,,,,,,
1775866756.796536,FF-FF-A1-00-00-01,LGS_NODE_17,gatt,False,offline,,,,,,,,,
1775866756.796536,FF-FF-A1-00-00-01,LGS_NODE_17,webserver,False,offline,,,,,,,,,
1775866816.806558,827482CC-A977-43D7-835E-8E8B6978E66A,LGS_Sensor,adv,True,active,,D302A21107BB157F07390FA009F601A2000029,18.49,40.0,19.79,55.03,1.277,1.038,-71
1775866816.806558,827482CC-A977-43D7-835E-8E8B6978E66A,LGS_Sensor,gatt,False,offline,,,,,,,,,-71
1775866816.806558,827482CC-A977-43D7-835E-8E8B6978E66A,LGS_Sensor,webserver,True,active,,,18.55032,40.0,19.77,55.01,1.282,1.037,-71
1775866816.806558,FABCEA8B-7EC8-2594-4879-2B3B63989660,ThermoBeacon2,adv,True,active,,190019060000F1F01A1032017D03FFFFFFFF4CF62C00,19.125,55.8125,,,0.978,,-55
1775866816.806558,FABCEA8B-7EC8-2594-4879-2B3B63989660,ThermoBeacon2,gatt,False,offline,,,,,,,,,-55
1775866816.806558,FABCEA8B-7EC8-2594-4879-2B3B63989660,ThermoBeacon2,webserver,False,offline,,,,,,,,,-55
1775866816.806558,C898B4F2-B452-7502-1A67-0536E77D49EA,sps,adv,True,active,,8707E11700CEAC1C08,19.27,61.13,,,0.869,,-54
1775866816.806558,C898B4F2-B452-7502-1A67-0536E77D49EA,sps,gatt,False,offline,,,,,,,,,-54
1775866816.806558,C898B4F2-B452-7502-1A67-0536E77D49EA,sps,webserver,False,offline,,,,,,,,,-54
1775866816.806558,FF-FF-A1-00-00-01,LGS_NODE_17,adv,False,offline,,7445A111073C0FA0DF,,,,,,,
1775866816.806558,FF-FF-A1-00-00-01,LGS_NODE_17,gatt,False,offline,,,,,,,,,
1775866816.806558,FF-FF-A1-00-00-01,LGS_NODE_17,webserver,False,offline,,,,,,,,,
1775866876.8589382,827482CC-A977-43D7-835E-8E8B6978E66A,LGS_Sensor,adv,True,active,,D302A21107BB1578073D0FA009F601A3000035,18.53,40.0,19.79,54.96,1.28,1.039,-69
1775866876.8589382,827482CC-A977-43D7-835E-8E8B6978E66A,LGS_Sensor,gatt,False,offline,,,,,,,,,-69
1775866876.8589382,827482CC-A977-43D7-835E-8E8B6978E66A,LGS_Sensor,webserver,True,active,,,18.59588,40.0,19.79,54.98,1.285,1.039,-69
1775866876.8589382,FABCEA8B-7EC8-2594-4879-2B3B63989660,ThermoBeacon2,adv,True,active,,190019060000F1F01D1031017D03FFFFFFFF87F62C00,19.0625,55.8125,,,0.975,,-62
1775866876.8589382,FABCEA8B-7EC8-2594-4879-2B3B63989660,ThermoBeacon2,gatt,False,offline,,,,,,,,,-62
1775866876.8589382,FABCEA8B-7EC8-2594-4879-2B3B63989660,ThermoBeacon2,webserver,False,offline,,,,,,,,,-62
1775866876.8589382,C898B4F2-B452-7502-1A67-0536E77D49EA,sps,adv,True,active,,8107D0170017631D08,19.21,60.96,,,0.869,,-54
1775866876.8589382,C898B4F2-B452-7502-1A67-0536E77D49EA,sps,gatt,False,offline,,,,,,,,,-54
1775866876.8589382,C898B4F2-B452-7502-1A67-0536E77D49EA,sps,webserver,False,offline,,,,,,,,,-54
1775866876.8589382,FF-FF-A1-00-00-01,LGS_NODE_17,adv,False,offline,,7445A111073C0FA0DF,,,,,,,
1775866876.8589382,FF-FF-A1-00-00-01,LGS_NODE_17,gatt,False,offline,,,,,,,,,
1775866876.8589382,FF-FF-A1-00-00-01,LGS_NODE_17,webserver,False,offline,,,,,,,,,
1775866936.889864,827482CC-A977-43D7-835E-8E8B6978E66A,LGS_Sensor,adv,True,active,,D302A21107B71577073E0FA009F601A3000041,18.54,40.0,19.75,54.95,1.281,1.037,-70
1775866936.889864,827482CC-A977-43D7-835E-8E8B6978E66A,LGS_Sensor,gatt,False,offline,,,,,,,,,-70
1775866936.889864,827482CC-A977-43D7-835E-8E8B6978E66A,LGS_Sensor,webserver,True,active,,,18.66979,40.0,19.76,54.95,1.291,1.038,-70
1775866936.889864,FABCEA8B-7EC8-2594-4879-2B3B63989660,ThermoBeacon2,adv,True,active,,190019060000F1F01D1031017D03FFFFFFFFC5F62C00,19.0625,55.8125,,,0.975,,-55
1775866936.889864,FABCEA8B-7EC8-2594-4879-2B3B63989660,ThermoBeacon2,gatt,False,offline,,,,,,,,,-55
1775866936.889864,FABCEA8B-7EC8-2594-4879-2B3B63989660,ThermoBeacon2,webserver,False,offline,,,,,,,,,-55
1775866936.889864,C898B4F2-B452-7502-1A67-0536E77D49EA,sps,adv,True,active,,8707D41700DEA21C08,19.27,61.0,,,0.871,,-55
1775866936.889864,C898B4F2-B452-7502-1A67-0536E77D49EA,sps,gatt,False,offline,,,,,,,,,-55
1775866936.889864,C898B4F2-B452-7502-1A67-0536E77D49EA,sps,webserver,False,offline,,,,,,,,,-55
1775866936.889864,FF-FF-A1-00-00-01,LGS_NODE_17,adv,False,offline,,7445A111073C0FA0DF,,,,,,,
1775866936.889864,FF-FF-A1-00-00-01,LGS_NODE_17,gatt,False,offline,,,,,,,,,
1775866936.889864,FF-FF-A1-00-00-01,LGS_NODE_17,webserver,False,offline,,,,,,,,,
1775866996.991767,827482CC-A977-43D7-835E-8E8B6978E66A,LGS_Sensor,adv,True,active,,D302A21107B81570073A0FA009F601A300004D,18.5,40.0,19.76,54.88,1.278,1.039,-68
1775866996.991767,827482CC-A977-43D7-835E-8E8B6978E66A,LGS_Sensor,gatt,False,offline,,,,,,,,,-68
1775866996.991767,827482CC-A977-43D7-835E-8E8B6978E66A,LGS_Sensor,webserver,True,active,,,18.64962,40.0,19.75,54.88,1.29,1.039,-68
1775866996.991767,FABCEA8B-7EC8-2594-4879-2B3B63989660,ThermoBeacon2,adv,True,active,,190019060000F1F01D1031017E03FFFFFFFFFDF62C00,19.0625,55.875,,,0.973,,-56
1775866996.991767,FABCEA8B-7EC8-2594-4879-2B3B63989660,ThermoBeacon2,gatt,False,offline,,,,,,,,,-56
1775866996.991767,FABCEA8B-7EC8-2594-4879-2B3B63989660,ThermoBeacon2,webserver,False,offline,,,,,,,,,-56
1775866996.991767,C898B4F2-B452-7502-1A67-0536E77D49EA,sps,adv,True,active,,8107DB170066A11C08,19.21,61.07,,,0.867,,-55
1775866996.991767,C898B4F2-B452-7502-1A67-0536E77D49EA,sps,gatt,False,offline,,,,,,,,,-55
1775866996.991767,C898B4F2-B452-7502-1A67-0536E77D49EA,sps,webserver,False,offline,,,,,,,,,-55
1775866996.991767,FF-FF-A1-00-00-01,LGS_NODE_17,adv,False,offline,,7445A111073C0FA0DF,,,,,,,
1775866996.991767,FF-FF-A1-00-00-01,LGS_NODE_17,gatt,False,offline,,,,,,,,,
1775866996.991767,FF-FF-A1-00-00-01,LGS_NODE_17,webserver,False,offline,,,,,,,,,
1775867057.073459,827482CC-A977-43D7-835E-8E8B6978E66A,LGS_Sensor,adv,True,active,,D302A21107B5157C074A0FA009F601A3000059,18.66,40.0,19.73,55.0,1.291,1.035,-70
1775867057.073459,827482CC-A977-43D7-835E-8E8B6978E66A,LGS_Sensor,gatt,False,offline,,,,,,,,,-70
1775867057.073459,827482CC-A977-43D7-835E-8E8B6978E66A,LGS_Sensor,webserver,True,active,,,18.61303,40.0,19.7,55.01,1.287,1.033,-70
1775867057.073459,FABCEA8B-7EC8-2594-4879-2B3B63989660,ThermoBeacon2,adv,True,active,,190019060000F1F01D1031017D03FFFFFFFF40F72C00,19.0625,55.8125,,,0.975,,-55
1775867057.073459,FABCEA8B-7EC8-2594-4879-2B3B63989660,ThermoBeacon2,gatt,False,offline,,,,,,,,,-55
1775867057.073459,FABCEA8B-7EC8-2594-4879-2B3B63989660,ThermoBeacon2,webserver,False,offline,,,,,,,,,-55
1775867057.073459,C898B4F2-B452-7502-1A67-0536E77D49EA,sps,adv,True,active,,8107D8170096A11D08,19.21,61.04,,,0.867,,-54
1775867057.073459,C898B4F2-B452-7502-1A67-0536E77D49EA,sps,gatt,False,offline,,,,,,,,,-54
1775867057.073459,C898B4F2-B452-7502-1A67-0536E77D49EA,sps,webserver,False,offline,,,,,,,,,-54
1775867057.073459,FF-FF-A1-00-00-01,LGS_NODE_17,adv,False,offline,,7445A111073C0FA0DF,,,,,,,
1775867057.073459,FF-FF-A1-00-00-01,LGS_NODE_17,gatt,False,offline,,,,,,,,,
1775867057.073459,FF-FF-A1-00-00-01,LGS_NODE_17,webserver,False,offline,,,,,,,,,
1775867117.1212952,827482CC-A977-43D7-835E-8E8B6978E66A,LGS_Sensor,adv,True,active,,D302A21107B51588074B0FA009F601A3000065,18.67,40.0,19.73,55.12,1.291,1.032,-70
1775867117.1212952,827482CC-A977-43D7-835E-8E8B6978E66A,LGS_Sensor,gatt,False,offline,,,,,,,,,-70
1775867117.1212952,827482CC-A977-43D7-835E-8E8B6978E66A,LGS_Sensor,webserver,True,active,,,18.52413,40.0,19.7,55.07,1.28,1.031,-70
1775867117.1212952,FABCEA8B-7EC8-2594-4879-2B3B63989660,ThermoBeacon2,adv,True,active,,190019060000F1F01D1031017E03FFFFFFFF7CF72C00,19.0625,55.875,,,0.973,,-55
1775867117.1212952,FABCEA8B-7EC8-2594-4879-2B3B63989660,ThermoBeacon2,gatt,False,offline,,,,,,,,,-55
1775867117.1212952,FABCEA8B-7EC8-2594-4879-2B3B63989660,ThermoBeacon2,webserver,False,offline,,,,,,,,,-55
1775867117.1212952,C898B4F2-B452-7502-1A67-0536E77D49EA,sps,adv,True,active,,8407D51700CB621C08,19.24,61.01,,,0.87,,-59
1775867117.1212952,C898B4F2-B452-7502-1A67-0536E77D49EA,sps,gatt,False,offline,,,,,,,,,-59
1775867117.1212952,C898B4F2-B452-7502-1A67-0536E77D49EA,sps,webserver,False,offline,,,,,,,,,-59
1775867117.1212952,FF-FF-A1-00-00-01,LGS_NODE_17,adv,False,offline,,7445A111073C0FA0DF,,,,,,,
1775867117.1212952,FF-FF-A1-00-00-01,LGS_NODE_17,gatt,False,offline,,,,,,,,,
1775867117.1212952,FF-FF-A1-00-00-01,LGS_NODE_17,webserver,False,offline,,,,,,,,,
1775867177.1956108,827482CC-A977-43D7-835E-8E8B6978E66A,LGS_Sensor,adv,True,active,,D302A21107B1158307460FA009F601A3000071,18.62,40.0,19.69,55.07,1.287,1.03,-69
1775867177.1956108,827482CC-A977-43D7-835E-8E8B6978E66A,LGS_Sensor,gatt,False,offline,,,,,,,,,-69
1775867177.1956108,827482CC-A977-43D7-835E-8E8B6978E66A,LGS_Sensor,webserver,True,active,,,18.56524,40.0,19.69,55.03,1.283,1.031,-69
1775867177.1956108,FABCEA8B-7EC8-2594-4879-2B3B63989660,ThermoBeacon2,adv,True,active,,190019060000F1F01D1031017D03FFFFFFFFB3F72C00,19.0625,55.8125,,,0.975,,-62
1775867177.1956108,FABCEA8B-7EC8-2594-4879-2B3B63989660,ThermoBeacon2,gatt,False,offline,,,,,,,,,-62
1775867177.1956108,FABCEA8B-7EC8-2594-4879-2B3B63989660,ThermoBeacon2,webserver,False,offline,,,,,,,,,-62
1775867177.1956108,C898B4F2-B452-7502-1A67-0536E77D49EA,sps,adv,True,active,,8107CD170087651C08,19.21,60.93,,,0.87,,-54
1775867177.1956108,C898B4F2-B452-7502-1A67-0536E77D49EA,sps,gatt,False,offline,,,,,,,,,-54
1775867177.1956108,C898B4F2-B452-7502-1A67-0536E77D49EA,sps,webserver,False,offline,,,,,,,,,-54
1775867177.1956108,FF-FF-A1-00-00-01,LGS_NODE_17,adv,False,offline,,7445A111073C0FA0DF,,,,,,,
1775867177.1956108,FF-FF-A1-00-00-01,LGS_NODE_17,gatt,False,offline,,,,,,,,,
1775867177.1956108,FF-FF-A1-00-00-01,LGS_NODE_17,webserver,False,offline,,,,,,,,,
1775867237.282124,827482CC-A977-43D7-835E-8E8B6978E66A,LGS_Sensor,adv,True,active,,D302A21107B1157B073D0FA009F601A300007D,18.53,40.0,19.69,54.99,1.28,1.032,-70
1775867237.282124,827482CC-A977-43D7-835E-8E8B6978E66A,LGS_Sensor,gatt,False,offline,,,,,,,,,-70
1775867237.282124,827482CC-A977-43D7-835E-8E8B6978E66A,LGS_Sensor,webserver,True,active,,,18.55627,40.0,19.69,54.99,1.282,1.032,-70
1775867237.282124,FABCEA8B-7EC8-2594-4879-2B3B63989660,ThermoBeacon2,adv,False,offline,,190019060000F1F01D1031017D03FFFFFFFFE7F72C00,,,,,,,
1775867237.282124,FABCEA8B-7EC8-2594-4879-2B3B63989660,ThermoBeacon2,gatt,False,offline,,,,,,,,,
1775867237.282124,FABCEA8B-7EC8-2594-4879-2B3B63989660,ThermoBeacon2,webserver,False,offline,,,,,,,,,
1775867237.282124,C898B4F2-B452-7502-1A67-0536E77D49EA,sps,adv,True,active,,8407D817005AA11C08,19.24,61.04,,,0.869,,-54
1775867237.282124,C898B4F2-B452-7502-1A67-0536E77D49EA,sps,gatt,False,offline,,,,,,,,,-54
1775867237.282124,C898B4F2-B452-7502-1A67-0536E77D49EA,sps,webserver,False,offline,,,,,,,,,-54
1775867237.282124,FF-FF-A1-00-00-01,LGS_NODE_17,adv,False,offline,,7445A111073C0FA0DF,,,,,,,
1775867237.282124,FF-FF-A1-00-00-01,LGS_NODE_17,gatt,False,offline,,,,,,,,,
1775867237.282124,FF-FF-A1-00-00-01,LGS_NODE_17,webserver,False,offline,,,,,,,,,
1775867297.3820329,827482CC-A977-43D7-835E-8E8B6978E66A,LGS_Sensor,adv,True,active,,D302A21107AE157507410FA009F601A2000088,18.57,40.0,19.66,54.93,1.283,1.032,-70
1775867297.3820329,827482CC-A977-43D7-835E-8E8B6978E66A,LGS_Sensor,gatt,False,offline,,,,,,,,,-70
1775867297.3820329,827482CC-A977-43D7-835E-8E8B6978E66A,LGS_Sensor,webserver,True,active,,,18.54507,40.0,19.67,54.92,1.281,1.033,-70
1775867297.3820329,FABCEA8B-7EC8-2594-4879-2B3B63989660,ThermoBeacon2,adv,True,active,,190019060000F1F01D1031017D03FFFFFFFF2DF82C00,19.0625,55.8125,,,0.975,,-61
1775867297.3820329,FABCEA8B-7EC8-2594-4879-2B3B63989660,ThermoBeacon2,gatt,False,offline,,,,,,,,,-61
1775867297.3820329,FABCEA8B-7EC8-2594-4879-2B3B63989660,ThermoBeacon2,webserver,False,offline,,,,,,,,,-61
1775867297.3820329,C898B4F2-B452-7502-1A67-0536E77D49EA,sps,adv,True,active,,8207D71700E2A21C08,19.22,61.03,,,0.868,,-59
1775867297.3820329,C898B4F2-B452-7502-1A67-0536E77D49EA,sps,gatt,False,offline,,,,,,,,,-59
1775867297.3820329,C898B4F2-B452-7502-1A67-0536E77D49EA,sps,webserver,False,offline,,,,,,,,,-59
1775867297.3820329,FF-FF-A1-00-00-01,LGS_NODE_17,adv,False,offline,,7445A111073C0FA0DF,,,,,,,
1775867297.3820329,FF-FF-A1-00-00-01,LGS_NODE_17,gatt,False,offline,,,,,,,,,
1775867297.3820329,FF-FF-A1-00-00-01,LGS_NODE_17,webserver,False,offline,,,,,,,,,
1775867357.4094138,827482CC-A977-43D7-835E-8E8B6978E66A,LGS_Sensor,adv,True,active,,D302A21107AF157307470FA009F601A2000094,18.63,40.0,19.67,54.91,1.288,1.033,-71
1775867357.4094138,827482CC-A977-43D7-835E-8E8B6978E66A,LGS_Sensor,gatt,False,offline,,,,,,,,,-71
1775867357.4094138,827482CC-A977-43D7-835E-8E8B6978E66A,LGS_Sensor,webserver,True,active,,,18.57122,40.0,19.63,54.91,1.283,1.03,-71
1775867357.4094138,FABCEA8B-7EC8-2594-4879-2B3B63989660,ThermoBeacon2,adv,True,active,,190019060000F1F01D1031017D03FFFFFFFF6BF82C00,19.0625,55.8125,,,0.975,,-63
1775867357.4094138,FABCEA8B-7EC8-2594-4879-2B3B63989660,ThermoBeacon2,gatt,False,offline,,,,,,,,,-63
1775867357.4094138,FABCEA8B-7EC8-2594-4879-2B3B63989660,ThermoBeacon2,webserver,False,offline,,,,,,,,,-63
1775867357.4094138,C898B4F2-B452-7502-1A67-0536E77D49EA,sps,adv,True,active,,8107D31700E7631C08,19.21,60.99,,,0.868,,-55
1775867357.4094138,C898B4F2-B452-7502-1A67-0536E77D49EA,sps,gatt,False,offline,,,,,,,,,-55
1775867357.4094138,C898B4F2-B452-7502-1A67-0536E77D49EA,sps,webserver,False,offline,,,,,,,,,-55
1775867357.4094138,FF-FF-A1-00-00-01,LGS_NODE_17,adv,False,offline,,7445A111073C0FA0DF,,,,,,,
1775867357.4094138,FF-FF-A1-00-00-01,LGS_NODE_17,gatt,False,offline,,,,,,,,,
1775867357.4094138,FF-FF-A1-00-00-01,LGS_NODE_17,webserver,False,offline,,,,,,,,,
1775867417.4231098,827482CC-A977-43D7-835E-8E8B6978E66A,LGS_Sensor,adv,True,active,,D302A21107AD157D073D0FA009F601A30000A0,18.53,40.0,19.65,55.01,1.28,1.029,-72
1775867417.4231098,827482CC-A977-43D7-835E-8E8B6978E66A,LGS_Sensor,gatt,False,offline,,,,,,,,,-72
1775867417.4231098,827482CC-A977-43D7-835E-8E8B6978E66A,LGS_Sensor,webserver,True,active,,,18.58691,40.0,19.65,55.01,1.285,1.029,-72
1775867417.4231098,FABCEA8B-7EC8-2594-4879-2B3B63989660,ThermoBeacon2,adv,True,active,,190019060000F1F01D1031017D03FFFFFFFFA5F82C00,19.0625,55.8125,,,0.975,,-64
1775867417.4231098,FABCEA8B-7EC8-2594-4879-2B3B63989660,ThermoBeacon2,gatt,False,offline,,,,,,,,,-64
1775867417.4231098,FABCEA8B-7EC8-2594-4879-2B3B63989660,ThermoBeacon2,webserver,False,offline,,,,,,,,,-64
1775867417.4231098,C898B4F2-B452-7502-1A67-0536E77D49EA,sps,adv,True,active,,8107D21700B6A31C08,19.21,60.98,,,0.869,,-60
1775867417.4231098,C898B4F2-B452-7502-1A67-0536E77D49EA,sps,gatt,False,offline,,,,,,,,,-60
1775867417.4231098,C898B4F2-B452-7502-1A67-0536E77D49EA,sps,webserver,False,offline,,,,,,,,,-60
1775867417.4231098,FF-FF-A1-00-00-01,LGS_NODE_17,adv,False,offline,,7445A111073C0FA0DF,,,,,,,
1775867417.4231098,FF-FF-A1-00-00-01,LGS_NODE_17,gatt,False,offline,,,,,,,,,
1775867417.4231098,FF-FF-A1-00-00-01,LGS_NODE_17,webserver,False,offline,,,,,,,,,
1775867477.503816,827482CC-A977-43D7-835E-8E8B6978E66A,LGS_Sensor,adv,True,active,,D302A21107AA157A073D0FA009F601A30000AC,18.53,40.0,19.62,54.98,1.28,1.028,-71
1775867477.503816,827482CC-A977-43D7-835E-8E8B6978E66A,LGS_Sensor,gatt,False,offline,,,,,,,,,-71
1775867477.503816,827482CC-A977-43D7-835E-8E8B6978E66A,LGS_Sensor,webserver,True,active,,,18.52636,40.0,19.62,54.93,1.28,1.029,-71
1775867477.503816,FABCEA8B-7EC8-2594-4879-2B3B63989660,ThermoBeacon2,adv,True,active,,190019060000F1F01D1031017C03FFFFFFFFE4F82C00,19.0625,55.75,,,0.976,,-62
1775867477.503816,FABCEA8B-7EC8-2594-4879-2B3B63989660,ThermoBeacon2,gatt,False,offline,,,,,,,,,-62
1775867477.503816,FABCEA8B-7EC8-2594-4879-2B3B63989660,ThermoBeacon2,webserver,False,offline,,,,,,,,,-62
1775867477.503816,C898B4F2-B452-7502-1A67-0536E77D49EA,sps,adv,True,active,,8D07CB170077651C08,19.33,60.91,,,0.877,,-55
1775867477.503816,C898B4F2-B452-7502-1A67-0536E77D49EA,sps,gatt,False,offline,,,,,,,,,-55
1775867477.503816,C898B4F2-B452-7502-1A67-0536E77D49EA,sps,webserver,False,offline,,,,,,,,,-55
1775867477.503816,FF-FF-A1-00-00-01,LGS_NODE_17,adv,False,offline,,7445A111073C0FA0DF,,,,,,,
1775867477.503816,FF-FF-A1-00-00-01,LGS_NODE_17,gatt,False,offline,,,,,,,,,
1775867477.503816,FF-FF-A1-00-00-01,LGS_NODE_17,webserver,False,offline,,,,,,,,,
1775867537.601086,827482CC-A977-43D7-835E-8E8B6978E66A,LGS_Sensor,adv,True,active,,D302A21107A71574073F0FA009F601A30000B8,18.55,40.0,19.59,54.92,1.282,1.028,-71
1775867537.601086,827482CC-A977-43D7-835E-8E8B6978E66A,LGS_Sensor,gatt,False,offline,,,,,,,,,-71
1775867537.601086,827482CC-A977-43D7-835E-8E8B6978E66A,LGS_Sensor,webserver,True,active,,,18.55554,40.0,19.61,54.91,1.282,1.029,-71
1775867537.601086,FABCEA8B-7EC8-2594-4879-2B3B63989660,ThermoBeacon2,adv,True,active,,190019060000F1F01A1031017C03FFFFFFFF22F92C00,19.0625,55.75,,,0.976,,-54
1775867537.601086,FABCEA8B-7EC8-2594-4879-2B3B63989660,ThermoBeacon2,gatt,False,offline,,,,,,,,,-54
1775867537.601086,FABCEA8B-7EC8-2594-4879-2B3B63989660,ThermoBeacon2,webserver,False,offline,,,,,,,,,-54
1775867537.601086,C898B4F2-B452-7502-1A67-0536E77D49EA,sps,adv,True,active,,8C07DC1700FAA11B08,19.32,61.08,,,0.872,,-60
1775867537.601086,C898B4F2-B452-7502-1A67-0536E77D49EA,sps,gatt,False,offline,,,,,,,,,-60
1775867537.601086,C898B4F2-B452-7502-1A67-0536E77D49EA,sps,webserver,False,offline,,,,,,,,,-60
1775867537.601086,FF-FF-A1-00-00-01,LGS_NODE_17,adv,False,offline,,7445A111073C0FA0DF,,,,,,,
1775867537.601086,FF-FF-A1-00-00-01,LGS_NODE_17,gatt,False,offline,,,,,,,,,
1775867537.601086,FF-FF-A1-00-00-01,LGS_NODE_17,webserver,False,offline,,,,,,,,,
1775867597.675045,827482CC-A977-43D7-835E-8E8B6978E66A,LGS_Sensor,adv,True,active,,D302A21107A9156907400FA009F601A20000C4,18.56,40.0,19.61,54.81,1.283,1.031,-71
1775867597.675045,827482CC-A977-43D7-835E-8E8B6978E66A,LGS_Sensor,gatt,False,offline,,,,,,,,,-71
1775867597.675045,827482CC-A977-43D7-835E-8E8B6978E66A,LGS_Sensor,webserver,True,active,,,18.57571,40.0,19.59,54.79,1.284,1.03,-71
1775867597.675045,FABCEA8B-7EC8-2594-4879-2B3B63989660,ThermoBeacon2,adv,True,active,,190019060000F1F01D1031017C03FFFFFFFF5FF92C00,19.0625,55.75,,,0.976,,-54
1775867597.675045,FABCEA8B-7EC8-2594-4879-2B3B63989660,ThermoBeacon2,gatt,False,offline,,,,,,,,,-54
1775867597.675045,FABCEA8B-7EC8-2594-4879-2B3B63989660,ThermoBeacon2,webserver,False,offline,,,,,,,,,-54
1775867597.675045,C898B4F2-B452-7502-1A67-0536E77D49EA,sps,adv,True,active,,8907D8170077601C08,19.29,61.04,,,0.872,,-60
1775867597.675045,C898B4F2-B452-7502-1A67-0536E77D49EA,sps,gatt,False,offline,,,,,,,,,-60
1775867597.675045,C898B4F2-B452-7502-1A67-0536E77D49EA,sps,webserver,False,offline,,,,,,,,,-60
1775867597.675045,FF-FF-A1-00-00-01,LGS_NODE_17,adv,False,offline,,7445A111073C0FA0DF,,,,,,,
1775867597.675045,FF-FF-A1-00-00-01,LGS_NODE_17,gatt,False,offline,,,,,,,,,
1775867597.675045,FF-FF-A1-00-00-01,LGS_NODE_17,webserver,False,offline,,,,,,,,,
1775867657.7607691,827482CC-A977-43D7-835E-8E8B6978E66A,LGS_Sensor,adv,True,active,,D302A21107A6156607400FA009F601A30000D0,18.56,40.0,19.58,54.78,1.283,1.03,-71
1775867657.7607691,827482CC-A977-43D7-835E-8E8B6978E66A,LGS_Sensor,gatt,False,offline,,,,,,,,,-71
1775867657.7607691,827482CC-A977-43D7-835E-8E8B6978E66A,LGS_Sensor,webserver,True,active,,,18.50323,40.0,19.58,54.72,1.278,1.031,-71
1775867657.7607691,FABCEA8B-7EC8-2594-4879-2B3B63989660,ThermoBeacon2,adv,False,offline,,190019060000F1F01D1031017C03FFFFFFFF8BF92C00,,,,,,,
1775867657.7607691,FABCEA8B-7EC8-2594-4879-2B3B63989660,ThermoBeacon2,gatt,False,offline,,,,,,,,,
1775867657.7607691,FABCEA8B-7EC8-2594-4879-2B3B63989660,ThermoBeacon2,webserver,False,offline,,,,,,,,,
1775867657.7607691,C898B4F2-B452-7502-1A67-0536E77D49EA,sps,adv,True,active,,8107D5170007621C08,19.21,61.01,,,0.868,,-54
1775867657.7607691,C898B4F2-B452-7502-1A67-0536E77D49EA,sps,gatt,False,offline,,,,,,,,,-54
1775867657.7607691,C898B4F2-B452-7502-1A67-0536E77D49EA,sps,webserver,False,offline,,,,,,,,,-54
1775867657.7607691,FF-FF-A1-00-00-01,LGS_NODE_17,adv,False,offline,,7445A111073C0FA0DF,,,,,,,
1775867657.7607691,FF-FF-A1-00-00-01,LGS_NODE_17,gatt,False,offline,,,,,,,,,
1775867657.7607691,FF-FF-A1-00-00-01,LGS_NODE_17,webserver,False,offline,,,,,,,,,
1775867717.864873,827482CC-A977-43D7-835E-8E8B6978E66A,LGS_Sensor,adv,True,active,,D302A21107A4155207390FA009F601A20000DC,18.49,40.0,19.56,54.58,1.277,1.033,-70
1775867717.864873,827482CC-A977-43D7-835E-8E8B6978E66A,LGS_Sensor,gatt,False,offline,,,,,,,,,-70
1775867717.864873,827482CC-A977-43D7-835E-8E8B6978E66A,LGS_Sensor,webserver,True,active,,,18.75561,40.0,19.55,54.59,1.298,1.032,-70
1775867717.864873,FABCEA8B-7EC8-2594-4879-2B3B63989660,ThermoBeacon2,adv,True,active,,190019060000F1F01A1031017C03FFFFFFFFD4F92C00,19.0625,55.75,,,0.976,,-54
1775867717.864873,FABCEA8B-7EC8-2594-4879-2B3B63989660,ThermoBeacon2,gatt,False,offline,,,,,,,,,-54
1775867717.864873,FABCEA8B-7EC8-2594-4879-2B3B63989660,ThermoBeacon2,webserver,False,offline,,,,,,,,,-54
1775867717.864873,C898B4F2-B452-7502-1A67-0536E77D49EA,sps,adv,True,active,,8207CB170023641C08,19.22,60.91,,,0.871,,-54
1775867717.864873,C898B4F2-B452-7502-1A67-0536E77D49EA,sps,gatt,False,offline,,,,,,,,,-54
1775867717.864873,C898B4F2-B452-7502-1A67-0536E77D49EA,sps,webserver,False,offline,,,,,,,,,-54
1775867717.864873,FF-FF-A1-00-00-01,LGS_NODE_17,adv,False,offline,,7445A111073C0FA0DF,,,,,,,
1775867717.864873,FF-FF-A1-00-00-01,LGS_NODE_17,gatt,False,offline,,,,,,,,,
1775867717.864873,FF-FF-A1-00-00-01,LGS_NODE_17,webserver,False,offline,,,,,,,,,
1775867777.967726,827482CC-A977-43D7-835E-8E8B6978E66A,LGS_Sensor,adv,True,active,,D302A21107A6154B073A0FA009F601A20000E8,18.5,40.0,19.58,54.51,1.278,1.036,-71
1775867777.967726,827482CC-A977-43D7-835E-8E8B6978E66A,LGS_Sensor,gatt,False,offline,,,,,,,,,-71
1775867777.967726,827482CC-A977-43D7-835E-8E8B6978E66A,LGS_Sensor,webserver,True,active,,,18.69592,40.0,19.58,54.55,1.293,1.035,-71
1775867777.967726,FABCEA8B-7EC8-2594-4879-2B3B63989660,ThermoBeacon2,adv,True,active,,190019060000F1F01D1031017B03FFFFFFFF12FA2C00,19.0625,55.6875,,,0.977,,-61
1775867777.967726,FABCEA8B-7EC8-2594-4879-2B3B63989660,ThermoBeacon2,gatt,False,offline,,,,,,,,,-61
1775867777.967726,FABCEA8B-7EC8-2594-4879-2B3B63989660,ThermoBeacon2,webserver,False,offline,,,,,,,,,-61
1775867777.967726,C898B4F2-B452-7502-1A67-0536E77D49EA,sps,adv,True,active,,8107CB170067641C08,19.21,60.91,,,0.87,,-54
1775867777.967726,C898B4F2-B452-7502-1A67-0536E77D49EA,sps,gatt,False,offline,,,,,,,,,-54
1775867777.967726,C898B4F2-B452-7502-1A67-0536E77D49EA,sps,webserver,False,offline,,,,,,,,,-54
1775867777.967726,FF-FF-A1-00-00-01,LGS_NODE_17,adv,False,offline,,7445A111073C0FA0DF,,,,,,,
1775867777.967726,FF-FF-A1-00-00-01,LGS_NODE_17,gatt,False,offline,,,,,,,,,
1775867777.967726,FF-FF-A1-00-00-01,LGS_NODE_17,webserver,False,offline,,,,,,,,,
1775867838.036682,827482CC-A977-43D7-835E-8E8B6978E66A,LGS_Sensor,adv,True,active,,D302A21107A4153E07420FA009F601A30000F3,18.58,40.0,19.56,54.38,1.284,1.038,-71
1775867838.036682,827482CC-A977-43D7-835E-8E8B6978E66A,LGS_Sensor,gatt,False,offline,,,,,,,,,-71
1775867838.036682,827482CC-A977-43D7-835E-8E8B6978E66A,LGS_Sensor,webserver,True,active,,,18.52041,40.0,19.54,54.39,1.279,1.036,-71
1775867838.036682,FABCEA8B-7EC8-2594-4879-2B3B63989660,ThermoBeacon2,adv,True,active,,190019060000F1F01D1031017B03FFFFFFFF4AFA2C00,19.0625,55.6875,,,0.977,,-54
1775867838.036682,FABCEA8B-7EC8-2594-4879-2B3B63989660,ThermoBeacon2,gatt,False,offline,,,,,,,,,-54
1775867838.036682,FABCEA8B-7EC8-2594-4879-2B3B63989660,ThermoBeacon2,webserver,False,offline,,,,,,,,,-54
1775867838.036682,C898B4F2-B452-7502-1A67-0536E77D49EA,sps,adv,True,active,,8107C4170057671D08,19.21,60.84,,,0.872,,-54
1775867838.036682,C898B4F2-B452-7502-1A67-0536E77D49EA,sps,gatt,False,offline,,,,,,,,,-54
1775867838.036682,C898B4F2-B452-7502-1A67-0536E77D49EA,sps,webserver,False,offline,,,,,,,,,-54
1775867838.036682,FF-FF-A1-00-00-01,LGS_NODE_17,adv,False,offline,,7445A111073C0FA0DF,,,,,,,
1775867838.036682,FF-FF-A1-00-00-01,LGS_NODE_17,gatt,False,offline,,,,,,,,,
1775867838.036682,FF-FF-A1-00-00-01,LGS_NODE_17,webserver,False,offline,,,,,,,,,
1775867898.0864909,827482CC-A977-43D7-835E-8E8B6978E66A,LGS_Sensor,adv,True,active,,D302A21107A21532073B0FA009F601A3000000,18.51,40.0,19.54,54.26,1.279,1.039,-70
1775867898.0864909,827482CC-A977-43D7-835E-8E8B6978E66A,LGS_Sensor,gatt,False,offline,,,,,,,,,-70
1775867898.0864909,827482CC-A977-43D7-835E-8E8B6978E66A,LGS_Sensor,webserver,True,active,,,18.71383,40.0,19.56,54.23,1.295,1.041,-70
1775867898.0864909,FABCEA8B-7EC8-2594-4879-2B3B63989660,ThermoBeacon2,adv,False,offline,,190019060000F1F01D1031017A03FFFFFFFF78FA2C00,,,,,,,
1775867898.0864909,FABCEA8B-7EC8-2594-4879-2B3B63989660,ThermoBeacon2,gatt,False,offline,,,,,,,,,
1775867898.0864909,FABCEA8B-7EC8-2594-4879-2B3B63989660,ThermoBeacon2,webserver,False,offline,,,,,,,,,
1775867898.0864909,C898B4F2-B452-7502-1A67-0536E77D49EA,sps,adv,True,active,,8407D117008AA31C08,19.24,60.97,,,0.87,,-54
1775867898.0864909,C898B4F2-B452-7502-1A67-0536E77D49EA,sps,gatt,False,offline,,,,,,,,,-54
1775867898.0864909,C898B4F2-B452-7502-1A67-0536E77D49EA,sps,webserver,False,offline,,,,,,,,,-54
1775867898.0864909,FF-FF-A1-00-00-01,LGS_NODE_17,adv,False,offline,,7445A111073C0FA0DF,,,,,,,
1775867898.0864909,FF-FF-A1-00-00-01,LGS_NODE_17,gatt,False,offline,,,,,,,,,
1775867898.0864909,FF-FF-A1-00-00-01,LGS_NODE_17,webserver,False,offline,,,,,,,,,
1775867958.1845078,827482CC-A977-43D7-835E-8E8B6978E66A,LGS_Sensor,adv,True,active,,D302A21107A41535073C0FA009F601A300000C,18.52,40.0,19.56,54.29,1.279,1.04,-71
1775867958.1845078,827482CC-A977-43D7-835E-8E8B6978E66A,LGS_Sensor,gatt,False,offline,,,,,,,,,-71
1775867958.1845078,827482CC-A977-43D7-835E-8E8B6978E66A,LGS_Sensor,webserver,True,active,,,18.62948,40.0,19.55,54.26,1.288,1.04,-71
1775867958.1845078,FABCEA8B-7EC8-2594-4879-2B3B63989660,ThermoBeacon2,adv,True,active,,190019060000F1F01D1031017903FFFFFFFFC7FA2C00,19.0625,55.5625,,,0.98,,-54
1775867958.1845078,FABCEA8B-7EC8-2594-4879-2B3B63989660,ThermoBeacon2,gatt,False,offline,,,,,,,,,-54
1775867958.1845078,FABCEA8B-7EC8-2594-4879-2B3B63989660,ThermoBeacon2,webserver,False,offline,,,,,,,,,-54
1775867958.1845078,C898B4F2-B452-7502-1A67-0536E77D49EA,sps,adv,True,active,,8107C21700B7661C08,19.21,60.82,,,0.872,,-60
1775867958.1845078,C898B4F2-B452-7502-1A67-0536E77D49EA,sps,gatt,False,offline,,,,,,,,,-60
1775867958.1845078,C898B4F2-B452-7502-1A67-0536E77D49EA,sps,webserver,False,offline,,,,,,,,,-60
1775867958.1845078,FF-FF-A1-00-00-01,LGS_NODE_17,adv,False,offline,,7445A111073C0FA0DF,,,,,,,
1775867958.1845078,FF-FF-A1-00-00-01,LGS_NODE_17,gatt,False,offline,,,,,,,,,
1775867958.1845078,FF-FF-A1-00-00-01,LGS_NODE_17,webserver,False,offline,,,,,,,,,
1775868018.2469919,827482CC-A977-43D7-835E-8E8B6978E66A,LGS_Sensor,adv,True,active,,D302A21107A4152907390FA009F601A3000018,18.49,40.0,19.56,54.17,1.277,1.043,-70
1775868018.2469919,827482CC-A977-43D7-835E-8E8B6978E66A,LGS_Sensor,gatt,False,offline,,,,,,,,,-70
1775868018.2469919,827482CC-A977-43D7-835E-8E8B6978E66A,LGS_Sensor,webserver,True,active,,,18.71606,40.0,19.55,54.19,1.295,1.042,-70
1775868018.2469919,FABCEA8B-7EC8-2594-4879-2B3B63989660,ThermoBeacon2,adv,True,active,,190019060000F1F01D1031017903FFFFFFFF00FB2C00,19.0625,55.5625,,,0.98,,-62
1775868018.2469919,FABCEA8B-7EC8-2594-4879-2B3B63989660,ThermoBeacon2,gatt,False,offline,,,,,,,,,-62
1775868018.2469919,FABCEA8B-7EC8-2594-4879-2B3B63989660,ThermoBeacon2,webserver,False,offline,,,,,,,,,-62
1775868018.2469919,C898B4F2-B452-7502-1A67-0536E77D49EA,sps,adv,True,active,,8107C21700B7661C08,19.21,60.82,,,0.872,,-54
1775868018.2469919,C898B4F2-B452-7502-1A67-0536E77D49EA,sps,gatt,False,offline,,,,,,,,,-54
1775868018.2469919,C898B4F2-B452-7502-1A67-0536E77D49EA,sps,webserver,False,offline,,,,,,,,,-54
1775868018.2469919,FF-FF-A1-00-00-01,LGS_NODE_17,adv,False,offline,,7445A111073C0FA0DF,,,,,,,
1775868018.2469919,FF-FF-A1-00-00-01,LGS_NODE_17,gatt,False,offline,,,,,,,,,
1775868018.2469919,FF-FF-A1-00-00-01,LGS_NODE_17,webserver,False,offline,,,,,,,,,
1775868078.283147,827482CC-A977-43D7-835E-8E8B6978E66A,LGS_Sensor,adv,True,active,,D302A21107A21532073E0FA009F601A2000024,18.54,40.0,19.54,54.26,1.281,1.039,-69
1775868078.283147,827482CC-A977-43D7-835E-8E8B6978E66A,LGS_Sensor,gatt,False,offline,,,,,,,,,-69
1775868078.283147,827482CC-A977-43D7-835E-8E8B6978E66A,LGS_Sensor,webserver,True,active,,,18.4905,40.0,19.54,54.27,1.277,1.039,-69
1775868078.283147,FABCEA8B-7EC8-2594-4879-2B3B63989660,ThermoBeacon2,adv,True,active,,190019060000F1F01A1031017803FFFFFFFF3CFB2C00,19.0625,55.5,,,0.982,,-61
1775868078.283147,FABCEA8B-7EC8-2594-4879-2B3B63989660,ThermoBeacon2,gatt,False,offline,,,,,,,,,-61
1775868078.283147,FABCEA8B-7EC8-2594-4879-2B3B63989660,ThermoBeacon2,webserver,False,offline,,,,,,,,,-61
1775868078.283147,C898B4F2-B452-7502-1A67-0536E77D49EA,sps,adv,True,active,,8407BC17001B7E1C08,19.24,60.76,,,0.875,,-54
1775868078.283147,C898B4F2-B452-7502-1A67-0536E77D49EA,sps,gatt,False,offline,,,,,,,,,-54
1775868078.283147,C898B4F2-B452-7502-1A67-0536E77D49EA,sps,webserver,False,offline,,,,,,,,,-54
1775868078.283147,FF-FF-A1-00-00-01,LGS_NODE_17,adv,False,offline,,7445A111073C0FA0DF,,,,,,,
1775868078.283147,FF-FF-A1-00-00-01,LGS_NODE_17,gatt,False,offline,,,,,,,,,
1775868078.283147,FF-FF-A1-00-00-01,LGS_NODE_17,webserver,False,offline,,,,,,,,,
1775868138.3463979,827482CC-A977-43D7-835E-8E8B6978E66A,LGS_Sensor,adv,True,active,,D302A21107A2151F073B0FA009F601A300002F,18.51,40.0,19.54,54.07,1.279,1.044,-69
1775868138.3463979,827482CC-A977-43D7-835E-8E8B6978E66A,LGS_Sensor,gatt,False,offline,,,,,,,,,-69
1775868138.3463979,827482CC-A977-43D7-835E-8E8B6978E66A,LGS_Sensor,webserver,True,active,,,18.59213,40.0,19.54,54.01,1.285,1.045,-69
1775868138.3463979,FABCEA8B-7EC8-2594-4879-2B3B63989660,ThermoBeacon2,adv,True,active,,190019060000F1F01A1031017703FFFFFFFF74FB2C00,19.0625,55.4375,,,0.983,,-54
1775868138.3463979,FABCEA8B-7EC8-2594-4879-2B3B63989660,ThermoBeacon2,gatt,False,offline,,,,,,,,,-54
1775868138.3463979,FABCEA8B-7EC8-2594-4879-2B3B63989660,ThermoBeacon2,webserver,False,offline,,,,,,,,,-54
1775868138.3463979,C898B4F2-B452-7502-1A67-0536E77D49EA,sps,adv,True,active,,8407C717006B671C08,19.24,60.87,,,0.873,,-55
1775868138.3463979,C898B4F2-B452-7502-1A67-0536E77D49EA,sps,gatt,False,offline,,,,,,,,,-55
1775868138.3463979,C898B4F2-B452-7502-1A67-0536E77D49EA,sps,webserver,False,offline,,,,,,,,,-55
1775868138.3463979,FF-FF-A1-00-00-01,LGS_NODE_17,adv,False,offline,,7445A111073C0FA0DF,,,,,,,
1775868138.3463979,FF-FF-A1-00-00-01,LGS_NODE_17,gatt,False,offline,,,,,,,,,
1775868138.3463979,FF-FF-A1-00-00-01,LGS_NODE_17,webserver,False,offline,,,,,,,,,
1775868198.385781,827482CC-A977-43D7-835E-8E8B6978E66A,LGS_Sensor,adv,True,active,,D302A21107A2150B07370FA009F601A300003B,18.47,40.0,19.54,53.87,1.275,1.048,-69
1775868198.385781,827482CC-A977-43D7-835E-8E8B6978E66A,LGS_Sensor,gatt,False,offline,,,,,,,,,-69
1775868198.385781,827482CC-A977-43D7-835E-8E8B6978E66A,LGS_Sensor,webserver,True,active,,,18.55178,40.0,19.54,53.85,1.282,1.049,-69
1775868198.385781,FABCEA8B-7EC8-2594-4879-2B3B63989660,ThermoBeacon2,adv,True,active,,190019060000F1F01A1032017703FFFFFFFFB1FB2C00,19.125,55.4375,,,0.987,,-55
1775868198.385781,FABCEA8B-7EC8-2594-4879-2B3B63989660,ThermoBeacon2,gatt,False,offline,,,,,,,,,-55
1775868198.385781,FABCEA8B-7EC8-2594-4879-2B3B63989660,ThermoBeacon2,webserver,False,offline,,,,,,,,,-55
1775868198.385781,C898B4F2-B452-7502-1A67-0536E77D49EA,sps,adv,True,active,,8107C0170016A61C08,19.21,60.8,,,0.873,,-57
1775868198.385781,C898B4F2-B452-7502-1A67-0536E77D49EA,sps,gatt,False,offline,,,,,,,,,-57
1775868198.385781,C898B4F2-B452-7502-1A67-0536E77D49EA,sps,webserver,False,offline,,,,,,,,,-57
1775868198.385781,FF-FF-A1-00-00-01,LGS_NODE_17,adv,False,offline,,7445A111073C0FA0DF,,,,,,,
1775868198.385781,FF-FF-A1-00-00-01,LGS_NODE_17,gatt,False,offline,,,,,,,,,
1775868198.385781,FF-FF-A1-00-00-01,LGS_NODE_17,webserver,False,offline,,,,,,,,,
1775868258.4147751,827482CC-A977-43D7-835E-8E8B6978E66A,LGS_Sensor,adv,True,active,,D302A21107A2150B073F0FA009F601A3000047,18.55,40.0,19.54,53.87,1.282,1.048,-69
1775868258.4147751,827482CC-A977-43D7-835E-8E8B6978E66A,LGS_Sensor,gatt,False,offline,,,,,,,,,-69
1775868258.4147751,827482CC-A977-43D7-835E-8E8B6978E66A,LGS_Sensor,webserver,True,active,,,18.73696,40.0,19.55,53.86,1.297,1.049,-69
1775868258.4147751,FABCEA8B-7EC8-2594-4879-2B3B63989660,ThermoBeacon2,adv,True,active,,190019060000F1F01D1031017603FFFFFFFFF4FB2C00,19.0625,55.375,,,0.984,,-55
1775868258.4147751,FABCEA8B-7EC8-2594-4879-2B3B63989660,ThermoBeacon2,gatt,False,offline,,,,,,,,,-55
1775868258.4147751,FABCEA8B-7EC8-2594-4879-2B3B63989660,ThermoBeacon2,webserver,False,offline,,,,,,,,,-55
1775868258.4147751,C898B4F2-B452-7502-1A67-0536E77D49EA,sps,adv,True,active,,8107AE1700777B1C08,19.21,60.62,,,0.877,,-56
1775868258.4147751,C898B4F2-B452-7502-1A67-0536E77D49EA,sps,gatt,False,offline,,,,,,,,,-56
1775868258.4147751,C898B4F2-B452-7502-1A67-0536E77D49EA,sps,webserver,False,offline,,,,,,,,,-56
1775868258.4147751,FF-FF-A1-00-00-01,LGS_NODE_17,adv,False,offline,,7445A111073C0FA0DF,,,,,,,
1775868258.4147751,FF-FF-A1-00-00-01,LGS_NODE_17,gatt,False,offline,,,,,,,,,
1775868258.4147751,FF-FF-A1-00-00-01,LGS_NODE_17,webserver,False,offline,,,,,,,,,
1775868318.529563,827482CC-A977-43D7-835E-8E8B6978E66A,LGS_Sensor,adv,True,active,,D302A21107A214EF073A0FA009F601A3000053,18.5,40.0,19.54,53.59,1.278,1.055,-68
1775868318.529563,827482CC-A977-43D7-835E-8E8B6978E66A,LGS_Sensor,gatt,False,offline,,,,,,,,,-68
1775868318.529563,827482CC-A977-43D7-835E-8E8B6978E66A,LGS_Sensor,webserver,True,active,,,18.56747,40.0,19.52,53.59,1.283,1.053,-68
1775868318.529563,FABCEA8B-7EC8-2594-4879-2B3B63989660,ThermoBeacon2,adv,True,active,,190019060000F1F01A1031017503FFFFFFFF2DFC2C00,19.0625,55.3125,,,0.986,,-60
1775868318.529563,FABCEA8B-7EC8-2594-4879-2B3B63989660,ThermoBeacon2,gatt,False,offline,,,,,,,,,-60
1775868318.529563,FABCEA8B-7EC8-2594-4879-2B3B63989660,ThermoBeacon2,webserver,False,offline,,,,,,,,,-60
1775868318.529563,C898B4F2-B452-7502-1A67-0536E77D49EA,sps,adv,True,active,,8107C0170016A61C08,19.21,60.8,,,0.873,,-55
1775868318.529563,C898B4F2-B452-7502-1A67-0536E77D49EA,sps,gatt,False,offline,,,,,,,,,-55
1775868318.529563,C898B4F2-B452-7502-1A67-0536E77D49EA,sps,webserver,False,offline,,,,,,,,,-55
1775868318.529563,FF-FF-A1-00-00-01,LGS_NODE_17,adv,False,offline,,7445A111073C0FA0DF,,,,,,,
1775868318.529563,FF-FF-A1-00-00-01,LGS_NODE_17,gatt,False,offline,,,,,,,,,
1775868318.529563,FF-FF-A1-00-00-01,LGS_NODE_17,webserver,False,offline,,,,,,,,,
1775868378.606849,827482CC-A977-43D7-835E-8E8B6978E66A,LGS_Sensor,adv,True,active,,D302A211079F152407410FA009F601A200005E,18.57,40.0,19.51,54.12,1.283,1.041,-68
1775868378.606849,827482CC-A977-43D7-835E-8E8B6978E66A,LGS_Sensor,gatt,False,offline,,,,,,,,,-68
1775868378.606849,827482CC-A977-43D7-835E-8E8B6978E66A,LGS_Sensor,webserver,True,active,,,18.56973,40.0,19.48,54.0,1.283,1.041,-68
1775868378.606849,FABCEA8B-7EC8-2594-4879-2B3B63989660,ThermoBeacon2,adv,False,offline,,190019060000F1F01D1031017503FFFFFFFF52FC2C00,,,,,,,
1775868378.606849,FABCEA8B-7EC8-2594-4879-2B3B63989660,ThermoBeacon2,gatt,False,offline,,,,,,,,,
1775868378.606849,FABCEA8B-7EC8-2594-4879-2B3B63989660,ThermoBeacon2,webserver,False,offline,,,,,,,,,
1775868378.606849,C898B4F2-B452-7502-1A67-0536E77D49EA,sps,adv,True,active,,8207BA1700737F1C08,19.22,60.74,,,0.875,,-55
1775868378.606849,C898B4F2-B452-7502-1A67-0536E77D49EA,sps,gatt,False,offline,,,,,,,,,-55
1775868378.606849,C898B4F2-B452-7502-1A67-0536E77D49EA,sps,webserver,False,offline,,,,,,,,,-55
1775868378.606849,FF-FF-A1-00-00-01,LGS_NODE_17,adv,False,offline,,7445A111073C0FA0DF,,,,,,,
1775868378.606849,FF-FF-A1-00-00-01,LGS_NODE_17,gatt,False,offline,,,,,,,,,
1775868378.606849,FF-FF-A1-00-00-01,LGS_NODE_17,webserver,False,offline,,,,,,,,,
1775868438.6752908,827482CC-A977-43D7-835E-8E8B6978E66A,LGS_Sensor,adv,True,active,,D302A211079F1520073F0FA009F601A300006B,18.55,40.0,19.51,54.08,1.282,1.041,-69
1775868438.6752908,827482CC-A977-43D7-835E-8E8B6978E66A,LGS_Sensor,gatt,False,offline,,,,,,,,,-69
1775868438.6752908,827482CC-A977-43D7-835E-8E8B6978E66A,LGS_Sensor,webserver,True,active,,,18.55328,40.0,19.51,54.13,1.282,1.04,-69
1775868438.6752908,FABCEA8B-7EC8-2594-4879-2B3B63989660,ThermoBeacon2,adv,True,active,,190019060000F1F01D1031017503FFFFFFFFA3FC2C00,19.0625,55.3125,,,0.986,,-54
1775868438.6752908,FABCEA8B-7EC8-2594-4879-2B3B63989660,ThermoBeacon2,gatt,False,offline,,,,,,,,,-54
1775868438.6752908,FABCEA8B-7EC8-2594-4879-2B3B63989660,ThermoBeacon2,webserver,False,offline,,,,,,,,,-54
1775868438.6752908,C898B4F2-B452-7502-1A67-0536E77D49EA,sps,adv,True,active,,8407AE1700BB7B1C08,19.24,60.62,,,0.878,,-56
1775868438.6752908,C898B4F2-B452-7502-1A67-0536E77D49EA,sps,gatt,False,offline,,,,,,,,,-56
1775868438.6752908,C898B4F2-B452-7502-1A67-0536E77D49EA,sps,webserver,False,offline,,,,,,,,,-56
1775868438.6752908,FF-FF-A1-00-00-01,LGS_NODE_17,adv,False,offline,,7445A111073C0FA0DF,,,,,,,
1775868438.6752908,FF-FF-A1-00-00-01,LGS_NODE_17,gatt,False,offline,,,,,,,,,
1775868438.6752908,FF-FF-A1-00-00-01,LGS_NODE_17,webserver,False,offline,,,,,,,,,
1775868498.7397351,827482CC-A977-43D7-835E-8E8B6978E66A,LGS_Sensor,adv,True,active,,D302A21107A2152807490FA009F601A2000076,18.65,40.0,19.54,54.16,1.29,1.042,-69
1775868498.7397351,827482CC-A977-43D7-835E-8E8B6978E66A,LGS_Sensor,gatt,False,offline,,,,,,,,,-69
1775868498.7397351,827482CC-A977-43D7-835E-8E8B6978E66A,LGS_Sensor,webserver,True,active,,,18.54507,40.0,19.52,54.26,1.281,1.038,-69
1775868498.7397351,FABCEA8B-7EC8-2594-4879-2B3B63989660,ThermoBeacon2,adv,False,offline,,190019060000F1F01D1031017503FFFFFFFFCDFC2C00,,,,,,,
1775868498.7397351,FABCEA8B-7EC8-2594-4879-2B3B63989660,ThermoBeacon2,gatt,False,offline,,,,,,,,,
1775868498.7397351,FABCEA8B-7EC8-2594-4879-2B3B63989660,ThermoBeacon2,webserver,False,offline,,,,,,,,,
1775868498.7397351,C898B4F2-B452-7502-1A67-0536E77D49EA,sps,adv,False,offline,,8107A71700A7791C08,,,,,,,
1775868498.7397351,C898B4F2-B452-7502-1A67-0536E77D49EA,sps,gatt,False,offline,,,,,,,,,
1775868498.7397351,C898B4F2-B452-7502-1A67-0536E77D49EA,sps,webserver,False,offline,,,,,,,,,
1775868498.7397351,FF-FF-A1-00-00-01,LGS_NODE_17,adv,False,offline,,7445A111073C0FA0DF,,,,,,,
1775868498.7397351,FF-FF-A1-00-00-01,LGS_NODE_17,gatt,False,offline,,,,,,,,,
1775868498.7397351,FF-FF-A1-00-00-01,LGS_NODE_17,webserver,False,offline,,,,,,,,,
1775868558.8416388,827482CC-A977-43D7-835E-8E8B6978E66A,LGS_Sensor,adv,True,active,,D302A211079D1559073D0FA009F601A3000082,18.53,40.0,19.49,54.65,1.28,1.027,-68
1775868558.8416388,827482CC-A977-43D7-835E-8E8B6978E66A,LGS_Sensor,gatt,False,offline,,,,,,,,,-68
1775868558.8416388,827482CC-A977-43D7-835E-8E8B6978E66A,LGS_Sensor,webserver,True,active,,,18.54434,40.0,19.49,54.63,1.281,1.028,-68
1775868558.8416388,FABCEA8B-7EC8-2594-4879-2B3B63989660,ThermoBeacon2,adv,True,active,,190019060000F1F01A1031017403FFFFFFFF1EFD2C00,19.0625,55.25,,,0.987,,-60
1775868558.8416388,FABCEA8B-7EC8-2594-4879-2B3B63989660,ThermoBeacon2,gatt,False,offline,,,,,,,,,-60
1775868558.8416388,FABCEA8B-7EC8-2594-4879-2B3B63989660,ThermoBeacon2,webserver,False,offline,,,,,,,,,-60
1775868558.8416388,C898B4F2-B452-7502-1A67-0536E77D49EA,sps,adv,True,active,,8707A817001F7A1D08,19.27,60.56,,,0.881,,-56
1775868558.8416388,C898B4F2-B452-7502-1A67-0536E77D49EA,sps,gatt,False,offline,,,,,,,,,-56
1775868558.8416388,C898B4F2-B452-7502-1A67-0536E77D49EA,sps,webserver,False,offline,,,,,,,,,-56
1775868558.8416388,FF-FF-A1-00-00-01,LGS_NODE_17,adv,False,offline,,7445A111073C0FA0DF,,,,,,,
1775868558.8416388,FF-FF-A1-00-00-01,LGS_NODE_17,gatt,False,offline,,,,,,,,,
1775868558.8416388,FF-FF-A1-00-00-01,LGS_NODE_17,webserver,False,offline,,,,,,,,,
1775872275.2547631,827482CC-A977-43D7-835E-8E8B6978E66A,LGS_Sensor,adv,False,offline,,,,,,,,,-67
1775872275.2547631,827482CC-A977-43D7-835E-8E8B6978E66A,LGS_Sensor,gatt,False,offline,,,,,,,,,-67
1775872275.2547631,827482CC-A977-43D7-835E-8E8B6978E66A,LGS_Sensor,webserver,True,active,,,18.65261,40.0,18.72,54.03,1.29,0.993,-67
1775872275.2547631,FABCEA8B-7EC8-2594-4879-2B3B63989660,ThermoBeacon2,adv,False,offline,,,,,,,,,
1775872275.2547631,FABCEA8B-7EC8-2594-4879-2B3B63989660,ThermoBeacon2,gatt,False,offline,,,,,,,,,
1775872275.2547631,FABCEA8B-7EC8-2594-4879-2B3B63989660,ThermoBeacon2,webserver,False,offline,,,,,,,,,
1775872275.2547631,C898B4F2-B452-7502-1A67-0536E77D49EA,sps,adv,False,offline,,,,,,,,,
1775872275.2547631,C898B4F2-B452-7502-1A67-0536E77D49EA,sps,gatt,False,offline,,,,,,,,,
1775872275.2547631,C898B4F2-B452-7502-1A67-0536E77D49EA,sps,webserver,False,offline,,,,,,,,,
1775872275.2547631,FF-FF-A1-00-00-01,LGS_NODE_17,adv,False,offline,,,,,,,,,
1775872275.2547631,FF-FF-A1-00-00-01,LGS_NODE_17,gatt,False,offline,,,,,,,,,
1775872275.2547631,FF-FF-A1-00-00-01,LGS_NODE_17,webserver,False,offline,,,,,,,,,
1775872335.276143,827482CC-A977-43D7-835E-8E8B6978E66A,LGS_Sensor,adv,False,offline,,,,,,,,,-66
1775872335.276143,827482CC-A977-43D7-835E-8E8B6978E66A,LGS_Sensor,gatt,False,offline,,,,,,,,,-66
1775872335.276143,827482CC-A977-43D7-835E-8E8B6978E66A,LGS_Sensor,webserver,True,active,,,18.73174,40.0,18.77,54.33,1.296,0.989,-66
1775872335.276143,FABCEA8B-7EC8-2594-4879-2B3B63989660,ThermoBeacon2,adv,False,offline,,,,,,,,,
1775872335.276143,FABCEA8B-7EC8-2594-4879-2B3B63989660,ThermoBeacon2,gatt,False,offline,,,,,,,,,
1775872335.276143,FABCEA8B-7EC8-2594-4879-2B3B63989660,ThermoBeacon2,webserver,False,offline,,,,,,,,,
1775872335.276143,C898B4F2-B452-7502-1A67-0536E77D49EA,sps,adv,False,offline,,,,,,,,,
1775872335.276143,C898B4F2-B452-7502-1A67-0536E77D49EA,sps,gatt,False,offline,,,,,,,,,
1775872335.276143,C898B4F2-B452-7502-1A67-0536E77D49EA,sps,webserver,False,offline,,,,,,,,,
1775872335.276143,FF-FF-A1-00-00-01,LGS_NODE_17,adv,False,offline,,,,,,,,,
1775872335.276143,FF-FF-A1-00-00-01,LGS_NODE_17,gatt,False,offline,,,,,,,,,
1775872335.276143,FF-FF-A1-00-00-01,LGS_NODE_17,webserver,False,offline,,,,,,,,,
1775872395.3382552,827482CC-A977-43D7-835E-8E8B6978E66A,LGS_Sensor,adv,False,offline,,,,,,,,,-73
1775872395.3382552,827482CC-A977-43D7-835E-8E8B6978E66A,LGS_Sensor,gatt,False,offline,,,,,,,,,-73
1775872395.3382552,827482CC-A977-43D7-835E-8E8B6978E66A,LGS_Sensor,webserver,True,active,,,18.44189,40.0,18.74,54.21,1.273,0.99,-73
1775872395.3382552,FABCEA8B-7EC8-2594-4879-2B3B63989660,ThermoBeacon2,adv,False,offline,,,,,,,,,
1775872395.3382552,FABCEA8B-7EC8-2594-4879-2B3B63989660,ThermoBeacon2,gatt,False,offline,,,,,,,,,
1775872395.3382552,FABCEA8B-7EC8-2594-4879-2B3B63989660,ThermoBeacon2,webserver,False,offline,,,,,,,,,
1775872395.3382552,C898B4F2-B452-7502-1A67-0536E77D49EA,sps,adv,False,offline,,,,,,,,,
1775872395.3382552,C898B4F2-B452-7502-1A67-0536E77D49EA,sps,gatt,False,offline,,,,,,,,,
1775872395.3382552,C898B4F2-B452-7502-1A67-0536E77D49EA,sps,webserver,False,offline,,,,,,,,,
1775872395.3382552,FF-FF-A1-00-00-01,LGS_NODE_17,adv,False,offline,,,,,,,,,
1775872395.3382552,FF-FF-A1-00-00-01,LGS_NODE_17,gatt,False,offline,,,,,,,,,
1775872395.3382552,FF-FF-A1-00-00-01,LGS_NODE_17,webserver,False,offline,,,,,,,,,
1775872441.736203,827482CC-A977-43D7-835E-8E8B6978E66A,LGS_Sensor,adv,False,offline,,,,,,,,,-66
1775872441.736203,827482CC-A977-43D7-835E-8E8B6978E66A,LGS_Sensor,gatt,False,offline,,,,,,,,,-66
1775872441.736203,827482CC-A977-43D7-835E-8E8B6978E66A,LGS_Sensor,webserver,True,active,,,18.54357,40.0,18.73,54.37,1.281,0.986,-66
1775872441.736203,FABCEA8B-7EC8-2594-4879-2B3B63989660,ThermoBeacon2,adv,False,offline,,,,,,,,,
1775872441.736203,FABCEA8B-7EC8-2594-4879-2B3B63989660,ThermoBeacon2,gatt,False,offline,,,,,,,,,
1775872441.736203,FABCEA8B-7EC8-2594-4879-2B3B63989660,ThermoBeacon2,webserver,False,offline,,,,,,,,,
1775872441.736203,C898B4F2-B452-7502-1A67-0536E77D49EA,sps,adv,False,offline,,,,,,,,,
1775872441.736203,C898B4F2-B452-7502-1A67-0536E77D49EA,sps,gatt,False,offline,,,,,,,,,
1775872441.736203,C898B4F2-B452-7502-1A67-0536E77D49EA,sps,webserver,False,offline,,,,,,,,,
1775872441.736203,FF-FF-A1-00-00-01,LGS_NODE_17,adv,False,offline,,,,,,,,,
1775872441.736203,FF-FF-A1-00-00-01,LGS_NODE_17,gatt,False,offline,,,,,,,,,
1775872441.736203,FF-FF-A1-00-00-01,LGS_NODE_17,webserver,False,offline,,,,,,,,,
1775872501.773928,827482CC-A977-43D7-835E-8E8B6978E66A,LGS_Sensor,adv,False,offline,,,,,,,,,-73
1775872501.773928,827482CC-A977-43D7-835E-8E8B6978E66A,LGS_Sensor,gatt,False,offline,,,,,,,,,-73
1775872501.773928,827482CC-A977-43D7-835E-8E8B6978E66A,LGS_Sensor,webserver,True,active,,,18.61456,40.0,18.74,54.71,1.287,0.979,-73
1775872501.773928,FABCEA8B-7EC8-2594-4879-2B3B63989660,ThermoBeacon2,adv,False,offline,,,,,,,,,
1775872501.773928,FABCEA8B-7EC8-2594-4879-2B3B63989660,ThermoBeacon2,gatt,False,offline,,,,,,,,,
1775872501.773928,FABCEA8B-7EC8-2594-4879-2B3B63989660,ThermoBeacon2,webserver,False,offline,,,,,,,,,
1775872501.773928,C898B4F2-B452-7502-1A67-0536E77D49EA,sps,adv,False,offline,,,,,,,,,
1775872501.773928,C898B4F2-B452-7502-1A67-0536E77D49EA,sps,gatt,False,offline,,,,,,,,,
1775872501.773928,C898B4F2-B452-7502-1A67-0536E77D49EA,sps,webserver,False,offline,,,,,,,,,
1775872501.773928,FF-FF-A1-00-00-01,LGS_NODE_17,adv,False,offline,,,,,,,,,
1775872501.773928,FF-FF-A1-00-00-01,LGS_NODE_17,gatt,False,offline,,,,,,,,,
1775872501.773928,FF-FF-A1-00-00-01,LGS_NODE_17,webserver,False,offline,,,,,,,,,
1775872561.813559,827482CC-A977-43D7-835E-8E8B6978E66A,LGS_Sensor,adv,False,offline,,,,,,,,,-71
1775872561.813559,827482CC-A977-43D7-835E-8E8B6978E66A,LGS_Sensor,gatt,False,offline,,,,,,,,,-71
1775872561.813559,827482CC-A977-43D7-835E-8E8B6978E66A,LGS_Sensor,webserver,True,active,,,18.6235,40.0,18.74,54.25,1.288,0.989,-71
1775872561.813559,FABCEA8B-7EC8-2594-4879-2B3B63989660,ThermoBeacon2,adv,False,offline,,,,,,,,,
1775872561.813559,FABCEA8B-7EC8-2594-4879-2B3B63989660,ThermoBeacon2,gatt,False,offline,,,,,,,,,
1775872561.813559,FABCEA8B-7EC8-2594-4879-2B3B63989660,ThermoBeacon2,webserver,False,offline,,,,,,,,,
1775872561.813559,C898B4F2-B452-7502-1A67-0536E77D49EA,sps,adv,False,offline,,,,,,,,,
1775872561.813559,C898B4F2-B452-7502-1A67-0536E77D49EA,sps,gatt,False,offline,,,,,,,,,
1775872561.813559,C898B4F2-B452-7502-1A67-0536E77D49EA,sps,webserver,False,offline,,,,,,,,,
1775872561.813559,FF-FF-A1-00-00-01,LGS_NODE_17,adv,False,offline,,,,,,,,,
1775872561.813559,FF-FF-A1-00-00-01,LGS_NODE_17,gatt,False,offline,,,,,,,,,
1775872561.813559,FF-FF-A1-00-00-01,LGS_NODE_17,webserver,False,offline,,,,,,,,,
1775872621.8250828,827482CC-A977-43D7-835E-8E8B6978E66A,LGS_Sensor,adv,True,active,,D302A2119C009C00018B0FA009F601A30000AC,3.95,40.0,,399.36,0.486,,-67
1775872621.8250828,827482CC-A977-43D7-835E-8E8B6978E66A,LGS_Sensor,gatt,False,offline,,,,,,,,,-67
1775872621.8250828,827482CC-A977-43D7-835E-8E8B6978E66A,LGS_Sensor,webserver,True,active,,,3.892358,40.0,,,0.484,,-67
1775872621.8250828,FABCEA8B-7EC8-2594-4879-2B3B63989660,ThermoBeacon2,adv,True,active,,190019060000F1F01A102F017003FFFFFFFFF70C2D00,18.9375,55.0,,,0.985,,-72
1775872621.8250828,FABCEA8B-7EC8-2594-4879-2B3B63989660,ThermoBeacon2,gatt,False,offline,,,,,,,,,-72
1775872621.8250828,FABCEA8B-7EC8-2594-4879-2B3B63989660,ThermoBeacon2,webserver,False,offline,,,,,,,,,-72
1775872621.8250828,C898B4F2-B452-7502-1A67-0536E77D49EA,sps,adv,True,active,,8707641700DF451A08,19.27,59.88,,,0.896,,-61
1775872621.8250828,C898B4F2-B452-7502-1A67-0536E77D49EA,sps,gatt,False,offline,,,,,,,,,-61
1775872621.8250828,C898B4F2-B452-7502-1A67-0536E77D49EA,sps,webserver,False,offline,,,,,,,,,-61
1775872621.8250828,FF-FF-A1-00-00-01,LGS_NODE_17,adv,True,active,,7445A111073D0FA09C,18.53,40.0,,,1.28,,-70
1775872621.8250828,FF-FF-A1-00-00-01,LGS_NODE_17,gatt,False,offline,,,,,,,,,-70
1775872621.8250828,FF-FF-A1-00-00-01,LGS_NODE_17,webserver,False,offline,,,,,,,,,-70
1775872681.911238,827482CC-A977-43D7-835E-8E8B6978E66A,LGS_Sensor,adv,True,active,,D302A2119C009C00018A0FA009F601A30000B7,3.94,40.0,,399.36,0.486,,-67
1775872681.911238,827482CC-A977-43D7-835E-8E8B6978E66A,LGS_Sensor,gatt,False,offline,,,,,,,,,-67
1775872681.911238,827482CC-A977-43D7-835E-8E8B6978E66A,LGS_Sensor,webserver,True,active,,,3.946893,40.0,,,0.486,,-67
1775872681.911238,FABCEA8B-7EC8-2594-4879-2B3B63989660,ThermoBeacon2,adv,True,active,,190019060000F1F01A1030017003FFFFFFFF3A0D2D00,19.0,55.0,,,0.989,,-59
1775872681.911238,FABCEA8B-7EC8-2594-4879-2B3B63989660,ThermoBeacon2,gatt,False,offline,,,,,,,,,-59
1775872681.911238,FABCEA8B-7EC8-2594-4879-2B3B63989660,ThermoBeacon2,webserver,False,offline,,,,,,,,,-59
1775872681.911238,C898B4F2-B452-7502-1A67-0536E77D49EA,sps,adv,True,active,,810758170097491C08,19.21,59.76,,,0.896,,-54
1775872681.911238,C898B4F2-B452-7502-1A67-0536E77D49EA,sps,gatt,False,offline,,,,,,,,,-54
1775872681.911238,C898B4F2-B452-7502-1A67-0536E77D49EA,sps,webserver,False,offline,,,,,,,,,-54
1775872681.911238,FF-FF-A1-00-00-01,LGS_NODE_17,adv,True,active,,7445A111073D0FA0A7,18.53,40.0,,,1.28,,-67
1775872681.911238,FF-FF-A1-00-00-01,LGS_NODE_17,gatt,False,offline,,,,,,,,,-67
1775872681.911238,FF-FF-A1-00-00-01,LGS_NODE_17,webserver,False,offline,,,,,,,,,-67
1775872742.00372,827482CC-A977-43D7-835E-8E8B6978E66A,LGS_Sensor,adv,True,active,,D302A2119C009C0001870FA009F601A30000C3,3.91,40.0,,399.36,0.485,,-69
1775872742.00372,827482CC-A977-43D7-835E-8E8B6978E66A,LGS_Sensor,gatt,False,offline,,,,,,,,,-69
1775872742.00372,827482CC-A977-43D7-835E-8E8B6978E66A,LGS_Sensor,webserver,True,active,,,3.882776,40.0,,,0.484,,-69
1775872742.00372,FABCEA8B-7EC8-2594-4879-2B3B63989660,ThermoBeacon2,adv,True,active,,190019060000F1F01D1030017003FFFFFFFF6B0D2D00,19.0,55.0,,,0.989,,-52
1775872742.00372,FABCEA8B-7EC8-2594-4879-2B3B63989660,ThermoBeacon2,gatt,False,offline,,,,,,,,,-52
1775872742.00372,FABCEA8B-7EC8-2594-4879-2B3B63989660,ThermoBeacon2,webserver,False,offline,,,,,,,,,-52
1775872742.00372,C898B4F2-B452-7502-1A67-0536E77D49EA,sps,adv,True,active,,810761170047441C08,19.21,59.85,,,0.894,,-61
1775872742.00372,C898B4F2-B452-7502-1A67-0536E77D49EA,sps,gatt,False,offline,,,,,,,,,-61
1775872742.00372,C898B4F2-B452-7502-1A67-0536E77D49EA,sps,webserver,False,offline,,,,,,,,,-61
1775872742.00372,FF-FF-A1-00-00-01,LGS_NODE_17,adv,True,active,,7445A111073D0FA0B3,18.53,40.0,,,1.28,,-65
1775872742.00372,FF-FF-A1-00-00-01,LGS_NODE_17,gatt,False,offline,,,,,,,,,-65
1775872742.00372,FF-FF-A1-00-00-01,LGS_NODE_17,webserver,False,offline,,,,,,,,,-65
1775872802.0630531,827482CC-A977-43D7-835E-8E8B6978E66A,LGS_Sensor,adv,True,active,,D302A2119C009C0001890FA009F601A30000CF,3.93,40.0,,399.36,0.486,,-68
1775872802.0630531,827482CC-A977-43D7-835E-8E8B6978E66A,LGS_Sensor,gatt,False,offline,,,,,,,,,-68
1775872802.0630531,827482CC-A977-43D7-835E-8E8B6978E66A,LGS_Sensor,webserver,True,active,,,3.900018,40.0,,,0.485,,-68
1775872802.0630531,FABCEA8B-7EC8-2594-4879-2B3B63989660,ThermoBeacon2,adv,True,active,,190019060000F1F01D1030017003FFFFFFFFAE0D2D00,19.0,55.0,,,0.989,,-61
1775872802.0630531,FABCEA8B-7EC8-2594-4879-2B3B63989660,ThermoBeacon2,gatt,False,offline,,,,,,,,,-61
1775872802.0630531,FABCEA8B-7EC8-2594-4879-2B3B63989660,ThermoBeacon2,webserver,False,offline,,,,,,,,,-61
1775872802.0630531,C898B4F2-B452-7502-1A67-0536E77D49EA,sps,adv,True,active,,68075E17002A9F1C08,18.96,59.82,,,0.881,,-60
1775872802.0630531,C898B4F2-B452-7502-1A67-0536E77D49EA,sps,gatt,False,offline,,,,,,,,,-60
1775872802.0630531,C898B4F2-B452-7502-1A67-0536E77D49EA,sps,webserver,False,offline,,,,,,,,,-60
1775872802.0630531,FF-FF-A1-00-00-01,LGS_NODE_17,adv,True,active,,7445A111073D0FA0BF,18.53,40.0,,,1.28,,-65
1775872802.0630531,FF-FF-A1-00-00-01,LGS_NODE_17,gatt,False,offline,,,,,,,,,-65
1775872802.0630531,FF-FF-A1-00-00-01,LGS_NODE_17,webserver,False,offline,,,,,,,,,-65
1775872862.1098838,827482CC-A977-43D7-835E-8E8B6978E66A,LGS_Sensor,adv,True,active,,D302A2119C009C00018A0FA009F601A30000DC,3.94,40.0,,399.36,0.486,,-69
1775872862.1098838,827482CC-A977-43D7-835E-8E8B6978E66A,LGS_Sensor,gatt,False,offline,,,,,,,,,-69
1775872862.1098838,827482CC-A977-43D7-835E-8E8B6978E66A,LGS_Sensor,webserver,True,active,,,3.978387,40.0,,,0.487,,-69
1775872862.1098838,FABCEA8B-7EC8-2594-4879-2B3B63989660,ThermoBeacon2,adv,True,active,,190019060000F1F01D1030017003FFFFFFFFEE0D2D00,19.0,55.0,,,0.989,,-53
1775872862.1098838,FABCEA8B-7EC8-2594-4879-2B3B63989660,ThermoBeacon2,gatt,False,offline,,,,,,,,,-53
1775872862.1098838,FABCEA8B-7EC8-2594-4879-2B3B63989660,ThermoBeacon2,webserver,False,offline,,,,,,,,,-53
1775872862.1098838,C898B4F2-B452-7502-1A67-0536E77D49EA,sps,adv,True,active,,810765170006851B08,19.21,59.89,,,0.893,,-61
1775872862.1098838,C898B4F2-B452-7502-1A67-0536E77D49EA,sps,gatt,False,offline,,,,,,,,,-61
1775872862.1098838,C898B4F2-B452-7502-1A67-0536E77D49EA,sps,webserver,False,offline,,,,,,,,,-61
1775872862.1098838,FF-FF-A1-00-00-01,LGS_NODE_17,adv,True,active,,7445A111073D0FA0CB,18.53,40.0,,,1.28,,-64
1775872862.1098838,FF-FF-A1-00-00-01,LGS_NODE_17,gatt,False,offline,,,,,,,,,-64
1775872862.1098838,FF-FF-A1-00-00-01,LGS_NODE_17,webserver,False,offline,,,,,,,,,-64
1775872922.204996,827482CC-A977-43D7-835E-8E8B6978E66A,LGS_Sensor,adv,True,active,,D302A21107591554073B0FA009F601A30000E7,18.51,40.0,18.81,54.6,1.279,0.986,-72
1775872922.204996,827482CC-A977-43D7-835E-8E8B6978E66A,LGS_Sensor,gatt,False,offline,,,,,,,,,-72
1775872922.204996,827482CC-A977-43D7-835E-8E8B6978E66A,LGS_Sensor,webserver,True,active,,,18.59439,40.0,18.79,54.65,1.285,0.983,-72
1775872922.204996,FABCEA8B-7EC8-2594-4879-2B3B63989660,ThermoBeacon2,adv,True,active,,190019060000F1F01A1030017003FFFFFFFF2D0E2D00,19.0,55.0,,,0.989,,-55
1775872922.204996,FABCEA8B-7EC8-2594-4879-2B3B63989660,ThermoBeacon2,gatt,False,offline,,,,,,,,,-55
1775872922.204996,FABCEA8B-7EC8-2594-4879-2B3B63989660,ThermoBeacon2,webserver,False,offline,,,,,,,,,-55
1775872922.204996,C898B4F2-B452-7502-1A67-0536E77D49EA,sps,adv,True,active,,8D075D170097491C08,19.33,59.81,,,0.901,,-60
1775872922.204996,C898B4F2-B452-7502-1A67-0536E77D49EA,sps,gatt,False,offline,,,,,,,,,-60
1775872922.204996,C898B4F2-B452-7502-1A67-0536E77D49EA,sps,webserver,False,offline,,,,,,,,,-60
1775872922.204996,FF-FF-A1-00-00-01,LGS_NODE_17,adv,True,active,,7445A111073D0FA0D7,18.53,40.0,,,1.28,,-66
1775872922.204996,FF-FF-A1-00-00-01,LGS_NODE_17,gatt,False,offline,,,,,,,,,-66
1775872922.204996,FF-FF-A1-00-00-01,LGS_NODE_17,webserver,False,offline,,,,,,,,,-66
1775872982.225086,827482CC-A977-43D7-835E-8E8B6978E66A,LGS_Sensor,adv,True,active,,D302A21107591529073E0FA009F601A30000F2,18.54,40.0,18.81,54.17,1.281,0.995,-68
1775872982.225086,827482CC-A977-43D7-835E-8E8B6978E66A,LGS_Sensor,gatt,False,offline,,,,,,,,,-68
1775872982.225086,827482CC-A977-43D7-835E-8E8B6978E66A,LGS_Sensor,webserver,True,active,,,18.51892,40.0,18.81,54.18,1.279,0.995,-68
1775872982.225086,FABCEA8B-7EC8-2594-4879-2B3B63989660,ThermoBeacon2,adv,True,active,,190019060000F1F01A102F017003FFFFFFFF580E2D00,18.9375,55.0,,,0.985,,-53
1775872982.225086,FABCEA8B-7EC8-2594-4879-2B3B63989660,ThermoBeacon2,gatt,False,offline,,,,,,,,,-53
1775872982.225086,FABCEA8B-7EC8-2594-4879-2B3B63989660,ThermoBeacon2,webserver,False,offline,,,,,,,,,-53
1775872982.225086,C898B4F2-B452-7502-1A67-0536E77D49EA,sps,adv,True,active,,83075D1700FE881D08,19.23,59.81,,,0.896,,-58
1775872982.225086,C898B4F2-B452-7502-1A67-0536E77D49EA,sps,gatt,False,offline,,,,,,,,,-58
1775872982.225086,C898B4F2-B452-7502-1A67-0536E77D49EA,sps,webserver,False,offline,,,,,,,,,-58
1775872982.225086,FF-FF-A1-00-00-01,LGS_NODE_17,adv,True,active,,7445A111073D0FA0E2,18.53,40.0,,,1.28,,-65
1775872982.225086,FF-FF-A1-00-00-01,LGS_NODE_17,gatt,False,offline,,,,,,,,,-65
1775872982.225086,FF-FF-A1-00-00-01,LGS_NODE_17,webserver,False,offline,,,,,,,,,-65
1775873042.232203,827482CC-A977-43D7-835E-8E8B6978E66A,LGS_Sensor,adv,True,active,,D302A211075E157007590FA009F601A30000FE,18.81,40.0,18.86,54.88,1.303,0.983,-66
1775873042.232203,827482CC-A977-43D7-835E-8E8B6978E66A,LGS_Sensor,gatt,False,offline,,,,,,,,,-66
1775873042.232203,827482CC-A977-43D7-835E-8E8B6978E66A,LGS_Sensor,webserver,True,active,,,18.52191,40.0,18.86,54.74,1.279,0.986,-66
1775873042.232203,FABCEA8B-7EC8-2594-4879-2B3B63989660,ThermoBeacon2,adv,True,active,,190019060000F1F01A1030017003FFFFFFFF970E2D00,19.0,55.0,,,0.989,,-64
1775873042.232203,FABCEA8B-7EC8-2594-4879-2B3B63989660,ThermoBeacon2,gatt,False,offline,,,,,,,,,-64
1775873042.232203,FABCEA8B-7EC8-2594-4879-2B3B63989660,ThermoBeacon2,webserver,False,offline,,,,,,,,,-64
1775873042.232203,C898B4F2-B452-7502-1A67-0536E77D49EA,sps,adv,True,active,,81075E170077481C08,19.21,59.82,,,0.894,,-59
1775873042.232203,C898B4F2-B452-7502-1A67-0536E77D49EA,sps,gatt,False,offline,,,,,,,,,-59
1775873042.232203,C898B4F2-B452-7502-1A67-0536E77D49EA,sps,webserver,False,offline,,,,,,,,,-59
1775873042.232203,FF-FF-A1-00-00-01,LGS_NODE_17,adv,True,active,,7445A111073D0FA0EE,18.53,40.0,,,1.28,,-68
1775873042.232203,FF-FF-A1-00-00-01,LGS_NODE_17,gatt,False,offline,,,,,,,,,-68
1775873042.232203,FF-FF-A1-00-00-01,LGS_NODE_17,webserver,False,offline,,,,,,,,,-68
1775873102.2578208,827482CC-A977-43D7-835E-8E8B6978E66A,LGS_Sensor,adv,True,active,,D302A211075C155107560FA009F601A300000B,18.78,40.0,18.84,54.57,1.3,0.988,-68
1775873102.2578208,827482CC-A977-43D7-835E-8E8B6978E66A,LGS_Sensor,gatt,False,offline,,,,,,,,,-68
1775873102.2578208,827482CC-A977-43D7-835E-8E8B6978E66A,LGS_Sensor,webserver,True,active,,,18.56524,40.0,18.86,54.57,1.283,0.989,-68
1775873102.2578208,FABCEA8B-7EC8-2594-4879-2B3B63989660,ThermoBeacon2,adv,True,active,,190019060000F1F01D102F017003FFFFFFFFD50E2D00,18.9375,55.0,,,0.985,,-52
1775873102.2578208,FABCEA8B-7EC8-2594-4879-2B3B63989660,ThermoBeacon2,gatt,False,offline,,,,,,,,,-52
1775873102.2578208,FABCEA8B-7EC8-2594-4879-2B3B63989660,ThermoBeacon2,webserver,False,offline,,,,,,,,,-52
1775873102.2578208,C898B4F2-B452-7502-1A67-0536E77D49EA,sps,adv,True,active,,87075C17005E881C08,19.27,59.8,,,0.898,,-63
1775873102.2578208,C898B4F2-B452-7502-1A67-0536E77D49EA,sps,gatt,False,offline,,,,,,,,,-63
1775873102.2578208,C898B4F2-B452-7502-1A67-0536E77D49EA,sps,webserver,False,offline,,,,,,,,,-63
1775873102.2578208,FF-FF-A1-00-00-01,LGS_NODE_17,adv,True,active,,7445A111073D0FA0FB,18.53,40.0,,,1.28,,-66
1775873102.2578208,FF-FF-A1-00-00-01,LGS_NODE_17,gatt,False,offline,,,,,,,,,-66
1775873102.2578208,FF-FF-A1-00-00-01,LGS_NODE_17,webserver,False,offline,,,,,,,,,-66
1775873135.247812,827482CC-A977-43D7-835E-8E8B6978E66A,LGS_Sensor,adv,False,offline,,,,,,,,,-67
1775873135.247812,827482CC-A977-43D7-835E-8E8B6978E66A,LGS_Sensor,gatt,False,offline,,,,,,,,,-67
1775873135.247812,827482CC-A977-43D7-835E-8E8B6978E66A,LGS_Sensor,webserver,True,active,,,18.65786,40.0,18.83,54.35,1.29,0.992,-67
1775873135.247812,FABCEA8B-7EC8-2594-4879-2B3B63989660,ThermoBeacon2,adv,False,offline,,,,,,,,,
1775873135.247812,FABCEA8B-7EC8-2594-4879-2B3B63989660,ThermoBeacon2,gatt,False,offline,,,,,,,,,
1775873135.247812,FABCEA8B-7EC8-2594-4879-2B3B63989660,ThermoBeacon2,webserver,False,offline,,,,,,,,,
1775873135.247812,C898B4F2-B452-7502-1A67-0536E77D49EA,sps,adv,False,offline,,,,,,,,,
1775873135.247812,C898B4F2-B452-7502-1A67-0536E77D49EA,sps,gatt,False,offline,,,,,,,,,
1775873135.247812,C898B4F2-B452-7502-1A67-0536E77D49EA,sps,webserver,False,offline,,,,,,,,,
1775873135.247812,FF-FF-A1-00-00-01,LGS_NODE_17,adv,False,offline,,,,,,,,,
1775873135.247812,FF-FF-A1-00-00-01,LGS_NODE_17,gatt,False,offline,,,,,,,,,
1775873135.247812,FF-FF-A1-00-00-01,LGS_NODE_17,webserver,False,offline,,,,,,,,,
1775873696.043241,827482CC-A977-43D7-835E-8E8B6978E66A,LGS_Sensor,adv,False,offline,,,,,,,,,-75
1775873696.043241,827482CC-A977-43D7-835E-8E8B6978E66A,LGS_Sensor,gatt,False,offline,,,,,,,,,-75
1775873696.043241,827482CC-A977-43D7-835E-8E8B6978E66A,LGS_Sensor,webserver,True,active,,,3.83584,40.0,,,0.482,,-75
1775873696.043241,FABCEA8B-7EC8-2594-4879-2B3B63989660,ThermoBeacon2,adv,False,offline,,,,,,,,,
1775873696.043241,FABCEA8B-7EC8-2594-4879-2B3B63989660,ThermoBeacon2,gatt,False,offline,,,,,,,,,
1775873696.043241,FABCEA8B-7EC8-2594-4879-2B3B63989660,ThermoBeacon2,webserver,False,offline,,,,,,,,,
1775873696.043241,C898B4F2-B452-7502-1A67-0536E77D49EA,sps,adv,False,offline,,,,,,,,,
1775873696.043241,C898B4F2-B452-7502-1A67-0536E77D49EA,sps,gatt,False,offline,,,,,,,,,
1775873696.043241,C898B4F2-B452-7502-1A67-0536E77D49EA,sps,webserver,False,offline,,,,,,,,,
1775873696.043241,FF-FF-A1-00-00-01,LGS_NODE_17,adv,False,offline,,,,,,,,,
1775873696.043241,FF-FF-A1-00-00-01,LGS_NODE_17,gatt,False,offline,,,,,,,,,
1775873696.043241,FF-FF-A1-00-00-01,LGS_NODE_17,webserver,False,offline,,,,,,,,,
1775873756.104697,827482CC-A977-43D7-835E-8E8B6978E66A,LGS_Sensor,adv,True,active,,D302A2119C009C0001800FA009F601A300008D,3.84,40.0,,399.36,0.482,,-74
1775873756.104697,827482CC-A977-43D7-835E-8E8B6978E66A,LGS_Sensor,gatt,False,offline,,,,,,,,,-74
1775873756.104697,827482CC-A977-43D7-835E-8E8B6978E66A,LGS_Sensor,webserver,True,active,,,4.049982,40.0,,,0.49,,-74
1775873756.104697,FABCEA8B-7EC8-2594-4879-2B3B63989660,ThermoBeacon2,adv,True,active,,190019060000F1F01D1030017003FFFFFFFF67112D00,19.0,55.0,,,0.989,,-53
1775873756.104697,FABCEA8B-7EC8-2594-4879-2B3B63989660,ThermoBeacon2,gatt,False,offline,,,,,,,,,-53
1775873756.104697,FABCEA8B-7EC8-2594-4879-2B3B63989660,ThermoBeacon2,webserver,False,offline,,,,,,,,,-53
1775873756.104697,C898B4F2-B452-7502-1A67-0536E77D49EA,sps,adv,False,offline,,8107501700168B1B08,,,,,,,
1775873756.104697,C898B4F2-B452-7502-1A67-0536E77D49EA,sps,gatt,False,offline,,,,,,,,,
1775873756.104697,C898B4F2-B452-7502-1A67-0536E77D49EA,sps,webserver,False,offline,,,,,,,,,
1775873756.104697,FF-FF-A1-00-00-01,LGS_NODE_17,adv,True,active,,7445A111073D0FA07D,18.53,40.0,,,1.28,,-69
1775873756.104697,FF-FF-A1-00-00-01,LGS_NODE_17,gatt,False,offline,,,,,,,,,-69
1775873756.104697,FF-FF-A1-00-00-01,LGS_NODE_17,webserver,False,offline,,,,,,,,,-69
1775873816.176506,827482CC-A977-43D7-835E-8E8B6978E66A,LGS_Sensor,adv,True,active,,D302A2119C009C00018E0FA009F601A2000099,3.98,40.0,,399.36,0.487,,-73
1775873816.176506,827482CC-A977-43D7-835E-8E8B6978E66A,LGS_Sensor,gatt,False,offline,,,,,,,,,-73
1775873816.176506,827482CC-A977-43D7-835E-8E8B6978E66A,LGS_Sensor,webserver,True,active,,,3.808984,40.0,,,0.481,,-73
1775873816.176506,FABCEA8B-7EC8-2594-4879-2B3B63989660,ThermoBeacon2,adv,True,active,,190019060000F1F01D1030016F03FFFFFFFFA6112D00,19.0,54.9375,,,0.99,,-61
1775873816.176506,FABCEA8B-7EC8-2594-4879-2B3B63989660,ThermoBeacon2,gatt,False,offline,,,,,,,,,-61
1775873816.176506,FABCEA8B-7EC8-2594-4879-2B3B63989660,ThermoBeacon2,webserver,False,offline,,,,,,,,,-61
1775873816.176506,C898B4F2-B452-7502-1A67-0536E77D49EA,sps,adv,True,active,,81074E1700768D1C08,19.21,59.66,,,0.898,,-62
1775873816.176506,C898B4F2-B452-7502-1A67-0536E77D49EA,sps,gatt,False,offline,,,,,,,,,-62
1775873816.176506,C898B4F2-B452-7502-1A67-0536E77D49EA,sps,webserver,False,offline,,,,,,,,,-62
1775873816.176506,FF-FF-A1-00-00-01,LGS_NODE_17,adv,True,active,,7445A111073D0FA089,18.53,40.0,,,1.28,,-70
1775873816.176506,FF-FF-A1-00-00-01,LGS_NODE_17,gatt,False,offline,,,,,,,,,-70
1775873816.176506,FF-FF-A1-00-00-01,LGS_NODE_17,webserver,False,offline,,,,,,,,,-70
1775873876.229585,827482CC-A977-43D7-835E-8E8B6978E66A,LGS_Sensor,adv,True,active,,D302A2119C009C0001840FA009F601A30000A5,3.88,40.0,,399.36,0.484,,-74
1775873876.229585,827482CC-A977-43D7-835E-8E8B6978E66A,LGS_Sensor,gatt,False,offline,,,,,,,,,-74
1775873876.229585,827482CC-A977-43D7-835E-8E8B6978E66A,LGS_Sensor,webserver,True,active,,,3.832971,40.0,,,0.482,,-74
1775873876.229585,FABCEA8B-7EC8-2594-4879-2B3B63989660,ThermoBeacon2,adv,True,active,,190019060000F1F01D102F016F03FFFFFFFFE4112D00,18.9375,54.9375,,,0.986,,-52
1775873876.229585,FABCEA8B-7EC8-2594-4879-2B3B63989660,ThermoBeacon2,gatt,False,offline,,,,,,,,,-52
1775873876.229585,FABCEA8B-7EC8-2594-4879-2B3B63989660,ThermoBeacon2,webserver,False,offline,,,,,,,,,-52
1775873876.229585,C898B4F2-B452-7502-1A67-0536E77D49EA,sps,adv,True,active,,8107501700168B1C08,19.21,59.68,,,0.898,,-58
1775873876.229585,C898B4F2-B452-7502-1A67-0536E77D49EA,sps,gatt,False,offline,,,,,,,,,-58
1775873876.229585,C898B4F2-B452-7502-1A67-0536E77D49EA,sps,webserver,False,offline,,,,,,,,,-58
1775873876.229585,FF-FF-A1-00-00-01,LGS_NODE_17,adv,True,active,,7445A111073D0FA094,18.53,40.0,,,1.28,,-61
1775873876.229585,FF-FF-A1-00-00-01,LGS_NODE_17,gatt,False,offline,,,,,,,,,-61
1775873876.229585,FF-FF-A1-00-00-01,LGS_NODE_17,webserver,False,offline,,,,,,,,,-61
1775874041.876108,827482CC-A977-43D7-835E-8E8B6978E66A,LGS_Sensor,adv,False,offline,,,,,,,,,-72
1775874041.876108,827482CC-A977-43D7-835E-8E8B6978E66A,LGS_Sensor,gatt,False,offline,,,,,,,,,-72
1775874041.876108,827482CC-A977-43D7-835E-8E8B6978E66A,LGS_Sensor,webserver,True,active,,,3.919153,40.0,,,0.485,,-72
1775874041.876108,FABCEA8B-7EC8-2594-4879-2B3B63989660,ThermoBeacon2,adv,False,offline,,,,,,,,,
1775874041.876108,FABCEA8B-7EC8-2594-4879-2B3B63989660,ThermoBeacon2,gatt,False,offline,,,,,,,,,
1775874041.876108,FABCEA8B-7EC8-2594-4879-2B3B63989660,ThermoBeacon2,webserver,False,offline,,,,,,,,,
1775874041.876108,C898B4F2-B452-7502-1A67-0536E77D49EA,sps,adv,False,offline,,,,,,,,,
1775874041.876108,C898B4F2-B452-7502-1A67-0536E77D49EA,sps,gatt,False,offline,,,,,,,,,
1775874041.876108,C898B4F2-B452-7502-1A67-0536E77D49EA,sps,webserver,False,offline,,,,,,,,,
1775874041.876108,FF-FF-A1-00-00-01,LGS_NODE_17,adv,False,offline,,,,,,,,,
1775874041.876108,FF-FF-A1-00-00-01,LGS_NODE_17,gatt,False,offline,,,,,,,,,
1775874041.876108,FF-FF-A1-00-00-01,LGS_NODE_17,webserver,False,offline,,,,,,,,,
1775874101.9441438,827482CC-A977-43D7-835E-8E8B6978E66A,LGS_Sensor,adv,True,active,,D302A2119C009C0001830FA009F601A30000D2,3.87,40.0,,399.36,0.483,,-73
1775874101.9441438,827482CC-A977-43D7-835E-8E8B6978E66A,LGS_Sensor,gatt,False,offline,,,,,,,,,-73
1775874101.9441438,827482CC-A977-43D7-835E-8E8B6978E66A,LGS_Sensor,webserver,True,active,,,3.91723,40.0,,,0.485,,-73
1775874101.9441438,FABCEA8B-7EC8-2594-4879-2B3B63989660,ThermoBeacon2,adv,True,active,,190019060000F1F01A1030016F03FFFFFFFFC2122D00,19.0,54.9375,,,0.99,,-52
1775874101.9441438,FABCEA8B-7EC8-2594-4879-2B3B63989660,ThermoBeacon2,gatt,False,offline,,,,,,,,,-52
1775874101.9441438,FABCEA8B-7EC8-2594-4879-2B3B63989660,ThermoBeacon2,webserver,False,offline,,,,,,,,,-52
1775874101.9441438,C898B4F2-B452-7502-1A67-0536E77D49EA,sps,adv,True,active,,81073E170077561C08,19.21,59.5,,,0.902,,-62
1775874101.9441438,C898B4F2-B452-7502-1A67-0536E77D49EA,sps,gatt,False,offline,,,,,,,,,-62
1775874101.9441438,C898B4F2-B452-7502-1A67-0536E77D49EA,sps,webserver,False,offline,,,,,,,,,-62
1775874101.9441438,FF-FF-A1-00-00-01,LGS_NODE_17,adv,True,active,,7445A111073D0FA0C1,18.53,40.0,,,1.28,,-61
1775874101.9441438,FF-FF-A1-00-00-01,LGS_NODE_17,gatt,False,offline,,,,,,,,,-61
1775874101.9441438,FF-FF-A1-00-00-01,LGS_NODE_17,webserver,False,offline,,,,,,,,,-61
1775874162.0014348,827482CC-A977-43D7-835E-8E8B6978E66A,LGS_Sensor,adv,True,active,,D302A2119C009C00018C0FA009F601A30000DE,3.96,40.0,,399.36,0.487,,-68
1775874162.0014348,827482CC-A977-43D7-835E-8E8B6978E66A,LGS_Sensor,gatt,False,offline,,,,,,,,,-68
1775874162.0014348,827482CC-A977-43D7-835E-8E8B6978E66A,LGS_Sensor,webserver,True,active,,,3.931573,40.0,,,0.486,,-68
1775874162.0014348,FABCEA8B-7EC8-2594-4879-2B3B63989660,ThermoBeacon2,adv,True,active,,190019060000F1F01A1030016F03FFFFFFFFF8122D00,19.0,54.9375,,,0.99,,-53
1775874162.0014348,FABCEA8B-7EC8-2594-4879-2B3B63989660,ThermoBeacon2,gatt,False,offline,,,,,,,,,-53
1775874162.0014348,FABCEA8B-7EC8-2594-4879-2B3B63989660,ThermoBeacon2,webserver,False,offline,,,,,,,,,-53
1775874162.0014348,C898B4F2-B452-7502-1A67-0536E77D49EA,sps,adv,True,active,,81074E1700768D1B08,19.21,59.66,,,0.898,,-56
1775874162.0014348,C898B4F2-B452-7502-1A67-0536E77D49EA,sps,gatt,False,offline,,,,,,,,,-56
1775874162.0014348,C898B4F2-B452-7502-1A67-0536E77D49EA,sps,webserver,False,offline,,,,,,,,,-56
1775874162.0014348,FF-FF-A1-00-00-01,LGS_NODE_17,adv,True,active,,7445A111073D0FA0CD,18.53,40.0,,,1.28,,-80
1775874162.0014348,FF-FF-A1-00-00-01,LGS_NODE_17,gatt,False,offline,,,,,,,,,-80
1775874162.0014348,FF-FF-A1-00-00-01,LGS_NODE_17,webserver,False,offline,,,,,,,,,-80
1775874222.015305,827482CC-A977-43D7-835E-8E8B6978E66A,LGS_Sensor,adv,True,active,,D302A211076314C807350FA009F601A30000EA,18.45,40.0,18.91,53.2,1.274,1.023,-66
1775874222.015305,827482CC-A977-43D7-835E-8E8B6978E66A,LGS_Sensor,gatt,False,offline,,,,,,,,,-66
1775874222.015305,827482CC-A977-43D7-835E-8E8B6978E66A,LGS_Sensor,webserver,True,active,,,18.50695,40.0,18.93,53.19,1.278,1.024,-66
1775874222.015305,FABCEA8B-7EC8-2594-4879-2B3B63989660,ThermoBeacon2,adv,True,active,,190019060000F1F01D1030016F03FFFFFFFF3C132D00,19.0,54.9375,,,0.99,,-65
1775874222.015305,FABCEA8B-7EC8-2594-4879-2B3B63989660,ThermoBeacon2,gatt,False,offline,,,,,,,,,-65
1775874222.015305,FABCEA8B-7EC8-2594-4879-2B3B63989660,ThermoBeacon2,webserver,False,offline,,,,,,,,,-65
1775874222.015305,C898B4F2-B452-7502-1A67-0536E77D49EA,sps,adv,True,active,,8107531700E68B1D08,19.21,59.71,,,0.897,,-52
1775874222.015305,C898B4F2-B452-7502-1A67-0536E77D49EA,sps,gatt,False,offline,,,,,,,,,-52
1775874222.015305,C898B4F2-B452-7502-1A67-0536E77D49EA,sps,webserver,False,offline,,,,,,,,,-52
1775874222.015305,FF-FF-A1-00-00-01,LGS_NODE_17,adv,True,active,,7445A111073D0FA0D9,18.53,40.0,,,1.28,,-78
1775874222.015305,FF-FF-A1-00-00-01,LGS_NODE_17,gatt,False,offline,,,,,,,,,-78
1775874222.015305,FF-FF-A1-00-00-01,LGS_NODE_17,webserver,False,offline,,,,,,,,,-78
